title,num_citations,year,excerpt,url,url_pdf,indicator,key_words,doi,authors,issued,abstract,link,is_referenced_by_count
A review of data centers as prosumers in district energy systems: Renewable energy integration and waste heat reuse for district heating,412,2020,"… As large energy prosumers in district energy systems, on the … cooling systems work properly; on the other hand, data centers produce a large quantity of waste heat due to the high heat …",https://www.sciencedirect.com/science/article/pii/S0306261919317969,,0,"4th generation, district heating and cooling",10.1016/j.apenergy.2019.114109,Pei Huang; Benedetta Copertaro; Xingxing Zhang; Jingchun Shen; Isabelle Löfgren; Mats Rönnelid; Jan Fahlen; Dan Andersson; Mikael Svanfeldt,2020-1,,https://api.elsevier.com/content/article/PII:S0306261919317969?httpAccept=text/xml,288.0
Perspectives on fourth and fifth generation district heating,308,2021,… Fourth-generation district heating (4GDH) has been used as … path for decarbonization of the district heating sector and was … called fifth generation district heating and cooling (5GDHC). …,https://www.sciencedirect.com/science/article/pii/S0360544221007696,,0,"4th generation, district heating and cooling",10.1016/j.energy.2021.120520,Henrik Lund; Poul Alberg Østergaard; Tore Bach Nielsen; Sven Werner; Jan Eric Thorsen; Oddgeir Gudmundsson; Ahmad Arabkoohsar; Brian Vad Mathiesen,2021-7,,https://api.elsevier.com/content/article/PII:S0360544221007696?httpAccept=text/xml,276.0
5th Generation District Heating: A novel design approach based on mathematical optimization,237,2020,"… The optimization superstructure of building energy systems comprises heat pumps, compression chillers, heat exchangers for direct cooling, cooling towers and thermal energy storages…",https://www.sciencedirect.com/science/article/pii/S0306261919318458,,0,"5th generation, district heating and cooling",10.1016/j.apenergy.2019.114158,Marco Wirtz; Lukas Kivilip; Peter Remmen; Dirk Müller,2020-2,,https://api.elsevier.com/content/article/PII:S0306261919318458?httpAccept=text/xml,164.0
Positive energy districts: Mainstreaming energy transition in urban areas,194,2022,"… Energy Districts (PEDs) has emerged to facilitate the energy transition and contribute to climate neutrality through energy efficiency and net zero energy … , or district can meet its energy …",https://www.sciencedirect.com/science/article/pii/S1364032121010510,,0,"4th generation, district energy",10.1016/j.rser.2021.111782,Erkinai Derkenbaeva; Solmaria Halleck Vega; Gert Jan Hofstede; Eveline van Leeuwen,2022-1,,https://api.elsevier.com/content/article/PII:S1364032121010510?httpAccept=text/xml,132.0
Developing novel 5th generation district energy networks,186,2020,"… energy costs to consumers while at the same time transforming a large existing urban area to a near zero-carbon energy system in terms of heating, cooling, electricity and transport. …",https://www.sciencedirect.com/science/article/pii/S0360544220304965,,0,"4th generation, district heating and cooling",10.1016/j.energy.2020.117389,Akos Revesz; Phil Jones; Chris Dunham; Gareth Davies; Catarina Marques; Rodrigo Matabuena; Jim Scott; Graeme Maidment,2020-6,,https://api.elsevier.com/content/article/PII:S0360544220304965?httpAccept=text/xml,116.0
Thermal energy storage for grid applications: Current status and emerging trends,185,2020,"… The temperature-based categorisation shown in Table 1 (with values taken from [18,34]) indicates a further way to partition the TES technologies into low-temperature and high-…",https://www.mdpi.com/1996-1073/13/2/340,,0,"low-temperature, thermal grid",10.3390/en13020340,Diana Enescu; Gianfranco Chicco; Radu Porumb; George Seritan,1/10/2020,"Thermal energy systems (TES) contribute to the on-going process that leads to higher integration among different energy systems, with the aim of reaching a cleaner, more flexible and sustainable use of the energy resources. This paper reviews the current literature that refers to the development and exploitation of TES-based solutions in systems connected to the electrical grid. These solutions facilitate the energy system integration to get additional flexibility for energy management, enable better use of variable renewable energy sources (RES), and contribute to the modernisation of the energy system infrastructures, the enhancement of the grid operation practices that include energy shifting, and the provision of cost-effective grid services. This paper offers a complementary view with respect to other reviews that deal with energy storage technologies, materials for TES applications, TES for buildings, and contributions of electrical energy storage for grid applications. The main aspects addressed are the characteristics, parameters and models of the TES systems, the deployment of TES in systems with variable RES, microgrids, and multi-energy networks, and the emerging trends for TES applications.",https://www.mdpi.com/1996-1073/13/2/340/pdf,141.0
Role of sustainable heat sources in transition towards fourth generation district heating A review,185,2022,"… storage coupled with heat pumps is expected to play a crucial role in maximizing renewable energy use, but its sizing and integration requires dynamic analysis of heat demand as well …",https://www.sciencedirect.com/science/article/pii/S1364032122000843,,0,"4th generation, district heat pump",10.1016/j.rser.2022.112156,A.M. Jodeiri; M.J. Goldsworthy; S. Buffa; M. Cozzini,2022-4,,https://api.elsevier.com/content/article/PII:S1364032122000843?httpAccept=text/xml,126.0
The benefits of 4th generation district heating in a 100 renewable energy system,176,2020,"… the current 3 rd generation district heating (3GDH) systems towards 4 th generation district heating (4GDH) systems can facilitate a better integration between energy sectors, reduce …",https://www.sciencedirect.com/science/article/pii/S036054422032137X,,0,"4th generation, district heating and cooling",10.1016/j.energy.2020.119030,Peter Sorknæs; Poul Alberg Østergaard; Jakob Zinck Thellufsen; Henrik Lund; Steffen Nielsen; Søren Djørup; Karl Sperling,2020-12,,https://api.elsevier.com/content/article/PII:S036054422032137X?httpAccept=text/xml,110.0
Economic benefits of fourth generation district heating,175,2020,"The main impetus for lower distribution temperatures in district heating systems is the lower heat supply costs obtained by these lower temperatures. In this paper, the differences in heat …",https://www.sciencedirect.com/science/article/pii/S0360544219324223,,0,"4th generation, district heating and cooling",10.1016/j.energy.2019.116727,Helge Averfalk; Sven Werner,2020-2,,https://api.elsevier.com/content/article/PII:S0360544219324223?httpAccept=text/xml,100.0
Geothermal energy at different depths for district heating and cooling of existing and future building stock,166,2022,"… in the building sector, district heating and cooling (DHC) field, … and climate-friendly heating and cooling supply systems and … The tendency towards lower temperatures in district heating …",https://www.sciencedirect.com/science/article/pii/S1364032122006165,,0,"low temperature, district heating and cooling",10.1016/j.rser.2022.112727,D. Romanov; B. Leiss,2022-10,,https://api.elsevier.com/content/article/PII:S1364032122006165?httpAccept=text/xml,128.0
Something is sustainable in the state of Denmark: A review of the Danish district heating sector,154,2022,"… However, future ‘smart’ thermal grids will increasingly facilitate sector coupling processes as more renewable energy resources are integrated into the energy system in Denmark and …",https://www.sciencedirect.com/science/article/pii/S1364032122000466,,0,"4th generation, thermal grid",10.1016/j.rser.2022.112117,Katinka Johansen; Sven Werner,2022-4,,https://api.elsevier.com/content/article/PII:S1364032122000466?httpAccept=text/xml,81.0
Fifth-generation district heating and cooling systems: A review of recent advancements and implementation barriers,153,2023,"… energy becomes imperative in the fight against climate change. In areas with high demand density, district heating and cooling … Fifth-generation district heating and cooling systems (…",https://www.sciencedirect.com/science/article/pii/S1364032122008784,,0,"4th generation, district heating and cooling",10.1016/j.rser.2022.112997,Kristian Gjoka; Behzad Rismanchi; Robert H. Crawford,2023-1,,https://api.elsevier.com/content/article/PII:S1364032122008784?httpAccept=text/xml,101.0
The reservoir network: A new network topology for district heating and cooling,148,2020,"… topology for simultaneous heating and cooling: the reservoir … stations, integrates heat sources and heat sinks at various … of different building types for heating and cooling. The electric …",https://www.sciencedirect.com/science/article/pii/S0360544220305259,,0,"4th generation, district heating and cooling",10.1016/j.energy.2020.117418,Tobias Sommer; Matthias Sulzer; Michael Wetter; Artem Sotnikov; Stefan Mennel; Christoph Stettler,2020-5,,https://api.elsevier.com/content/article/PII:S0360544220305259?httpAccept=text/xml,98.0
Coupling the heating and power sectors: The role of centralised combined heat and power plants and district heat in a European decarbonised power system,144,2020,"… Results show that the conversion of thermal into CHP plants increases the efficiency and … with thermal storage. Still, large investments regarding the deployment of thermal networks …",https://www.sciencedirect.com/science/article/pii/S0306261920306462,,0,"4th generation, thermal network",10.1016/j.apenergy.2020.115134,Juan-Pablo Jimenez-Navarro; Konstantinos Kavvadias; Faidra Filippidou; Matija Pavičević; Sylvain Quoilin,2020-7,,https://api.elsevier.com/content/article/PII:S0306261920306462?httpAccept=text/xml,105.0
A review of thermochemical energy storage systems for power grid support,137,2020,"… in stabilizing the power grid [67,68]. The conversion into thermal energy can be performed … to draw electricity from the grid to generate heat to be connected to the thermal storage [73]. …",https://www.mdpi.com/2076-3417/10/9/3142,,0,"fifth generation, thermal grid",10.3390/app10093142,Girolama Airò Farulla; Maurizio Cellura; Francesco Guarino; Marco Ferraro,4/30/2020,"Power systems in the future are expected to be characterized by an increasing penetration of renewable energy sources systems. To achieve the ambitious goals of the “clean energy transition”, energy storage is a key factor, needed in power system design and operation as well as power-to-heat, allowing more flexibility linking the power networks and the heating/cooling demands. Thermochemical systems coupled to power-to-heat are receiving an increasing attention due to their better performance in comparison with sensible and latent heat storage technologies, in particular, in terms of storage time dynamics and energy density. In this work, a comprehensive review of the state of art of theoretical, experimental and numerical studies available in literature on thermochemical thermal energy storage systems and their use in power-to-heat applications is presented with a focus on applications with renewable energy sources. The paper shows that a series of advantages such as additional flexibility, load management, power quality, continuous power supply and a better use of variable renewable energy sources could be crucial elements to increase the commercial profitability of these storage systems. Moreover, specific challenges, i.e., life span and stability of storage material and high cost of power-to-heat/thermochemical systems must be taken in consideration to increase the technology readiness level of this emerging concept of energy systems integration.",https://www.mdpi.com/2076-3417/10/9/3142/pdf,74.0
Advanced control and fault detection strategies for district heating and cooling systems A review,133,2021,… of the main objectives to meet in advanced district heating and cooling (DHC) systems. In … also on both fourth and fifth generation district heating and cooling networks. After introducing …,https://www.mdpi.com/2076-3417/11/1/455,,0,"5th generation, district heating and cooling",10.3390/app11010455,Simone Buffa; Mohammad Hossein Fouladfar; Giuseppe Franchini; Ismael Lozano Gabarre; Manuel Andrés Chicote,1/5/2021,"Peak shaving, demand response, fast fault detection, emissions and costs reduction are some of the main objectives to meet in advanced district heating and cooling (DHC) systems. In order to enhance the operation of infrastructures, challenges such as supply temperature reduction and load uncertainty with the development of algorithms and technologies are growing. Therefore, traditional control strategies and diagnosis approaches cannot achieve these goals. Accordingly, to address these shortcomings, researchers have developed plenty of innovative methods based on their applications and features. The main purpose of this paper is to review recent publications that include both hard and soft computing implementations such as model predictive control and machine learning algorithms with applications also on both fourth and fifth generation district heating and cooling networks. After introducing traditional approaches, the innovative techniques, accomplished results and overview of the main strengths and weaknesses have been discussed together with a description of the main capabilities of some commercial platforms.",https://www.mdpi.com/2076-3417/11/1/455/pdf,82.0
Temperature control in 5th generation district heating and cooling networks: An MILP-based operation optimization,133,2021,"… In order to realize an energy efficient and emission-free heat and cold supply in urban areas, 5th Generation District Heating and Cooling (5GDHC) networks are a promising technology…",https://www.sciencedirect.com/science/article/pii/S0306261921001422,,0,"4th generation, district heating and cooling",10.1016/j.apenergy.2021.116608,Marco Wirtz; Lisa Neumaier; Peter Remmen; Dirk Müller,2021-4,,https://api.elsevier.com/content/article/PII:S0306261921001422?httpAccept=text/xml,91.0
Low-temperature operation of heating systems to enable 4th generation district heating: A review,122,2022,"… on investment of 300% for district heating operators. Therefore, expecting … district heating. Ample research has investigated and documented the feasibility of low-temperature heating in …",https://www.sciencedirect.com/science/article/pii/S0360544222004327,,0,"4th generation, district heating and cooling",10.1016/j.energy.2022.123529,Dorte Skaarup Østergaard; Kevin Michael Smith; Michele Tunzi; Svend Svendsen,2022-6,,https://api.elsevier.com/content/article/PII:S0360544222004327?httpAccept=text/xml,77.0
The four generations of district cooling-A categorization of the development in district cooling from origin to future prospect,117,2022,"… , the third generation having a more diversified cold supply such as … cooling, and the fourth generation combining cooling with other energy sectors sometimes into a renewable energy-…",https://www.sciencedirect.com/science/article/pii/S0360544222010015,,0,"4th generation, district heating and cooling",10.1016/j.energy.2022.124098,Poul Alberg Østergaard; Sven Werner; Anders Dyrelund; Henrik Lund; Ahmad Arabkoohsar; Peter Sorknæs; Oddgeir Gudmundsson; Jan Eric Thorsen; Brian Vad Mathiesen,2022-8,,https://api.elsevier.com/content/article/PII:S0360544222010015?httpAccept=text/xml,67.0
"Energy, economic, and environmental analysis of integration of thermal energy storage into district heating systems using waste heat from data centres",116,2021,… operation cost of district heating systems. This study aimed to solve these problems by introducing thermal energy storages. A water tank and a borehole thermal energy storage system …,https://www.sciencedirect.com/science/article/pii/S036054422032689X,,0,"low temperature, district energy",10.1016/j.energy.2020.119582,Haoran Li; Juan Hou; Tianzhen Hong; Yuemin Ding; Natasa Nord,2021-3,,https://api.elsevier.com/content/article/PII:S036054422032689X?httpAccept=text/xml,84.0
Evaluation of energy flexibility of low-energy residential buildings connected to district heating,116,2020,"… district heating networks. The aim of the present work is to investigate the potential for low-energy residential buildings to be operated flexibly, according to the needs of district heating …",https://www.sciencedirect.com/science/article/pii/S0378778818338519,,0,"low temperature, district heating and cooling",10.1016/j.enbuild.2020.109804,Kyriaki Foteinaki; Rongling Li; Thibault Péan; Carsten Rode; Jaume Salom,2020-4,,https://api.elsevier.com/content/article/PII:S0378778818338519?httpAccept=text/xml,86.0
IEA EBC Annex83 positive energy districts,115,2021,"… districts and cities would be able to provide the consumer-centric, bi-directional grids and districts … The PEDs can utilize the benefits of the building thermal mass, different typologies of …",https://www.mdpi.com/2075-5309/11/3/130,,0,"bi-directional, district thermal",10.3390/buildings11030130,Åsa Hedman; Hassam Ur Rehman; Andrea Gabaldón; Adriano Bisello; Vicky Albert-Seifried; Xingxing Zhang; Francesco Guarino; Steinar Grynning; Ursula Eicker; Hans-Martin Neumann; Pekka Tuominen; Francesco Reda,3/20/2021,"At a global level, the need for energy efficiency and an increased share of renewable energy sources is evident, as is the crucial role of cities due to the rapid urbanization rate. As a consequence of this, the research work related to Positive Energy Districts (PED) has accelerated in recent years. A common shared definition, as well as technological approaches or methodological issues related to PEDs are still unclear in this development and a global scientific discussion is needed. The International Energy Agency’s Energy in Buildings and Communities Programme (IEA EBC) Annex 83 is the main platform for this international scientific debate and research. This paper describes the challenges of PEDs and the issues that are open for discussions and how the Annex 83 is planned and organized to facilitate this and to actively steer the development of PEDs major leaps forward. The main topics of discussion in the PED context are the role and importance of definitions of PEDs, virtual and geographical boundaries in PEDs, the role of different stakeholders, evaluation approaches, and the learnings of realized PED projects.",https://www.mdpi.com/2075-5309/11/3/130/pdf,80.0
Potential of integrating industrial waste heat and solar thermal energy into district heating networks in Germany,115,2020,… industrial waste heat and solar thermal power within the cities… The potential of solar thermal power is estimated by the solar … heat sources and solar thermal power for the integration into …,https://www.sciencedirect.com/science/article/pii/S0360544220309191,,0,"4th generation, thermal network",10.1016/j.energy.2020.117812,Johannes Pelda; Friederike Stelter; Stefan Holler,2020-7,,https://api.elsevier.com/content/article/PII:S0360544220309191?httpAccept=text/xml,66.0
A renewable energy scenario for a new low carbon settlement in northern Italy: Biomass district heating coupled with heat pump and solar photovoltaic system,112,2020,… biomass district thermal plant was designed to be integrated with groundwater heat pumps (… to design an almost full-renewable urban district by means of a Multi-Energy System. The …,https://www.sciencedirect.com/science/article/pii/S0360544220311981,,0,"4th generation, district heat pump",10.1016/j.energy.2020.118091,Niccolò Aste; Paola Caputo; Claudio Del Pero; Giulio Ferla; Harold Enrique Huerto-Cardenas; Fabrizio Leonforte; Alessandro Miglioli,2020-9,,https://api.elsevier.com/content/article/PII:S0360544220311981?httpAccept=text/xml,81.0
A literature review of energy flexibility in district heating with a survey of the stakeholders participation,112,2020,"… district heating system components, markets and the energy … Based on the discussion with a modified Smart District Heating … district heating concepts, the renewable energy use in …",https://www.sciencedirect.com/science/article/pii/S1364032120300460,,0,"fourth generation, district heating and cooling",10.1016/j.rser.2020.109750,Zheng Ma; Armin Knotzer; Joy Dalmacio Billanes; Bo Nørregaard Jørgensen,2020-5,,https://api.elsevier.com/content/article/PII:S1364032120300460?httpAccept=text/xml,73.0
District heating in 100 renewable energy systems: Combining industrial excess heat and heat pumps,110,2021,… heat (IEH) and heat pumps (HP) in future 4th generation district heating and smart energy … or positive effects on the integration of renewable energy sources (RES). It is necessary to …,https://www.sciencedirect.com/science/article/pii/S0196890421007032,,0,"4th generation, district heating and cooling",10.1016/j.enconman.2021.114527,Meng Yuan; Jakob Zinck Thellufsen; Peter Sorknæs; Henrik Lund; Yongtu Liang,2021-9,,https://api.elsevier.com/content/article/PII:S0196890421007032?httpAccept=text/xml,82.0
Review on the integration of high-temperature heat pumps in district heating and cooling networks,110,2022,… The integration of heat pumps into DHC (District Heating and Cooling) networks provides … district heating and cooling networks and the integration of high-temperature commercial heat …,https://www.sciencedirect.com/science/article/pii/S036054422102627X,,0,"4th generation, district heating and cooling",10.1016/j.energy.2021.122378,J. Barco-Burgos; J.C. Bruno; U. Eicker; A.L. Saldaña-Robles; V. Alcántar-Camarena,2022-1,,https://api.elsevier.com/content/article/PII:S036054422102627X?httpAccept=text/xml,73.0
Retrofitting coal-fired power plants for grid energy storage by coupling with thermal energy storage,110,2022,"… with thermal energy storage to enhance their operational flexibility, studies on retrofitting coal-fired power plants for grid energy storage is lacking. In this work, molten salt thermal …",https://www.sciencedirect.com/science/article/pii/S1359431122009802,,0,"5th generation, thermal grid",10.1016/j.applthermaleng.2022.119048,Qingqing Yong; Yanpei Tian; Xin Qian; Xiaobo Li,2022-10,,https://api.elsevier.com/content/article/PII:S1359431122009802?httpAccept=text/xml,105.0
"Optimal energy management system for microgrids considering energy storage, demand response and renewable power generation",104,2022,… a common ESS with a bi-directional power flow facility is incorporated in the proposed structure and electric vehicles (EVs) are employed as an additional flexible load in grid-to-vehicle (…,https://www.sciencedirect.com/science/article/pii/S0142061521009406,,0,"bi-directional, thermal grid",10.1016/j.ijepes.2021.107714,Ayşe Kübra Erenoğlu; İbrahim Şengör; Ozan Erdinç; Akın Taşcıkaraoğlu; João P.S. Catalão,2022-3,,https://api.elsevier.com/content/article/PII:S0142061521009406?httpAccept=text/xml,80.0
A comparison of prediction and forecasting artificial intelligence models to estimate the future energy demand in a district heating system,103,2023,Forecasting the short-term future energy demand in buildings and districts is a vital component towards the optimization of energy use and consequently the reduction in greenhouse …,https://www.sciencedirect.com/science/article/pii/S0360544223000555,,0,"fourth generation, district energy",10.1016/j.energy.2023.126661,Jason Runge; Etienne Saloux,2023-4,,https://api.elsevier.com/content/article/PII:S0360544223000555?httpAccept=text/xml,80.0
"A comprehensive study on simulation techniques for 5g networks: State of the art results, analysis, and future challenges",102,2020,"… in simulation techniques and platforms for fifth generation (5G) wireless cellular networks. In … Finally, the potential exploitation of 5G infrastructures in future electrical smart grids in order …",https://www.mdpi.com/2079-9292/9/3/468,,0,"fifth generation, thermal grid",10.3390/electronics9030468,Panagiotis K. Gkonis; Panagiotis T. Trakadas; Dimitra I. Kaklamani,3/11/2020,"Ιn this review article, a comprehensive study is provided regarding the latest achievements in simulation techniques and platforms for fifth generation (5G) wireless cellular networks. In this context, the calculation of a set of diverse performance metrics, such as achievable throughput in uplink and downlink, the mean Bit Error Rate, the number of active users, outage probability, the handover rate, delay, latency, etc., can be a computationally demanding task due to the various parameters that should be incorporated in system and link level simulations. For example, potential solutions for 5G interfaces include, among others, millimeter Wave (mmWave) transmission, massive multiple input multiple output (MIMO) architectures and non-orthogonal multiple access (NOMA). Therefore, a more accurate and realistic representation of channel coefficients and overall interference is required compared to other cellular interfaces. In addition, the increased number of highly directional beams will unavoidably lead to increased signaling burden and handovers. Moreover, until a full transition to 5G networks takes place, coexistence with currently deployed fourth generation (4G) networks will be a challenging issue for radio network planning. Finally, the potential exploitation of 5G infrastructures in future electrical smart grids in order to support high bandwidth and zero latency applications (e.g., semi or full autonomous driving) dictates the need for the development of simulation environments able to incorporate the various and diverse aspects of 5G wireless cellular networks.",https://www.mdpi.com/2079-9292/9/3/468/pdf,63.0
The future role of energy geostructures in fifth generation district heating and cooling networks,102,2022,… pump (GSHP) systems for supplying partial or full heating and cooling … of fifth generation district heating and cooling (5GDHC) networks can pave the way for the exploitation of energy …,https://www.sciencedirect.com/science/article/pii/S0360544221027304,,0,"5th generation, district heating and cooling",10.1016/j.energy.2021.122481,Saleh S. Meibodi; Fleur Loveridge,2022-2,,https://api.elsevier.com/content/article/PII:S0360544221027304?httpAccept=text/xml,61.0
High temperature heat pump integration into district heating network,101,2020,… of high temperature heat pumps (HTHPs) integration into district heating network (DHN) … DHN as a heat sink and source. It is used as a heat sink of HTHP that uses waste heat from the …,https://www.sciencedirect.com/science/article/pii/S0196890420302570,,0,"4th generation, district heat pump",10.1016/j.enconman.2020.112719,Carlos Mateu-Royo; Samer Sawalha; Adrián Mota-Babiloni; Joaquín Navarro-Esbrí,2020-4,,https://api.elsevier.com/content/article/PII:S0196890420302570?httpAccept=text/xml,78.0
Bibliographic analysis of the recent advancements in modeling and co-simulating the fifth-generation district heating and cooling systems,97,2020,"… simulation between district and building energy models is a … heating and cooling systems. In addition, the analysis demonstrates that the fifth generation district heating and cooling …",https://www.sciencedirect.com/science/article/pii/S0378778820305004,,0,"4th generation, district heating and cooling",10.1016/j.enbuild.2020.110260,Marwan Abugabbara; Saqib Javed; Hans Bagge; Dennis Johansson,2020-10,,https://api.elsevier.com/content/article/PII:S0378778820305004?httpAccept=text/xml,64.0
Large-scale living laboratory of seasonal borehole thermal energy storage system for urban district heating,88,2020,"… a large-scale borehole thermal energy storage system were … , a total of 33458.6 GJ of thermal energy was injected into the storage… thermal energy storage to be integrated into the district …",https://www.sciencedirect.com/science/article/pii/S0306261920302750,,0,"fifth generation, district thermal",10.1016/j.apenergy.2020.114763,Fang Guo; Xiaoyue Zhu; Junyue Zhang; Xudong Yang,2020-4,,https://api.elsevier.com/content/article/PII:S0306261920302750?httpAccept=text/xml,63.0
A solar-driven 5th generation district heating and cooling network with ground-source heat pumps: a thermo-economic analysis,88,2022,"… the thermal energy demand of the … 5 th generation bidirectional heating/cooling network is designed and modelled. The network is coupled with water-to-water heat pumps, ground heat …",https://www.sciencedirect.com/science/article/pii/S2210670721007113,,0,"5th generation, district heating and cooling",10.1016/j.scs.2021.103438,Francesco Calise; Francesco Liberato Cappiello; Massimo Dentice d'Accadia; Fontina Petrakopoulou; Maria Vicidomini,2022-1,,https://api.elsevier.com/content/article/PII:S2210670721007113?httpAccept=text/xml,75.0
Modelling a fifth-generation bidirectional low temperature district heating and cooling (5GDHC) network for nearly Zero Energy District (nZED),88,2021,… The need to develop energy-efficient and low-carbon economies lies at the heart of fifth-generation district heating and cooling (5GDHC) networks. The potential of these networks is …,https://www.sciencedirect.com/science/article/pii/S2352484721002729,,0,"4th generation, district heating and cooling",10.1016/j.egyr.2021.04.054,Matteo Bilardo; Federico Sandrone; Guido Zanzottera; Enrico Fabrizio,2021-11,,https://api.elsevier.com/content/article/PII:S2352484721002729?httpAccept=text/xml,59.0
"A systematic review of grid-connected photovoltaic and photovoltaic/thermal systems: Benefits, challenges and mitigation",87,2023,… Some gaps have been observed in the current investigation research on evaluating all components and/or systems of solar power generation based-PV and PV/T in grid-connected …,https://journals.sagepub.com/doi/abs/10.1177/0958305X221117617,,0,"4th generation, thermal grid",10.5220/0011884800003491,Amirmohammad Behzadi; Sasan Sadrizadeh,2023,,,0.0
Quantifying demand balancing in bidirectional low temperature networks,87,2020,… Bidirectional low temperature networks (BLTNs) are a promising technology to … heating and cooling sector. The energy efficiency of a BLTN strongly depends on the heating and cooling …,https://www.sciencedirect.com/science/article/pii/S0378778820309889,,0,"bidirectional, district heating and cooling",10.1016/j.enbuild.2020.110245,Marco Wirtz; Lukas Kivilip; Peter Remmen; Dirk Müller,2020-10,,https://api.elsevier.com/content/article/PII:S0378778820309889?httpAccept=text/xml,50.0
Large-scale geothermal collector systems for 5th generation district heating and cooling networks,86,2021,… With 4th Generation district heating networks (4GDH) smart thermal grids where introduced and efficiency increased by use of renewable energy sources [6]. In those smart thermal …,https://www.mdpi.com/2071-1050/13/11/6035,,0,"4th generation, district heating and cooling",10.3390/su13116035,Robin Zeh; Björn Ohlsen; David Philipp; David Bertermann; Tim Kotz; Nikola Jocić; Volker Stockinger,5/27/2021,"Low temperature district heating and cooling networks (5GDHC) in combination with very shallow geothermal energy potentials enable the complete renewable heating and cooling supply of settlements up to entire city districts. With the help of 5GDHC, heating and cooling can be distributed at a low temperature level with almost no distribution losses and made useable to consumers via decentralized heat pumps (HP). Numerous renewable heat sources, from wastewater heat exchangers and low-temperature industrial waste heat to borehole heat exchangers and large-scale geothermal collector systems (LSC), can be used for these networks. The use of large-scale geothermal collector systems also offers the opportunity to shift heating and cooling loads seasonally, contributing to flexibility in the heating network. In addition, the soil can be cooled below freezing point due to the strong regeneration caused by the solar irradiation. Multilayer geothermal collector systems can be used to deliberately generate excessive cooling of individual areas in order to provide cooling energy for residential buildings, office complexes or industrial applications. Planning these systems requires expertise and understanding regarding the interaction of these technologies in the overall system. This paper provides a summary of experience in planning 5GDHC with large-scale geothermal collector systems as well as other renewable heat sources.",https://www.mdpi.com/2071-1050/13/11/6035/pdf,46.0
A review of borehole thermal energy storage and its integration into district heating systems,85,2024,"… This study initially introduces different TES methods and the district heating and cooling (… the system temperature and increases its efficiency, which is vital in low-temperature 5th-…",https://www.sciencedirect.com/science/article/pii/S1364032123010948,,0,"low temperature, district thermal",10.1016/j.rser.2023.114236,Habibollah Sadeghi; Ramin Jalali; Rao Martand Singh,2024-3,,https://api.elsevier.com/content/article/PII:S1364032123010948?httpAccept=text/xml,80.0
A general transfer learning-based framework for thermal load prediction in regional energy system,84,2021,"… This paper, therefore, proposes a general transfer learning-based framework to predict thermal load with limited data. In this framework, similarity measurement index (SMI) is first …",https://www.sciencedirect.com/science/article/pii/S0360544220324294,,0,"bi-directional, district thermal",10.1016/j.energy.2020.119322,Yakai Lu; Zhe Tian; Ruoyu Zhou; Wenjing Liu,2021-2,,https://api.elsevier.com/content/article/PII:S0360544220324294?httpAccept=text/xml,66.0
Low carbon district heating in China in 2025-a district heating mode with low grade waste heat as heat source,83,2021,… This paper presents a low carbon district heating system that features a low return water … -power decoupling with heat pump and thermal storage. This Low carbon district heating 2025 …,https://www.sciencedirect.com/science/article/pii/S0360544221010136,,0,"5th generation, district heat pump",10.1016/j.energy.2021.120765,Lin Fu; Yonghong Li; Yanting Wu; Xiaoyin Wang; Yi Jiang,2021-9,,https://api.elsevier.com/content/article/PII:S0360544221010136?httpAccept=text/xml,63.0
Low-temperature air source heat pump system for heating in severely cold area: Long-term applicability evaluation,81,2022,"… source heat pumps (ASHPs) have gained popularity in cold regions without central heating … performance of ASHPs may meet the heating demand at an ambient temperature of −20 C, …",https://www.sciencedirect.com/science/article/pii/S0360132321009860,,0,"low temperature, district heat pump",10.1016/j.buildenv.2021.108594,Chunling Wu; Fang Liu; Xiaofeng Li; Zhichao Wang; Zhaowei Xu; Wenyuan Zhao; Yingxia Yang; Pin Wu; Ce Xu; Yichao Wang,2022-1,,https://api.elsevier.com/content/article/PII:S0360132321009860?httpAccept=text/xml,61.0
Energy cascade connection of a low-temperature district heating network to the return line of a high-temperature district heating network,81,2020,… in an area where heat is supplied by a well-established high-temperature district heating network (HTDHN) then it can be a problem to switch to low-temperature district heating. It can …,https://www.sciencedirect.com/science/article/pii/S0360544220304114,,0,"low temperature, district heating and cooling",10.1016/j.energy.2020.117304,Anna Volkova; Igor Krupenski; Aleksandr Ledvanov; Aleksandr Hlebnikov; Kertu Lepiksaar; Eduard Latõšov; Vladislav Mašatin,2020-5,,https://api.elsevier.com/content/article/PII:S0360544220304114?httpAccept=text/xml,56.0
"A new type of two-supply, one-return, triple pipe-structured heat loss model based on a low temperature district heating system",81,2021,"… of a fourth-generation smart pipe network system, this paper innovatively proposes a new TOTS (Two-supply/One-return, triple pipe structure) arrangement method for district heating …",https://www.sciencedirect.com/science/article/pii/S0360544220326761,,0,"fourth generation, district thermal",10.1016/j.energy.2020.119569,Qian Xu; Kang Wang; Zhenwei Zou; Liqiong Zhong; Nevzat Akkurt; Junxiao Feng; Yaxuan Xiong; Jingxiao Han; Jiulong Wang; Yanping Du,2021-3,,https://api.elsevier.com/content/article/PII:S0360544220326761?httpAccept=text/xml,63.0
Thermal neural networks: Lumped-parameter thermal modeling with state-space machine learning,81,2023,"… thermal monitoring increases. Previous work on thermal modeling by lumped-parameter thermal networks … In this work, the thermal neural network (TNN) is introduced, which unifies both…",https://www.sciencedirect.com/science/article/pii/S0952197622005279,,0,"bidirectional, thermal network",10.1016/j.engappai.2022.105537,Wilhelm Kirchgässner; Oliver Wallscheid; Joachim Böcker,2023-1,,https://api.elsevier.com/content/article/PII:S0952197622005279?httpAccept=text/xml,50.0
Electric thermal energy storage and advantage of rotating heater having synchronous inertia,80,2020,… The synchronous rotating heater realizes cheaper electric thermal energy storage and has … a grid protection system. This ability eliminates an auxiliary stabilizing system for a grid such …,https://www.sciencedirect.com/science/article/pii/S0960148119317380,,0,"5th generation, thermal grid",10.1016/j.renene.2019.11.051,Toru Okazaki,2020-5,,https://api.elsevier.com/content/article/PII:S0960148119317380?httpAccept=text/xml,55.0
Design analysis of a particle-based thermal energy storage system for concentrating solar power or grid energy storage,80,2020,"… of thermal energy storage (TES) for concentrating solar power systems, standalone TES for grid integration becomes attractive due to the declining renewable generation cost and an …",https://www.sciencedirect.com/science/article/pii/S2352152X19315245,,0,"5th generation, thermal grid",10.1016/j.est.2020.101382,Zhiwen Ma; Patrick Davenport; Ruichong Zhang,2020-6,,https://api.elsevier.com/content/article/PII:S2352152X19315245?httpAccept=text/xml,53.0
Optimization and energy-economic assessment of a geothermal heat pump system,79,2020,"The high geothermal heat exchanger (GHE) installation cost is the main challenge encountered in the widespread use of geothermal heat pump (GHP) systems, so its optimization is …",https://www.sciencedirect.com/science/article/pii/S1364032120305700,,0,"4th generation, district heat pump",10.1016/j.rser.2020.110282,Pooya Farzanehkhameneh; M. Soltani; Farshad Moradi Kashkooli; Masoud Ziabasharhagh,2020-11,,https://api.elsevier.com/content/article/PII:S1364032120305700?httpAccept=text/xml,58.0
Fifth-generation district heating and cooling substations: Demand response with artificial neural network-based model predictive control,78,2020,"… heat losses, the district heating technology is evolving according to the so-called fourth-generation district heating (4GDH… plants powered by renewable and waste heat sources [9]. Fifth-…",https://www.mdpi.com/1996-1073/13/17/4339,,0,"4th generation, district heating and cooling",10.3390/en13174339,Simone Buffa; Anton Soppelsa; Mauro Pipiciello; Gregor Henze; Roberto Fedrizzi,8/21/2020,"District heating and cooling (DHC) is considered one of the most sustainable technologies to meet the heating and cooling demands of buildings in urban areas. The fifth-generation district heating and cooling (5GDHC) concept, often referred to as ambient loops, is a novel solution emerging in Europe and has become a widely discussed topic in current energy system research. 5GDHC systems operate at a temperature close to the ground and include electrically driven heat pumps and associated thermal energy storage in a building-sited energy transfer station (ETS) to satisfy user comfort. This work presents new strategies for improving the operation of these energy transfer stations by means of a model predictive control (MPC) method based on recurrent artificial neural networks. The results show that, under simple time-of-use utility rates, the advanced controller outperforms a rule-based controller for smart charging of the domestic hot water (DHW) thermal energy storage under specific boundary conditions. By exploiting the available thermal energy storage capacity, the MPC controller is capable of shifting up to 14% of the electricity consumption of the ETS from on-peak to off-peak hours. Therefore, the advanced control implemented in 5GDHC networks promotes coupling between the thermal and the electric sector, producing flexibility on the electric grid.",https://www.mdpi.com/1996-1073/13/17/4339/pdf,43.0
Data driven model for heat load prediction in buildings connected to District Heating by using smart heat meters,78,2022,… characterization and prediction of heat loads in buildings connected to a District Heating (DH) … of the heat production process of DH networks with low supply temperatures and derived …,https://www.sciencedirect.com/science/article/pii/S0360544221025664,,0,"ultra-low temperature, district energy",10.1016/j.energy.2021.122318,Mikel Lumbreras; Roberto Garay-Martinez; Beñat Arregi; Koldobika Martin-Escudero; Gonzalo Diarce; Margus Raud; Indrek Hagu,2022-1,,https://api.elsevier.com/content/article/PII:S0360544221025664?httpAccept=text/xml,60.0
A method and analysis of aquifer thermal energy storage (ATES) system for district heating and cooling: A case study in Finland,78,2020,… energy supply and demand between seasons. This paper analyses the integration of an ATES and GWHP system in both district heating (DH) and district cooling … existing district heating …,https://www.sciencedirect.com/science/article/pii/S2210670719319237,,0,"fourth generation, district heating and cooling",10.1016/j.scs.2019.101977,Oleg Todorov; Kari Alanne; Markku Virtanen; Risto Kosonen,2020-2,,https://api.elsevier.com/content/article/PII:S2210670719319237?httpAccept=text/xml,57.0
Improving CHP flexibility by integrating thermal energy storage and power-to-heat technologies into the energy system,78,2021,… Smart energy grids include smart thermal and electrical grids… both heat and power to the grid. CHPs are designed for … the potential transition to the 4th generation district heating (4GDH). …,https://www.sciencedirect.com/science/article/pii/S2666955221000228,,0,"4th generation, thermal grid",10.1016/j.segy.2021.100022,K. Lepiksaar; V. Mašatin; E. Latõšov; A. Siirde; A. Volkova,2021-5,,https://api.elsevier.com/content/article/PII:S2666955221000228?httpAccept=text/xml,58.0
Heat pump efficiency in fifth generation ultra-low temperature district heating networks using a wastewater heat source,75,2021,"… Ultra-low district heating (ULTDH) networks are operated at temperatures below 30 C. However, the temperatures supplied are still too low for direct heating of the consumers. …",https://www.sciencedirect.com/science/article/pii/S0360544221015668,,0,"4th generation, district heating and cooling",10.1016/j.energy.2021.121318,Tobias Reiners; Michel Gross; Lisa Altieri; Hermann-Josef Wagner; Valentin Bertsch,2021-12,,https://api.elsevier.com/content/article/PII:S0360544221015668?httpAccept=text/xml,59.0
A solar-assisted low-temperature district heating and cooling network coupled with a ground-source heat pump,74,2022,"… , including a new-generation ultra-low temperature district heating and cooling network have … ground source heat pump and used as the source and sink by booster heat pumps installed …",https://www.sciencedirect.com/science/article/pii/S0196890422006343,,0,"5th generation, district heat pump",10.1016/j.enconman.2022.115838,S. Bordignon; D. Quaggiotto; J. Vivian; G. Emmi; M. De Carli; A. Zarrella,2022-9,,https://api.elsevier.com/content/article/PII:S0196890422006343?httpAccept=text/xml,72.0
Seasonal storage and demand side management in district heating systems with demand uncertainty,73,2021,"… The low operating temperature for such grids facilitates the integration of seasonal thermal energy storage, enabling a high degree of operational flexibility in the utilization of both …",https://www.sciencedirect.com/science/article/pii/S0306261920317645,,0,"fourth generation, thermal grid",10.1016/j.apenergy.2020.116392,Ruud Egging-Bratseth; Hanne Kauko; Brage Rugstad Knudsen; Sara Angell Bakke; Amina Ettayebi; Ina Renate Haufe,2021-3,,https://api.elsevier.com/content/article/PII:S0306261920317645?httpAccept=text/xml,43.0
Energy flexibility potential of a small district connected to a district heating system,73,2020,"… share of fluctuating renewable energy sources. The … district with buildings connected to a district heating network. In the study, the thermal mass of the buildings was utilized as heat …",https://www.sciencedirect.com/science/article/pii/S0378778819335595,,0,"low temperature, district heating and cooling",10.1016/j.enbuild.2020.110074,Katarzyna M. Luc; Rongling Li; Luyi Xu; Toke R. Nielsen; Jan L.M. Hensen,2020-10,,https://api.elsevier.com/content/article/PII:S0378778819335595?httpAccept=text/xml,51.0
Developing innovative business models for reducing return temperatures in district heating systems: Approach and first results,72,2020,"… Temperature reduction plays a key-role in increasing the energy efficiency of existing European district heating … -efficient integration of sustainable low-temperature sources. However, …",https://www.sciencedirect.com/science/article/pii/S0360544220300700,,0,"low temperature, district heating and cooling",10.1016/j.energy.2020.116963,Paolo Leoni; Roman Geyer; Ralf-Roman Schmidt,2020-3,,https://api.elsevier.com/content/article/PII:S0360544220300700?httpAccept=text/xml,51.0
5th generation district heating and cooling (5GDHC) implementation potential in urban areas with existing district heating systems,72,2022,"… The 5th Generation District Heating and Cooling (5GDHC) network has great advantages in … -directional operation, decentralised energy flows, and possible energy sharing. One way to …",https://www.sciencedirect.com/science/article/pii/S2352484722014275,,0,"4th generation, district heating and cooling",10.1016/j.egyr.2022.07.162,Anna Volkova; Ieva Pakere; Lina Murauskaite; Pei Huang; Kertu Lepiksaar; Xinxing Zhang,2022-11,,https://api.elsevier.com/content/article/PII:S2352484722014275?httpAccept=text/xml,44.0
Comparative performance assessment of a novel cogeneration solar-driven building energy system integrating with various district heating designs,71,2020,"… and district heating grids, is proposed and modeled. The solar system uses photovoltaic-thermal panels and … As district heating systems are on the verge of a transformation to their next …",https://www.sciencedirect.com/science/article/pii/S0196890420306452,,0,"4th generation, district thermal",10.1016/j.enconman.2020.113101,Amirmohammad Behzadi; Ahmad Arabkoohsar,2020-9,,https://api.elsevier.com/content/article/PII:S0196890420306452?httpAccept=text/xml,54.0
Economic feasibility of ultra-low temperature district heating systems in newly built areas supplied by renewable energy,71,2020,… -low temperature district heating (ULTDH) concepts was compared to low temperature district heating (… conditions of the supplied district heating area was assessed systematically and …,https://www.sciencedirect.com/science/article/pii/S0360544219321917,,0,"low temperature, district heating and cooling",10.1016/j.energy.2019.116496,Wiebke Meesenburg; Torben Ommen; Jan Eric Thorsen; Brian Elmegaard,2020-1,,https://api.elsevier.com/content/article/PII:S0360544219321917?httpAccept=text/xml,51.0
A solar PTC powered absorption chiller design for Co-supply of district heating and cooling systems in Denmark,71,2020,"… In this study, employing parabolic trough solar collectors for the co-supply of a major heating demand of the chiller and district heating network is proposed. As the expansion of district …",https://www.sciencedirect.com/science/article/pii/S0360544219324843,,0,"5th generation, district energy",10.1016/j.energy.2019.116789,A. Arabkoohsar; M. Sadi,2020-2,,https://api.elsevier.com/content/article/PII:S0360544219324843?httpAccept=text/xml,53.0
"nergy-exergy analysis of ultra-supercritical biomass-fuelled steam power plants for industrial CHP, district heating and cooling",71,2020,… The use of biomass in combined heat and power (CHP) plants with district heating and cooling is … The present study investigates the performance of such plants for covering the heat …,https://www.sciencedirect.com/science/article/pii/S096014812030286X,,0,"fourth generation, district heating and cooling",10.1016/j.renene.2020.02.091,Konstantinos Braimakis; Despina Magiri-Skouloudi; Dimitrios Grimekis; Sotirios Karellas,2020-7,,https://api.elsevier.com/content/article/PII:S096014812030286X?httpAccept=text/xml,54.0
Research progress on the fifth-generation district heating system based on heat pump technology,71,2023,"… of fifth-generation district heating systems in recent … of fifth-generation district heating systems, to help relevant researchers to understand better and study fifth-generation district heating …",https://www.sciencedirect.com/science/article/pii/S235271022300712X,,0,"4th generation, district heating and cooling",10.1016/j.jobe.2023.106533,Yuexuan Gong; Guoyuan Ma; Yuepeng Jiang; Lei Wang,2023-7,,https://api.elsevier.com/content/article/PII:S235271022300712X?httpAccept=text/xml,22.0
Evaluation of low-exergy heating and cooling systems and topology optimization for deep energy savings at the urban district level,70,2020,"… the prototypical district considered, advanced district thermal … in the context of a prototypical district, and contributes to … the potential of advanced district thermal energy systems to …",https://www.sciencedirect.com/science/article/pii/S0196890420306506,,0,"fifth generation, district thermal",10.1016/j.enconman.2020.113106,Amy Allen; Gregor Henze; Kyri Baker; Gregory Pavlak,2020-10,,https://api.elsevier.com/content/article/PII:S0196890420306506?httpAccept=text/xml,51.0
nPro: A web-based planning tool for designing district energy systems and thermal networks,70,2023,"… In addition, simulation models for district heating and cooling networks (including 5th generation district heating and cooling) are implemented. Key advantage over existing tools is that …",https://www.sciencedirect.com/science/article/pii/S0360544222034624,,0,"4th generation, thermal network",10.1016/j.energy.2022.126575,Marco Wirtz,2023-4,,https://api.elsevier.com/content/article/PII:S0360544222034624?httpAccept=text/xml,49.0
Flexible heat pump integration to improve sustainable transition toward 4th generation district heating,69,2020,… the 4th generation district heating (4GDH) embraces a great opportunity to support the future smart energy … this system as a path toward the 4GDH in the future district energy systems. …,https://www.sciencedirect.com/science/article/pii/S019689042030916X,,0,"4th generation, district energy",10.1016/j.enconman.2020.113379,Mohamed Hany Abokersh; Kangkana Saikia; Luisa F. Cabeza; Dieter Boer; Manel Vallès,2020-12,,https://api.elsevier.com/content/article/PII:S019689042030916X?httpAccept=text/xml,48.0
"Alternative heating systems for northern remote communities: Techno-economic analysis of ground-coupled heat pumps in Kuujjuaq, Nunavik, Canada",69,2020,"… heating option in Kuujjuaq as compared to the currently subsidized, diesel furnace heating at … This work verifies that shallow geothermal energy through state-of-the-art heat pumps is a …",https://www.sciencedirect.com/science/article/pii/S0960148119313692,,0,"5th generation, district heat pump",10.1016/j.renene.2019.09.039,Evelyn Gunawan; Nicolò Giordano; Páll Jensson; Juliet Newson; Jasmin Raymond,2020-3,,https://api.elsevier.com/content/article/PII:S0960148119313692?httpAccept=text/xml,32.0
An experimental energy performance investigation and economic analysis on a cascade heat pump for high-temperature water in cold region,69,2020,"… The total economic cost of the cascade heat pump is the lowest, while the carbon dioxide cascade heat pumps is higher than gas boiler. In general, the studied heat pump reveals good …",https://www.sciencedirect.com/science/article/pii/S0960148120301269,,0,"low-temperature, district heat pump",10.1016/j.renene.2020.01.104,Liangfeng Xu; Enteng Li; Yingjie Xu; Ning Mao; Xi Shen; Xinlei Wang,2020-6,,https://api.elsevier.com/content/article/PII:S0960148120301269?httpAccept=text/xml,56.0
Study on energy efficiency and economic performance of district heating system of energy saving reconstruction with photovoltaic thermal heat pump,67,2021,… district heating. In order to verify the feasibility of the energy saving reconstruction by photovoltaic thermal … system engineering based on photovoltaic thermal heat pump was constructed …,https://www.sciencedirect.com/science/article/pii/S0196890421008530,,0,"4th generation, district thermal",10.1016/j.enconman.2021.114677,Peiyuan Mi; Jili Zhang; Youhua Han; Xiaochao Guo,2021-11,,https://api.elsevier.com/content/article/PII:S0196890421008530?httpAccept=text/xml,45.0
Investigation on sector coupling potentials of a 5th generation district heating and cooling network,67,2021,In this paper the development and application of an urban building energy simulation model is presented to analyse an existing 5th generation district heating and cooling network (…,https://www.sciencedirect.com/science/article/pii/S0360544221010847,,0,"4th generation, district heating and cooling",10.1016/j.energy.2021.120836,Hermann Edtmayer; Peter Nageler; Richard Heimrath; Thomas Mach; Christoph Hochenauer,2021-9,,https://api.elsevier.com/content/article/PII:S0360544221010847?httpAccept=text/xml,39.0
The economics of heat pumps and the (un) intended consequences of government policy,66,2020,"… and water heating account for approximately 80% of final energy use in the domestic sector. For many European countries the electrification of heat provision, via heat pumps (HPs), …",https://www.sciencedirect.com/science/article/pii/S0301421519307839,,0,"5th generation, district heat pump",10.1016/j.enpol.2019.111198,Jake Barnes; Sivapriya Mothilal Bhagavathy,2020-3,,https://api.elsevier.com/content/article/PII:S0301421519307839?httpAccept=text/xml,40.0
"Waste heat recovery at low temperature from heat pumps, power cycles and integrated systems Review on system performance and environmental perspectives",66,2022,… heat pumps in low grade energy recovery and its integrated prototype were presented in this paper together with the environmental impact of working fluids used in the heat pumps and …,https://www.sciencedirect.com/science/article/pii/S2213138822002661,,0,"ultra-low temperature, district heat pump",10.1016/j.seta.2022.102214,Rajendran Nandhini; Baskaran Sivaprakash; Natarajan Rajamohan,2022-8,,https://api.elsevier.com/content/article/PII:S2213138822002661?httpAccept=text/xml,15.0
Bibliometric analysis of smart control applications in thermal energy storage systems. A model predictive control approach,66,2020,"… to manage the operation of thermal energy storage systems … promising method to control thermal energy storage systems. … , its implementation in smart grids, an optimized sizing and …",https://www.sciencedirect.com/science/article/pii/S2352152X20315413,,0,"bidirectional, thermal grid",10.1016/j.est.2020.101704,Joan Tarragona; Alvaro de Gracia; Luisa F. Cabeza,2020-12,,https://api.elsevier.com/content/article/PII:S2352152X20315413?httpAccept=text/xml,51.0
"Economic optimization of auxiliary heat source for centralized solar district heating system in Tibetan Plateau, China",65,2021,"For a centralized solar district heating system (CSDHS), an appropriate auxiliary heat source (AHS) is essential to improve the financial benefits. In order to find an economical AHS for …",https://www.sciencedirect.com/science/article/pii/S0196890421005616,,0,"4th generation, district thermal",10.1016/j.enconman.2021.114385,Ruichao Zhang; Dengjia Wang; Yanfeng Liu; Yaowen Chen; Jianhua Fan; Cong Song; Yingying Wang,2021-9,,https://api.elsevier.com/content/article/PII:S0196890421005616?httpAccept=text/xml,41.0
"A new generation of district heating system with neighborhood-scale heat pumps and advanced pipes, a solution for future renewable-based energy systems",65,2020,… District heating (DH) systems are one of the main components of future energy systems as they can significantly contribute to the transition towards a 100% renewable-based supply. …,https://www.sciencedirect.com/science/article/pii/S0360544219324764,,0,"4th generation, district heating and cooling",10.1016/j.energy.2019.116781,Ahmad Arabkoohsar; Ali Sulaiman Alsagri,2020-2,,https://api.elsevier.com/content/article/PII:S0360544219324764?httpAccept=text/xml,52.0
High temperature district cooling: challenges and possibilities based on an existing district cooling system and its connected buildings,65,2020,"In this paper, High Temperature District Cooling (HTDC) has been defined with temperature levels of 12–14 C supply and 20–22 C return. This is based on an analysis of operational …",https://www.sciencedirect.com/science/article/pii/S0360544220305144,,0,"low-temperature, district thermal",10.1016/j.energy.2020.117407,Maria Jangsten; Peter Filipsson; Torbjörn Lindholm; Jan-Olof Dalenbäck,2020-5,,https://api.elsevier.com/content/article/PII:S0360544220305144?httpAccept=text/xml,40.0
Analysis of the integration of photovoltaic excess into a 5th generation district heating and cooling system for network energy storage,65,2022,… 5th Generation District Heating and Cooling systems are promising technologies for using and storing renewable energy generation excess. An annual simulation using data of a …,https://www.sciencedirect.com/science/article/pii/S0360544221024506,,0,"4th generation, district heating and cooling",10.1016/j.energy.2021.122202,Gonzalo Quirosa; Miguel Torres; Ricardo Chacartegui,2022-1,,https://api.elsevier.com/content/article/PII:S0360544221024506?httpAccept=text/xml,39.0
Increasing the energy flexibility of existing district heating networks through flow rate variations,63,2020,… The possibility of recovering waste and renewable heat in urban areas has made district heating networks one of the key infrastructures for decarbonising the heating sector in Europe. …,https://www.sciencedirect.com/science/article/pii/S0306261920309235,,0,"4th generation, district heating and cooling",10.1016/j.apenergy.2020.115411,Jacopo Vivian; Davide Quaggiotto; Angelo Zarrella,2020-10,,https://api.elsevier.com/content/article/PII:S0306261920309235?httpAccept=text/xml,42.0
Waste heat recovery from a data centre and 5G smart poles for low-temperature district heating network,63,2021,… waste heat from a data centre and LuxTurrim5G smart poles to use in a low-temperature district heating network. We investigate various scenarios to supply the required energy for the …,https://www.sciencedirect.com/science/article/pii/S0360544220325755,,0,"5th generation, district heating and cooling",10.1016/j.energy.2020.119468,A. Khosravi; T. Laukkanen; V. Vuorinen; S. Syri,2021-3,,https://api.elsevier.com/content/article/PII:S0360544220325755?httpAccept=text/xml,51.0
Towards low-carbon district heating: Investigating the socio-technical challenges of the urban energy transition,63,2021,"… District heating is a major energy infrastructure in many urban settlements in the world, contributing significantly to greenhouse gas emissions. Decarbonising district … low-carbon district …",https://www.sciencedirect.com/science/article/pii/S266695522100054X,,0,"fifth generation, district energy",10.1016/j.segy.2021.100054,Francesco Reda; Salvatore Ruggiero; Karoliina Auvinen; Armi Temmes,2021-11,,https://api.elsevier.com/content/article/PII:S266695522100054X?httpAccept=text/xml,46.0
A techno-economic assessment on the adoption of latent heat thermal energy storage systems for district cooling optimal dispatch operations,62,2021,"The adoption of high-density phase change materials as cold thermal energy storage media have been considered as potential alternatives to water and ice. In this paper, the …",https://www.sciencedirect.com/science/article/pii/S0306261921001793,,0,"low temperature, district thermal",10.1016/j.apenergy.2021.116646,Stefano Mazzoni; Jia Yin Sze; Benedetto Nastasi; Sean Ooi; Umberto Desideri; Alessandro Romagnoli,2021-5,,https://api.elsevier.com/content/article/PII:S0306261921001793?httpAccept=text/xml,52.0
Centralized model predictive control strategy for thermal comfort and residential energy management,62,2020,… and the bidirectional grid system. Variable Time-of-Use (ToU) rates are considered for the energy cost calculation and Feed-in-Tariff (FiT) is considered for selling energy to the grid. A …,https://www.sciencedirect.com/science/article/pii/S0360544220315644,,0,"bidirectional, thermal grid",10.1016/j.energy.2020.118456,Sayani Seal; Benoit Boulet; Vahid R. Dehkordi,2020-12,,https://api.elsevier.com/content/article/PII:S0360544220315644?httpAccept=text/xml,49.0
Temperature control of a low-temperature district heating network with Model Predictive Control and Mixed-Integer Quadratically Constrained Programming,62,2021,… District heating networks transport thermal energy from one or more sources to a plurality of … temperatures of district heating networks is a key research topic to reduce energy losses and …,https://www.sciencedirect.com/science/article/pii/S0360544221003893,,0,"fifth generation, district heating and cooling",10.1016/j.energy.2021.120140,Dominik Hering; Mehmet Ege Cansev; Eugenio Tamassia; André Xhonneux; Dirk Müller,2021-6,,https://api.elsevier.com/content/article/PII:S0360544221003893?httpAccept=text/xml,48.0
From single to multi-energy and hybrid grids: Historic growth and future vision,62,2021,"… , gas and thermal grid in a hybrid grids scenario. However, the traditional grids will compete among each other and increasingly with distributed power generation and consumption by …",https://www.sciencedirect.com/science/article/pii/S136403212100798X,,0,"4th generation, thermal grid",10.1016/j.rser.2021.111520,J. Ramsebner; R. Haas; H. Auer; A. Ajanovic; W. Gawlik; C. Maier; S. Nemec-Begluk; T. Nacht; M. Puchegger,2021-11,,https://api.elsevier.com/content/article/PII:S136403212100798X?httpAccept=text/xml,48.0
Sizing and optimizing the operation of thermal energy storage units in combined heat and power plants: An integrated modeling approach,61,2021,… thermal stores will play in the transition from conventional district heating systems to 4th and 5th generation … and optimizing the operation of thermal energy storage units in combined …,https://www.sciencedirect.com/science/article/pii/S0196890421004313,,0,"5th generation, thermal grid",10.1016/j.enconman.2021.114255,Pablo Benalcazar,2021-8,,https://api.elsevier.com/content/article/PII:S0196890421004313?httpAccept=text/xml,44.0
"Technical, economic and environmental optimization of district heating expansion in an urban agglomeration",61,2020,"… , district heating can play an important role. Furthermore, in order to increase the efficiency of district … Moreover, the optimal thermal energy storage capacity was found to be equal to 25 …",https://www.sciencedirect.com/science/article/pii/S0360544220303509,,0,"4th generation, district thermal",10.1016/j.energy.2020.117243,Dominik Franjo Dominković; Goran Stunjek; Ignacio Blanco; Henrik Madsen; Goran Krajačić,2020-4,,https://api.elsevier.com/content/article/PII:S0360544220303509?httpAccept=text/xml,37.0
Designing the Heat Merit Order to determine the value of industrial waste heat for district heating systems,61,2020,"… energy system, district heating systems need to expand, [5,6]. One third of global energy … It has been shown that the awareness of the energy-intensive industry for the topic of …",https://www.sciencedirect.com/science/article/pii/S0360544220306861,,0,"fourth generation, district energy",10.1016/j.energy.2020.117579,Simon Moser; Stefan Puschnigg; Valerie Rodin,2020-6,,https://api.elsevier.com/content/article/PII:S0360544220306861?httpAccept=text/xml,45.0
A simulation model for the design and analysis of district systems with simultaneous heating and cooling demands,61,2022,"… Latest generations of district heating and cooling systems are characterised by low network temperature with uninsulated pipes, decentralised heat pumps and chillers to modulate the …",https://www.sciencedirect.com/science/article/pii/S0360544222021314,,0,"4th generation, district heating and cooling",10.1016/j.energy.2022.125245,Marwan Abugabbara; Saqib Javed; Dennis Johansson,2022-12,,https://api.elsevier.com/content/article/PII:S0360544222021314?httpAccept=text/xml,37.0
Shallow geothermal energy integration in district heating system: An example from Serbia,61,2020,"… the implications of using geothermal heat pump technology in a district heating system. This … viability of utilization of geothermal heat pumps for district heating. Energy, economic and …",https://www.sciencedirect.com/science/article/pii/S0960148118314228,,0,"ultra-low temperature, district energy",10.1016/j.renene.2018.11.103,Miroslav V. Kljajić; Aleksandar S. Anđelković; Vaclav Hasik; Vladimir M. Munćan; Melissa Bilec,2020-3,,https://api.elsevier.com/content/article/PII:S0960148118314228?httpAccept=text/xml,41.0
The clean energy transition of heating and cooling in touristic infrastructures using shallow geothermal energy in the Canary Islands,61,2021,… heat production systems to shallow geothermal energy (SGE) … in ultra-low temperature district heating and cooling (DHC) … an average cooling capacity of 602 kW and a heating capacity …,https://www.sciencedirect.com/science/article/pii/S0960148121002846,,0,"low temperature, district heating and cooling",10.1016/j.renene.2021.02.105,Juan C. Santamarta; Alejandro García-Gil; María del Cristo Expósito; Elías Casañas; Noelia Cruz-Pérez; Jesica Rodríguez-Martín; Miguel Mejías-Moreno; Gregor Götzl; Vasiliki Gemeni,2021-6,,https://api.elsevier.com/content/article/PII:S0960148121002846?httpAccept=text/xml,39.0
Bi-level optimization framework for buildings to heating grid integration in integrated community energy systems,60,2020,"… , thermal balance of walls and thermal balance of the zone) of each consumer in one building, as shown in Fig. 5. … other through thermal resistance and is grounded by thermal capacity, …",https://ieeexplore.ieee.org/abstract/document/9193915/,,0,"5th generation, thermal grid",10.46855/energy-proceedings-3306,Xi Luo,3/12/2020,,,0.0
Survey of 53 fifth generation district heating and cooling (5GDHC) networks in Germany,60,2022,"… Usually, networks with 75 C are not considered fifth but fourth-generation district heating (4GDH) networks. However, these networks are operated in summer as a 5GDHC network and …",https://onlinelibrary.wiley.com/doi/abs/10.1002/ente.202200749,,0,"4th generation, district heating and cooling",10.1002/ente.202200749,Marco Wirtz; Thomas Schreiber; Dirk Müller,9/20/2022,"Fifth‐generation district heating and cooling (5GDHC) networks are a promising technology to decarbonize the heating and cooling supply of buildings and districts. Up to today, only a small number of 5GDHC networks have been built, mostly in Switzerland and Germany. As a result, there are substantial uncertainties and knowledge gaps in the planning and operation of 5GDHC networks. Herein, a survey is conducted among utility companies and engineering offices to collect data on 53 5GDHC systems in Germany, including technical, economic, and political key figures and design decisions. Results show that 5GDHC networks are mostly planned for small new build districts (less than 100 buildings). The most frequent heat sources are horizontal geothermal collectors (used in 23 networks) and geothermal probes (17 networks). 74% of the surveyed networks provide not only heat but also cold. Typical network temperatures are in the range of −5–20 °C. The survey results show that the price models as well as political design decisions, such as the obligation to connect to the network, vary strongly among the districts.",https://onlinelibrary.wiley.com/doi/pdf/10.1002/ente.202200749,34.0
Experimental characterization of a prototype of bidirectional substation for district heating with thermal prosumers,60,2021,"… , the thermal substation at the interface between the prosumer and the DH network must be … with the user’s heating system and the DH network at pressure loss lower than 0.2 bar and at …",https://www.sciencedirect.com/science/article/pii/S0360544221002851,,0,"5th generation, thermal network",10.1016/j.energy.2021.120036,Mauro Pipiciello; Matteo Caldera; Marco Cozzini; Maria A. Ancona; Francesco Melino; Biagio Di Pietra,2021-5,,https://api.elsevier.com/content/article/PII:S0360544221002851?httpAccept=text/xml,41.0
Low-grade industrial waste heat utilization in urban district heating: Simulation-based performance assessment of a seasonal thermal energy storage system,60,2022,"In this study, a large-scale industrial waste heat heating system integrated with borehole thermal energy storage (BTES) and an absorption heat pump was proposed, designed, and …",https://www.sciencedirect.com/science/article/pii/S0360544221025949,,0,"low temperature, district thermal",10.1016/j.energy.2021.122345,Fang Guo; Xiaoyue Zhu; Pengchao Li; Xudong Yang,2022-1,,https://api.elsevier.com/content/article/PII:S0360544221025949?httpAccept=text/xml,41.0
Techno-economic and exergy analysis of tank and pit thermal energy storage for renewables district heating systems,60,2021,"… -scale thermal energy storage (TES) emerges as key for the expansion of renewables-based district … Furthermore, the results indicate that the transition to low-temperature R-DH brings …",https://www.sciencedirect.com/science/article/pii/S096014812101274X,,0,"low-temperature, district thermal",10.1016/j.renene.2021.08.106,Abdulrahman Dahash; Fabian Ochs; Alice Tosatto,2021-12,,https://api.elsevier.com/content/article/PII:S096014812101274X?httpAccept=text/xml,44.0
Combined provision of primary frequency regulation from Vehicle-to-Grid (V2G) capable electric vehicles and community-scale heat pump,60,2020,… -scale heat pump is proposed to exploit synergies between the fast regulating batteries and the large heat … and a dynamic model of the heat pump system. Both models were previously …,https://www.sciencedirect.com/science/article/pii/S2352467720303131,,0,"bidirectional, district heat pump",10.1016/j.segan.2020.100382,Wiebke Meesenburg; Andreas Thingvad; Brian Elmegaard; Mattia Marinelli,2020-9,,https://api.elsevier.com/content/article/PII:S2352467720303131?httpAccept=text/xml,33.0
"Building thermal-network models: a comparative analysis, recommendations, and perspectives",58,2022,"… [106] proposed a building model with a 9th-order thermal network that contains a thermal network for each construction element (external walls, internal walls, roof, and floor). The …",https://www.mdpi.com/1996-1073/15/4/1328,,0,"5th generation, thermal network",10.3390/en15041328,Abhinandana Boodi; Karim Beddiar; Yassine Amirat; Mohamed Benbouzid,2/11/2022,"The development of smart buildings, as well as the great need for energy demand reduction, has renewed interest in building energy demand prediction. Intelligent controllers are a solution for optimizing building energy consumption while maintaining indoor comfort. The controller efficiency on the other hand, is mainly determined by the prediction of thermal behavior from building models. Due to the development complexity of the models, these intelligent controllers are not yet implemented on an industrial scale. There are primarily three types of building models studied in the literature: white-box, black-box, and gray-box. The gray-box models are found to be robust, efficient, of low cost computationally, and of moderate modeling complexity. Furthermore, there is no standard model configuration, development method, or operation conditions. These parameters have a significant influence on the model performance accuracy. This motivates the need for this review paper, in which we examined various gray-box models, their configurations, parametric identification techniques, and influential parameters.",https://www.mdpi.com/1996-1073/15/4/1328/pdf,41.0
Life cycle assessment of low-temperature thermal desorption-based technologies for drill cuttings treatment,58,2021,"The life cycle impacts of treatment of typical oil-based drill cuttings (OBDCs) using three low-temperature thermal desorption (LTTD)-based systems, including thermomechanical …",https://www.sciencedirect.com/science/article/pii/S0304389420318549,,0,"low temperature, thermal grid",10.1016/j.jhazmat.2020.123865,Guangji Hu; Huan Liu; Anber Rana; Jianbing Li; Saeed Bikass; Kasun Hewage; Rehan Sadiq,2021-1,,https://api.elsevier.com/content/article/PII:S0304389420318549?httpAccept=text/xml,49.0
Electricity generation and demand flexibility in wastewater treatment plants: Benefits for 100 renewable electricity grids,58,2020,"… grid in Australia is presented. In this hourly electricity supply simulation, both the electricity generation and … size of 100% renewable electricity grid and achieving perfect supply-demand …",https://www.sciencedirect.com/science/article/pii/S0306261920304724,,0,"fourth generation, thermal grid",10.1016/j.apenergy.2020.114960,Syed Muhammad Hassan Ali; Manfred Lenzen; Fabian Sack; Moslem Yousefzadeh,2020-6,,https://api.elsevier.com/content/article/PII:S0306261920304724?httpAccept=text/xml,48.0
Modeling and optimization of hybrid ground source heat pump with district heating and cooling,58,2022,… Hybrid heating systems with ground source heat pumps (GSHP) and district heating and … The flexibility can be used to make the heating system more economical and environmentally …,https://www.sciencedirect.com/science/article/pii/S0378778822002365,,0,"low temperature, district heat pump",10.1016/j.enbuild.2022.112065,Anjan Rao Puttige; Staffan Andersson; Ronny Östin; Thomas Olofsson,2022-6,,https://api.elsevier.com/content/article/PII:S0378778822002365?httpAccept=text/xml,48.0
Quantifying the technical geothermal potential from shallow borehole heat exchangers at regional scale,58,2021,"… However, a dense deployment of BHEs may lead to thermal interference between … potential of BHEs which takes into account potential thermal interference as well as the available area …",https://www.sciencedirect.com/science/article/pii/S0960148120317602,,0,"bi-directional, district thermal",10.1016/j.renene.2020.11.019,Alina Walch; Nahid Mohajeri; Agust Gudmundsson; Jean-Louis Scartezzini,2021-3,,https://api.elsevier.com/content/article/PII:S0960148120317602?httpAccept=text/xml,48.0
Enabling large-scale dynamic simulations and reducing model complexity of district heating and cooling systems by aggregation,57,2020,"… of a virtual district heating network with 146 consumers and an existing district heating network with … and operation of DHC systems, including the 4th generation district heating systems. …",https://www.sciencedirect.com/science/article/pii/S0360544220315176,,0,"4th generation, district heating and cooling",10.1016/j.energy.2020.118410,Basak Falay; Gerald Schweiger; Keith O’Donovan; Ingo Leusbrock,2020-10,,https://api.elsevier.com/content/article/PII:S0360544220315176?httpAccept=text/xml,38.0
District heating potential in the case of low-grade waste heat recovery from energy intensive industries,57,2021,"… Considering the energy intensity of the pulp and paper industry, a method for evaluating the recovery potential of its low-grade waste heat from cogeneration plants in DH is presented. …",https://www.sciencedirect.com/science/article/pii/S1359431121003008,,0,"low temperature, district energy",10.1016/j.applthermaleng.2021.116851,Luca Cioccolanti; Massimiliano Renzi; Gabriele Comodi; Mosè Rossi,2021-6,,https://api.elsevier.com/content/article/PII:S1359431121003008?httpAccept=text/xml,36.0
Energy-economic assessment of reduced district heating system temperatures,57,2021,"… It is in the DNA of district heating (DH) systems that low temperatures are crucial for … heat sources. The general conviction within the DH community is, that reduced temperatures have …",https://www.sciencedirect.com/science/article/pii/S2666955221000113,,0,"low temperature, district heating and cooling",10.1016/j.segy.2021.100011,Roman Geyer; Jürgen Krail; Benedikt Leitner; Ralf-Roman Schmidt; Paolo Leoni,2021-5,,https://api.elsevier.com/content/article/PII:S2666955221000113?httpAccept=text/xml,36.0
A rule-based energy management strategy for a low-temperature solar/wind-driven heating system optimized by the machine learning-assisted grey wolf,56,2023,"This work presents an innovative, practical, and cost-effective solution for advancing state-of-the-art intelligent building energy systems and aiding the intended worldwide green …",https://www.sciencedirect.com/science/article/pii/S0196890422013681,,0,"4th generation, thermal grid",10.1016/j.enconman.2022.116590,Amirmohammad Behzadi; Sasan Sadrizadeh,2023-2,,https://api.elsevier.com/content/article/PII:S0196890422013681?httpAccept=text/xml,42.0
Performance comparison of different heat pumps in low-temperature waste heat recovery,56,2021,"… , among whose technologies heat pumps show excellent … of heat pumps, the absorption heat pump (AHP), absorption … choosing a suitable heat pump in the low-temperature WHR. …",https://www.sciencedirect.com/science/article/pii/S1364032121009096,,0,"low temperature, district heat pump",10.1016/j.rser.2021.111634,Zhimin Tan; Xiao Feng; Yufei Wang,2021-12,,https://api.elsevier.com/content/article/PII:S1364032121009096?httpAccept=text/xml,44.0
Optimal design of district heating networks with distributed thermal energy storages method and case study,55,2021,"… thermal storages on the piping system. In the scenario with an average volume of 1 m³ heat storages, the thermal losses of the district … affect the invested pipe capacity, and bidirectional …",https://journals.aau.dk/index.php/sepm/article/view/6248,,0,"bidirectional, district thermal",10.1016/j.energy.2021.121430,Fiona Clarke; Bogdan Dorneanu; Evgenia Mechleri; Harvey Arellano-Garcia,2021-11,,https://api.elsevier.com/content/article/PII:S0360544221016789?httpAccept=text/xml,12.0
A novel approach to district heating and cooling network design based on life cycle cost optimization,55,2020,"… costs of a district heating and cooling (DHC… minimum total life-cycle cost by introducing additional engineering design parameters related to pipe sizing, heat losses, and pumping energy…",https://www.sciencedirect.com/science/article/pii/S0360544219325320,,0,"low temperature, district heating and cooling",10.1016/j.energy.2019.116837,Robert E. Best; P. Rezazadeh Kalehbasti; Michael D. Lepech,2020-3,,https://api.elsevier.com/content/article/PII:S0360544219325320?httpAccept=text/xml,39.0
Solar driven water heating systems for medium-rise residential buildings in urban mediterranean areas,55,2020,"… heating system (S1), solar thermal water heating system with electric boosting (S2), solar PV/T water heating … (S3) and integrated solar PV and heat pump water heating system (S4) are …",https://www.sciencedirect.com/science/article/pii/S0960148119313503,,0,"bi-directional, district heat pump",10.1016/j.renene.2019.09.020,Maria Panagiotidou; Lu Aye; Behzad Rismanchi,2020-3,,https://api.elsevier.com/content/article/PII:S0960148119313503?httpAccept=text/xml,41.0
Integrated optimization study of hot water supply system with multi-heat-source for the public bath based on PVT heat pump and water source heat pump,55,2020,Integrated optimization study of hot water supply system with multi-heat-source for the public bath based on PVT heat pump and water source heat pump - ScienceDirect …,https://www.sciencedirect.com/science/article/pii/S1359431119374836,,0,"4th generation, district heat pump",10.1016/j.applthermaleng.2020.115146,Peiyuan Mi; Liangdong Ma; Jili Zhang,2020-7,,https://api.elsevier.com/content/article/PII:S1359431119374836?httpAccept=text/xml,40.0
Recent advances in district energy systems: A review,55,2020,"… district systems (DSs) which offers a contribution to the mission to reduce the environmental and economic impact of energy … with the requirements of energy demands. Additionally, the …",https://www.sciencedirect.com/science/article/pii/S2451904920301980,,0,"4th generation, district energy",10.1016/j.tsep.2020.100678,Montaser Mahmoud; Mohamad Ramadan; Sumsun Naher; Keith Pullen; Ahmad Baroutaji; Abdul-Ghani Olabi,2020-12,,https://api.elsevier.com/content/article/PII:S2451904920301980?httpAccept=text/xml,27.0
Vocabulary for the fourth generation of district heating and cooling,55,2021,"… The evolving technology generation has to consider the future challenges of lower heat … of renewable and recycled thermal sources. Driven by these challenges, the district heating and …",https://www.sciencedirect.com/science/article/pii/S2666955221000034,,0,"4th generation, district thermal",10.1016/j.segy.2021.100003,Matthias Sulzer; Sven Werner; Stefan Mennel; Michael Wetter,2021-2,,https://api.elsevier.com/content/article/PII:S2666955221000034?httpAccept=text/xml,39.0
A review on low-temperature thermal desalination approach,54,2022,"… Among several desalination approaches, low-temperature thermal desalination (LTTD) is … by using low temperatures and pressures in a range similar to ambient temperatures and …",https://link.springer.com/article/10.1007/s11356-022-19147-5,,0,"low temperature, thermal grid",10.1007/s11356-022-19147-5,Sendhil Kumar Natarajan; Subbarama Kousik Suraparaju; Rajvikram Madurai Elavarasan,2/18/2022,,https://link.springer.com/content/pdf/10.1007/s11356-022-19147-5.pdf,49.0
Analysis of displacing natural gas boiler units in district heating systems by using multi-objective optimization and different taxing approaches,54,2020,"… District heating systems are proven to be effective way of increasing energy efficiency, … In research papers, district heating multi-objective optimization usually takes into account …",https://www.sciencedirect.com/science/article/pii/S0196890419314189,,0,"5th generation, district energy",10.1016/j.enconman.2019.112411,Hrvoje Dorotić; Tomislav Pukšec; Neven Duić,2020-2,,https://api.elsevier.com/content/article/PII:S0196890419314189?httpAccept=text/xml,34.0
Short-term cooling and heating loads forecasting of building district energy system based on data-driven models,54,2023,… Accurate forecasting of cooling and heating loads is critical for optimizing the energy usage of devices and planning for energy storage in building district energy systems (BDESs). Data-…,https://www.sciencedirect.com/science/article/pii/S0378778823007430,,0,"low temperature, district energy",10.1016/j.enbuild.2023.113513,Hanfei Yu; Fan Zhong; Yuji Du; Xiang'e Xie; Yibin Wang; Xiaosong Zhang; Shifang Huang,2023-11,,https://api.elsevier.com/content/article/PII:S0378778823007430?httpAccept=text/xml,52.0
Assessment of district heating and cooling systems transition with respect to future changes in demand profiles and renewable energy supplies,53,2022,"… District energy systems are … district heating context, centralized district heating and cooling (DHC), ultra-low temperature district heating (ULTDH), and bi-directional fifth generation …",https://ui.adsabs.harvard.edu/abs/2022ECM...26816038Z/abstract,,0,"fifth generation, district energy",10.1016/j.enconman.2022.116038,Yichi Zhang; Pär Johansson; Angela Sasic Kalagasidis,2022-9,,https://api.elsevier.com/content/article/PII:S0196890422008287?httpAccept=text/xml,36.0
Optimal design of a 5th generation district heating and cooling network based on seawater heat pumps,53,2022,"This work presents the design and the thermo-economic optimization of a novel layout of a 5th generation district heating and cooling network, for a residential district located in the …",https://www.sciencedirect.com/science/article/pii/S0196890422007087,,0,"5th generation, district heating and cooling",10.1016/j.enconman.2022.115912,Francesco Calise; Francesco Liberato Cappiello; Luca Cimmino; Massimo Dentice d'Accadia; Maria Vicidomini,2022-9,,https://api.elsevier.com/content/article/PII:S0196890422007087?httpAccept=text/xml,41.0
Parametric modeling and simulation of Low temperature energy storage for cold-climate multi-family residences using a geothermal heat pump system with integrated,53,2020,… heating loads and to remove annual ground thermal load imbalances on the ground heat … was sized to balance the annual ground thermal loads. The system simulation results show …,https://www.sciencedirect.com/science/article/pii/S0375650519304559,,0,"low-temperature, district thermal",10.1016/j.geothermics.2020.101864,A. Alkhwildi; R. Elhashmi; A. Chiasson,2020-7,,https://api.elsevier.com/content/article/PII:S0375650519304559?httpAccept=text/xml,42.0
Individual ground source heat pumps: Can district heating compete with real estate owners return expectations?,53,2020,"… decreased costs and improved the efficiency of heat pumps (HPs). In some cases, heat produced with HPs is already less expensive compared to district heating (DH) systems that have …",https://www.sciencedirect.com/science/article/pii/S2210670719323029,,0,"low temperature, district heat pump",10.1016/j.scs.2019.101982,Kaisa Kontu; Jussi Vimpari; Petri Penttinen; Seppo Junnila,2020-2,,https://api.elsevier.com/content/article/PII:S2210670719323029?httpAccept=text/xml,39.0
Impact of intelligent control algorithms on demand response flexibility and thermal comfort in a smart grid ready residential building,53,2021,… in a smart-grid ready full-electric residential building. The impact on thermal comfort is also … equipped with a geothermal heat pump and a thermal energy storage system. Two Energy …,https://www.sciencedirect.com/science/article/pii/S2666955221000174,,0,"low temperature, thermal grid",10.1016/j.segy.2021.100017,Fabiano Pallonetto; Mattia De Rosa; Donal P. Finn,2021-5,,https://api.elsevier.com/content/article/PII:S2666955221000174?httpAccept=text/xml,35.0
Grid-connected photovoltaic system employing a single-phase T-type cascaded H-bridge inverter,52,2020,This paper presents the control and application of a single-phase T-type nine-level cascaded H-Bridge (TCHB) multilevel inverter (MLI) topology. This paper focuses on the …,https://www.sciencedirect.com/science/article/pii/S0038092X20301511,,0,"bidirectional, thermal grid",10.1016/j.solener.2020.02.045,Aamir Amir; Asim Amir; Jeyraj Selvaraj; Nasrudin Abd Rahim,2020-3,,https://api.elsevier.com/content/article/PII:S0038092X20301511?httpAccept=text/xml,40.0
"Seawater heat pumps in China, a spatial analysis",52,2020,"… heat pump implementation. However, stakeholders are still suffering from insufficient understanding of seawater heat pumps … to evaluate seawater heat pump potential in different …",https://www.sciencedirect.com/science/article/pii/S0196890419312464,,0,"5th generation, district heat pump",10.1016/j.enconman.2019.112240,Chang Su; Hatef Madani; Hua Liu; Ruzhu Wang; Björn Palm,2020-1,,https://api.elsevier.com/content/article/PII:S0196890419312464?httpAccept=text/xml,36.0
Optimal cost management of the CCHP based data center with district heating and district cooling integration in the presence of different energy tariffs,52,2022,"… energy cost of the operation while providing more flexibility to the data center and district energy … the data center's excess heat recovery, district heating, and cooling integration can cut …",https://www.sciencedirect.com/science/article/pii/S0196890422000073,,0,"low-temperature, district heating and cooling",10.1016/j.enconman.2022.115211,Ilhan Keskin; Gurkan Soykan,2022-2,,https://api.elsevier.com/content/article/PII:S0196890422000073?httpAccept=text/xml,46.0
Field test and optimization of heat pumps and water distribution systems in medium-depth geothermal heat pump systems,52,2020,… performance of heat pump obviously. This paper introduces the field test on energy performance of heat pumps in MD-GHPs. Results show that the outlet and inlet water temperature of …,https://www.sciencedirect.com/science/article/pii/S037877881932866X,,0,"low temperature, district heat pump",10.1016/j.enbuild.2019.109724,Jiewen Deng; Shi He; Qingpeng Wei; Jianfeng Li; Hua Liu; Zhiping Zhang; Hui Zhang,2020-2,,https://api.elsevier.com/content/article/PII:S037877881932866X?httpAccept=text/xml,44.0
Techno-economic analysis of heat recovery from supermarket s CO2 refrigeration systems to district heating networks,52,2021,This paper investigates the opportunity of utilizing the spare heating capacity of CO 2 refrigeration systems in supermarkets to produce heat to be sold to district heating network …,https://www.sciencedirect.com/science/article/pii/S1359431121004476,,0,"bi-directional, district thermal",10.1016/j.applthermaleng.2021.117000,Fabio Giunta; Samer Sawalha,2021-7,,https://api.elsevier.com/content/article/PII:S1359431121004476?httpAccept=text/xml,30.0
The benefits of 4th generation district heating and energy efficient datacentres,51,2022,… This paper identifies the energy system benefits of transitioning district heating infrastructure from current 3rd generation district heating (3GDH) to 4th generation district heating (4GDH) …,https://www.sciencedirect.com/science/article/pii/S0360544222021053,,0,"4th generation, district heating and cooling",10.1016/j.energy.2022.125215,Peter Sorknæs; Steffen Nielsen; Henrik Lund; Brian Vad Mathiesen; Diana Moreno; Jakob Zinck Thellufsen,2022-12,,https://api.elsevier.com/content/article/PII:S0360544222021053?httpAccept=text/xml,35.0
Do ground source heat pumps challenge the dominant position of district heating in the Swedish heating market?,51,2020,"… In urban areas, district heating (DH) has a dominant position in the Swedish heating market. … However, ground source heat pumps (GSHPs) have become more economically feasible …",https://www.sciencedirect.com/science/article/pii/S0959652620301177,,0,"4th generation, district heat pump",10.1016/j.jclepro.2020.120070,Magnus Åberg; Lars Fälting; David Lingfors; Annica M. Nilsson; Anders Forssell,2020-5,,https://api.elsevier.com/content/article/PII:S0959652620301177?httpAccept=text/xml,30.0
Coming in from the cold: Heat pump efficiency at low temperatures,50,2023,"… winters with minimum temperatures above −10C, our analysis suggests that heat pumps can be … over performance or the need for back-up heating capacity. This is subject to thorough …",https://www.cell.com/joule/fulltext/S2542-4351(23)00351-3?{{{EngagementData}}}=&emci=96aa5cb5-2a56-ee11-9937-00224832e811&emdi=ea000000-0000-0000-0000-000000000001&ceid=%7B%7BContactsEmailID%7D%7D,,0,"low temperature, district heat pump",10.1016/j.joule.2023.08.005,Duncan Gibb; Jan Rosenow; Richard Lowes; Neil J. Hewitt,2023-9,,https://api.elsevier.com/content/article/PII:S2542435123003513?httpAccept=text/xml,39.0
Method for assessing heat loss in a district heating network with a focus on the state of insulation and actual demand for useful energy,50,2020,… The goal of this paper was to evaluate heat loss and the demand of district heating (DH) in the context of the fourth generation DH concept using a data-driven approach. The …,https://www.mdpi.com/1996-1073/13/17/4505,,0,"4th generation, district heating and cooling",10.3390/en13174505,Stanislav Chicherin; Vladislav Mašatin; Andres Siirde; Anna Volkova,9/1/2020,"The goal of this paper was to evaluate heat loss and the demand of district heating (DH) in the context of the fourth generation DH concept using a data-driven approach. The heat loss profile was calculated with GIS Zulu© (software (8.0.0.7539, Politerm, LLC, St.Petersburg, Russia) using eight various states of insulation, detailed information on thermal conductivity, internal heat transfer coefficient, and geometry of the concrete trench. There is a strong correlation between the heat sold and the average annual outdoor temperatures. The outstanding episodes are extremely rare, and the difference in the overall pattern is elusive. The results of the annual heat production and annual heat loss analyses were compared using three different estimation methods. The new method was the only one that showed a positive effect after the complete modernization of thermal insulation. The actual proportion of heat loss is much higher at 16%, while the actual heat delivery is less than anticipated at 85–86% only. The trend of the normative approach is correct but cannot determine changes in network heat loss due to aging. The method focuses on the effects of the state of insulation and actual supply temperature levels. The transition to smart energy systems includes strategic and progressive energy planning, as well as new pricing rules and tariffs. Thus, the method presented is the first step in the transition towards the fourth generation DH networks.",https://www.mdpi.com/1996-1073/13/17/4505/pdf,33.0
A novel cascade heating system for waste heat recovery in the combined heat and power plant integrating with the steam jet pump,50,2020,… The EBSILON software was applied for modeling the proposed thermal system and analyzing the thermal performance of the CHP-HBP heating system under different operating …,https://www.sciencedirect.com/science/article/pii/S0306261920311867,,0,"4th generation, thermal network",10.1016/j.apenergy.2020.115690,Youjun Zhang; Nian Xiong; Zhihua Ge; Yichen Zhang; Junhong Hao; Zhiping Yang,2020-11,,https://api.elsevier.com/content/article/PII:S0306261920311867?httpAccept=text/xml,49.0
Model predictive control for a heat booster substation in ultra low temperature district heating systems,50,2022,… low temperature district heating minimizes transport heat losses while enabling the utilization of low… Local heat booster substations can heat water to useable temperatures using a heat …,https://www.sciencedirect.com/science/article/pii/S036054422101879X,,0,"low temperature, district thermal",10.1016/j.energy.2021.121631,Rune Hermansen; Kevin Smith; Jan Eric Thorsen; Jiawei Wang; Yi Zong,2022-1,,https://api.elsevier.com/content/article/PII:S036054422101879X?httpAccept=text/xml,37.0
Design of a solar district heating system with seasonal storage in Italy,50,2021,… A key strategy to reduce household fossil fuel use is solar district heating with seasonal thermal energy storage. Although this technology has been widely applied in Northern Europe (…,https://www.sciencedirect.com/science/article/pii/S1359431121008723,,0,"low temperature, district thermal",10.1016/j.applthermaleng.2021.117438,Michele Salvestroni; Giacomo Pierucci; Atabak Pourreza; Federico Fagioli; Francesco Taddei; Matteo Messeri; Maurizio De Lucia,2021-10,,https://api.elsevier.com/content/article/PII:S1359431121008723?httpAccept=text/xml,37.0
"Combining sufficiency, efficiency and flexibility to achieve positive energy districts targets",49,2021,"… Appropriate policies and design principles are necessary to enable sufficiency options, which in turn reveal that there is a bidirectional influence between the building and the district/city …",https://www.mdpi.com/1996-1073/14/15/4697,,0,"bidirectional, district energy",10.3390/en14154697,Silvia Erba; Lorenzo Pagliano,8/3/2021,"Energy efficiency, generation from renewable sources and more recently energy flexibility are key elements of present sustainability policies. However, we are beginning to see a recognition of the need to couple technological solutions with lifestyle and behavioral changes, sometimes labeled under the term “sufficiency”. Appropriate policies and design principles are necessary to enable sufficiency options, which in turn reveal that there is a bidirectional influence between the building and the district/city level. In this context, the authors discuss how city and building re-design should be implemented combining energy efficiency, flexibility, production from renewables and sufficiency options for achieving a positive energy balance at the district level even within the constraints of dense cities. Based on a review of recent advances, the paper provides a matrix of interactions between building and district design for use by building designers and city planners. It also compares possible scenarios implementing different strategies at the building and urban level in a case study, in order to evaluate the effect of the proposed integrated approach on the energy balance at yearly and seasonal time scales and on land take.",https://www.mdpi.com/1996-1073/14/15/4697/pdf,40.0
Environmental sustainability approaches and positive energy districts: a literature review,49,2021,"… the integration of distributed renewable energy generation into wider energy networks and provide a functional, healthy, user friendly environment with as low energy demand and little …",https://www.mdpi.com/2071-1050/13/23/13063,,0,"5th generation, district energy",10.3390/su132313063,Ilaria Marotta; Francesco Guarino; Sonia Longo; Maurizio Cellura,11/25/2021,"During the last decade, increasing attention has been paid to the emerging concept of Positive Energy Districts (PED) with the aim of pushing the transition to clean energy, but further research efforts are needed to identify design approaches optimized from the point of view of sustainable development. In this context, this literature review is placed, with a specific focus on environmental sustainability within innovative and eco-sustainable districts. The findings show that some sustainability aspects such as sustainable food, urban heat islands mitigation and co-impacts, e.g., green gentrification, are not adequately assessed, while fragmented thinking limits the potential of circularity. In this regard, targeted strategies should be developed. On the other hand, the Key Performance Indicators framework needs some integrations. In this direction, indicators were suggested, among those defined in the Sustainable Development Agenda, the main European standards and initiatives and the relevant literature experiences. Future outlooks should be directed towards: the harmonization of the Life Cycle Assessment in PEDs with reference to modeling assumptions and analysis of multiple impacts; the development of dynamic environmental analyses taking into account the long-term uncertainty due to climate change, data availability and energy decarbonization; the combination of Life Cycle Assessment and Key Performance Indicators based techniques, from a holistic thinking perspective, for a comprehensive design environment and the analysis of the contribution of energy flexibility approaches on the environmental impact of a project.",https://www.mdpi.com/2071-1050/13/23/13063/pdf,36.0
Identification of key performance indicators and complimentary load profiles for 5th generation district energy networks,49,2021,"… energy sharing. Despite promising cost-savings results, we conclude that low temperature district heating … time of use tariffs, rather than energy sharing. However, carbon savings can be …",https://www.sciencedirect.com/science/article/pii/S0306261921002014,,0,"4th generation, district heating and cooling",10.1016/j.apenergy.2021.116672,Michael-Allan Millar; Zhibin Yu; Neil Burnside; Greg Jones; Bruce Elrick,2021-6,,https://api.elsevier.com/content/article/PII:S0306261921002014?httpAccept=text/xml,33.0
"Application of CCHPs in a centralized domestic heating, cooling and power network Thermodynamic and economic implications",49,2020,"… network. Both geothermal and waste heat (from cement industry) are utilized to run domestic-scale combined cooling, heating and power (CCHP) units to meet the thermal … thermal and …",https://www.sciencedirect.com/science/article/pii/S2210670720301384,,0,"4th generation, thermal network",10.1016/j.scs.2020.102151,Hossein Nami; Amjad Anvari-Moghaddam; Ahmad Arabkoohsar,2020-9,,https://api.elsevier.com/content/article/PII:S2210670720301384?httpAccept=text/xml,44.0
Artificial neural network based assessment of grid-connected photovoltaic thermal systems in heating dominated regions of Iran,49,2020,"In this paper, an artificial neural network (ANN) is developed to assess hybrid photovoltaic thermal (PVT) systems for grid-connected (GC) electricity generation, space heating and …",https://www.sciencedirect.com/science/article/pii/S221313882030148X,,0,"5th generation, thermal grid",10.1016/j.seta.2020.100694,Sadegh Motahar; Hamed Bagheri-Esfeh,2020-6,,https://api.elsevier.com/content/article/PII:S221313882030148X?httpAccept=text/xml,22.0
Role of thermal technologies for enhancing flexibility in multi energy systems through sector coupling: technical suitability and expected developments,48,2020,"… thermal technologies are heat driven and electricity is produced as a by-product, thus resulting in a non-flexible behaviour of the electricity production. Modern power grids … grid, thermal …",https://ietresearch.onlinelibrary.wiley.com/doi/abs/10.1049/iet-esi.2019.0061,,0,"fourth generation, thermal grid",10.1049/iet-esi.2019.0061,Karol Witkowski; Paul Haering; Stephan Seidelt; Nicole Pini,4/3/2020,"Thermal power generation technologies are widely used for electricity production, for heat provision in district or process heating systems, and for combined heat and power generation. In most cases, thermal technologies are heat driven and electricity is produced as a by‐product, thus resulting in a non‐flexible behaviour of the electricity production. Modern power grids are characterised by an increasing share of renewable leading to a need for enhanced and flexible ways of controlling the power flow. To provide services to the power grid, thermal generating technologies may be used in a more efficient way, coupled to gas and heat storage systems or aggregated in virtual power plants. Several technical factors determine which technologies are suitable for flexibility provision, including power ranges, start up times and ramp rates. In this work, carried out in the frame of the MAGNITUDE H2020 project, the technical characteristics of thermal sector‐coupling technologies were analysed using data from the seven real‐life project's case studies. The technical suitability was determined based on the product requirements in selected European power markets for the provision of identified system services. Expected future developments and trends were highlighted well.",https://onlinelibrary.wiley.com/doi/pdf/10.1049/iet-esi.2019.0061,34.0
Review on low temperature heat pump drying applications in food industry: Cooling with dehumidification drying method,48,2020,"… acts as a heat pump, which pumps the heat from the dehumidified … area, with the aid of a refrigerant gas to carry the heat. This article reviews the potential of low-temperature heat pump …",https://onlinelibrary.wiley.com/doi/abs/10.1111/jfpe.13502,,0,"low temperature, district heat pump",10.1111/jfpe.13502,T. G. G. Uthpala; S. B. Navaratne; Amila Thibbotuwawa,8/26/2020,"AbstractMoisture content of food material is a key factor influencing the quality of storage and extending the quality of a food product. Manufacturers develop new technologies to process sensitive food materials to supply new products with improved properties and high quality. The process in which the air is cooled sensibly while the moisture is removed from food is called cooling with dehumidification process. The system fundamentally acts as a heat pump, which pumps the heat from the dehumidified air to a different air stream in another area, with the aid of a refrigerant gas to carry the heat. This article reviews the potential of low‐temperature heat pump dehumidifier drying used in the food industry. Moreover, this describes the principle of cooling with dehumidification (CWD) process, the importance of studying psychrometric charts to understand CWD process, measures used in identify energy efficiency, comparison of this method over common dryers, applications, advantages and limitations of the CWD drying method.Practical applicationsMultiple measures have been taken to increase the drying efficiency of convection drying, especially by the application of cooling with dehumidified techniques. This drying technique has comparably higher energy efficiency, better and consistent product quality and the ability to control drying temperature and humidity over other conventional methods. Low‐temperature heat pump dryers are used increasingly applications in the food industry for the drying of grains, fruits, vegetables, herbs, spices, fish, meat, pet foods, and other heat‐sensitive food products in several countries.",https://onlinelibrary.wiley.com/doi/pdf/10.1111/jfpe.13502,29.0
Unconventional excess heat sources for district heating in a national energy system context,48,2020,"… the fourth generation DH concept, lower temperature heat sources … of heat pumps, a modified 2050 scenario without heat pumps is used in this article. In relation to this, the heat pumps …",https://www.mdpi.com/1996-1073/13/19/5068,,0,"4th generation, district heat pump",10.3390/en13195068,Steffen Nielsen; Kenneth Hansen; Rasmus Lund; Diana Moreno,9/27/2020,"District heating (DH) is an important technology in future smart energy systems as it allows for an efficient implementation of various renewable energy sources. As DH develops towards lower temperatures and renewable electricity production increases, new types of heat sources become relevant. Thus, the aim of this article is to assess the potential for utilizing four unconventional excess heat (UEH) sources in DH systems, namely: Data centers, wastewater treatment, metros and service sector buildings. The main method used to assess the UEH potentials is an energy system analysis focusing on the availability and economic feasibility of utilizing the UEH sources in national contexts. The analysis consists of 2015 and 2050 scenarios for Germany, Spain and France. The results show a potential for utilizing the UEH potentials in all three countries, both in 2015 and 2050 systems. The potentials are highest in the 2050 scenarios, primarily due to larger DH shares. Furthermore, the potentials are limited by competition with other heat supply sources, conjunction with heat demands and feasible heat pump operation. In conclusion, the four UEH sources could impact the local DH systems, but in a national energy system context they are expected to play a minor role.",https://www.mdpi.com/1996-1073/13/19/5068/pdf,33.0
Minimum transmissivity and optimal well spacing and flow rate for high-temperature aquifer thermal energy storage,48,2021,… thermal energy storage (ATES) is a time-shifting thermal … Low-temperature ( < 25 C) aquifer thermal energy storage (… -temperature ( > 50 C) aquifer thermal energy storage (HT-ATES). …,https://www.sciencedirect.com/science/article/pii/S0306261921001884,,0,"low-temperature, district thermal",10.1016/j.apenergy.2021.116658,Daniel T. Birdsell; Benjamin M. Adams; Martin O. Saar,2021-5,,https://api.elsevier.com/content/article/PII:S0306261921001884?httpAccept=text/xml,28.0
Flexible nuclear co-generation plant combined with district heating and a large-scale heat storage,48,2020,… It is also connected to a district heating system and utilises a large-scale … district heating systems need development to utilise a large-scale heat source such as nuclear co-generation. …,https://www.sciencedirect.com/science/article/pii/S0360544219324235,,0,"5th generation, district thermal",10.1016/j.energy.2019.116728,Miika Rämä; Martin Leurent; Jean-Guy Devezeaux de Lavergne,2020-2,,https://api.elsevier.com/content/article/PII:S0360544219324235?httpAccept=text/xml,32.0
Techno-economic analysis of fifth-generation district heating and cooling combined with seasonal borehole thermal energy storage,48,2023,Fifth-generation district heating and cooling (5GDHC) is a promising solution to decarbonise future thermal energy systems. This paper investigates the potential of 5GDHC integrated …,https://www.sciencedirect.com/science/article/pii/S0360544223027767,,0,"4th generation, district heating and cooling",10.1016/j.energy.2023.129382,Xiang Li; Selin Yilmaz; Martin K. Patel; Jonathan Chambers,2023-12,,https://api.elsevier.com/content/article/PII:S0360544223027767?httpAccept=text/xml,33.0
Large-scale heat pumps for district heating systems in the Baltics: Potential and impact,48,2022,"… The current state of power-to-heat integration into the heat supply in the Baltics is examined. In the socio-economic analysis, three scenarios for prospective district heating electrification …",https://www.sciencedirect.com/science/article/pii/S1364032122006360,,0,"low temperature, district heat pump",10.1016/j.rser.2022.112749,A. Volkova; H. Koduvere; H. Pieper,2022-10,,https://api.elsevier.com/content/article/PII:S1364032122006360?httpAccept=text/xml,31.0
Optimal rule-based control for the management of thermal energy storage in a Canadian solar district heating system,47,2020,"… Thermal energy storage devices could also play an instrumental role to manage … thermal energy storage capacity, at both the short-term and the long-term, in a Canadian solar district …",https://www.sciencedirect.com/science/article/pii/S0038092X20307775,,0,"5th generation, district thermal",10.1016/j.solener.2020.07.046,E. Saloux; J.A. Candanedo,2020-9,,https://api.elsevier.com/content/article/PII:S0038092X20307775?httpAccept=text/xml,33.0
Variable taxes promoting district heating heat pump flexibility,47,2021,… heat pumps from two perspectives: The impact of electricity taxes on a) the incentive to increase heat pump … and b) the alignment of heat pump operation with the dynamic electricity …,https://www.sciencedirect.com/science/article/pii/S0360544221000888,,0,"4th generation, district heat pump",10.1016/j.energy.2021.119839,Poul Alberg Østergaard; Anders N. Andersen,2021-4,,https://api.elsevier.com/content/article/PII:S0360544221000888?httpAccept=text/xml,32.0
District heating energy efficiency of Danish building typologies,47,2021,… energy-efficiency improvements of the existing building stock are essential to the realization of 4th Generation District Heating … likely will lead to increased heat load variations that need …,https://www.sciencedirect.com/science/article/pii/S0378778820333880,,0,"4th generation, district heating and cooling",10.1016/j.enbuild.2020.110602,Martin Heine Kristensen; Steffen Petersen,2021-1,,https://api.elsevier.com/content/article/PII:S0378778820333880?httpAccept=text/xml,36.0
Explainable heat demand forecasting for the novel control strategies of district heating systems,47,2022,"… ) approach, namely, stacked LSTM, bi-directional LSTM, encoder-decoder and attention models. The initial results of forecasting heat demand and local explanations are provided for …",https://www.sciencedirect.com/science/article/pii/S1367578822000153,,0,"bi-directional, district heating and cooling",10.1016/j.arcontrol.2022.03.009,Milan Zdravković; Ivan Ćirić; Marko Ignjatović,2022,,https://api.elsevier.com/content/article/PII:S1367578822000153?httpAccept=text/xml,34.0
The operation of district heating with heat pumps and thermal energy storage in a zero-emission scenario,47,2021,… a district heating operation model simulation to find low cost combinations of heat pump and … Fourth generation DH systems anticipate flow temperatures of 70 C and below with average …,https://www.sciencedirect.com/science/article/pii/S2352484721007617,,0,"4th generation, district heat pump",10.1016/j.egyr.2021.08.157,Salman Siddiqui; John Macadam; Mark Barrett,2021-10,,https://api.elsevier.com/content/article/PII:S2352484721007617?httpAccept=text/xml,37.0
Design optimization of district heating systems: A review,46,2022,… District heating systems offer the possibility of lowering emissions and support the goal of reaching a carbon-neutral energy system by integrating renewable heat … of district heating …,https://www.frontiersin.org/articles/10.3389/fenrg.2022.971912/full,,0,"bidirectional, district heating and cooling",10.3389/fenrg.2022.971912,Maximilian Sporleder; Michael Rath; Mario Ragwitz,10/7/2022,"District heating systems offer the possibility of lowering emissions and support the goal of reaching a carbon-neutral energy system by integrating renewable heat sources. Therefore, this work provided a systematic literature review to identify potential research gaps and show the literature distribution over the relevant topics. The focus is on the design optimization with (non-)linear programming of district heating systems in the context of decarbonization. Furthermore, crucial energy balance equations were extracted from the literature for a potential optimization problem. The systematic literature review limited its search to two databases, 10 years timespan, a quality measure, and uses keywords regarding topic and method. Categories were derived based on the subject and literature to cluster the found publications and identify potential research gaps. The results showed potential research gaps in the depiction of different stakeholder decisions, reduction of computational efforts, and their resulting uncertainties. Additionally, they identified gaps in the integration of low-grade heat sources, thermal storage facilities, and energy converters, especially geothermal energy, large-scale heat pumps, and seasonal storages.",https://www.frontiersin.org/articles/10.3389/fenrg.2022.971912/full,28.0
"A two-stage industrial load forecasting scheme for day-ahead combined cooling, heating and power scheduling",46,2020,"… , it is possible to construct a bi-directional supply system such as a … district energy system that simultaneously produced combined heat and power (CHP), chilled water thermal energy …",https://www.mdpi.com/1996-1073/13/2/443,,0,"bi-directional, district energy",10.3390/en13020443,Sungwoo Park; Jihoon Moon; Seungwon Jung; Seungmin Rho; Sung Wook Baik; Eenjun Hwang,1/16/2020,"Smart grid systems, which have gained much attention due to its ability to reduce operation and management costs of power systems, consist of diverse components including energy storage, renewable energy, and combined cooling, heating and power (CCHP) systems. The CCHP has been investigated to reduce energy costs by using the thermal energy generated during the power generation process. For efficient utilization of CCHP and numerous power generation systems, accurate short-term load forecasting (STLF) is necessary. So far, even though many single algorithm-based STLF models have been proposed, they showed limited success in terms of applicability and coverage. This problem can be alleviated by combining such single algorithm-based models in ways that take advantage of their strengths. In this paper, we propose a novel two-stage STLF scheme; extreme gradient boosting and random forest models are executed in the first stage, and deep neural networks are executed in the second stage to combine them. To show the effectiveness of our proposed scheme, we compare our model with other popular single algorithm-based forecasting models and then show how much electric charges can be saved by operating CCHP based on the schedules made by the economic analysis on the predicted electric loads.",https://www.mdpi.com/1996-1073/13/2/443/pdf,38.0
Integration of renewable energy sources into low-temperature district heating systems: a review,46,2022,"… Current research focuses on networks of the fourth generation DH (4GDH) and fifth generation DHC (5GDHC), which operate at low temperatures and achieve great efficiencies. …",https://www.mdpi.com/1996-1073/15/18/6523,,0,"4th generation, district heating and cooling",10.3390/en15186523,Ioan Sarbu; Matei Mirza; Daniel Muntean,9/7/2022,"This article presents a complex and exhaustive review of the integration of renewable energy sources (RES) (specifically solar, geothermal, and hydraulic energies and heat pumps (HPs)) and the improvement of water pumping in district heating systems (DHSs) focused on low-temperature systems, to increase energy efficiency and environmental protection. For this aim, the main components of a DHS and the primary RES with applications in DHSs were described briefly. Finally, several case studies regarding the DHS in Timisoara, Romania, were analysed. Thus, by integrating water source HP (WSHP) systems in cooperation with solar thermal and photovoltaic (PV) collectors and reducing the supply temperature from 110 °C to 30 °C in DHS, which supplies the water radiators to consumers in a district of this city in a 58/40 °C regime of temperatures and produces domestic hot water (DHW) required by consumers at 52 °C, a thermal energy saving of 75%, a reduction in heat losses on the transmission network of 90% and a diminution of CO2 emissions of 77% were obtained. Installed PV panels generate 1160 MWh/year of electricity that is utilised to balance the electricity consumption of HP systems. Additionally, mounting pumps as turbines (PATs) for the recovery of excess hydraulic energy in the entire heating network resulted in electricity production of 378 MW, and the variable frequency drive’s (VFD) method for speed control for a heating station pump resulted in roughly 38% more energy savings than the throttle control valve technique.",https://www.mdpi.com/1996-1073/15/18/6523/pdf,29.0
Analysis of operational data from a district cooling system and its connected buildings,46,2020,"… more common as the cooling demands in cities increase. Their performance is often challenged by low temperature differences between the supply and return water, called low delta-T. …",https://www.sciencedirect.com/science/article/pii/S0360544220309518,,0,"low temperature, district heating and cooling",10.1016/j.energy.2020.117844,Maria Jangsten; Torbjörn Lindholm; Jan-Olof Dalenbäck,2020-7,,https://api.elsevier.com/content/article/PII:S0360544220309518?httpAccept=text/xml,37.0
A temperature and time-sharing dynamic control approach for space heating of buildings in district heating system,46,2021,Poor indoor temperature control level is the most common issue of building space heating in Chinese district heating system (DHS). The aim of this study was to provide on-demand …,https://www.sciencedirect.com/science/article/pii/S0360544221000840,,0,"low-temperature, district heating and cooling",10.1016/j.energy.2021.119835,Guoqiang Liu; Xuan Zhou; Junwei Yan; Gang Yan,2021-4,,https://api.elsevier.com/content/article/PII:S0360544221000840?httpAccept=text/xml,29.0
Design optimization of a heating network with multiple heat pumps using mixed integer quadratically constrained programming,46,2021,"… is a state of the art technology for efficient supply of heat. Modern 4th generation and 5th generation district heating networks can be used to integrate sources of waste heat, which …",https://www.sciencedirect.com/science/article/pii/S0360544221006332,,0,"4th generation, district heat pump",10.1016/j.energy.2021.120384,Dominik Hering; André Xhonneux; Dirk Müller,2021-7,,https://api.elsevier.com/content/article/PII:S0360544221006332?httpAccept=text/xml,27.0
Ten megawatt scale vapor compression heat pump for low temperature waste heat recovery: Onsite application research,46,2022,"… In order to limit global warming of 1.5 C before 2050, the heat pump with waste heat … heat pump system is applied to recover the waste heat from a steel plant for district heating. Two …",https://www.sciencedirect.com/science/article/pii/S0360544221019472,,0,"low-temperature, district heat pump",10.1016/j.energy.2021.121699,Bin Hu; Hua Liu; Jiatong Jiang; Zhiping Zhang; Hongbo Li; R.Z. Wang,2022-1,,https://api.elsevier.com/content/article/PII:S0360544221019472?httpAccept=text/xml,33.0
Fault control on a thermal anomaly: Conceptual and numerical modeling of a low temperature geothermal system in the Southern Alps foreland basin (NE Italy),45,2020,"… Despite the presence of a uniform basal heat flow, a thermal anomaly corresponding to field … part of the thermal field. This study furthers knowledge on fault-controlled low-temperature …",https://agupubs.onlinelibrary.wiley.com/doi/abs/10.1029/2019JB017394,,0,"low-temperature, district thermal",10.1029/2019jb017394,Marco Pola; Mauro Cacace; Paolo Fabbri; Leonardo Piccinini; Dario Zampieri; Filippo Torresan,2020-5,"AbstractThe interest on low‐temperature geothermal resources is progressively increasing since their renewability and widespread availability. Despite their frequency, these resources and their development have been only partially investigated. This paper unravels the major physical processes driving a low‐temperature geothermal resource in NE Italy (Euganean Geothermal System) through conceptual and numerical modeling. Dense fracturing associated to regional fault zones and a relay ramp enhances regional to local flow of thermal waters. Their rapid upwelling in the Euganean Geothermal Field is favored by open extensional fractures deforming the relay ramp. The water (65–86 °C) is intensively exploited for balneotherapy, rendering it a profitable resource. Three‐dimensional coupled flow and heat transport numerical simulations based on this conceptual model are performed. Despite the presence of a uniform basal heat flow, a thermal anomaly corresponding to field observations develops in the modeling domain reproducing the relay ramp. Intensive fracturing extending across a wide area and a slightly anomalous heat flow favors a local increase in convection that drives the upwelling of deep‐seated hot waters. The simulations corroborate and refine the conceptual model, revealing that water of up to 115 °C is likely to be found in the unexplored part of the thermal field. This study furthers knowledge on fault‐controlled low‐temperature geothermal resources where the geological setting could enhance local convection without anomalous heat flows, creating temperatures favorable for energy production. Conceptual and numerical modeling based on solid geological and hydrogeological reconstructions can offer a support tool for further detailed explorations of these prominent resources.",https://api.wiley.com/onlinelibrary/tdm/v1/articles/10.1029%2F2019JB017394,19.0
Development of digital twin for load center on the example of distribution network of an urban district,45,2020,"… of an electrical network with bidirectional automatic data … consumption, and reduce energy losses in urban electrical … operation of distributed multi-energy resources (heat, electricity…",https://www.e3s-conferences.org/articles/e3sconf/abs/2020/69/e3sconf_energy-212020_02029/e3sconf_energy-212020_02029.html,,0,"bidirectional, district energy",10.1051/e3sconf/202020902029,Nikita Tomin; Victor Kurbatsky; Vadim Borisov; Sergey Musalev,2020,"The paper proposes a concept of building a digital twin based on the reinforcement learning method. This concept allows implementing an accurate digital model of an electrical network with bidirectional automatic data exchange, used for modeling, optimization, and control. The core of such a model is an agent (potential digital twin). The agent, while constantly interacting with a physical object (electrical grid), searches for an optimal strategy for active network management, which involves short-term strategies capable of controlling the power supplied by generators and/ or consumed by the load to avoid overload or voltage problems. Such an agent can verify its training with the initial default policy, which can be considered as a teacher’s advice. The effectiveness of this approach is demonstrated on a test 77-node scheme and a real 17-node network diagram of the Akademgorodok microdistrict (Irkutsk) according to the data from smart electricity meters.",https://www.e3s-conferences.org/10.1051/e3sconf/202020902029/pdf,23.0
Analysis and evaluation of the feasibility of positive energy districts in selected urban typologies in Vienna using a bottom-up district energy modelling,45,2021,"… and electrification of end-uses will boost the overall district energy efficiency by 66.2%, resulting in annual district final energy demand reduction from 3.94 GWh to 1.33 GWh. The …",https://www.mdpi.com/1996-1073/14/15/4449,,0,"5th generation, district energy",10.3390/en14154449,Hans-Martin Neumann; Ali Hainoun; Romana Stollnberger; Ghazal Etminan; Volker Schaffler,7/23/2021,"This article investigates the potential of selected urban typologies in Vienna to reach the state of Positive Energy Districts (PED) by achieving a positive annual energy balance. It follows the EU initiative for implementing at least 100 PED in Europe by 2025. Four urban typologies have been assessed using the bottom-up energy modelling tool MAPED that enables a simplified energy demand-supply analysis at the district scale. Considering relevant urban typologies in different construction periods, the analysis focused on converting the allocated building stocks into PED by employing comprehensive thermal refurbishment and energy efficiency measures, electrification of end-uses and fuel switching, exploitation of local renewable energy potential, and flexible interaction with the regional energy system. The results reveal that a detached housing district can achieve a positive annual energy balance (for heat and power) of 110% due to the fact that there are sufficient surfaces (roofs, facades, open land) available for the production of local renewable energy, whereas the remaining typologies fail to achieve the criteria with an annual balance ranking between 61% and 97%, showing additional margins for improvement to meet the PED conditions. The presented concept offers a practical approach to investigate the PED suitability of urban typologies. It will help the Austrian Ministry for Climate Action and Environment to identify appropriate strategies for the refurbishment of existing urban areas towards the PED standard.",https://www.mdpi.com/1996-1073/14/15/4449/pdf,35.0
Thermohydraulic model of Smart Thermal Grids with bidirectional power flow between prosumers,45,2021,"Part of Smart Energy Systems are Smart Thermal Grids, which enable bidirectional power flow between prosumers. To facilitate this feature, the network architecture and intelligent …",https://www.sciencedirect.com/science/article/pii/S0360544221010732,,0,"bidirectional, thermal grid",10.1016/j.energy.2021.120825,Thomas Licklederer; Thomas Hamacher; Michael Kramer; Vedran S. Perić,2021-9,,https://api.elsevier.com/content/article/PII:S0360544221010732?httpAccept=text/xml,33.0
A comparative thermoeconomic analysis of fourth generation and fifth generation district heating and cooling networks,45,2023,"… Fifth generation district heating and cooling systems include … fourth generation and fifth generation district heating cooling … source heat pumps, supplying heating and cooling energy to …",https://www.sciencedirect.com/science/article/pii/S0360544223019552,,0,"4th generation, district heating and cooling",10.1016/j.energy.2023.128561,Francesco Calise; Francesco Liberato Cappiello; Luca Cimmino; Massimo Dentice d’Accadia; Maria Vicidomini,2023-12,,https://api.elsevier.com/content/article/PII:S0360544223019552?httpAccept=text/xml,34.0
Analysis of low temperature lift heat pump application in a district heating system for flue gas condenser efficiency improvement,45,2020,… heat from the flue gas. The aim of this research is to evaluate the theoretical feasibility of using low-temperature lift heat pumps in the … when a heat pump is installed on heating network’s …,https://www.sciencedirect.com/science/article/pii/S2210670720301177,,0,"low temperature, district heat pump",10.1016/j.scs.2020.102130,Aleksandrs Zajacs; Raimonds Bogdanovics; Anatolijs Borodinecs,2020-6,,https://api.elsevier.com/content/article/PII:S2210670720301177?httpAccept=text/xml,27.0
Sizing and control optimization of thermal energy storage in a solar district heating system,45,2021,"… [4] to assess technical and economic aspects of solar heating and cooling systems. Van der … time-consuming, need for bi-directional communication with the control system to retrieve …",https://www.sciencedirect.com/science/article/pii/S235248472100696X,,0,"bi-directional, district heating and cooling",10.1016/j.egyr.2021.08.092,Etienne Saloux; José A. Candanedo,2021-10,,https://api.elsevier.com/content/article/PII:S235248472100696X?httpAccept=text/xml,34.0
Mathematical modelling and model validation of the heat losses in district heating networks,44,2023,… model of the heating network is then used to calculate the heat losses in a heating network connecting an underground storage tank with a ground source heat pump. The economic …,https://www.sciencedirect.com/science/article/pii/S0360544222033461,,0,"fourth generation, district heat pump",10.1016/j.energy.2022.126460,Dariusz Jakubek; Paweł Ocłoń; Marzena Nowak-Ocłoń; Maciej Sułowicz; Petar Sabev Varbanov; Jiří Jaromír Klemeš,2023-3,,https://api.elsevier.com/content/article/PII:S0360544222033461?httpAccept=text/xml,35.0
Techno-economic analysis of control strategies for heat pumps integrated into solar district heating systems,44,2021,… strategies for a heat pump integrated into the solar assisted district heating system (… heat pump connected to thermal storage tanks for domestic hot water (DHW) and space heating …,https://www.sciencedirect.com/science/article/pii/S2352152X21007222,,0,"low temperature, district heat pump",10.1016/j.est.2021.103011,Mohamed Hany Abokersh; Manel Vallès; Kangkana Saikia; Luisa F. Cabeza; Dieter Boer,2021-10,,https://api.elsevier.com/content/article/PII:S2352152X21007222?httpAccept=text/xml,27.0
Environmental Life Cycle Assessment scenarios for a district heating network. An Italian case study,44,2021,"… to the heat pumps (208 vs 118 gCO 2 eq/kWh th ), district heating could potentially have an … with the 4th generation. The value of district heating and electric-driven heat pumps were 89 …",https://www.sciencedirect.com/science/article/pii/S2352484721006971,,0,"4th generation, district heat pump",10.1016/j.egyr.2021.08.094,Jacopo Famiglietti; Luisa Gerevini; Giulia Spirito; Marianna Pozzi; Alice Dénarié; Rossano Scoccia; Mario Motta,2021-10,,https://api.elsevier.com/content/article/PII:S2352484721006971?httpAccept=text/xml,32.0
Model predictive control of smart districts with fifth generation heating and cooling networks,43,2021,"… Furthermore, 4GDH networks cannot serve cooling demands, they must instead be integrated with separate, similarly defined, fourth generation district cooling (4GDC) networks [4]. …",https://ieeexplore.ieee.org/abstract/document/9437972/,,0,"4th generation, district heating and cooling",10.1109/tec.2021.3082405,Michael Taylor; Sebastian Long; Ognjen Marjanovic; Alessandra Parisio,2021-12,,http://xplorestaging.ieee.org/ielx7/60/9629385/09437972.pdf?arnumber=9437972,28.0
Smoothing control of solar photovoltaic generation using building thermal loads,43,2020,"… significant expansion in power grids worldwide. However, … due to the inherent building thermal inertia. HVAC systems can be … The HIL tests leveraged a building thermal dynamic model …",https://www.sciencedirect.com/science/article/pii/S0306261920310357,,0,"bidirectional, thermal grid",10.1016/j.apenergy.2020.115523,Zhimin Jiang; Jie Cai; Paul S. Moses,2020-11,,https://api.elsevier.com/content/article/PII:S0306261920310357?httpAccept=text/xml,31.0
Influence of building heat distribution temperatures on the energy performance and sizing of 5th generation district heating and cooling networks,43,2023,This paper investigates the energy performance and sizing criteria of 5th generation district heating and cooling (5GDHC) networks as a function of the heat distribution temperature in …,https://www.sciencedirect.com/science/article/pii/S0360544223008514,,0,"4th generation, district heating and cooling",10.1016/j.energy.2023.127457,Alessandro Maccarini; Artem Sotnikov; Tobias Sommer; Michael Wetter; Matthias Sulzer; Alireza Afshari,2023-7,,https://api.elsevier.com/content/article/PII:S0360544223008514?httpAccept=text/xml,30.0
Predicting future GB heat pump electricity demand,43,2023,"… heat pumps… heat pump uptake and no load shifting, the peak heat pump electricity demand for a cold year in the 2050s halved to 37 GW. By shifting demand for water and space heating …",https://www.sciencedirect.com/science/article/pii/S0378778823001470,,0,"4th generation, district heat pump",10.1016/j.enbuild.2023.112917,S.D. Watson; J. Crawley; K.J. Lomas; R.A. Buswell,2023-5,,https://api.elsevier.com/content/article/PII:S0378778823001470?httpAccept=text/xml,30.0
Recovery and utilization of low-grade waste heat in the oil-refining industry using heat engines and heat pumps: An international technoeconomic comparison,42,2020,"… conversion technologies (and temperature ranges for various industrial heat sources) was presented by Bruckner et al. [18], who covered electric heat pumps, absorption heat pumps …",https://www.mdpi.com/1996-1073/13/10/2560,,0,"5th generation, district heat pump",10.3390/en13102560,Nikunj Gangar; Sandro Macchietto; Christos N. Markides,5/18/2020,"We assess the technoeconomic feasibility of onsite electricity and steam generation from recovered low-grade thermal energy in oil refineries using organic Rankine cycle (ORC) engines and mechanical vapour compression (MVC) heat pumps in various countries. The efficiencies of 34 ORC and 20 MVC current commercial systems are regressed against modified theoretical models. The resulting theoretical relations predict the thermal efficiency of commercial ORC engines within 4–5% and the coefficient of performance (COP) of commercial MVC heat pumps within 10–15%, on average. Using these models, the economic viability of ORC engines and MVC heat pumps is then assessed for 19 refinery streams as a function of heat source and sink temperatures, and the available stream thermal energy, for gas and electricity prices in selected countries. Results show that: (i) conversion to electrical power with ORC engines is, in general, economically feasible for heat-source temperatures &gt;70 °C, however with high sensitivity to energy prices; and (ii) steam generation in MVC heat pumps, even more sensitive to energy prices, is in some cases not economical under any conditions—it is only viable with high gas/low electricity prices, for large heat sources (&gt;2 MW) and higher temperatures (&gt;140 °C). In countries and conditions with positive economics, payback periods down to two years are found for both technologies.",https://www.mdpi.com/1996-1073/13/10/2560/pdf,27.0
Simplified building thermal model development and parameters evaluation using a stochastic approach,42,2020,… This paper proposes a method for parametric identification of thermal network model (3R2C) by using particle swarm optimization (PSO) algorithm [24]. A simplified model is then …,https://www.mdpi.com/1996-1073/13/11/2899,,0,"fourth generation, thermal network",10.3390/en13112899,Abhinandana Boodi; Karim Beddiar; Yassine Amirat; Mohamed Benbouzid,6/5/2020,"This paper proposes an approach to develop building dynamic thermal models that are of paramount importance for controller application. In this context, controller requires a low-order, computationally efficient, and accurate models to achieve higher performance. An efficient building model is developed by having proper structural knowledge of low-order model and identifying its parameter values. Simplified low-order systems can be developed using thermal network models using thermal resistances and capacitances. In order to determine the low-order model parameter values, a specific approach is proposed using a stochastic particle swarm optimization. This method provides a significant approximation of the parameters when compared to the reference model whilst allowing low-order model to achieve 40% to 50% computational efficiency than the reference one. Additionally, extensive simulations are carried to evaluate the proposed simplified model with solar radiation and identified model parameters. The developed simplified model is afterward validated with real data from a case study building where the achieved results clearly show a high degree of accuracy compared to the actual data.",https://www.mdpi.com/1996-1073/13/11/2899/pdf,36.0
District energy systems: Challenges and new tools for planning and evaluation,42,2020,"… tested in the context of a residential energy district planning process. In addition, … district energy supply is presented, based on the dynamic assessment of imported and exported energy …",https://www.mdpi.com/1996-1073/13/11/2967,,0,"4th generation, district energy",10.3390/en13112967,Steffen Wehkamp; Lucas Schmeling; Lena Vorspel; Fabian Roelcke; Kai-Lukas Windmeier,6/9/2020,"The change from a centralized to a decentralized energy supply creates new challenges in the planning of such energy supply concepts. Specialized planning tools that can cope with the complex requirements and multi-layered boundary conditions of local energy use are therefore needed. Existing methods need to be further developed and optimized to suit the complex stakeholder structures encountered in innovative district projects, as well as for research purposes. This paper presents selected aspects and challenges in the development of an application-oriented planning tool. Using a North German district as a case study, the usability of a Building Information Model as an aggregated data platform is tested in the context of a residential energy district planning process. In addition, the modeling of heating grids using a combination of Geographic Information System and open source thermodynamic tools is presented. Economic valuation methods are examined to determine the extent to which the value of flexibility and access to local flexibility markets can be taken into account. Finally, an approach for evaluating the ecological aspects of the district energy supply is presented, based on the dynamic assessment of imported and exported energy quantities.",https://www.mdpi.com/1996-1073/13/11/2967/pdf,33.0
Power-to-heat plants in district heating and electricity distribution systems: A techno-economic analysis,42,2023,"This paper investigates the Power-to-Heat energy conversion process carried out by heat pumps connected to a district heating network used to provide heat to the heating sector and, …",https://www.sciencedirect.com/science/article/pii/S0196890422013218,,0,"bi-directional, district heating and cooling",10.1016/j.enconman.2022.116543,Gabriele Fambri; Andrea Mazza; Elisa Guelpa; Vittorio Verda; Marco Badami,2023-1,,https://api.elsevier.com/content/article/PII:S0196890422013218?httpAccept=text/xml,32.0
Techno-economic analysis of demand side flexibility to enable the integration of distributed heat pumps within a Swedish neighborhood,42,2020,"… to switch from district heating to domestic heat pumps. Thus, … to the district heating (around 7% of the heat demand). This … On a heat pump level, the disconnections decrease up to 50%…",https://www.sciencedirect.com/science/article/pii/S0360544220301195,,0,"5th generation, district heat pump",10.1016/j.energy.2020.117012,Monica Arnaudo; Monika Topel; Björn Laumert,2020-3,,https://api.elsevier.com/content/article/PII:S0360544220301195?httpAccept=text/xml,29.0
Shallow geothermal energy systems for district heating and cooling networks: Review and technological progression through case studies,42,2024,… geothermal energy technologies into district heating and cooling … shallow geothermal energy for district heating and cooling seems … and decarbonizing the heating and cooling sector. …,https://www.sciencedirect.com/science/article/pii/S0960148124015040,,0,"4th generation, district heating and cooling",10.1016/j.renene.2024.121436,João S. Figueira; Alejandro García Gil; Ana Vieira; Apostolos K. Michopoulos; David P. Boon; Fleur Loveridge; Francesco Cecinato; Gregor Götzl; Jannis Epting; Kai Zosseder; Martin Bloemendal; Michael Woods; Paul Christodoulides; Philip J. Vardon; Simon Paul Borg; Søren Erbs Poulsen; Theis Raaschou Andersen,2024-12,,https://api.elsevier.com/content/article/PII:S0960148124015040?httpAccept=text/xml,37.0
Fifth generation district heating and cooling: A comprehensive survey,42,2024,… This review aims to analyze the different definitions of the fifth-generation district heating and cooling (5GDHC) and introduce a straightforward concept of this new technology. It also …,https://www.sciencedirect.com/science/article/pii/S2352484724000386,,0,"5th generation, district heating and cooling",10.1016/j.egyr.2024.01.037,L. Minh Dang; Le Quan Nguyen; Junyoung Nam; Tan N. Nguyen; Sujin Lee; Hyoung-Kyu Song; Hyeonjoon Moon,2024-6,,https://api.elsevier.com/content/article/PII:S2352484724000386?httpAccept=text/xml,28.0
Short-term energy scenario of district energy system using optimised renewable energy mix with and without energy storage,42,2023,… the district energy system to achieve high renewable energy … integrated renewable energy system of the considered district. … various energy generation units while meeting hourly energy …,https://www.sciencedirect.com/science/article/pii/S2590123023001445,,0,"4th generation, district energy",10.1016/j.rineng.2023.101017,Ashutosh Shirole; Mahesh Wagh; Vivek Kulkarni; Prashant Patil,2023-6,,https://api.elsevier.com/content/article/PII:S2590123023001445?httpAccept=text/xml,30.0
"Economic, social, and environmental aspects of Positive Energy Districts A review",41,2022,"… the energy use, the local generation, the imported energy, the conversion to primary energy, … seasonal differences in energy generation and demand but also those throughout the day. …",https://wires.onlinelibrary.wiley.com/doi/abs/10.1002/wene.452,,0,"5th generation, district energy",10.1002/wene.452,Luca Casamassima; Luigi Bottecchia; Axel Bruck; Lukas Kranzl; Reinhard Haas,6/17/2022,"AbstractThe concept of Positive Energy Districts (PEDs), introduced in the Strategic Energy Technology Plan, is one of the fundamental approaches for a successful, clean and sustainable urbanization by 2025. According to the European Commission, a PED is a set of buildings where the community controls the energy flows and aims at a net positive energy balance over a year by utilizing renewable energy sources. There are a plethora of concepts similar to PEDs, such as Positive Energy Community, Net Zero Energy Neighborhood, Plus Energy Districts, that create a need to establish a structure that can facilitate the definition, development, and precise identification of PEDs. Thus, this paper aims to fill this research gap by comparing these and other related concepts through a critical literature review based on three pillars composing the triangle of sustainability: economic, social and environmental. By doing this, the paper aims to determine the connections between these similar concepts, homogenize the use of terms and avoid the issue of repetitions, which can help draw lessons learnt from other energy‐savings concepts. This study shows how PEDs and Nearly Zero Energy Communities have similar bases, aims and omissions. They diverge in a few key concepts, which can become learning points for PEDs.This article is categorized under:Climate and Environment &gt; Net Zero Planning and DecarbonizationPolicy and Economics &gt; Energy TransitionsHuman and Social Dimensions &gt; Energy and Climate Justice",https://onlinelibrary.wiley.com/doi/pdf/10.1002/wene.452,19.0
An efficient numerical solution method for detailed modelling of large 5th generation district heating and cooling networks,41,2022,… Numerical simulations of district heating and cooling networks constitute … generation district heating and cooling (5GDHC) networks. We take into account the current flow regime for heat …,https://www.sciencedirect.com/science/article/pii/S0360544222013883,,0,"4th generation, district heating and cooling",10.2139/ssrn.4028638,Hauke Hirsch; Andreas Nicolai,2022,,,0.0
"Multi-source district heating system full decarbonization strategies: Technical, economic, and environmental assessment",41,2023,"Implementing innovation and sustainable development of district heating requires sound energy planning at the national and local levels. However, a research gap still exists on …",https://www.sciencedirect.com/science/article/pii/S0360544223026907,,0,"ultra-low temperature, district energy",10.1016/j.energy.2023.129296,Ieva Pakere; Maksims Feofilovs; Kertu Lepiksaar; Valdis Vītoliņš; Dagnija Blumberga,2023-12,,https://api.elsevier.com/content/article/PII:S0360544223026907?httpAccept=text/xml,30.0
Operational optimization of district heating systems with temperature limited sources,41,2020,"… Future district heating systems (DHS) will be supplied by renewable sources, most of which are limited in temperature and flow rate. Therefore, operational optimization of DHS is …",https://www.sciencedirect.com/science/article/pii/S0378778820308239,,0,"low temperature, district energy",10.1016/j.enbuild.2020.110347,Sam van der Zwan; Ivo Pothof,2020-11,,https://api.elsevier.com/content/article/PII:S0378778820308239?httpAccept=text/xml,29.0
"Decarbonised district heat, electricity and synthetic renewable gas in wind-and solar-based district energy systems",40,2021,… and estimates the possibilities to carbon neutral district energy system in Nordic latitudes. P2H technology is needed to convert renewable power into district heat. Large-scale Heat …,https://hrcak.srce.hr/clanak/370138,,0,"4th generation, district energy",10.13044/j.sdewes.d8.0340,Robert Weiss; Heidi Saastamoinen; Jussi Ikäheimo; Rinat Abdurafikov; Teemu Sihvonen; Jari Shemeikka,2021-6,,http://www.sdewes.org/jsdewes/dp05d74900aadf7514a099a05400abcaf2dcc4d787,22.0
Smarter smart district heating,40,2020,"… generations of DHS, distinct in their operational principles, can be identified [3]–[5]. The future—fourth generation… , “4th generation district heating (4GDH): Integrating smart thermal grids …",https://ieeexplore.ieee.org/abstract/document/9112171/,,0,"fourth generation, district thermal",10.1109/jproc.2020.2990490,Nikolay N. Novitsky; Zoya I. Shalaginova; Aleksandr A. Alekseev; Vyacheslav V. Tokarev; Oksana A. Grebneva; Aleksandr V. Lutsenko; Olga V. Vanteeva; Egor A. Mikhailovsky; Roman Pop; Petr Vorobev; Michael Chertkov,2020-9,,http://xplorestaging.ieee.org/ielx7/5/9172157/09112171.pdf?arnumber=9112171,26.0
Optimal planning of future district heating systems a review,40,2022,… most to the future sustainable energy schemes are the 4th generation district heating (4GDH) systems. A novel concept called 5th generation district heating and cooling (5GDHC) has …,https://www.mdpi.com/1996-1073/15/19/7160,,0,"bi-directional, district heating and cooling",10.3390/en15197160,Mengting Jiang; Camilo Rindt; David M. J. Smeulders,9/28/2022,"This article provides the state-of-the-art on the optimal planning and design of future district heating (DH) systems. The purpose is to provide practical information of first-step actions for countries with a low DH market share for heating and cooling supply. Previous research showed that for those countries, establishing a heat atlas with accurate geographical data is an essential prerequisite to promote the development of DH systems. In this review, essential techniques for building a high-quality heat atlas are elaborated. This includes a review of methodologies for district thermal energy demand prediction and the status of the integration of sustainable resources in DH systems. In the meanwhile, technical barriers for the implementation of various sustainable heat sources are identified. Furthermore, technologies for the optimal planning of DH systems are discussed. This includes the review of current approaches for the optimal planning of DH systems, discussions on various novel configurations which have been actively investigated recently, and common upgrading measures for existing DH systems.",https://www.mdpi.com/1996-1073/15/19/7160/pdf,29.0
Applicability of thermal energy storage in future low-temperature district heating systems Case study using multi-scenario analysis,40,2021,"… added from thermal energy storage (TES) technologies, low temperature district heating (… of future characteristics, such as the low temperature levels and small space-heating demand. …",https://www.sciencedirect.com/science/article/pii/S0196890421006944,,0,"low temperature, district thermal",10.1016/j.enconman.2021.114518,Yichi Zhang; Pär Johansson; Angela Sasic Kalagasidis,2021-9,,https://api.elsevier.com/content/article/PII:S0196890421006944?httpAccept=text/xml,32.0
Optimal design and operation of distributed electrical generation for Italian positive energy districts with biomass district heating,40,2022,… the energy generation and distribution stages has revolutionized the energy market favoring the rise of decentralized energy … and energy-efficient urban areas. The new Renewable …,https://www.sciencedirect.com/science/article/pii/S0196890422007336,,0,"4th generation, district energy",10.1016/j.enconman.2022.115937,R. Volpe; M. Gonzalez Alriols; N. Martelo Schmalbach; A. Fichera,2022-9,,https://api.elsevier.com/content/article/PII:S0196890422007336?httpAccept=text/xml,35.0
Development and validation of a second-order thermal network model for residential buildings,40,2022,"… the building structure that acts as a thermal mass. Hence, HVAC systems … thermal model that can accurately reflect the dynamics of the space air and interior wall surface temperatures…",https://www.sciencedirect.com/science/article/pii/S0306261921014033,,0,"low temperature, thermal network",10.1016/j.apenergy.2021.118124,Junke Wang; Yilin Jiang; Choon Yik Tang; Li Song,2022-1,,https://api.elsevier.com/content/article/PII:S0306261921014033?httpAccept=text/xml,30.0
Smart grid and energy district mutual interactions with demand response programs,39,2020,"… bi-directional energy transactions between WEPs and SG, and environmental interactions, namely cooling … Hence, the bi-directional energy transactions between WEPs and SG will be …",https://ietresearch.onlinelibrary.wiley.com/doi/abs/10.1049/iet-esi.2019.0032,,0,"bi-directional, district heating and cooling",10.1201/9781003151524-7,Clark W. Gellings,12/17/2020,,,1.0
Management of a district heating network using model predictive control with and without thermal storage,39,2021,… 3 we give an overview of the district heating network under consideration. In Sect. 4 we describe the coupling of the optimal control problem with the heat distribution model in the model …,https://link.springer.com/article/10.1007/s11081-021-09644-w,,0,"4th generation, district thermal",10.1007/s11081-021-09644-w,Davide Quaggiotto; Jacopo Vivian; Angelo Zarrella,5/27/2021,"AbstractDistrict heating and cooling networks are a key infrastructure to decarbonise the heating and cooling sector. Besides the design of new networks according to the principles of the 4th and 5th generation, operational aspects may significantly contribute to improve the efficiency of existing networks from both economic and environmental standpoints. This article is the second step of a work that aims to exploit the flexibility of existing networks and improve their economic and environmental performance, using the district heating network of Verona as a case study. In particular, the first part of the research demonstrated through numerical simulations that the thermal inertia of the water contained in the pipes can be used to shift the heat production of the generators over time by acting on the flow rate circulating in the network. This article shifts the focus from the heat distribution side to the heat supply. A model predictive control strategy was formulated as a MILP optimization problem to schedule the heat supply of the cogeneration plants, heat pump and gas boilers as a function of heat load, waste heat production and electricity price forecasts. Computer simulations of considered district heating network were carried out executing the optimization with a rolling-horizon scheme over two typical weeks. Results show that the proposed look-ahead control achieves a reduction in the operational costs of about 12.5% and 5.8%, respectively in a middle season and a winter representative week. Increasing the flexibility of the system with a centralized heat storage tank connected to the CHP and HP units, these percentage rise to respectively 20% and 6.3%. In the warmest periods, when the total installed power of the CHP and HP plants is sufficient to supply the entire heat demand during the peak, and the modulation of these plants has a higher impact, the cost reduction related to the additional thermal energy storage is more relevant.",https://link.springer.com/content/pdf/10.1007/s11081-021-09644-w.pdf,27.0
Enabling technologies for sector coupling: A review on the role of heat pumps and thermal energy storage,39,2021,"… The fifth generation thermal grids for DHC also include some additional and unique features that require a paradigmatic shift in the technologies employed, especially at the building …",https://www.mdpi.com/1996-1073/14/24/8195,,0,"5th generation, thermal grid",10.3390/en14248195,Omais Abdur Rehman; Valeria Palomba; Andrea Frazzica; Luisa F. Cabeza,12/7/2021,"In order to reduce greenhouse gas emissions, current and future energy systems need to be made more efficient and sustainable. This change can be accomplished by increasing the penetration of renewable energy sources and using efficient technologies in energy generation systems. One way to improve the operation of the whole energy system is through the generation and end-use sector coupling. Power-to-heat energy conversion and storage technologies, in this view, are enabling technologies that can help in balancing and improving the efficiency of both thermal and electric grids. In the present paper, a comprehensive analysis of the role of heat pumps and thermal energy storage for sector coupling is presented. The main features of the analyzed technologies are presented in the context of smart electric grid, district heating and cooling and multi-carrier energy systems, and recent findings and developments are highlighted. Finally, the technical, social, and economic challenges in the adoption of investigated technologies are discussed.",https://www.mdpi.com/1996-1073/14/24/8195/pdf,23.0
Can the renewable energy share increase in electricity and gas grids takes out the competitiveness of gas-driven CHP plants for distributed generation?,39,2022,"… from the grid. In the coming years, there might also be a partial gas grid decarbonisation by … For RES EL share in the national grid higher than a threshold value ranging in 50% and 60…",https://www.sciencedirect.com/science/article/pii/S0360544222015626,,0,"4th generation, thermal grid",10.1016/j.energy.2022.124659,Lorenzo Mario Pastore; Gianluigi Lo Basso; Livio de Santoli,2022-10,,https://api.elsevier.com/content/article/PII:S0360544222015626?httpAccept=text/xml,30.0
A probabilistic building characterization method for district energy simulations,39,2021,"… of implementing energy efficiency and renewable energy measures, urban building energy … highly underestimated and uncertainty on the simulated energy use arises. Therefore, this …",https://www.sciencedirect.com/science/article/pii/S0378778820333521,,0,"fifth generation, district energy",10.1016/j.enbuild.2020.110566,Ina De Jaeger; Jesus Lago; Dirk Saelens,2021-1,,https://api.elsevier.com/content/article/PII:S0378778820333521?httpAccept=text/xml,24.0
A comparison of prosumer system configurations in district heating networks,39,2021,"… Bidirectional district heating station … drastically, including the heating sector. Within the heating sector, district heating and cooling grids are one promising aspect to reduce emissions [1]. …",https://www.sciencedirect.com/science/article/pii/S2352484721006879,,0,"bidirectional, district heating and cooling",10.1016/j.egyr.2021.08.085,Daniel Zinsmeister; Thomas Licklederer; Franz Christange; Peter Tzscheutschler; Vedran S. Perić,2021-10,,https://api.elsevier.com/content/article/PII:S2352484721006879?httpAccept=text/xml,29.0
Biomass-fuelled combined heat and power: integration in district heating and thermal-energy storage,38,2021,… a thermal network in a district-heating design. The co-firing of biomass with other fuels in large CHP power plants has recently become increasingly common due to its higher efficiency. …,https://academic.oup.com/ce/article-abstract/5/1/44/6153909,,0,"4th generation, district thermal",10.1093/ce/zkaa031,Masoud Rezaei; Mohammad Sameti; Fuzhan Nasiri,2/27/2021,"Abstract
               Conventional approaches towards energy-system modelling and operation are based upon the system design and performance optimization. In system-design optimization, the thermal or mechanical characteristics of the systems providing for the heat or electricity demands were derived separately without integration with the energy source and without interaction with demand, which results in low-efficiency energy performance. This paper presents a key review on the integration of biomass-powered combined heat and power (BCHP) systems in district-heating systems as well as coupling with thermal-energy storage. In BCHP design, the appropriate sizing of the associated components as part of the district-heating system is very important to provide the optimal dispatch strategy as well as minimized cost and environmental impact while it co-operates with thermal-energy storage. Future strategies for the feasibility, evaluation and integration of biomass-powered energy systems in the context of district systems are also studied.",http://academic.oup.com/ce/article-pdf/5/1/44/36447345/zkaa031.pdf,29.0
Recent progress in thermal and optical enhancement of low temperature solar collector,38,2023,"… , low-temperature solar collectors are reviewed and discussed for different types of collectors, and the various technical progress in thermal … on the low-temperature solar collectors, this …",https://link.springer.com/article/10.1007/S12667-021-00473-5,,0,"low-temperature, district thermal",10.1016/j.tsep.2023.102025,Rubén Abbas; Rubén Barbero; Antonio Rovira; Magdalena Barnetche,2023-9,,https://api.elsevier.com/content/article/PII:S2451904923003785?httpAccept=text/xml,7.0
System modelling and optimization of a low temperature local hybrid energy system based on solar energy for a residential district,38,2022,… This paper proposes a local hybrid energy system based on solar energy for a residential district. It applies a borehole thermal energy storage to store solar energy in non-heating …,https://www.sciencedirect.com/science/article/pii/S0196890422007142,,0,"low temperature, district thermal",10.1016/j.enconman.2022.115918,Xiaolei Yuan; Lassi Heikari; Janne Hirvonen; Yumin Liang; Markku Virtanen; Risto Kosonen; Yiqun Pan,2022-9,,https://api.elsevier.com/content/article/PII:S0196890422007142?httpAccept=text/xml,31.0
A study on data-driven hybrid heating load prediction methods in low-temperature district heating: An example for nursing homes in Nordic countries,38,2022,… district heating towards low-temperature district heating. The substantially lowered supply temperature of low-temperature district … of the low-temperature district heating network. This …,https://www.sciencedirect.com/science/article/pii/S019689042200944X,,0,"bi-directional, district thermal",10.1016/j.enconman.2022.116163,Yiyu Ding; Thomas Ohlson Timoudas; Qian Wang; Shuqin Chen; Helge Brattebø; Natasa Nord,2022-10,,https://api.elsevier.com/content/article/PII:S019689042200944X?httpAccept=text/xml,32.0
Agent-based distributed demand response in district heating systems,38,2020,… Current district heating systems are moving towards 4th generation district heating in which end-… Research has shown that optimising buildings' heating demands can release network …,https://www.sciencedirect.com/science/article/pii/S0306261919320902,,0,"4th generation, district heating and cooling",10.1016/j.apenergy.2019.114403,Hanmin Cai; Shi You; Jianzhong Wu,2020-3,,https://api.elsevier.com/content/article/PII:S0306261919320902?httpAccept=text/xml,28.0
A simulation-based evaluation of substation models for network flexibility characterisation in district heating networks,38,2020,… heat generation can be matched in time. One possible source of energy flexibility is the thermal capacity of the water in district heating network pipes. Effective use of this thermal energy …,https://www.sciencedirect.com/science/article/pii/S036054422030757X,,0,"4th generation, thermal network",10.1016/j.energy.2020.117650,Annelies Vandermeulen; Tijs Van Oevelen; Bram van der Heijde; Lieve Helsen,2020-6,,https://api.elsevier.com/content/article/PII:S036054422030757X?httpAccept=text/xml,31.0
Strategies for a transition towards a solar district heating grid with integrated seasonal geothermal energy storage,38,2021,"District heating plays a key role in achieving the TU Darmstadt’s emission reduction target for 2050. A combination of efficiency measures, integration of solar thermal collectors, waste …",https://www.sciencedirect.com/science/article/pii/S0360544221009117,,0,"4th generation, district thermal",10.1016/j.energy.2021.120662,Julian Formhals; Frederik Feike; Hoofar Hemmatabady; Bastian Welsch; Ingo Sass,2021-8,,https://api.elsevier.com/content/article/PII:S0360544221009117?httpAccept=text/xml,28.0
Techno-economic assessment of thermal energy storage technologies for demand-side management in low-temperature individual heating systems,38,2021,"… systems where the storage temperature range is less than 20 K. Hence, in this study, three TES options; water tank (WT), phase change material tank, and building thermal mass (BTM) …",https://www.sciencedirect.com/science/article/pii/S0360544221017448,,0,"low temperature, thermal grid",10.1016/j.energy.2021.121496,Yichi Zhang; Pär Johansson; Angela Sasic Kalagasidis,2021-12,,https://api.elsevier.com/content/article/PII:S0360544221017448?httpAccept=text/xml,29.0
"Time-dependent climate impact of biomass use in a fourth generation district heating system, including BECCS",38,2020,"… heat and power (CHP) plant, including the dynamic effect on an existing fourth generation district heating … The district heating system in Stockholm, Sweden, was used as a case study …",https://www.sciencedirect.com/science/article/pii/S0961953420301409,,0,"4th generation, district heating and cooling",10.1016/j.biombioe.2020.105606,Torun Hammar; Fabian Levihn,2020-7,,https://api.elsevier.com/content/article/PII:S0961953420301409?httpAccept=text/xml,24.0
Impacts of thermal energy storage on the management of variable demand and production in electricity and district heating systems: a Swedish case study,38,2020,… This study investigates how thermal energy storage (TES) influences the cost-optimal investment and operation of electricity and district heating (DH) systems in different scenarios. …,https://www.tandfonline.com/doi/abs/10.1080/14786451.2020.1716757,,0,"low temperature, district thermal",10.1080/14786451.2020.1716757,Petra Holmér; Jonathan Ullmark; Lisa Göransson; Viktor Walter; Filip Johnsson,1/26/2020,,https://www.tandfonline.com/doi/pdf/10.1080/14786451.2020.1716757,20.0
Modelling heat pump systems in low-carbon energy systems with significant cross-sectoral integration,37,2020,"… By using mechanical energy, a HP device transfers thermal energy from a medium with a low-temperature level to a medium with a higher temperature level, which allows for the net …",https://ieeexplore.ieee.org/abstract/document/9195021/,,0,"low-temperature, district heat pump",10.1016/b978-0-12-816249-1.00001-7,Andriy Redko; Oleksandr Redko; Ronald DiPippo,2020,,https://api.elsevier.com/content/article/PII:B9780128162491000017?httpAccept=text/xml,2.0
Investigation on individual and collective PV self-consumption for a fifth generation district heating network,37,2022,… of space heating and cooling of … fifth generation district heating and cooling networks are able to increase the share of renewable heating and cooling in both new low-energy districts as …,https://www.mdpi.com/1996-1073/15/3/1022,,0,"4th generation, district heating and cooling",10.3390/en15031022,Jacopo Vivian; Mattia Chinello; Angelo Zarrella; Michele De Carli,1/29/2022,"Renewable Energy Communities have been recently introduced in European legislation to promote distributed generation from renewable energy sources. In fact, they allow to produce and consume energy from shared local power plants. Low temperature district heating and cooling networks with distributed heat pumps have demonstrated their capability to exploit renewable and waste heat sources in the urban environment. Therefore, they are considered a promising infrastructure to help decarbonize the building sector. As their main operating cost is the electricity purchased by the utility for heat pumps and circulation pumps, this work investigates whether a Renewable Energy Community could help mitigate such cost by sharing electricity produced by local photovoltaic (PV) systems. The research relies on computer simulations performed with both physical and statistical models for the evaluation of electrical load profiles at the district level. Results show that due to the different seasonality between heating demand and PV production, the increase in self-consumption due to the distributed heat pumps is lower than 10%. The use of batteries does not seem convenient for the same reason. The environmental benefit of the proposed system is evident, with CO2 emissions reduced by 72–80% compared to the current situation depending on PV power installed. It also emerged that PV sharing significantly improves the self-consumption at the district level, in particular when the installed PV power is limited (+45%). In conclusion, results suggest that current incentives on PV-sharing make Renewable Energy Communities a viable option to improve the techno-economic performance of fifth-generation district heating and cooling networks.",https://www.mdpi.com/1996-1073/15/3/1022/pdf,27.0
Energy and cost savings with continuous low temperature heating versus intermittent heating of an office building with district heating,37,2022,"… low-temperature district heating systems (LTDH) require supply and return temperatures as low … In this direction, the use of night setbacks in heating of office buildings is a problem. This …",https://www.sciencedirect.com/science/article/pii/S0360544222009744,,0,"low temperature, district heating and cooling",10.1016/j.energy.2022.124071,Theofanis Benakopoulos; William Vergo; Michele Tunzi; Robbe Salenbien; Jakub Kolarik; Svend Svendsen,2022-8,,https://api.elsevier.com/content/article/PII:S0360544222009744?httpAccept=text/xml,26.0
Operation optimization of multi-boiler district heating systems using artificial intelligence-based model predictive control: Field demonstrations,37,2023,"… District energy systems through fourth and fifth generations have shown great promises to help integrate renewable energy … However, older generations using boilers represent a large …",https://www.sciencedirect.com/science/article/pii/S0360544223029183,,0,"fifth generation, district energy",10.2139/ssrn.4541336,Etienne Saloux; Jason Runge; Kun Zhang,2023,,,0.0
Energy economic assessment of fa ade-integrated solar thermal systems combined with ultra-low temperature district-heating,37,2020,… assessment of District Heating (DH) integrated Solar Thermal (ST) systems. An implementation with building-integrated ST collectors coupled to a Low Temperature District Heating (…,https://www.sciencedirect.com/science/article/pii/S0960148120309137,,0,"bi-directional, district thermal",10.1016/j.renene.2020.06.019,Mikel Lumbreras; Roberto Garay,2020-10,,https://api.elsevier.com/content/article/PII:S0960148120309137?httpAccept=text/xml,25.0
Design and connection optimization of a district cooling network: Mixed integer programming and heuristic approach,36,2022,"… In densely populated areas, district energy systems can bring … , district cooling is a valid alternative to conventional cooling technologies. Among the issues related to district cooling …",https://www.sciencedirect.com/science/article/pii/S0306261921012939,,0,"bi-directional, district heating and cooling",10.1016/j.apenergy.2021.117994,Manfredi Neri; Elisa Guelpa; Vittorio Verda,2022-1,,https://api.elsevier.com/content/article/PII:S0306261921012939?httpAccept=text/xml,24.0
New medium-low temperature hydrothermal geothermal district heating system based on distributed electric compression heat pumps and a centralized,36,2021,"Abstract Development of geothermal heat for district heating has attracted considerable attention in China. However, transporting geothermal heat for long distance has become the …",https://www.sciencedirect.com/science/article/pii/S0360544221012226,,0,"low-temperature, district energy",10.1016/j.energy.2021.120974,Fangtian Sun; Baoru Hao; Lin Fu; Hongwei Wu; Yonghua Xie; Haifeng Wu,2021-10,,https://api.elsevier.com/content/article/PII:S0360544221012226?httpAccept=text/xml,27.0
Steady state behavior of a booster heat pump for hot water supply in ultra-low temperature district heating network,36,2021,"… heat pumps (BHP) in district heating systems can provide a way to use low temperature heat sources for district heating … Thereby, it can provide decreased heat loss of a district heating …",https://www.sciencedirect.com/science/article/pii/S036054422101776X,,0,"low-temperature, district heat pump",10.1016/j.energy.2021.121528,Tingting Zhu; Torben Ommen; Wiebke Meesenburg; Jan Eric Thorsen; Brian Elmegaard,2021-12,,https://api.elsevier.com/content/article/PII:S036054422101776X?httpAccept=text/xml,25.0
Load prediction of integrated energy systems for energy saving and carbon emission based on novel multi-scale fusion convolutional neural network,36,2024,"… of the integrated energy system data. Meanwhile, the bi-directional long short-term memory network is applied to extract the time dependencies of the integrated energy system data. …",https://www.sciencedirect.com/science/article/pii/S0360544223035752,,0,"bi-directional, district heating and cooling",10.1016/j.energy.2023.130181,Zhiwei Chen; Weicheng Zhao; Xiaoyong Lin; Yongming Han; Xuan Hu; Kui Yuan; Zhiqiang Geng,2024-3,,https://api.elsevier.com/content/article/PII:S0360544223035752?httpAccept=text/xml,28.0
Modelling of an existing neutral temperature district heating network: Detailed and approximate approaches,35,2021,"… of an existing neutral-temperature district heating network, meaning that the distribution temperature is close to the ambient temperature, with decentralised heat pumps. The considered …",https://www.mdpi.com/1996-1073/14/2/379,,0,"low temperature, district heating and cooling",10.3390/en14020379,Selva Calixto; Marco Cozzini; Giampaolo Manzolini,1/12/2021,"This paper deals with the modelling of an existing neutral-temperature district heating network, meaning that the distribution temperature is close to the ambient temperature, with decentralised heat pumps. The considered case is located in Ospitaletto, Italy. Heat sources are given by industrial waste heat at about 25 °C and aquifer wells at about 15 °C. Two models are used to analyse the network: a detailed model able to calculate local values of operating parameters and an approximate model focused on energy balances aggregating all users with a lumped demand. Both models include the behaviour of heat pumps, a feature not available in other district heating modelling tools. An entire year of operation is considered, with an hourly time resolution. Load profiles are provided as inputs, while the main outputs consist of energy balances and primary energy consumptions. The corresponding results are compared, showing a reasonable agreement, where the approximate model underestimates the overall electricity consumptions by about 15% with respect to the detailed model. On the other hand, the different information levels and execution times (the detailed model requires about 30 min to solve the considered network for a full year with hourly time steps, while the approximate model is almost immediate) make the two models suitable for different purposes, like the simulation of control solutions for the detailed one and scenario analysis for the other.",https://www.mdpi.com/1996-1073/14/2/379/pdf,18.0
Technical and economic assessment of supermarket and power substation waste heat integration into existing district heating systems,35,2022,"… of integrating supermarket waste heat into district heating, through the heat pump. However, … high temperature heat pumps. In other words, district heating has been used as a heat sink (…",https://www.mdpi.com/1996-1073/15/5/1666,,0,"bidirectional, district heat pump",10.3390/en15051666,Hrvoje Dorotić; Kristijan Čuljak; Josip Miškić; Tomislav Pukšec; Neven Duić,2/23/2022,"District heating systems are almost always located in densely populated urban areas where various heat sources are available, such as cooling and refrigeration systems in supermarkets, shopping malls, and power transformers. These urban sources often have a large share of waste heat, which is usually emitted into the environment. This waste heat could be used to partially cover the thermal load in district heating systems. The biggest challenge for their integration is the spatial distribution of urban heat sources in relation to the existing heat network and the temporal distribution of the availability of waste heat energy throughout the year. In this paper, we have developed an economic assessment model for the integration of urban heat sources into existing district heating systems. By the hourly merit order of waste heat utilization technologies based on pinch analysis, we have defined the most suitable integration of urban heat sources into existing district heating systems. Different temperature regimes of the urban source and the existing heat network have been considered. Finally, the method was tested on the case study of a supermarket and power substation located in Zagreb, while the sensitivity analysis was carried out with a focus on various technical and economic boundary conditions.",https://www.mdpi.com/1996-1073/15/5/1666/pdf,21.0
Modelling of 4th generation district heating systems integrated with different thermal energy storage technologies Methodology,35,2023,… district heating (DH) system supplied with heat generated from renewable sources (RHS) and a selection of different types of thermal … effects of different district heating system operating …,https://www.sciencedirect.com/science/article/pii/S0196890422013231,,0,"4th generation, district thermal",10.1016/j.enconman.2022.116545,M.A. Pans; G. Claudio; P.C. Eames,2023-1,,https://api.elsevier.com/content/article/PII:S0196890422013231?httpAccept=text/xml,19.0
An exergy-based minimum carbon footprint model for optimum equipment oversizing and temperature peaking in low-temperature district heating systems,35,2021,"… One of them is a fifth-generation district energy system … Hydrogen district systems with biogas, geothermal, and solar energy. … low-temperature heating either in district energy systems, in …",https://www.sciencedirect.com/science/article/pii/S0360544221015875,,0,"fifth generation, district energy",10.1016/j.energy.2021.121339,Birol Kilkis,2021-12,,https://api.elsevier.com/content/article/PII:S0360544221015875?httpAccept=text/xml,24.0
University campus microgrid for supporting sustainable energy systems operation,34,2020,"… , unidirectional and bi-directional charging of electric vehicles and … the assessment of new smart grid solutions, acting as a … The building has a large thermal mass and inertia (concrete …",https://ieeexplore.ieee.org/abstract/document/9176755/,,0,"bi-directional, thermal grid",10.1109/icps48389.2020.9176755,Pedro Moura; Alexandre Correia; Joaquim Delgado; Paula Fonseca; Anibal de Almeida,2020-6,,http://xplorestaging.ieee.org/ielx7/9171228/9176746/09176755.pdf?arnumber=9176755,22.0
Fifth-generation district heating and cooling networks based on shallow geothermal energy: a review and possible solutions for Mediterranean Europe,34,2022,… geothermal energy (SGE) technologies in modern 5th-generation district heating and cooling (… heating and cooling sector is a crucial piece in the energy transition puzzle to keep global …,https://www.mdpi.com/1996-1073/16/1/147,,0,"4th generation, district heating and cooling",10.3390/en16010147,Jordi García-Céspedes; Ignasi Herms; Georgina Arnó; José Juan de Felipe,12/23/2022,"This document presents a comprehensive review of research works, regulatory frameworks, technical solutions, and commercial trends related to the integration of shallow geothermal energy (SGE) technologies in modern 5th-generation district heating and cooling (5GDHC) networks. This literature and market analysis is contextualized by the present geopolitical, environmental, and societal scenario in Europe. In this sense, decarbonization of the heating and cooling sector is a crucial piece in the energy transition puzzle to keep global warming below the critical threshold of 1.5 °C by the next century. Moreover, Ukraine war has added urgency to end up with fossil fuel dependency. The most relevant outcome of this literature review is the synergistic relationship between SGE, 5GDHC networks, and urban environments. SGE is most efficiently deployed in urban environments when it is part of a district heating and cooling network, and the modern concept of 5GDHC is the most suitable scenario for it. Since the potential contribution of SGE to the decarbonization of the heating and cooling supply is mostly untapped across Europe, this synergistic effect represents a possible boost. Hybridization with solar photovoltaics and/or storage makes it even more attractive. Outstanding cases are reviewed, challenges for the future are presented, and tools to overcome social reluctance and/or lack of awareness are described, along with a discussion of the stimuli for the deployment of SGE and 5GDHC networks. A particular focus on Mediterranean countries is presented, where SGE systems and DHC networks of any kind show a particularly low deployment compared to the rest of Europe. To this end, the second part of this work evaluates, justifies, and analyzes the possibilities and potentialities of their application in this zone.",https://www.mdpi.com/1996-1073/16/1/147/pdf,14.0
Solar-assisted district heating networks: Development and experimental validation of a novel simulation tool for the energy optimization,34,2023,"… assessing both the thermal and hydraulic behaviour of the … a given district heating network, thereby improving the … existing solar thermal field serving the Geneva district heating network. …",https://www.sciencedirect.com/science/article/pii/S019689042300479X,,0,"fifth generation, thermal network",10.1016/j.enconman.2023.117133,A. Buonomano; C. Forzano; A. Palombo; G. Russo,2023-7,,https://api.elsevier.com/content/article/PII:S019689042300479X?httpAccept=text/xml,30.0
The new generation of District heating cooling networks and their potential development in France,34,2021,"… has set some objectives to develop District heating and/or cooling networks (DHCN). In this context, it is useful to identify the most appropriate district areas for implementing DHCN, and …",https://www.sciencedirect.com/science/article/pii/S0360544221017254,,0,"4th generation, district thermal",10.1016/j.energy.2021.121477,Rémi Patureau; Cong Toan Tran; Valentin Gavan; Pascal Stabat,2021-12,,https://api.elsevier.com/content/article/PII:S0360544221017254?httpAccept=text/xml,19.0
Heat pump integration in a real poly-generative energy district: A techno-economic analysis,34,2022,This paper presents a techno-economic feasibility analysis related to a heat pump installation in a poly-generative energy district to convert the overproduction of electricity into thermal …,https://www.sciencedirect.com/science/article/pii/S2590174522000617,,0,"4th generation, district energy",10.1016/j.ecmx.2022.100238,S. Barberis; M. Rivarolo; D. Bellotti; L. Magistri,2022-8,,https://api.elsevier.com/content/article/PII:S2590174522000617?httpAccept=text/xml,3.0
Low-temperature waste heat enabling abandoning coal in Espoo district heating system,33,2021,"… heat from data centres in the district heating system is evaluated. The results show that abandoning coal in the city's heating … Waste heat enables emission reductions even further, and …",https://www.sciencedirect.com/science/article/pii/S0360544221011646,,0,"low temperature, district heating and cooling",10.1016/j.energy.2021.120916,Pauli Hiltunen; Sanna Syri,2021-9,,https://api.elsevier.com/content/article/PII:S0360544221011646?httpAccept=text/xml,31.0
A diagnostic approach for fault detection and identification in district heating networks,33,2022,"District Heating Network (DHN) pipes can be affected by faults that endanger system reliability. Thus, this paper develops a novel modeling and diagnostic approach for the detection …",https://www.sciencedirect.com/science/article/pii/S036054422200891X,,0,"fourth generation, thermal grid",10.1016/j.energy.2022.123988,Lucrezia Manservigi; Hilal Bahlawan; Enzo Losi; Mirko Morini; Pier Ruggero Spina; Mauro Venturini,2022-7,,https://api.elsevier.com/content/article/PII:S036054422200891X?httpAccept=text/xml,26.0
Multi-period design optimization for a 5th generation district heating and cooling network,33,2023,"… As a result, these one-period models fall short for districts with 5th generation district heating and cooling (5GDHC) networks, which are typically developed over long time periods and …",https://www.sciencedirect.com/science/article/pii/S0378778823000889,,0,"5th generation, district heating and cooling",10.1016/j.enbuild.2023.112858,Marco Wirtz; Miguel Heleno; Hannah Romberg; Thomas Schreiber; Dirk Müller,2023-4,,https://api.elsevier.com/content/article/PII:S0378778823000889?httpAccept=text/xml,23.0
Simulation-based assessment of data center waste heat utilization using aquifer thermal energy storage of a university campus,32,2020,"… DC thermal management, where the higher bound of the results is related to a conservative management (low temperature setpoints without aisle containments), while the lower bound …",https://link.springer.com/article/10.1007/s12273-020-0629-y,,0,"low temperature, district thermal",10.1007/s12273-020-0629-y,Vojtech Dvorak; Vojtech Zavrel; J. I. Torrens Galdiz; Jan L. M. Hensen,4/2/2020,"AbstractThe global energy consumption of data centers (DCs) has experienced exponential growth over the last decade, that is expected to continue in the near future. Reasonable utilization of DC waste heat, which is dissipated during the computational process, can potentially be an effective solution to mitigate the environmental impact. However, the practical implementation of waste heat utilization in the DC environment is a very challenging task. The possible benefits of waste heat utilization are uncertain and difficult to quantify with the methods that are common in practice. This paper introduces a feasibility study in which dynamic simulation tools were used to predict the energy performance of a university campus resulting from the integration of a proposed DC system with an existing aquifer thermal energy storage (ATES). The presented study utilizes building energy simulation (BES) to evaluate uncertainty of the waste heat potential associated to various thermal management strategies of the proposed DC. Further in the feasibility study, the carbon footprint of the integrated approach is assessed for both the current and future situation based on measured data from the existing university campus and its district ATES system.",http://link.springer.com/content/pdf/10.1007/s12273-020-0629-y.pdf,22.0
Efficiency improvement of energy storage and release by the inlet position control for seasonal thermal energy storage,32,2020,"… Also, the thermal energy release efficiency of the inlet control … m, the storage efficiency and thermal energy sharing ratio are … the low-grade thermal heat source in the low temperature …",https://www.sciencedirect.com/science/article/pii/S001793101936243X,,0,"low temperature, district thermal",10.1016/j.ijheatmasstransfer.2020.119435,Hwan Suk Lim; JungSoo Ok; Jin Soo Park; Seung Joo Lee; Sarng Woo Karng; Yong Tae Kang,2020-4,,https://api.elsevier.com/content/article/PII:S001793101936243X?httpAccept=text/xml,25.0
Determining the optimum low-temperature district heating network design for a secondary network supplying a low-energy-use apartment block in Ireland,32,2020,"… District heating is an efficient method of delivering thermal energy to buildings. The latest, 4th … and low-carbon energy sources into the thermal energy mix. Domestic heat demand in …",https://www.sciencedirect.com/science/article/pii/S036054421932290X,,0,"4th generation, district thermal",10.1016/j.energy.2019.116595,Patrick Harney; Donna Gartland; Fionnuala Murphy,2020-2,,https://api.elsevier.com/content/article/PII:S036054421932290X?httpAccept=text/xml,22.0
Impact of Legionella regulation on a 4th generation district heating substation energy use and cost: the case of a Swiss single-family household,32,2021,4 th Generation District Heating (4GDH) systems can have a supply temperature lower than 50 C to decrease losses and to favour the integration of renewable and waste heat. As the …,https://www.sciencedirect.com/science/article/pii/S0360544221007222,,0,"4th generation, district thermal",10.1016/j.energy.2021.120473,Riccardo Toffanin; Vinicio Curti; Maurizio C. Barbato,2021-8,,https://api.elsevier.com/content/article/PII:S0360544221007222?httpAccept=text/xml,19.0
Techno-economic analysis of a 5th generation district heating system using thermo-hydraulic model: A multi-objective analysis for a case study in heating,32,2023,"… A 5th generation district heating (5GDH) system consists of a low-temperature network used as a heat source for de-centralized heat pumps to serve heating demand. Until now, there is …",https://www.sciencedirect.com/science/article/pii/S0378778823005777,,0,"4th generation, district heating and cooling",10.1016/j.enbuild.2023.113347,Puneet Saini; Pei Huang; Frank fiedler; Anna Volkova; Xingxing Zhang,2023-10,,https://api.elsevier.com/content/article/PII:S0378778823005777?httpAccept=text/xml,34.0
Techno-economic control strategy optimization for water-source heat pump coupled with ice storage district cooling system,31,2022,"… low-temperature renewable energy sources such as geothermal energy, solar energy, and waste heat into district heating … -source heat pump coupled with an ice storage district cooling …",https://www.sciencedirect.com/science/article/pii/S0140700722000640,,0,"low temperature, district heat pump",10.1016/j.ijrefrig.2022.03.010,Qiong Chen; Wenhan Wei; Nan Li,2022-6,,https://api.elsevier.com/content/article/PII:S0140700722000640?httpAccept=text/xml,24.0
An optimization framework for the network design of advanced district thermal energy systems,31,2022,"In this work, a topology optimization framework for district thermal energy systems is presented. The framework seeks to address the questions, for a given district, “What is the best …",https://www.sciencedirect.com/science/article/pii/S0196890422006355,,0,"4th generation, thermal network",10.1016/j.enconman.2022.115839,Amy Allen; Gregor Henze; Kyri Baker; Gregory Pavlak; Michael Murphy,2022-8,,https://api.elsevier.com/content/article/PII:S0196890422006355?httpAccept=text/xml,27.0
Linking energy efficiency policies toward 4th generation district heating system,31,2021,"… the links between different elements of 4th generation district heating system in the long-… the set energy efficiency goals, as well as to achieve the desired performance of district heating …",https://www.sciencedirect.com/science/article/pii/S0360544221014936,,0,"4th generation, district heating and cooling",10.1016/j.energy.2021.121245,Ieva Pakere; Armands Gravelsins; Dace Lauka; Gatis Bazbauers; Dagnija Blumberga,2021-11,,https://api.elsevier.com/content/article/PII:S0360544221014936?httpAccept=text/xml,24.0
Network configurations for implemented low-temperature district heating,31,2022,This paper presents the findings and conclusions from an inventory of network configurations implemented in several early projects concerning low-temperature district heating systems …,https://www.sciencedirect.com/science/article/pii/S036054422200994X,,0,"low temperature, district heating and cooling",10.1016/j.energy.2022.124091,Sven Werner,2022-9,,https://api.elsevier.com/content/article/PII:S036054422200994X?httpAccept=text/xml,18.0
District heating in the future-thoughts on the business model,31,2023,… energy transition necessitates a combination of new and existing solutions. District heating is … We provide new knowledge about the characteristics of the future district heating business …,https://www.sciencedirect.com/science/article/pii/S0360544223011088,,0,"fourth generation, district heating and cooling",10.2139/ssrn.4376385,Kristina Lygnerud; Tobias Popovic; Sebastian Schultze; Hanne  Kortegaard Støchkel,2023,,,0.0
A new method for the techno-economic analysis and the identification of expansion strategies of neutral-temperature district heating and cooling systems,2,2024,"… heat pumps are better suited for low heat density zones. This methodology aims to reduce the risks associated with energy … It is targeted at energy planners, utilities experts, energy …",https://www.mdpi.com/1996-1073/17/9/2159,,0,"low temperature, district heating and cooling",10.3390/en17092159,Selva Calixto; Marco Cozzini; Roberto Fedrizzi; Giampaolo Manzolini,4/30/2024,"Neutral-temperature district heating and cooling (NT-DHC) is a recent concept in the district heating sector. The current literature does not directly address the ability to create comprehensive master plans for NT-DHC systems and reliably model their performance. This research presents a new approach for the evaluation and planning of NT-DHC systems. The methodology involves the use of a knapsack optimization algorithm to perform a comprehensive analysis of the conditions that make the NT-DHC solution competitive against individual heating and cooling technologies. The algorithm determines the optimal combination of potential extensions that maximizes overall economic value. The results of a case study, which was conducted in Italy, show that NT-DHC is more suitable in dense urban areas, while air-to-water heat pumps are better suited for low heat density zones. This methodology aims to reduce the risks associated with energy demand and provide more certainty about which areas a network can expand into to be competitive. It is targeted at energy planners, utilities experts, energy engineers, and district heating experts who require assistance and guidance in the planning and early stages of designing a NT-DHC system. This method might enable pre-feasibility studies and preliminary design to determine the opportunities and limitations of a system of this kind from an economic and technological perspective.",https://www.mdpi.com/1996-1073/17/9/2159/pdf,1.0
Grid-Coupled Geothermal and Decentralised Heat Supply Systems in a Holistic Open-Source Simulation Model for 5GDHC Networks,2,2024,"… thermal energy from renewable sources at very low temperature levels than 4th-generation … and cooling demands between prosumers connected to the grid, as is outlined in existing …",https://www.mdpi.com/2071-1050/16/23/10503,,0,"4th generation, thermal grid",10.3390/su162310503,Constantin Völzel; Stefan Lechner,11/29/2024,"In order to reach climate protection goals at national or international levels, new forms of combined heating and cooling networks with ultra-low network temperatures (5GDHC) are viable alternatives to conventional heating networks. This paper presents a simulation library for 5GDHC networks as sustainable shared energy systems, developed in the object-oriented simulation framework OpenModelica. It comprises sub-models for residential buildings acting as prosumers in the network, with additional roof-mounted thermal systems, dynamic thermo-hydraulic representations of distribution pipes and storage, time-series-based sources for heating and cooling, and weather conditions adjustable to user-specified locations. A detailed insight into an in-house development of a sub-model for horizontal ground heat collectors is given. This sub-model is directly coupled with thermo-hydraulic network simulations. The simulation results of energy balances and energetic efficiencies for an example district are described. Findings from this study show that decentralised roof-mounted solar thermal systems coupled to the network can contribute 21% to the total source heat provided in the network while annual thermal gains from the distribution pipes add up to more than 18% within the described settings. The presented simulation library can support conceptual and advanced planning phases for renewable heating and cooling supply structures based on environmental sources.",https://www.mdpi.com/2071-1050/16/23/10503/pdf,2.0
Research on the Implementation of a Heat Pump in a District Heating System Operating with Gas Boiler and CHP Unit,2,2025,"… In an analysis on the transition from the third to the fourth generation of DH system, Požgaj … Volkova [4] theoretically evaluated three heating scenarios for a newly developed urban area …",https://www.mdpi.com/2076-3417/15/13/7280,,0,"4th generation, district heat pump",10.3390/app15137280,Damir Požgaj; Boris Delač; Branimir Pavković; Vedran Medica-Viola,6/27/2025,"Given the widespread use of gas-fired boilers and combined heat and power (CHP) units in existing district heating (DH) systems, this study investigates the integration of medium-scale heat pumps (HPs) into such configurations. Fifteen DH system variants were analysed, differing in installed HP capacity, operational strategies, and the synchronisation of heat and electricity production with thermal demand. A dynamic simulation model incorporating real-world equipment performance was developed to assess energy efficiency, environmental impact, and economic viability under three distinct energy price scenarios. The results demonstrate that an HP sized to 17% of the total heating capacity of the DH system achieves a 54% decrease in primary energy consumption and a 68% decrease in emissions compared to the base system. Larger HP capacities enhance environmental performance and increase the share of renewable energy but also entail higher investment. An economic analysis reveals that electricity-to-gas price ratios strongly influence the cost-effectiveness of HP integration. Under favourable electricity pricing conditions, systems with HP operational priority achieve the lowest levelized cost of heating. The most economically viable configuration consists of 600 kW HP and achieves a payback period of 4.7 years. The findings highlight the potential for HPs to decarbonize DH systems while emphasising the importance of market conditions and system design in ensuring economic feasibility.",https://www.mdpi.com/2076-3417/15/13/7280/pdf,1.0
District heating and cooling,2,2025,"… Also, the thermal duty produced at the central energy station … heating and cooling demand that would be required locally at each facility. See a summary of the benefits of district heating …",https://www.sciencedirect.com/science/article/pii/B9780443218934000179,,0,"fourth generation, district heating and cooling",10.1016/b978-0-323-90496-4.00007-9,Daniel Favrat; Malick Kane,2025,,https://api.elsevier.com/content/article/PII:B9780323904964000079?httpAccept=text/xml,0.0
Feasibility of district heating in a mild climate: A comparison of warm and cold temperature networks in Bilbao,2,2025,… -effective heating and cooling solution for urban areas requires investigation. This research models and compares cold and warm district energy systems with other heating and cooling …,https://www.sciencedirect.com/science/article/pii/S0306261924017677,,0,"low temperature, district heating and cooling",10.1016/j.apenergy.2024.124384,Luis Sánchez-García; Helge Averfalk; Nekane Hermoso-Martínez; Patxi Hernández-Iñarra; Erik Möllerström; Urban Persson,2025-1,,https://api.elsevier.com/content/article/PII:S0306261924017677?httpAccept=text/xml,1.0
Tracking decarbonisation: Scalable and interpretable data-driven methods for district energy systems,2,2025,"… energy consumption patterns at both building and district … a modelling workflow to track energy performance on a dynamic … for electricity, district heating, and natural gas across a district, …",https://www.sciencedirect.com/science/article/pii/S0306261925006130,,0,"low temperature, district energy",10.1016/j.apenergy.2025.125883,Massimiliano Manfren; Karla M. Gonzalez-Carreon,2025-8,,https://api.elsevier.com/content/article/PII:S0306261925006130?httpAccept=text/xml,2.0
Aquifer thermal energy storage for decarbonising heating and cooling energy supply in southern Europe: A dynamic environmental impact assessment,2,2025,… cities in Southern Europe by providing sustainable heating and cooling for buildings. This work … electric-driven heat pumps activating a small-scale district heating and cooling network in …,https://www.sciencedirect.com/science/article/pii/S0306261925008359,,0,"bidirectional, district heating and cooling",10.1016/j.apenergy.2025.126105,Giovanna Pallotta; Elisa Marrasso; Chiara Martone; Nicola Luciano; Gabriela Squarzoni; Carlo Roselli; Maurizio Sasso,2025-9,,https://api.elsevier.com/content/article/PII:S0306261925008359?httpAccept=text/xml,2.0
scalability of a novel domestic hot water substation for 4th generation district heating: A case study of temperature optimization in the Viborg district heating,2,2024,"… District heating (DH) is transitioning towards 4th generation district heating (4GDH), which requires low-temperature operation in the network and building heating system. Large …",https://www.sciencedirect.com/science/article/pii/S0360544224037885,,0,"4th generation, district heating and cooling",10.2139/ssrn.4916681,Michele Tunzi; Qinjiang Yang; Jesper  Brink Olesen; Tom Diget; Lyse  Clara Fournel,2024,,,0.0
and scalability of a novel domestic hot water substation for 4th generation district heating: A case study of temperature optimization in the Viborg district,2,2024,"District heating (DH) is transitioning towards 4th generation district heating (4GDH), which requires low-temperature operation in the network and building heating system. Large …",https://www.sciencedirect.com/science/article/pii/S0360544224037885,,0,"4th generation, district thermal",10.2139/ssrn.4916681,Michele Tunzi; Qinjiang Yang; Jesper  Brink Olesen; Tom Diget; Lyse  Clara Fournel,2024,,,0.0
of a novel domestic hot water substation for 4th generation district heating: A case study of temperature optimization in the Viborg district heating network,2,2024,"… 4th generation district heating (4GDH), which requires low-temperature operation in the network … mass of buildings with this solution in a DH network on the scale of a small city. We also …",https://www.sciencedirect.com/science/article/pii/S0360544224037885,,0,"4th generation, thermal network",10.2139/ssrn.4916681,Michele Tunzi; Qinjiang Yang; Jesper  Brink Olesen; Tom Diget; Lyse  Clara Fournel,2024,,,0.0
Using extreme value theory to take better account of peak demand when generating typical periods by clustering for district heating networks design,2,2025,"… and countries worldwide, and fourth-generation district heating networks can be a key part of achieving this goal. However, optimising district heating networks has become more and …",https://www.sciencedirect.com/science/article/pii/S0360544225001641,,0,"fourth generation, district thermal",10.1016/j.energy.2025.134522,Gabriele Leoncini; François Rousset; Benjamin Bertin; Hamza Mettali; Eric Bideaux; Marc Clausse,2025-2,,https://api.elsevier.com/content/article/PII:S0360544225001641?httpAccept=text/xml,1.0
Accelerating residential decarbonisation: How stakeholder decision-making and socio-economic dynamics affect multi-decadal district heating network,2,2025,… District heating networks (DHNs) are essential for decarbonising urban heating but face adoption … The model projects that adoption in the studied urban area could reach 30.4 ± 2% of …,https://www.sciencedirect.com/science/article/pii/S0360544225019462,,0,"bi-directional, district heat pump",10.2139/ssrn.5172765,Thomas Cowley; Timothy Hutty; Joseph Hammond; Solomon Brown,2025,,,0.0
Techno-economic feasibility of prosumers in urban district heating systems utilising low-temperature industrial excess heat,2,2025,"… incorporating a heat pump, cold and heat storage, and allowing for bi-directional heat transfer … Subsequent optimisation minimised the levelised cost of heating and cooling (LCOHC) at …",https://www.sciencedirect.com/science/article/pii/S036054422502225X,,0,"bi-directional, district heating and cooling",10.2139/ssrn.5080165,Ulrich Trabert; Felix Pag; Janybek Orozaliev; Ulrike Jordan; Klaus Vajen,2025,,,0.0
A techno-economic assessment framework for district-scale thermal source networks serving existing buildings,2,2025,"Thermal Source Network (TSN)s are ultra-low-temperature district heating systems that use decentralised heat pumps, offering significant potential for urban heating decarbonization. …",https://www.sciencedirect.com/science/article/pii/S0378778825004670,,0,"low temperature, district thermal",10.1016/j.enbuild.2025.115737,Alireza Etemad; Alessandro Maccarini; Donal Finn; Alireza Afshari; Divyanshu Sood; James O’Donnell,2025-7,,https://api.elsevier.com/content/article/PII:S0378778825004670?httpAccept=text/xml,2.0
Dynamic temperature supply to boost the integration of renewable energy into existing district heating networks,2,2025,"… In this study, the implementation of a dynamic temperature … and the transition to low temperature operation in existing … and deliver hot water at lower temperature level than those of …",https://www.sciencedirect.com/science/article/pii/S0960148125019792,,0,"low temperature, district thermal",10.1016/j.energy.2025.136781,Juhani Kotilainen; Jarmo Hellstedt; Henrik Tolvanen,2025-8,,https://api.elsevier.com/content/article/PII:S0360544225024235?httpAccept=text/xml,1.0
Circularity characterizes low-temperature district energy business models,2,2024,"… low temperature district energy … low temperature district energy business models are inherently circular, an important information for European policy making, fostering a circular energy …",https://www.sciencedirect.com/science/article/pii/S2666955224000029,,0,"low temperature, district heating and cooling",10.1016/j.segy.2024.100132,Kristina Lygnerud; Nathalie Fransson,2024-2,,https://api.elsevier.com/content/article/PII:S2666955224000029?httpAccept=text/xml,2.0
A new analytical method for modeling network hydraulics in district systems with bidirectional mass and energy flows,2,2024,"… To support the successful implementation of bidirectional DHC systems, this article presents a new fast analytical method to model network hydraulics for BLTNs with any number of …",https://www.tandfonline.com/doi/abs/10.1080/23744731.2024.2336836,,0,"bidirectional, district heating and cooling",10.1080/23744731.2024.2336836,Johan Claesson; Jonas Lindhe; Marwan Abugabbara; Dennis Johansson; Saqib Javed,5/10/2024,,https://www.tandfonline.com/doi/pdf/10.1080/23744731.2024.2336836,1.0
Transition towards carbon neutral district heating by utilising low-temperature heat,1,2024,"… waste heat, which can be utilised in district heating. The results of this thesis show that district heating … emissions and primary energy consumption. Implementing a sub-network utilising …",https://aaltodoc.aalto.fi/items/c6557d13-5c89-48b4-8ae2-73a5d1dcc26e,,0,"low temperature, district heating and cooling",10.2139/ssrn.4946865,Miguel Angel Pans Castillo; Gianfranco Claudio; Philip Eames,2024,,,0.0
Economic Nonlinear Model Predictive Control of Prosumer District Heating Networks,1,2025,"… features of 4th-generation DHNs, such as multiple producers, prosumers, bidirectional flows, and … Lund et al., “4th generation district heating (4GDH): Integrating smart thermal grids into …",https://ieeexplore.ieee.org/abstract/document/10981678/,,0,"4th generation, thermal grid",10.1109/tcst.2025.3561501,Max Sibeijn; Saeed Ahmed; Mohammad Khosravi; Tamás Keviczky,2025-9,,http://xplorestaging.ieee.org/ielx8/87/11134587/10981678.pdf?arnumber=10981678,2.0
Revisiting the role of thermal energy storage in low temperature electrified district heating systems,1,2024,… Temperature control of a low‐temperature district heating network … substation in ultra low temperature district heating systems. … and analysis of lowtemperature district heating systems …,https://ietresearch.onlinelibrary.wiley.com/doi/abs/10.1049/esi2.12174,,0,"low temperature, district thermal",10.1049/esi2.12174,Hai Lu; Hao Zhang; Shuai Lu,11/26/2024,"Abstract
                  Decarbonising the energy supply system is crucial to mitigate climate challenges. An emerging type of the multi‐energy system, that is, the low‐temperature electrified district heating system is gaining increasing popularity as a potential solution for future low‐carbon heat supply. This paper investigated its operational optimisation with thermal energy storage (TES) installed at building sides. The optimisation model was to obtain the minimum operation costs of all heat pumps in this system. The TES was meant to achieve energy arbitrage through load shift, but it was observed from the optimised results that the TES did not play an active role in the optimisation. Five possible causes were identified and further investigated to reveal their impacts on the optimisation process. Results showed that the thermal capacitance, thermal resistance, and indoor temperature range of the building were major influencing factors, while the electricity price tariff and heat loss parameters of TES were minor ones. The results indicate that there is no need to equip the TES for operational optimisation purposes when the building thermal capacitance is larger than a threshold value, the thermal resistance is smaller than a threshold value, or the indoor temperature range is broader than a threshold value. These threshold values are case‐specific and can be determined with the simulation model and method developed in this paper.",https://ietresearch.onlinelibrary.wiley.com/doi/pdf/10.1049/esi2.12174,1.0
Assessment process for the implementation of 4th generation district heating,1,2024,… 4th generation district heating system elements to an existing part of a district heating network with 3rd generation district heating … 4th generation district heating in Finnish district heating …,https://lutpub.lut.fi/handle/10024/167745,,0,"4th generation, district heating and cooling",10.1016/j.energy.2024.132630,D. Chinese; A. Meneghetti; G. Cortella; L. Giordano; E. Tomasinsig; M. Benedetti,2024-10,,https://api.elsevier.com/content/article/PII:S0360544224024046?httpAccept=text/xml,4.0
Prosumers in District Heating and Cooling: Design of a Simulation and Experiment Environment for Testing Control Strategies,1,2024,… A multi-criteria analysis of bidirectional solar district heating substation architecture. In: SWC 2017 ISES solar world congress: international solar energy society. Freiburg im Breisgau: …,https://mediatum.ub.tum.de/1728573,,0,"bidirectional, district heating and cooling",10.1016/j.apenergy.2024.124156,Yuhang Zhang; Mingzhe Liu; Zheng O'Neill; Jin Wen,2024-12,,https://api.elsevier.com/content/article/PII:S0306261924015393?httpAccept=text/xml,9.0
Development of a sizing and modeling platform for district energy systems with geothermal heat pumps,1,2024,… Many of them are focused on building energy modeling and do not provide district energy … of a building energy simulation platform focused on simulating the energy performance of a …,https://openresearch.okstate.edu/entities/publication/6f68a372-69ce-4060-b3b6-0aff0d9ef329,,0,"bidirectional, district energy",10.22488/okstate.24.000001,Jing Wang; Matt Mitchell; Tanushree Charan; Brian Ball; Nathan Moore; Shadi Abdel Haleem,5/28/2024,"Existing tools for community or urban-scale energy system modeling and simulation are often limited in their capabilities and require expert-level proficiency to develop system models. To address this gap, we propose an integrated sizing and modeling platform for district energy systems with geothermal heat pumps. The platform uses geometric and non-geometric user inputs related to the buildings, borefield, and district energy loop, sizes the geothermal heat exchanger, generates a corresponding district energy system model, and runs an annual simulation automatically. The borefield component model on our platform was validated against EnergyPlus to ensure reliable simulation performance. This paper includes a case study demonstrating the workflow and plausibility of the simulation results using the proposed platform.",,0.0
Ensuring Energy Security in Ukraine: The Role of Cogeneration and Sustainable Funding for District Heating Systems,1,2025,… Abstract: This article examines how to enhance energy security in Ukraine via increased efficiency and sustainability of district heating systems (DHS). It explores the role of combined …,https://orbit.dtu.dk/en/publications/ensuring-energy-security-in-ukraine-the-role-of-cogeneration-and-,,0,"fifth generation, district energy",10.54740/ros.2025.016,Vitalii Khodakivskyi; Dmytro Karpenko; Inna Bilous; Romanas Savickas,4/2/2025,"This article examines how to enhance energy security in Ukraine via increased efficiency and sustainability of district heating systems (DHS). It explores the role of combined heat and power (CHP) from a technical perspective and the sustainability of the funding from a financial standpoint, plays in securing energy security. Unlike specific technical/economic studies, this provides a comprehensive overview of technologies, funding, and policies for resilient Ukrainian DHS. The study highlights the critical impact of the ongoing conflict on Ukraine's thermal energy infrastructure and the need for modernization. Preventing system collapse is cheaper and faster than rebuilding. Moreover, small but strategic investments in DHS and CHP during critical periods ensure energy system survival, preventing irreversible damage and enabling long-term recovery. The article provides an overview analysis of existing heating technologies and assesses the feasibility of integrating modern solutions such as Power-to-Heat, Waste-to-Energy and explores distributed generation (biogas/biohydrogen and hydrogen fuel) for resilient energy production in Ukraine's DHS. It further explores funding mechanisms, highlighting the importance of international financing institutions (IFI), international partnerships, state support, non-governmental organizations (NGO), and humanitarian aid roles in advancing modernization efforts. Future research assesses cogeneration effectiveness under grant funding during crises and explores distributed generation for resilience. The study highlights the CHP's potential for increasing energy efficiency, reducing emissions, and enhancing energy security. It provides policy recommendations for market liberalization and infrastructure modernization, providing a framework for Ukraine's DHS transition toward renewable energy integration and energy system sustainability. The article concludes that a strategic approach – encompassing technological, economic, regulatory, and sustainable funding advancements – is essential for the long-term sustainability of energy systems in crisis.",,1.0
Booster Heat Pump with Drop-In Zeotropic Mixtures Applied in 4th Generation District Heating System,1,2024,"… mixtures for booster heat pumps applied in 4th generation district heating system. The … district heating configurations, providing valuable insights into the potential of sustainable heating …",https://papers.ssrn.com/sol3/papers.cfm?abstract_id=4688225,,0,"4th generation, district heating and cooling",10.2139/ssrn.4688225,Tingting Zhu; Elias Vieren; Jierong Liang; Jan  Eric Thorsen; Michel De Paepe; Steven Lecompte; Brian Elmegaard,2024,,,0.0
Implementation of a Machine Learning Supported Model Predicted Control for a 5th Generation District Heating and Cooling Energy Hub,1,2024,"… 5th Generation District Heating: A novel design approach based on mathematical optimization,” Applied Energy… Fedrizzi, “5th generation district heating and cooling systems: A review of …",https://papers.ssrn.com/sol3/papers.cfm?abstract_id=4917022,,0,"5th generation, district heating and cooling",10.2139/ssrn.4917022,Kai Droste; Aron Schwartz; Thomas Schreiber; Dirk Müller,2024,,,0.0
A Comparative Analysis of Energy Performance of Ultra-Low Temperature District Heating and Cooling Networks with Different Substation Configurations,1,2024,"… known as two-pipe bidirectional parallel network. In this … heating and cooling devices, as illustrated in Figure 1. One of the most common setups is known as active heating/cooling…",https://par.nsf.gov/biblio/10563145,,0,"bidirectional, district heating and cooling",10.63044/w24zha94,Yuhang Zhang; Mingzhe Liu; Zheng O’Neill; Jin Wen,6/14/2024,,,0.0
"Clean Energy Technology Observatory: Smart Thermal Networks in the European Union-2024 Status Report on Technology Development, Trends, Value Chains and",1,2024,"… The concept of a smart thermal network is identical to the one of a 4th generation district heating (4GDH) system. During the last decade, the concept has been used to describe …",https://publications.jrc.ec.europa.eu/repository/handle/JRC139334?trk=public_post_comment-text,,0,"4th generation, thermal network",10.58641/cest.v3i1,,10/31/2024,,,0.0
Energy and economic simulation of a renewable energy community applied to a new generation ultra-low temperature district heating and cooling network,1,2024,"… connected to a new generation low temperature district heating and cooling network. The … a 5th generation district heating and cooling system (5GDHC), which is characterized by [4]: …",https://re.public.polimi.it/bitstream/11311/1265486/1/e3sconf_aicarr2024_05003.pdf,https://re.public.polimi.it/bitstream/11311/1265486/1/e3sconf_aicarr2024_05003.pdf,0,"4th generation, district heating and cooling",10.1051/e3sconf/202452305003,Michela Romagnosi; Marcello Aprile; Alice Dénaré,2024,"The work describes the energy and economic simulation of a renewable energy community with a social purpose applied to a residential and commercial new district in Milan, the eight buildings of which are connected to a new generation low temperature district heating and cooling network. The system is designed considering two substations for each building, each one providing heating and cooling load profiles by means of heat pumps, and an energy centre that exploits groundwater to extract and dissipate compensating heat at low temperature. Some roof mounted photovoltaic panels, owned by the district residents, cover the electricity needs resulting from the net metering of the renewable energy community. The members of the energy communities are in fact the multifamily buildings of the district acting as prosumers and some fragile families from the surroundings as simple consumers. The economic profits, represented by the subsidies coming from the diffuse self-consumed shared energy and from sold overproduced electricity, are distributed among the members to guarantee, first of all, an economic help against energy poverty to fragile families, and, secondly, a short pay-back-time for photovoltaics. Therefore, the operational strategy of the district network is optimized to maximize the shared electricity and the relative economic benefit by shifting, when possible, the electricity demand when the solar production is available. Finally, three different profit distribution mechanisms are analysed. The added value of this work is the evaluation, by means of a specific case study analysis, of the feasibility of an electric energy community from an economic as well as a regulatory point of view under current legislation.",https://www.e3s-conferences.org/10.1051/e3sconf/202452305003/pdf,1.0
Clustering buildings with ATES systems to improve Amsterdam s Fifth Generation Heating and Cooling Network,1,2024,"… In conclusion, this research contributes to the fields of aquifer thermal energy storage and fifth generation district heating and cooling. It not only fills critical gaps in existing literature but …",https://repository.tudelft.nl/file/File_c1714f7a-3771-4de9-8cc9-67fa17dd05ca,,0,"4th generation, thermal network",10.3390/buildings14082442,Jonathan Lalor; Aaron Gillich,8/7/2024,"There is an increasingly rich literature on the decarbonisation of heat and the evolution of heat networks. This paper investigates whether a novel fifth Generation District Heating and Cooling Network (5GDHC) could be retrofitted to an existing National Health Service (NHS) hospital campus for the purpose of heating and cooling. The building load was simulated and input into a custom-written script to carry out a series of parametric studies and optimise design options. The model was calibrated against site data available from hospital facilities management. The research found that it is feasible to use a 5GDHC consisting of a large single mass of water to utilise inter-seasonal thermal storage. A natural water resource such as an aquifer was not required. The model tested sizing options and found that larger thermal storage, heat pumps and chillers reduce operating costs and improve flexibility. The paper closes with a discussion of the practical factors in retrofitting 5GDHC networks to a densely occupied and highly constrained campus environment. The findings are novel in further describing the circumstances for which 5GDHC networks are suitable.",https://www.mdpi.com/2075-5309/14/8/2442/pdf,1.0
Two-stage stochastic optimization of district energy systems: a case study from the United States,1,2025,… ] focused on the integration of high-temperature heat pumps in district heating and cooling networks and noted that most common district energy systems are third and fourth generation. …,https://repositum.tuwien.at/handle/20.500.12708/213803,,0,"fourth generation, district energy",10.1016/j.epsr.2024.111253,Huhu Zheng; Jianhua Ye; Fengzhang Luo,2025-2,,https://api.elsevier.com/content/article/PII:S0378779624011398?httpAccept=text/xml,9.0
Development of a high-fidelity co-simulation model for district heating systems,1,2024,"… to the conventional third-generation DH grids. To capture the … model of a planned fourthgeneration district heating system, … In this research, the fourthgeneration district heating system …",https://research.tue.nl/files/318991367/1268244_DevelopmentCoSimulationModelDHSystems.pdf,https://research.tue.nl/files/318991367/1268244_DevelopmentCoSimulationModelDHSystems.pdf,0,"fourth generation, thermal grid",10.1109/osmses62085.2024.10668994,Marcelo Andre Muro Alvarado; Claudio Anderis; Riccardo Lazzari; Lorenzo Nigro; Alessio La Bella,9/3/2024,,http://xplorestaging.ieee.org/ielx8/10668957/10668961/10668994.pdf?arnumber=10668994,0.0
Design and dimensioning methods for district energy systems with 5th generation district heating and cooling networks,1,2024,"… 4th generation systems and are therefore called 5th generation district heating and cooling … point of view, the transition from 4th to 5th generation is more drastically than from 3rd to 4th …",https://scholar.archive.org/work/t4q3pvgiujgb7gim52lgr4pyze/access/wayback/https://publications.rwth-aachen.de/record/976924/files/976924.pdf,https://scholar.archive.org/work/t4q3pvgiujgb7gim52lgr4pyze/access/wayback/https://publications.rwth-aachen.de/record/976924/files/976924.pdf,0,"4th generation, district heating and cooling",10.1016/j.energy.2024.132835,Orestis Angelidis; Daniel Zinsmeister; Anastasia Ioannou; Daniel Friedrich; Alan Thomson; Ulrich Ganslmeier; Gioia Falcone,2024-11,,https://api.elsevier.com/content/article/PII:S0360544224026094?httpAccept=text/xml,4.0
The First Fifth-Generation District Heating and Cooling System in Kazakhstan: Planning and Design.,1,2024,"… potentials of a 5th generation district heating and cooling network. Energy 2021, 230, … indicators and complimentary load profiles for 5th generation district energy networks. Appl. …",https://search.ebscohost.com/login.aspx?direct=true&profile=ehost&scope=site&authtype=crawler&jrnl=19961073&AN=181657006&h=oWIN56iQCRxtGZQtT7V7LFYYy2ITJLG4AYRBxz7KZKUR0DLLeAfMO1yoGsrXfyBMHHNf0VyVHuJK6xm3DFaCVQ%3D%3D&crl=c,,0,"5th generation, district heating and cooling",10.3390/en17236169,Stanislav Chicherin; Yana Zhuikova; Tatyana Pyanykh; Andrey Zhuikov; Galym Baidyussenov; Saule Abildinova,12/6/2024,"This paper focuses on the potential for integrating Geographic Information System (GIS) software into Fifth-Generation District Heating and Cooling (5GDHC) systems to promote efficient and sustainable energy management, particularly in Kazakhstan. By reviewing the key literature, we identify three main areas where GIS software enhances the planning of 5GDHC systems: decision-making in the context of energy market regulations, operational data utilization, and modeling/simulations for technical design. The technical design emphasizes the role of heat pumps, ultra-low temperature district heating (ULTDH) networks, and end-user buildings. Previous research has explored various methodologies for integrating network and demand-side strategies, developing sustainable district heating and cooling (DHC) systems, and mapping urban areas suitable for DHC deployment. However, none has presented an open-source model incorporating GIS-based decision-making in designing 5GDHC systems. This study, for the first time, addresses this gap through a case study conducted in the Northern Industrial Zone of Karaganda, Kazakhstan, demonstrating how GIS-enhanced modeling can be effectively applied in a developing, industry-driven economy. We outline the mathematical framework for comparing existing simulation tools and developing a custom model suited to the region’s needs. Additionally, we discuss validation and calibration methods, which remain underexplored in the current literature. The proposed model incorporates waste heat recovery from local sources, including nearby wastewater treatment plants, showcasing a sustainable energy solution for the industrial park. The results indicate that a well-structured 5GDHC system, supported by GIS tools, can markedly enhance energy efficiency and sustainability, presenting a scalable and adaptable approach for other regions in Kazakhstan and beyond.",https://www.mdpi.com/1996-1073/17/23/6169/pdf,1.0
Hydraulic Balancing of District Heating Systems and Improving Thermal Comfort in Buildings.,1,2025,"… fourth generation district heating (4GDH), which decreases operation and maintenance costs by utilizing the efficiency of low temperature district … -and-power (CHP) generation. The key …",https://search.ebscohost.com/login.aspx?direct=true&profile=ehost&scope=site&authtype=crawler&jrnl=19961073&AN=183646465&h=IFgwP22mst4gPWm0CEFWSgrMK781ZNhFOX2hL1W175S%2BhlbnEgLHdwulw92oPjwTW3%2B89eG%2BREhRsi%2BHiPyJ0A%3D%3D&crl=c,,0,"fourth generation, district thermal",10.3390/en18051259,Stanislav Chicherin,3/4/2025,"The relevance is introducing fourth generation district heating (4GDH), which decreases operation and maintenance costs by utilizing the efficiency of low temperature district heating (LTDH). The aim is to develop a methodology allowing for a more flexible heat demand model and accurate function describing the relationship between outdoor temperature and heat demand. It is represented by a black-box model based on historical data collected from heating, ventilation, and air conditioning (HVAC) systems. Energy delivery/consumption is analyzed with the help of a set of statistical and regression formulas. The analysis of operational data is then transformed to methodology to regulate heat supply with combined heat-and-power (CHP) generation. The key features are that the model takes into account thermal capacity and type of substation; the district heating (DH) plant is not assumed to have a fixed return temperature and generation profile. The novelty is an emphasis on DH operation and introduction of statistics into a dynamic simulation model. With no abnormal buildings, higher accuracy of modeling is achieved. Most of the consumers are pretty similar in thermal response, even though specific energy demand and heated volume may differ. Heat demand of an old building is better simulated with discrete regression, while those with pump-equipped substations are modeled with linear regression.",https://www.mdpi.com/1996-1073/18/5/1259/pdf,2.0
Enriching Public Disclosure Data to Evaluate Advanced District Energy Systems With Thermal Storage for Grid-Interactive Efficient Districts,1,2024,"… building or district level, the latter being the focus of this research. District energy systems … showcases the available energy performance benefits of district energy systems. This research …",https://search.proquest.com/openview/abe38df9a663023d6e977b4350293b06/1?pq-origsite=gscholar&cbl=18750&diss=y,,0,"bidirectional, district thermal",10.2139/ssrn.4960303,Pengdan Fan; Dan Wang; Wei Wang; Yuying Sun,2024,,,0.0
Power-to-Heat and Seasonal Thermal Energy Storage: Pathways Toward a Low-Carbon Future for District Heating,1,2025,Power-to-Heat and Seasonal Thermal Energy Storage are emerging technologies that facilitate the integration of variable renewable energy sources into building and district energy …,https://www.mdpi.com/1996-1073/18/21/5577,,0,"fourth generation, district thermal",10.3390/en18215577,Krzysztof Sornek; Maksymilian Homa; Flaviu Mihai Frigura-Iliasa; Mihaela Frigura-Iliasa; Marcin Jankowski; Karolina Papis-Frączek; Jakub Katerla; Jakub Janus,10/23/2025,"Power-to-Heat and Seasonal Thermal Energy Storage are emerging technologies that facilitate the integration of variable renewable energy sources into building and district energy systems. This review synthesizes recent advancements in technologies, integration strategies, and case studies, with a particular focus on nearly zero-energy buildings and nearly zero-energy districts. A structured literature survey, prioritizing sources from 2020 to 2025, was conducted to map available options. The analysis includes Power-to-Heat systems, primarily electric boilers and heat pumps, as well as various seasonal thermal energy storage configurations, including Aquifer Thermal Energy Storage, Borehole Thermal Energy Storage, Pit Thermal Energy Storage, Tank Thermal Energy Storage, and Packed Bed Thermal Energy Storage. The findings indicate that coupling renewable energy with Power-to-Heat and seasonal thermal energy storage can significantly enhance the flexibility of buildings and district systems, reducing the curtailment of renewable sources by utilizing surplus electricity from renewable generation, particularly during periods of low demand, and lowering the environmental impact of buildings and district heating networks.",https://www.mdpi.com/1996-1073/18/21/5577/pdf,1.0
Conversion to Fourth-Generation District Heating (4GDH): Heat Accumulation Within Building Envelopes,1,2025,"… the impact of building thermal performance characteristics, … By analyzing the thermal response of various building types … potential for leveraging building thermal inertia to enhance the …",https://www.mdpi.com/1996-1073/18/9/2307,,0,"4th generation, district thermal",10.3390/en18092307,Stanislav Chicherin,4/30/2025,"This study investigates improving district heating (DH) systems by analyzing the effects of low-temperature operation on network efficiency, heat losses, and indoor temperature stability. A mathematical model is developed to simulate building heat performance under different supply temperatures, substation connection types, and envelope materials. The methodology involves detailed hourly heat load simulations and optimization techniques to assess the impact of temperature flexibility and heat accumulation within buildings. The results reveal that a 10 °C reduction in supply temperature leads to a heat loss decrease of up to 20%, significantly improving system efficiency. Moreover, buildings with higher thermal inertia and indirect substation connections exhibit better resilience to short-term temperature fluctuations, ensuring more stable indoor conditions. The analysis also demonstrates that optimizing temperature control can reduce operational costs by 19%, primarily by minimizing excessive heat supply and utilizing stored thermal energy effectively. Despite slight temperature fluctuations in extreme conditions, the system maintains indoor comfort levels within acceptable limits. This study concludes that transitioning to a lower-temperature DH system is feasible without compromising reliability, provided heat accumulation effects and supply flexibility are carefully managed. These findings offer a replicable approach for improving DH efficiency in networks with diverse building configurations.",https://www.mdpi.com/1996-1073/18/9/2307/pdf,1.0
Techno-Economic Analysis of Operating Temperature Variations in a 4th Generation District Heating Grid A German Case Study,1,2025,"… For the discussion, aspects of this study in regard to the operating temperature, electrification, cost distribution, communal heat planning and positive energy districts are considered and …",https://www.mdpi.com/2071-1050/17/9/3985,,0,"4th generation, district heating and cooling",10.3390/su17093985,Karl Specht; Max Berger; Thomas Bruckner,4/28/2025,"The decarbonization of the heat supply is crucial for the German energy transition. Integrating Power-to-Heat technologies like heat pumps (HPs) into district heating grids (DHGs) can support this process. The efficiency of HPs can be increased through temperature reduction in the DHG, though decentralized reheating may be required to supply sufficient heat for the end consumers. In order to investigate the associated trade-off, this study evaluates the economic, ecological, and technical effects of temperature reduction in DHGs using the software tool nPro. In a three-step process heat demand, the DHG design and operation are modeled. Three operating temperature scenarios are considered: 60 °C, 50 °C, and an ambient dependent flow temperature varying between 40 and 50 °C. As the temperatures decrease, the balance shifts between centrally produced HP heat and decentralized heat from instantaneous electric water heaters (IEWHs). The initial temperature reduction leads to reduced CO2 emissions, primary energy demand, heat losses, and total annual cost (TAC). However, with a further reduction in the operating temperature, an increase in these parameters occurs. While the necessary cost and primary energy for central components decrease, an increase in the decentralized heat generation is necessary to properly supply the heat demand. This leads to higher TAC and CO2 emissions overall.",https://www.mdpi.com/2071-1050/17/9/3985/pdf,1.0
Retrofitting a Fifth Generation District Heating and Cooling Network for Heating and Cooling in a UK Hospital Campus,1,2024,… heat and the evolution of heat networks. This paper investigates whether a novel fifth Generation District Heating and Cooling … for the purpose of heating and cooling. The building load …,https://www.mdpi.com/2075-5309/14/8/2442,,0,"4th generation, district heating and cooling",10.3390/buildings14082442,Jonathan Lalor; Aaron Gillich,8/7/2024,"There is an increasingly rich literature on the decarbonisation of heat and the evolution of heat networks. This paper investigates whether a novel fifth Generation District Heating and Cooling Network (5GDHC) could be retrofitted to an existing National Health Service (NHS) hospital campus for the purpose of heating and cooling. The building load was simulated and input into a custom-written script to carry out a series of parametric studies and optimise design options. The model was calibrated against site data available from hospital facilities management. The research found that it is feasible to use a 5GDHC consisting of a large single mass of water to utilise inter-seasonal thermal storage. A natural water resource such as an aquifer was not required. The model tested sizing options and found that larger thermal storage, heat pumps and chillers reduce operating costs and improve flexibility. The paper closes with a discussion of the practical factors in retrofitting 5GDHC networks to a densely occupied and highly constrained campus environment. The findings are novel in further describing the circumstances for which 5GDHC networks are suitable.",https://www.mdpi.com/2075-5309/14/8/2442/pdf,1.0
Methods for Coordinating Optimization of Urban Building Clusters and District Energy Systems,1,2024,"… on energy system planning and operation. This study focuses on urban building clusters and district energy systems, proposing coordinated optimization methods for energy supply and …",https://www.mdpi.com/2079-8954/12/3/92,,0,"low temperature, district energy",10.3390/systems12030092,Peng Wu; Yisheng Liu,3/12/2024,"In the face of increasingly severe global climate change, achieving zero-carbon development goals has gradually become a consensus across various industries. Enhancing the electrification level of building energy use and increasing the proportion of renewable energy applications are primary means to achieve zero-carbon development in the construction sector, which also imposes higher demands on energy system planning and operation. This study focuses on urban building clusters and district energy systems, proposing coordinated optimization methods for energy supply and demand. On the demand side, strategies such as utilizing energy storage from electric vehicles are applied to enhance the flexibility of building energy use, along with methods to improve building load leveling rates and increase renewable energy penetration rates. On the supply side, a dual-layer planning method is proposed for the optimal configuration and operation of district energy systems considering the construction of shared energy storage stations. Results indicate that the optimization methods for urban building clusters significantly improve the flexibility of building energy use, and different functional compositions of building clusters can enhance load leveling and renewable energy penetration rates to a certain extent. The dual-layer optimization method for district energy systems can further exploit the potential of building energy flexibility, thereby achieving a balance between economic and environmental benefits.",https://www.mdpi.com/2079-8954/12/3/92/pdf,1.0
Evaluating Waste Heat Potential for Fifth Generation District Heating and Cooling (5GDHC): Analysis Across 26 Building Types and Recovery Strategies,1,2025,"… systems often dissipate significant amounts of waste heat, which remains underutilized. This … waste heat from such systems to support fifth-generation district heating and cooling (…",https://www.mdpi.com/2227-9717/13/6/1730,,0,"5th generation, district heating and cooling",10.3390/pr13061730,Stanislav Chicherin,5/31/2025,"Efficient cooling and heat recovery systems are becoming increasingly critical in large-scale commercial and industrial facilities, especially with the rising demand for sustainable energy solutions. Traditional air-conditioning and refrigeration systems often dissipate significant amounts of waste heat, which remains underutilized. This study addresses the challenge of harnessing low-potential waste heat from such systems to support fifth-generation district heating and cooling (5GDHC) networks, particularly in moderate-temperate regions like Flanders, Belgium. To evaluate the technical and economic feasibility of waste heat recovery, a methodology is developed that integrates established performance metrics—such as the energy efficiency ratio (EER), power usage effectiveness (PUE), and specific cooling demand (kW/t)—with capital (CapEx) and operational expenditure (OpEx) assessments. Empirical correlations, including regression analysis based on manufacturer data and operational case studies, are used to estimate equipment sizing and system performance across three operational modes. The study includes detailed modeling of data centers, cold storage facilities, and large supermarkets, taking into account climatic conditions, load factors, and thermal capacities. Results indicate that average cooling loads typically reach 58% of peak demand, with seasonal coefficient of performance (SCOP) values ranging from 6.1 to a maximum of 10.3. Waste heat recovery potential varies significantly across building types, with conversion rates from 33% to 68%, averaging at 59%. In data centers using water-to-water heat pumps, energy production reaches 10.1 GWh/year in heat pump mode and 8.6 GWh/year in heat exchanger mode. Despite variations in system complexity and building characteristics, OpEx and CapEx values converge closely (within 2.5%), demonstrating a well-balanced configuration. Simulations also confirm that large buildings operating above a 55% capacity factor provide the most favorable conditions for integrating waste heat into 5GDHC systems. In conclusion, the proposed approach enables the scalable and efficient integration of low-grade waste heat into district energy networks. While climatic and technical constraints exist, especially concerning temperature thresholds and equipment design, the results show strong potential for energy savings up to 40% in well-optimized systems. This highlights the viability of retrofitting large-scale cooling systems for dual-purpose operation, offering both environmental and economic benefits.",https://www.mdpi.com/2227-9717/13/6/1730/pdf,1.0
Modelling of Fifth Generation District Heating and Cooling Networks Coupled to Ground Heat Exchangers,1,2024,"… In TRNSYS, potential models exist for the simulation of thermal network pipes and have been … [13] compared several thermal network simulation tools and validated the pipe models with …",https://www.researchgate.net/profile/Hauke-Hirsch-2/publication/386340478_Modelling_of_Fifth_Generation_District_Heating_and_Cooling_Networks_Coupled_to_Ground_Heat_Exchangers/links/674df947790d154bf9bd0713/Modelling-of-Fifth-Generation-District-Heating-and-Cooling-Networks-Coupled-to-Ground-Heat-Exchangers.pdf,https://www.researchgate.net/profile/Hauke-Hirsch-2/publication/386340478_Modelling_of_Fifth_Generation_District_Heating_and_Cooling_Networks_Coupled_to_Ground_Heat_Exchangers/links/674df947790d154bf9bd0713/Modelling-of-Fifth-Generation-District-Heating-and-Cooling-Networks-Coupled-to-Ground-Heat-Exchangers.pdf,0,"4th generation, thermal network",10.3390/buildings14082442,Jonathan Lalor; Aaron Gillich,8/7/2024,"There is an increasingly rich literature on the decarbonisation of heat and the evolution of heat networks. This paper investigates whether a novel fifth Generation District Heating and Cooling Network (5GDHC) could be retrofitted to an existing National Health Service (NHS) hospital campus for the purpose of heating and cooling. The building load was simulated and input into a custom-written script to carry out a series of parametric studies and optimise design options. The model was calibrated against site data available from hospital facilities management. The research found that it is feasible to use a 5GDHC consisting of a large single mass of water to utilise inter-seasonal thermal storage. A natural water resource such as an aquifer was not required. The model tested sizing options and found that larger thermal storage, heat pumps and chillers reduce operating costs and improve flexibility. The paper closes with a discussion of the practical factors in retrofitting 5GDHC networks to a densely occupied and highly constrained campus environment. The findings are novel in further describing the circumstances for which 5GDHC networks are suitable.",https://www.mdpi.com/2075-5309/14/8/2442/pdf,1.0
District cooling optimal operation to decarbonize urban cold energy supply,1,2025,"… District Energy Systems have seen growing attention for heat supply while, for meeting the cooling … Given that, the deployment of district cooling systems has still many barriers, requires …",https://www.sciencedirect.com/science/article/pii/S0196890425005436,,0,"low temperature, district heating and cooling",10.1016/j.enconman.2025.120019,Stefano Mazzoni; Benedetto Nastasi,2025-10,,https://api.elsevier.com/content/article/PII:S0196890425005436?httpAccept=text/xml,1.0
Simulation-driven design and optimisation of fifth-generation district heating and cooling networks integrated into renewable-based collaborative energy,1,2025,… Fifth-generation district heating and cooling (5GDHC) systems offer a key solution to … renewable integration and energy sharing. This study addresses the need for energy-flexible …,https://www.sciencedirect.com/science/article/pii/S0196890425007563,,0,"fifth generation, district heating and cooling",10.1016/j.enconman.2025.120232,Annamaria Buonomano; Cesare Forzano; Giovanni Francesco Giuzio; Giuseppe Langella; Robert Maka; Adolfo Palombo; Giuseppe Russo,2025-11,,https://api.elsevier.com/content/article/PII:S0196890425007563?httpAccept=text/xml,1.0
Strategic integration of urban excess heat sources in a district heating system: A Spatio-temporal optimisation methodology,1,2025,… challenges have limited Urban Excess Heat (UEH) integration into … of energy markets on UEH feasibility. Scenarios with varying grid temperatures demonstrated that lower temperatures …,https://www.sciencedirect.com/science/article/pii/S0306261925009663,,0,"low temperature, district heating and cooling",10.1016/j.apenergy.2025.126236,Shravan Kumar; Ali Kök; Johan Dalgren; Jagruti Thakur; Viktoria Martin; Francesco Gardumi,2025-10,,https://api.elsevier.com/content/article/PII:S0306261925009663?httpAccept=text/xml,0.0
approach and numerical modeling to retrofit existing substations for bidirectional operation: Enabling thermal prosumer participation in District Heating,1,2025,"… for an existing substation in a district heating network in Italy, … the numerical model of the bidirectional substation, and multi-… 6.2 % in summer), the bidirectional setup enabled 94 % of the …",https://www.sciencedirect.com/science/article/pii/S030626192501428X,,0,"bidirectional, district heating and cooling",10.1016/j.apenergy.2025.126698,Federico Gianaroli; Mattia Ricci; Paolo Sdringola; Mauro Pipiciello; Diego Menegon; Francesco Melino,2025-12,,https://api.elsevier.com/content/article/PII:S030626192501428X?httpAccept=text/xml,1.0
Innovative approach and numerical modeling to retrofit existing substations for bidirectional operation: Enabling thermal prosumer participation in District,1,2025,"… have primarily focused on thermal production plants, decentralized … of thermal prosumers. This study presents a non-invasive retrofit design for an existing substation in a district heating …",https://www.sciencedirect.com/science/article/pii/S030626192501428X,,0,"bidirectional, district thermal",10.1016/j.apenergy.2025.126698,Federico Gianaroli; Mattia Ricci; Paolo Sdringola; Mauro Pipiciello; Diego Menegon; Francesco Melino,2025-12,,https://api.elsevier.com/content/article/PII:S030626192501428X?httpAccept=text/xml,1.0
and numerical modeling to retrofit existing substations for bidirectional operation: Enabling thermal prosumer participation in District Heating Network,1,2025,"… for an existing substation in a district heating network in Italy, aimed at preserving the … model of the bidirectional substation, and multi-domain simulations based on real thermal load and …",https://www.sciencedirect.com/science/article/pii/S030626192501428X,,0,"bidirectional, thermal network",10.1016/j.apenergy.2025.126698,Federico Gianaroli; Mattia Ricci; Paolo Sdringola; Mauro Pipiciello; Diego Menegon; Francesco Melino,2025-12,,https://api.elsevier.com/content/article/PII:S030626192501428X?httpAccept=text/xml,1.0
"Effects of thermal histories on human thermal adaptation to district heating environments: A cross-sectional investigation in the severe cold zone, China",1,2025,… the thermal neutral rate (TNR) and thermal comfort and acceptability rate (TCAR) to analyze the differences in thermal … among groups with different thermal histories in northern China. …,https://www.sciencedirect.com/science/article/pii/S0360132324011776,,0,"low temperature, district thermal",10.1016/j.buildenv.2024.112335,Yuxin Yang; Zhaojun Wang; Fanzhuo Zhou; Juan Yu; Chang Liu,2025-1,,https://api.elsevier.com/content/article/PII:S0360132324011776?httpAccept=text/xml,1.0
Distributed multienergy and low-carbon heating technology for rural areas in northern China,1,2024,"In the context of China's “double carbon” policy and “rural revitalization” strategy, clean and low-carbon heating in rural areas of the northern China has become a key problem that …",https://www.sciencedirect.com/science/article/pii/S0360544224025520,,0,"low-temperature, district thermal",10.1016/j.energy.2024.132778,Haijie Qi; Jianhui Zhou; Tong Ren; Shumin Sun; Zhiyuan He; Zhili Sun; Shengming Dong; Chenxiao Zheng; Chunwei Xu; Fumin Hou,2024-10,,https://api.elsevier.com/content/article/PII:S0360544224025520?httpAccept=text/xml,1.0
Economic and ecological investigation of heat grid scenarios in a German suburban area,1,2025,… generation … heat grid scenarios are also compared to climate neutral decentralized supply solutions and a scenario with no changes (status quo) in the heat supply. In this study the grid …,https://www.sciencedirect.com/science/article/pii/S0360544225035960,,0,"fourth generation, thermal grid",10.1016/j.energy.2025.137954,Gerrid Brockmann; Shixin Ni; Janis Bergmann; Tidian Baerens; Ingrid Kreiser-Saunders; Amin Darbandi; Karim Shawky; Martin Möhring; Martin Kriegel,2025-11,,https://api.elsevier.com/content/article/PII:S0360544225035960?httpAccept=text/xml,1.0
Dual room temperature target controlof district heating substation based on room temperature detection,1,2024,"… amplitude of room temperature near the thermal comfort zone, but … temperature deviating from the thermal comfort zone was not obvious. The DRTTC significantly reduces the thermal …",https://www.sciencedirect.com/science/article/pii/S0378778824005462,,0,"low temperature, district thermal",10.1016/j.enbuild.2024.114430,Zhiwei Li; Junjie Liu; Lizhi Jia; Yanmin Wang; Jian Zhang; Yan Li; Hongjuan Cheng,2024-9,,https://api.elsevier.com/content/article/PII:S0378778824005462?httpAccept=text/xml,1.0
Pragmatic design solution to decarbonize building industry through a low temperature district network,1,2025,… 1 was followed to study the low temperature network. This section describes the design and operation of the low temperature district heating and cooling network installed to serve the …,https://www.sciencedirect.com/science/article/pii/S0378778825006930,,0,"low temperature, district heating and cooling",10.1016/j.enbuild.2025.115963,Nischal Chaulagain; Erik Everbring; Ulla Janson; Dennis Johansson,2025-10,,https://api.elsevier.com/content/article/PII:S0378778825006930?httpAccept=text/xml,0.0
Hybrid thermal load prediction model for the regional built environment based on random forest feature screening,1,2025,… Accurate thermal load prediction in the built environment is essential for optimizing heating … (RF) feature screening as input variables and the bi-directional long short-term memory (Bi-…,https://www.sciencedirect.com/science/article/pii/S0378778825007170,,0,"bi-directional, district thermal",10.2139/ssrn.5189690,Jiangxing Zhu; Tonghua Zou; Dongxia Wu; Yongchun Feng; Tianlei Wang; Jiarui Huang; Baomin Dai; Chendong Wang; Jiaming Gao,2025,,,0.0
Mechanism-guided short-term heat load prediction of district heating system based on a hybrid data-driven model,1,2025,"Accurate heat load prediction provides an effective basis for parameter adjustment to ensure the stable operation of district heating system (DHS) and on-demand heat supply. However, …",https://www.sciencedirect.com/science/article/pii/S135943112502705X,,0,"bidirectional, district thermal",10.2139/ssrn.5260365,Xuelei Zhang; Hailong Luo; Yixi Pei; Kang Ma,2025,,,0.0
Performance analysis and optimization of pumped thermal energy storage system coupled with low temperature waste heat recovery,1,2025,… This paper proposes a full-time PTES system coupled with low-temperature waste heat recovery. This system introduces the waste heat released by the evaporator in the heat pump …,https://www.sciencedirect.com/science/article/pii/S2352152X25026817,,0,"low-temperature, thermal grid",10.2139/ssrn.5209445,Junsheng Feng; Yaru Yan; Liang Zhao; Hui Dong,2025,,,0.0
District heating system assisted by thermochemical sorption heat storage,1,2025,… Thermochemical sorption heat storage offers advantages such as high energy storage density and low … The findings of this study provide some insights for the large-scale district heating …,https://www.sciencedirect.com/science/article/pii/S2666123325000662,,0,"low temperature, district thermal",10.1016/j.enbenv.2025.08.002,Yongxiang Zhu; Kun Song; Jiake Wu; Yuxuan Zhang; Wenyun Zhang; Kamon Thinsurat; Long Jiang,2025-8,,https://api.elsevier.com/content/article/PII:S2666123325000662?httpAccept=text/xml,0.0
Methodology for fifth generation district heating and cooling network simulation,1,2024,"… of smart energy systems development, ie systems taking advantage of positive synergies between energy carriers, the concept of 5th generation district heating and cooling (5GDHC) …",https://www.tib-op.org/ojs/index.php/isec/article/view/1123,,0,"5th generation, district heating and cooling",10.52825/isec.v1i.1123,Charlie Prétot; Nicolas Lamaison,4/9/2024,"5th generation district heating and cooling networks (5GDHC) will play a rolein the reduction of CO2 emissions and the resilience to global warming. Our analysis of the literature points out that no simulation study proposes a comprehensive enough description of such networks. The simulation solution presented in this article considers the intertwined influences between the thermal-hydraulic balance in the network, the behavior of the decentralized heat pumps and chillers at substations, and the thermal coupling with the ground. For a given simulation scenario, the 3 developed models are iteratively solved until convergence is reached. After showing how the latter is handled,we exhibit an original result about the influence of the differential pressure between the hot and cold pipes.",https://www.tib-op.org/ojs/index.php/isec/article/download/1123/1040,0.0
New low-temperature heat sources to develop competitive low-carbon district heating systems in Finland,0,2025,"… emissions, but it also increased energy efficiency due to the use of a lower temperature for the supply side [28]. The 3rd generation of DHSs is still in use in many countries around the …",https://aaltodoc.aalto.fi/items/63fe34fe-ce70-4c3d-84b9-b32f95c0b06c,,0,"low temperature, district energy",10.2139/ssrn.5218012,Josip Miškić; Tomislav Pukšec,2025,,,0.0
Shallow geothermal energy in district heating and cooling: a potential solution for decarbonising heating and cooling,0,2025,"… -generation district heating and cooling (5GDHC), provide possibilities for exploiting these synergies. Shallow geothermal energy stands … of the fourth generation district heating (4GDH): …",https://access.archive-ouverte.unige.ch/access/metadata/eb3b046b-cb40-4be0-8658-3f826ed0dd18/download,,0,"4th generation, district heating and cooling",10.5194/egusphere-egu24-10816,Gianvito Scaringi,1/20/2025,"Thanks to generous subsidies, many residential buildings in the Czech Republic are being equipped with photovoltaic and solar thermal panels, heat pumps, and heat and electricity accumulation systems. Photovoltaic roofs generate considerable savings overall (&gt;50% in typical domestic installations). However, in summertime, they produce substantial and highly variable overflows of electricity into the grid, even with the use of air conditioning and electric vehicles charging. This result in volatile and at times negative wholesale prices of electricity. Conversely, in wintertime, the production is insufficient to balance the load from heat pumps (which are replacing wood burning and gas heaters), thereby contributing to high electricity prices. Hot water tanks and electric batteries can compensate load imbalances on a daily scale only, whereas national-scale solutions relying on gravitational energy storage are not viable. In this context, distributed systems for the seasonal accumulation of energy in the form of heat seem in principle an attractive solution. These systems could use the underground space as a heat source or sink according to needs, exploiting soil layers that are deep enough to ensure stability against seasonal fluctuations in temperature propagating from the surface, but also sufficiently shallow to ensure reasonable costs of installation. In new constructions, heat exchangers could be embedded in foundations or installed in boreholes below common areas such as access roads, parking lots and gardens. Similarly, they could be fitted in already built-up areas, and scaled in such a way to maximise their efficiency without disturbing the mechanical stability and performance of existing buildings and infrastructures. In the Czech Republic, despite a growing bottom-up demand for the creation of energy communities, their technical and regulatory viability remains unexplored. This is especially true for shallow underground seasonal thermal energy storage systems. In part, this relates to an insufficient knowledge of the ground response to thermo-hydro-mechanical forcing, as well as of possible ground-structure interactions. We are beginning to tackle this problem in upcoming research projects. Here, we will discuss our understanding of matters of priority to be addressed in our national context and present preliminary calculations demonstrating the potential of solutions at various scales.",,0.0
A detailed simulation model for fifth generation district heating and cooling networks with seasonal latent storage evaluated on field data,0,2025,"… Existing models from previous heating network generations can only be used to a limited extent, as the fifth generation has different requirements for the models in certain cases, such …",https://arxiv.org/abs/2506.18528,,0,"5th generation, district heating and cooling",10.1016/j.apenergy.2025.126757,Manuel Kollmar; Adrian Bürger; Markus Bohlayer; Angelika Altmann-Dieses; Marco Braun; Moritz Diehl,2025-12,,https://api.elsevier.com/content/article/PII:S0306261925014874?httpAccept=text/xml,0.0
GIS-Based Assessment of 5th Generation District Heating and Cooling (5GDHC) Systems with Seasonal Thermal Energy Storage,0,2025,"… exchange feasibility, and configure network layouts. The study … , to ensure accurate and efficient network design. A high linear … up to 60 different network configurations per location. The …",https://ect-journals.rtu.lv/conect/article/view/CONECT.2025.010,,0,"5th generation, thermal network",10.7250/conect.2025.010,Stanislav Chicherin; Jonathan Hachez; Afraz Mehmood Chaudhry; Svend Bram,5/9/2025,"The transition to sustainable energy solutions necessitates innovative approaches to district heating and cooling (DHC) systems. Fifth-generation district heating and cooling (5GDHC) systems, integrated with seasonal thermal energy storage (TES), offer a promising pathway to enhancing energy efficiency while reducing environmental impact. This study, conducted within the OPTIMESH project (OPtimized Thermal prosumer Integration in a Multi-Energy System), explores the robust design of 5GDHC systems tailored for business parks in Flanders through Geographic Information System (GIS) assessment. OPTIMESH aims to optimize the integration of thermal prosumers – buildings that act as both consumers and producers of thermal energy – within multi-energy systems. By leveraging GIS-based methodologies, we identify and analyse potential locations, evaluate energy exchange feasibility, and configure network layouts. The study incorporates multiple data sources, including operational data on waste heat availability, building models, and HVAC system data, to ensure accurate and efficient network design. A high linear heat density is essential for 5GDHC system viability, necessitating a rigorous assessment of more than 40 potential locations across Flanders. GIS tools are employed to assign EPC labels, detect waste heat sources, and map underground utilities such as cables, gas, and water pipelines. We systematically compare three standalone heating solutions – natural gas boilers, air-source heat pumps, and ground-source heat pumps – to assess the relative benefits of 5GDHC deployment. To achieve an optimal configuration, our methodology evaluates up to 60 different network configurations per location. The integration of GIS-generated spatial data with graph-theory-driven simulations allows for a comprehensive assessment of potential layouts, ensuring efficiency in both thermal energy distribution and seasonal storage utilization. The results of these simulations are exported, post-processed, and visualized for further analysis. Key methodologies presented in this study include GIS assessment, thermographic imaging, image recognition, exergy analysis, and steadystate simulations. Our findings highlight the critical role of high-resolution data in designing effective 5GDHC networks. The results cover various aspects, including input assumptions, location selection, network configurations, energy exchange dynamics, and feasibility metrics. This research underscores the economic and ecological advantages of 5GDHC systems, particularly in business parks where simultaneous heating and cooling demands can be efficiently met. By systematically integrating diverse data sources and advanced simulation techniques, this study provides a robust framework for the development of next generation DHC systems, contributing to a more sustainable and resilient energy infrastructure.",https://ect-journals.rtu.lv/conect/article/download/CONECT.2025.010/272,0.0
Testing of a prototype substation for a 5th generation district heating and cooling network,0,2025,"… Along with the development of conventional DH, which has evolved to the 4th generation [5], an innovative generation of DH is being developed to overcome some of the limitations of …",https://iopscience.iop.org/article/10.1088/1742-6596/2940/1/012023/meta,,0,"4th generation, district heating and cooling",10.1088/1742-6596/2940/1/012023,G Martinazzoli; D Pasinelli; A M Lezzi; M Pilotelli,1/1/2025,"Abstract
               5th generation district heating (5GDH) networks can be an effective way to increase the penetration of renewable energy and achieve decarbonisation in the heating and cooling sector. This article describes 5GDH networks by focusing on network substations, the complexity of which increases compared to a conventional district heating substation due to the presence of a decentralised heat pump and a bidirectional pumping system. The purpose of the article is to show the components and layout of a prototype substation and a pilot network, realised to recover low-temperature waste heat and cover the heating and cooling demand of a building. The results present the performance and energy consumption of the prototype during the first heating season in which the prototype is in operation. The prototype was tested through two kinds of tests: tests under design and off-design conditions. In tests under design conditions, the average COP of the heat pump is between 3.3 and 4.2, while the values drop to 2.6 – 3.1 considering the overall COP. The off-design tests were performed to define the performance of the heat pump for a wider temperature range. For these tests, the COP is between 2.9 and 6.1.",https://iopscience.iop.org/article/10.1088/1742-6596/2940/1/012023,0.0
Energy-efficient pumping and decarbonization in thermal grids through advanced hydraulic modeling,0,2025,"… Accordingly, this study focuses on the application of distributed pumping in thermal grids, and it evaluates the decarbonization rate in the pumping section of the district heating systems …",https://iopscience.iop.org/article/10.1088/1742-6596/3140/2/022006/meta,,0,"4th generation, thermal grid",10.1088/1742-6596/3140/2/022006,Mohammad-Reza Kolahi; Stefan Mennel; Jonathan Chambers; Martin K. Patel,11/1/2025,"Abstract
                  This study investigates energy-efficient pumping strategies and the decarbonization potential in the pumping section of district heating networks using advanced hydraulic modeling. Leveraging the TESSA tool, the research compares single-pipe and double-pipe configurations under three defined worst-case scenarios to assess system performance, flow behavior, and energy consumption. The study highlights the advantages of Distributed Variable Speed Pumping (DVSP) over Conventional Central Circulating Pumping (CCCP), demonstrating substantial reductions in pumping power and improved decarbonization outcomes. Results indicate that while single-pipe systems exhibit slightly higher electrothermal amplification and energy savings, double-pipe configurations offer operational benefits such as reduced reliance on heat sources and fewer required pumps. Overall, among the three scenarios, Worst-Case Scenario 1 (WCS1) emerged as the most balanced and suitable scenario for pipe sizing. In WCS1, each substation’s load is scaled relative to the district-wide peak demand, assuming all buildings reach peak load simultaneously. It consistently maintained flow velocities within the allowable range, striking a strong balance between avoiding water hammer and minimizing fouling risks.",https://iopscience.iop.org/article/10.1088/1742-6596/3140/2/022006,0.0
Evaluating the impact of thermal energy storage on grid flexibility in district thermal source networks,0,2025,"… Thermal Source Networks (TSNs), based on decentralised heat pump substations, offer untapped potential to support grid flexibility through coordinated operation and thermal energy …",https://iopscience.iop.org/article/10.1088/1742-6596/3140/6/062003/meta,,0,"4th generation, thermal grid",10.1088/1742-6596/3140/6/062003,Alireza Etemad; Arthur Trousseau; Donal Finn; John O’Shea; Alessandro Maccarini; Alireza Afshari; James O’Donnell,11/1/2025,"Abstract
                  
                    The growing share of variable renewable electricity increases the need for flexible demand-side resources, particularly in the heating sector. Thermal Source Networks (TSNs), based on decentralised heat pump substations, offer untapped potential to support grid flexibility through coordinated operation and thermal energy storage (TES). However, most existing planning frameworks prioritise heat cost minimisation and overlook flexibility opportunities. This paper presents an analytical framework that models the operational behaviour of TSNs with distributed TES in response to real-time electricity market signals. The framework captures the dynamic interaction between heat demand, TES operation, and balancing market prices, while accounting for technical constraints such as storage efficiency, heat pump performance, and time-of-use tariffs. A rule-based control strategy modulates heat pump operation to minimise electricity costs and exploit market-based flexibility. The framework is applied to a representative district in Dublin, Ireland. Results show that TES integration enables load shifting and reduces operational CO
                    2
                    emissions by 22% compared to a baseline without storage. Participation in the balancing market generated €112,350 in flexibility revenue, covering 67.8% of the €165,753 electricity cost. Although current market conditions do not support full cost recovery, the study demonstrates the value of TES-enabled flexibility and provides a foundation for future optimisation and multi-market participation.
                  ",https://iopscience.iop.org/article/10.1088/1742-6596/3140/6/062003,0.0
5th Generation District Heating and Cooling with TESSA pilot project in a UNESCO world heritage site,0,2025,"… energy sources and waste heat [1]. A notable innovation in this field is the fifth-generation district heating and cooling (… of 4th generation district heating: Research and results,” Energy, …",https://iopscience.iop.org/article/10.1088/1742-6596/3140/6/062019/meta,,0,"4th generation, district heating and cooling",10.1088/1742-6596/3140/6/062019,J D Chambers; M Boegli; T Soderstrom,11/1/2025,"Abstract
                  District heating systems, particularly fifth-generation district heating and cooling (5GDHC), are emerging as a key solution for decarbonizing space heating and domestic hot water using renewable energy and waste heat. 5GDHC operates on an “anergy network,” a low-temperature, uninsulated pipe system that delivers both heating and cooling energy to buildings via heat pumps. This system is especially beneficial for small villages with limited space for large heat production units. When combined with long-term thermal storage solutions like shallow geothermal boreholes, 5GDHC can meet the growing demand for space cooling. However, designing these systems is data-intensive and computationally expensive due to uncertainties in energy demand, renewable resource availability, and costs. The lack of adequate design and simulation tools is a major barrier to widespread adoption. Planeto’s software TESSA addresses this by providing design automation, engineering simulations, and integrated datasets for engineers. A pilot project in Grandvaux, Switzerland, assessed the feasibility of a 5GDHC system. The village has 67 buildings with a total heat demand of 2,300 MWh/year. The study evaluated the technical and economic feasibility of integrating decentralized energy production via heat pumps and geothermal boreholes. The 5GDHC system is suitable for villages with fewer than 2,000 inhabitants and low energy density, where traditional systems are economically unattractive. With 1,191 such municipalities in Switzerland alone, this technology holds significant potential.",https://iopscience.iop.org/article/10.1088/1742-6596/3140/6/062019,0.0
Study of Prospecting NPP Cogeneration as District Heating and Cooling in Indonesia,0,2025,"… optimal scenarios for district heating designs, required investments, and energy systems[13]. It is … of heating, cooling, and Fifth-generation District Heating and Cooling (5GDHC)/energy …",https://iopscience.iop.org/article/10.1088/1757-899X/1330/1/012007/meta,,0,"4th generation, district heating and cooling",10.1088/1757-899x/1330/1/012007,A Muksin Aji Setiawan; Sidik Permana; Topan Setiadipura,7/1/2025,"Abstract
               Metropolitan areas like Jakarta are often associated with dense populations and significant energy consumption challenges. During working hours, the city sees the movement of up to 4 million people, creating a distinct energy demand pattern compared to surrounding satellite areas. Energy usage peaks during the summer months due to the high demand for air conditioning, highlighting the need for a stable electricity supply. Jakarta’s current reliance on coal as its primary energy source becomes problematic when supply chains are disrupted or coal becomes economically unsustainable. Moreover, coal usage contributes to long-term environmental degradation. In alignment with the government’s target of achieving net-zero carbon emissions, there is a growing urgency to adopt renewable energy alternatives. Nuclear power presents itself as a viable solution for Indonesia, given its high energy output. The cogeneration capability of Nuclear Power Plants (NPPs) can be utilized for district heating and cooling (DHC), decreasing the city’s reliance on fossil fuels, particularly for cooling. This shift could significantly cut down on air pollution caused by fossil fuel combustion, thus enhancing air quality in Jakarta. This study explores the feasibility of integrating NPPs in major Indonesian cities, factoring in geographical, demographic, economic, and environmental aspects. Ultimately, the initiative aims to help Jakarta progress toward a cleaner and more sustainable urban environment.",https://iopscience.iop.org/article/10.1088/1757-899X/1330/1/012007,0.0
Evaluating the integration of apartment building heating systems with low-temperature district heating networks,0,2025,… (low-energy users) are connected to the system by way of expansion. The lower temperature of the … where n ϕ is the thermal output of the radiator at a given logarithmic difference in …,https://journals.vilniustech.lt/index.php/MLA/article/view/23939,,0,"low temperature, district thermal",10.3846/mla.2025.23939,Giedrė Streckienė; Juozas Bielskus; Artur Rogoža; Vilūnė Lapinskienė; Violeta Misevičiūtė,9/12/2025,"Any renovation of apartment buildings by replacing or keeping their heating devices usually means that high temperatures of the heat carrier are maintained, which restricts boosting the efficiency of a central heating supply system. This also limits the scope for a switch to more efficient systems such as low-temperature district heating systems. To assess the impact of reducing the heat carrier temperature on indoor heating with a constant radiator area, the article investigates several alternatives alongside a base case scenario. In one scenario, the modernization of a building is examined, either by retaining the current heating devices or by substituting them with devices of equal size. Another scenario explores the modernization of a building by exchanging the heating devices and adjusting the building’s heating system to accommodate ultra-low temperatures. The possibility to reduce the temperature of the heat carrier in the heating system without any renovation of the building has been addressed as well. This led to seven alternatives. The analysis of the hourly data of the heating system model for two typical months in a heating season has revealed that when the building retains its existing area of heating devices post-renovation, the temperature can be brought down to 60/40/20 °C. It was also discovered that lowering the heat transfer temperature to ultra-low parameters (45/25/20 °C) cannot be achieved by refurbishing the buildings without increasing the number of radiators, as the heating devices will fail to deliver adequate heat for space heating.",https://journals.vilniustech.lt/index.php/MLA/article/view/23939/13054,0.0
A Tool for the Optimal Design of Climate Resilient Thermal Energy Networks. Part 2: District Heating and Cooling Network Model,0,2025,"… 5], and the node method, that is a version of the plug flow approach [13]. In this paper, a detailed model of the network … thermal model with an implicit Euler method, for what concerns the …",https://link.springer.com/chapter/10.1007/978-3-032-06806-4_30,,0,"5th generation, thermal network",10.1007/978-3-032-06806-4_30,Giorgio Villa; Adriana Angelotti; Marcello Aprile,11/23/2025,,https://link.springer.com/content/pdf/10.1007/978-3-032-06806-4_30,0.0
Smart Controllers Enable Innovative and Sustainable Residential Thermal Network Design and Operation,0,2025,… Smart controlled thermal networks offer a promising pathway to sustainable residential … collective thermal energy systems. The results reveal that a smart controlled two-pipe network …,https://lirias.kuleuven.be/handle/20.500.12942/773097,,0,"4th generation, thermal network",10.38124/ijisrt/25nov1058,B. Kishore; S. Vishwa Teja; N. Ramakrishna; S. Umesh; B. Sharath; B. Varshith,11/29/2025,"Modern power systems face increasing challenges in maintaining voltage stability, improving power transfer
capacity, and reducing transmission losses due to growing electricity demand and limited infrastructure expansion. Reactive
power management has emerged as a critical factor in addressing these challenges, as uncontrolled reactive power leads to
voltage fluctuations, reduced equipment utilization, increased line losses, and potential system instability. This paper
presents a comprehensive examination of reactive power compensation techniques utilizing Flexible AC Transmission
System (FACTS) controllers, which represent a paradigm shift from conventional mechanical compensation methods to
advanced power electronic-based solutions. FACTS controllers provide dynamic, fast-acting control of transmission system
parameters through power electronic switching devices, enabling real-time reactive power compensation without the
limitations of traditional mechanical systems. This paper investigates various FACTS controller topologies including Static
VAR Compensator (SVC), Static Synchronous Compensator (STATCOM), Thyristor Controlled Series Compensator
(TCSC), Static Synchronous Series Compensator (SSSC), and Unified Power Flow Controller (UPFC), analyzing their
operational principles, control strategies, and performance characteristics in both shunt and series compensation
configurations. The study demonstrates how FACTS controllers enhance power system stability by maintaining voltage
profiles within acceptable limits, damping power oscillations, improving power factor, and increasing the load ability of
existing transmission corridors without requiring costly infrastructure expansion. Through theoretical analysis and system
modeling, this paper evaluates the effectiveness of different FACTS devices in various power system scenarios, comparing
their technical benefits, economic viability, and application suitability. The findings indicate that strategic deployment of
FACTS controllers offers significant advantages in terms of improved system efficiency, enhanced reliability, and deferred
capital investment in new transmission facilities, making them essential components of modern smart grid infrastructure.",,0.0
Simulation and analysis of a geothermal energy network: A technical and societal perspective on modern energy infrastructure,0,2025,"… by modern district networks, which facilitate bi-directional … -grade thermal sources and energy sharing between buildings. … and business models of modern district thermal networks. The …",https://lup.lub.lu.se/search/files/233898412/Kappa.pdf,https://lup.lub.lu.se/search/files/233898412/Kappa.pdf,0,"bi-directional, district thermal",10.1007/978-3-031-81920-9_12,Anna Pellizzone; Agnes Allansdottir; Adele Manzella,2025,,https://link.springer.com/content/pdf/10.1007/978-3-031-81920-9_12,0.0
Heating Scottish Public Buildings with Low Temperature Heat Networks: An Investigation,0,2025,,https://napier-repository.worktribe.com/OutputFile/4844994,,0,"ultra-low temperature, thermal network",10.3390/buildings15193489,Jierong Liang; Tingxun Li,9/26/2025,"This study presents the development and experimental validation of a dynamic simulation model for a transcritical CO2 heat pump system coupled with a stratified water tank, with particular focus on strong transient behavior and detailed heat exchanger characteristics. Due to the unique thermophysical properties of CO2 under transcritical conditions, conventional modeling approaches are insufficient. The model was validated against experimental results under a range of operating conditions. It accurately predicted outlet water temperatures within ±3.2 °C and system COP within ±6.8% deviation from measurements. In contrast to previous models, this approach offers improved accuracy in capturing dynamic system responses, including startup transients, and demonstrates high adaptability across varying ambient temperatures and load profiles. Importantly, the model also considers the vertical installation layout of components, enabling analysis of gravitational effects on system dynamics and offering insights into optimal configuration strategies. The validated model serves as a powerful tool for system optimization and advanced control design in residential CO2 heat pump applications.",https://www.mdpi.com/2075-5309/15/19/3489/pdf,0.0
Geothermal Networks Can Aid Decarbonization Through Repurposed Hydrocarbon Wells,0,2025,… the fourth generation and low temperature in the fifth generation. … paves the way for recovery and integration into the heat grid … The fifth generation of DH addresses the challenge. …,https://onepetro.org/JPT/article/77/03/79/643568,,0,"fifth generation, thermal grid",10.2118/0325-0079-jpt,Chris Carpenter,3/1/2025,"
                  _
                  This article, written by JPT Technology Editor Chris Carpenter, contains highlights of paper SPE 220014, “Decarbonizing the Residential Sector With Geothermal District-Heating Networks: The Contribution of Hydrocarbon Wells,” by Claudio Alimonti, SPE, Sapienza University of Rome and Istituto di Geologia Ambientale e Geoingegneria, and Davide Scrocca, Istituto di Geologia Ambientale e Geoingegneria. The paper has not been peer reviewed.
               
               
                  _
                  This study highlights how the recovery and reuse of existing hydrocarbon infrastructure can contribute to the diffusion of district-heating (DH) projects that implement principles of circular economy. The complete paper presents two examples of reusing hydrocarbon wells to satisfy the energy demand for heating residential buildings through locally available geothermal renewable energy sources.
               
               
                  Background
                  The mature phase of oil and gas reservoirs usually is characterized by the production of formation waters together with hydrocarbons. The volume of the produced water generally increases as fields mature until hydrocarbon production becomes uneconomical and wells are cemented and closed.
                  Reservoir fluids could have temperatures high enough to support geothermal exploitation depending on the geothermal gradient. Therefore, when hydrocarbon wells are approaching the end of their productive life, and where geothermal potential exists, conversion to geothermal wells could be a reasonable alternative to closure.
                  The authors’ results show how the repurposing of hydrocarbon wells into geothermal wells constitutes an excellent opportunity to access geothermal resources, reducing investment and mining risks and improving project economics.
                  Considering that the temperature of reservoir fluids accessible through existing active wells generally is lower than 100–110°C, one of the more suitable applications for the harvested heat is to power new-generation DH systems that can operate with delivery temperatures even lower than 60°C.
               
               
                  Data and Results
                  Geothermal Potential of Using Hydrocarbon Wells in Italy.
                  Data regarding hydrocarbon production concessions and active hydrocarbon wells are made available by the Italian Ministry of Environment and Energy Security. Further data are provided by the Visibility of Petroleum Exploration Data in Italy project.
                  In Italy, 1,561 active wells are distributed in 183 hydrocarbon concessions. In 111 onshore hydrocarbon production concessions, 847 active wells have different operational statuses, including 436 productive wells and 399 potentially productive wells.
                  A first selection of onshore fields hosting the most-promising productive or potentially productive wells was performed through comparison of the well location and total depth with the known subsurface temperature field. In that study, the reference thermal data were temperature maps at depths of 1000, 2000, and 3000 m below ground level. In one approach proposed in the literature, given that the focus was on space-heating applications, the minimum production temperature was set to 70°C. On this basis, 42 fields have been identified with depths greater than 2000–3000 m and with temperatures greater than 60–70 °C. However, heat recoverable from even-lower-temperature reservoir fluids could have potential uses with the most-recent generations of DH systems and with direct heat.
               ",https://onepetro.org/JPT/article-pdf/77/03/79/4600779/spe-0325-0079-jpt.pdf,0.0
A Future Perspective on the Digitalization of the District Energy Systems,0,2025,"… [3] Similarly, the 4th Generation District Cooling (4GDC) … of district energy systems through the ""Efficient District Heating"" framework, aiming to increase the share of renewable energy …",https://orbit.dtu.dk/en/publications/a-future-perspective-on-the-digitalization-of-the-district-energy,,0,"4th generation, district energy",10.2139/ssrn.5167660,Dietrich Schmidt; Michele Tunzi; Mathieu Vallée; Dirk Vanhoudt; Pakdad Langroudi; Edmund Widl; Markus Gölles,2025,,,0.0
Decarbonisation of District Heating System: Case District Heating System in the City of Vaasa,0,2025,… the district heating network by combining heating and cooling solutions into bidirectional district heating and demand response in heating. … networks allowing bi-directional heat delivery. …,https://osuva.uwasa.fi/handle/10024/19446,,0,"bi-directional, district heating and cooling",10.1016/j.energy.2025.138242,Mieczysław Dzierzgowski; Adam Cenian,2025-9,,https://api.elsevier.com/content/article/PII:S0360544225038848?httpAccept=text/xml,0.0
Critical Review of Applications of Semantic Modeling for Scalable Deployment of Data-Driven Services in 4-5th Generation District Heating and Cooling Systems,0,2025,"… district energy networks, fostering efficiency and decarbonization in urban energy systems. … Hvelplund, BV Mathiesen, 4th generation district heating (4gdh): Integrating smart thermal …",https://papers.ssrn.com/sol3/papers.cfm?abstract_id=5163003,,0,"4th generation, district heating and cooling",10.2139/ssrn.5163003,Zeng Peng; Thomas  Ohlson Timoudas; Qian Wang,2025,,,0.0
Day Ahead Market Clearing Model for Low-Temperature District Heating Systems Based on Urban Waste Heat,0,2025,"… The model offers a comprehensive assessment focusing on energy, economic, and environmental aspects of low-temperature district heating … Ultra-low temperature district heating UWH …",https://papers.ssrn.com/sol3/papers.cfm?abstract_id=5218012,,0,"ultra-low temperature, district heating and cooling",10.2139/ssrn.5203629,Josip Miškić; Tomislav Pukšec,2025,,,0.0
Horizontal Borehole Heat Exchangers as a Drilling Engineering Solution for Fifth-Generation Heating Networks,0,2025,… 5th generation district heating and cooling systems: A review of existing cases in Europe… 5th generation district heating cooling network integrated with a phase change material thermal …,https://papers.ssrn.com/sol3/papers.cfm?abstract_id=5340436,,0,"5th generation, thermal network",10.2139/ssrn.5340436,Tomasz Sliwa; Remigiusz Kunasz,2025,,,0.0
An Open-Source Tool for Early-Stage Design of Fifth-Generation Heating and Cooling Networks,0,2025,"… heating but also to integrate sustainable and efficient cooling solutions. In this regard, 5th generation district heating and cooling (… energy flows, they can simultaneously provide heating …",https://repositum.tuwien.at/handle/20.500.12708/222099,,0,"5th generation, district heating and cooling",10.26868/25222708.2025.1610,Matteo Bilardo; Enrico Prataviera; Mohamad Hasan Khajedehi; Enrico Fabrizio; Michele De Carli,8/24/2025,,,0.0
Analyzing the Integration of Low-Emission Heat Sources into Fourth-Generation District Heating Networks,0,2025,"… efficiency, facilitates sector coupling, and enables the use of low-grade heat sources, including geothermal, solar thermal, and industrial waste heat [3]. Fourthgeneration district heating …",https://research.tue.nl/files/367970063/2029383-MasterThesisReport.pdf,https://research.tue.nl/files/367970063/2029383-MasterThesisReport.pdf,0,"4th generation, district heating and cooling",10.3390/en18092307,Stanislav Chicherin,4/30/2025,"This study investigates improving district heating (DH) systems by analyzing the effects of low-temperature operation on network efficiency, heat losses, and indoor temperature stability. A mathematical model is developed to simulate building heat performance under different supply temperatures, substation connection types, and envelope materials. The methodology involves detailed hourly heat load simulations and optimization techniques to assess the impact of temperature flexibility and heat accumulation within buildings. The results reveal that a 10 °C reduction in supply temperature leads to a heat loss decrease of up to 20%, significantly improving system efficiency. Moreover, buildings with higher thermal inertia and indirect substation connections exhibit better resilience to short-term temperature fluctuations, ensuring more stable indoor conditions. The analysis also demonstrates that optimizing temperature control can reduce operational costs by 19%, primarily by minimizing excessive heat supply and utilizing stored thermal energy effectively. Despite slight temperature fluctuations in extreme conditions, the system maintains indoor comfort levels within acceptable limits. This study concludes that transitioning to a lower-temperature DH system is feasible without compromising reliability, provided heat accumulation effects and supply flexibility are carefully managed. These findings offer a replicable approach for improving DH efficiency in networks with diverse building configurations.",https://www.mdpi.com/1996-1073/18/9/2307/pdf,1.0
5th Generation District Heating and Cooling (5GDHC) Systems: Improving the Efficiency of a Booster Heat Pump,0,2025,"… [5] Sorknæs P., Nielsen S., Lund H., Mathiesen VB, Moreno D., Thellufsen ZJ The benefits of 4th generation district heating and energy efficient datacentres. Energy 2022:260:125215. …",https://sciendo.com/pdf/10.2478/rtuect-2025-0018,,0,"4th generation, district heating and cooling",10.2478/rtuect-2025-0018,Stanislav Chicherin; Jonathan Hachez; Afraz Mehmood Chaudhry; Svend Bram,1/1/2025,"Abstract
                  This study addresses the limitations of booster heat pumps in achieving high secondary supply temperatures, which are constrained by declining Carnot efficiency. The research investigates the performance and economic feasibility of integrating booster water-to-water heat pumps into a 5th generation district heating and cooling (5GDHC) system, particularly for a newly built office building in a moderate climate zone with an average winter supply temperature of 50 °C. The methodological framework assumes idealized system behavior without part-load penalties, and models heat pump performance based on Carnot cycle efficiency corrected by a typical Carnot scaling factor (η = 0.6). Key assumptions include fixed building envelope characteristics, specific energy consumption based on energy performance certificates, and cost parameters for standard and advanced heat pumps (1.5× and 5× higher variable and fixed costs, respectively). The model incorporates pinch temperatures to reflect practical heat exchange limitations and applies a simultaneity factor for accurate heat pump sizing across multiple buildings. Results show that despite a 50 % increase in capital expenditures (CapEx), operational expenditures (OpEx) decrease significantly, resulting in an overall cost reduction of 11 %. Advanced heat pumps with 22 % higher efficiency compared to mass-market units demonstrate notable improvements in seasonal COP (SCOP) by 22 % and electricity consumption by 18 %. Maximum COPs of 6.0 in winter and 12.0 in transitional periods are observed. A peak heat demand of 12 MW is covered by 25 booster units averaging 478 kW each, activated when secondary supply temperatures exceed the network temperature. The findings support the strategic deployment of efficient, electricity-driven booster heat pumps in 5GDHC systems. Improved thermal integration and the use of renewable energy sources further reduce energy costs and carbon emissions, enhancing both the energetic and economic performance of the system.",https://www.sciendo.com/pdf/10.2478/rtuect-2025-0018,0.0
"Increasing the efficiency of district heating systems through analysis, development and integration of innovative low temperature heat recovery methods",0,2025,"… substation for 5th generation district heating and cooling networks. … 5th generation district heating networks, installed in a pilot network and capable of covering the heating and cooling …",https://tesidottorato.depositolegale.it/handle/20.500.14242/218342,,0,"5th generation, district heating and cooling",10.3390/su17135870,Pengying Wang; Hangyu Zhou,6/26/2025,"District heating systems in northern China predominantly rely on coal-fired heat sources, necessitating sustainable alternatives to reduce carbon emissions. This study investigates a biomass combined heat and power (CHP) system integrated with cascaded absorption heat pump (AHP) technology to recover waste heat from semi-dry flue gas desulfurization exhaust and turbine condenser cooling water. A multi-source operational framework is developed, coordinating biomass CHP units with coal-fired boilers for peak-load regulation. The proposed system employs a two-stage heat recovery methodology: preliminary sensible heat extraction from non-saturated flue gas (elevating primary heating loop (PHL) return water from 50 °C to 55 °C), followed by serial AHPs utilizing turbine extraction steam to upgrade waste heat from circulating cooling water (further heating PHL water to 85 °C). Parametric analyses demonstrate that the cascaded AHP system reduces turbine steam extraction by 4.4 to 8.8 t/h compared to conventional steam-driven heating, enabling 3235 MWh of annual additional power generation. Environmental benefits include an annual CO2 reduction of 1821 tonnes, calculated using regional grid emission factors. The integration of waste heat recovery and multi-source coordination achieves synergistic improvements in energy efficiency and operational flexibility, advancing low-carbon transitions in district heating systems.",https://www.mdpi.com/2071-1050/17/13/5870/pdf,0.0
Learning-based Hybrid Models for Operating 4th Generation District Heating Systems,0,2025,… state estimation and heating plant control tasks for 4th generation district heating systems. The … for state estimation and heating plant control for 4th generation district heating grids. The …,https://tuprints.ulb.tu-darmstadt.de/29437,,0,"4th generation, district heating and cooling",10.1016/j.energy.2025.134661,Andreas Bott; Mario Beykirch; Florian Steinke,2025-3,,https://api.elsevier.com/content/article/PII:S0360544225003032?httpAccept=text/xml,2.0
A Comparative study of district heating and cooling networks of 4th and 5th generation based on shallow geothermal energy: modelling and analysis using,0,2025,… This literature review surveys research on fourth- and fifth-generation district heating and cooling (4GDHC/5GDHC) comparison with a focus on shallow-geothermal integration and …,https://upcommons.upc.edu/entities/publication/b3544513-7a07-4dd6-9456-de738089c8ae,,0,"4th generation, district heating and cooling",10.3997/1365-2397.fb2025081,Rami Niemi; Harun Bitlis; Erika Salmenvaara; Valtteri Viitala,10/1/2025,,,0.0
Analysis and Application of BIM-Based District Heating Pipeline Network Digital Twin System,0,2024,"… carbon emissions and energy consumption. Therefore, enhancing the intelligence of urban … bi-directional interaction, this study proposes a basic framework for a BIM-based district …",https://www.atlantis-press.com/proceedings/icache-24/126008865,,0,"bi-directional, district energy",10.1109/ciced63421.2024.10754272,Bin Wang; Chaoqun Li; Zhiwei You,9/12/2024,,http://xplorestaging.ieee.org/ielx8/10753643/10753652/10754272.pdf?arnumber=10754272,0.0
"Evaluating Retrofit Strategies and Decentralised Systems for the Transition to Low-Temperature District Heating: A Simulation-Based Case Study in Borl nge, Sweden",0,2025,"… Therefore, this research seeks to fill this gap by developing a calibrated district energy model using the City Energy Analyst (CEA) platform. The study integrates statistical building inputs…",https://www.diva-portal.org/smash/record.jsf?pid=diva2:1999628,,0,"low-temperature, district energy",10.1007/978-3-032-03101-3_6,Vignesh Pechiappan Ayyathurai; Abdelmomen Najmadin,11/1/2025,,https://link.springer.com/content/pdf/10.1007/978-3-032-03101-3_6,0.0
Enhancing Grid Flexibility with 5th Generation District Heating and Cooling Systems: Energy Management Strategies for User Substations,0,2025,"… As urban energy systems face growing demands for efficiency and grid stability, the integration of 5th generation district heating and cooling (5GDHC) systems offers substantial …",https://www.iris.unina.it/handle/11588/1013395,,0,"5th generation, district heating and cooling",10.1016/j.energy.2025.136639,Stanislav Chicherin,2025-8,,https://api.elsevier.com/content/article/PII:S0360544225022819?httpAccept=text/xml,3.0
Large Temperature Difference Heat Pump System for Long-Distance Heat Transportation: Experimental Study and Feasibility Analysis,0,2025,"… The vapor compression heat pump is driven by electricity, compressing the low-temperature … vapor compression heat pumps in large temperature difference district heating systems. …",https://www.mdpi.com/1996-1073/18/16/4449,,0,"low-temperature, district heat pump",10.3390/en18164449,Qing Miao; Minxia Li; Chaobin Dang; Beiran Hou; Shigang Zhang,8/21/2025,"With the increasing depletion of fossil fuels, it is urgent to build an efficient regional heating scheme. Long-distance heating transportation schemes are important for the integration and utilization of low-grade heat resources. It is worth noting that when implementing the long-distance heating transportation scheme, a heat pump system with large temperature differences and high flexibility is required. However, the conventional vapor compression heat pump system is generally based on a single-stage cycle construction, which has the problems of poor heating capacity and a narrow operation range. In this study, a novel large temperature difference heat pump system is proposed. The heat transfer process of the novel heat pump system is serrated, and the pressure ratio of the compressor is similar under different working conditions. Through experimental study, the energy efficiency performance of the system is explored. Taking the conventional heat pump as the comparison object, the annual performance of the system is analyzed. The results show that the novel system can reduce carbon emissions and operation costs by more than 50%.",https://www.mdpi.com/1996-1073/18/16/4449/pdf,0.0
Modeling and Performance Evaluation of a District Heating Network with Integration of a Thermal Prosumer: A Case Study in Italy,0,2025,"… generation systems, such as solar thermal or waste-heat recovery units. This analysis does not delve into the configuration of the bidirectional substation or its operating modes. The …",https://www.mdpi.com/1996-1073/18/22/5977,,0,"bidirectional, district thermal",10.3390/en18225977,Giulia Bonelli; Martina Capone; Vittorio Verda; Elisa Guelpa,11/14/2025,"The decarbonization of the heating sector requires the progressive transformation of district heating systems toward low-temperature and renewable-based configurations. In this context, the integration of thermal prosumers, capable of both consuming and producing heat, represents a promising solution to increase network flexibility and support sector coupling through technologies such as heat pumps. This work presents a thermo-fluid dynamic modeling framework developed to analyze the integration of a heat pump-based prosumer into an existing large-scale district heating network in Italy. The model adopts a graph-based, thermo-fluid dynamic model, combining a steady-state hydraulic formulation with a transient thermal analysis, and is complemented by a set of Key Performance Indicators for the evaluation of energy exchanges and self-sufficiency at user and network levels. Different operational configurations are analyzed, including local sharing within the distribution network and heat export to the main transport network, with and without local thermal storage. The study focuses on summer operation, when the network supplies only domestic hot water, a condition in which distributed renewable generation can play a major role in reducing central plant operation. The results highlight the potential of thermal prosumers to enhance energy autonomy and flexibility in existing district heating networks, paving the way for their evolution toward fully renewable and bidirectional systems.",https://www.mdpi.com/1996-1073/18/22/5977/pdf,0.0
Assessing Positive Energy District Potential: A Case Study in Central Italy,0,2025,This study investigates the application of the Positive Energy District paradigm to two existing and morphologically diverse urban districts in Rome: Testaccio and Valco San Paolo. The …,https://www.mdpi.com/1996-1073/18/24/6431,,0,"4th generation, district energy",10.3390/en18246431,Giuseppina Ciulla; Mario Miranna; Francesco Guarino; Maurizio Cellura; Sonia Longo; Paolo Civiero; Ilaria Montella; Paola Marrone,12/9/2025,"This study investigates the application of the Positive Energy District paradigm to two existing and morphologically diverse urban districts in Rome: Testaccio and Valco San Paolo. The research aims to evaluate the feasibility and effectiveness of district-scale energy retrofitting strategies, integrating dynamic simulation tools to model current energy behavior and assess future scenarios. The methodology combines a range of interventions including envelope insulation, high-performance glazing, HVAC system upgrades, efficient lighting solutions, and large-scale photovoltaic deployment. Additionally, the study explores the potential benefits of energy storage systems, with particular focus on the optimal sizing of lithium-ion battery solutions to enhance local self-consumption and reduce grid dependency. Key performance indicators are used to analyze the alignment between renewable energy generation and district demand, as well as the interaction with the electrical grid. By calibrating simulation models with real thermophysical and consumption data, the research ensures methodological robustness and enables the replicability of the proposed approach in other urban contexts. The study offers a comprehensive framework for planners and policymakers seeking to support the decarbonization and resilience of urban districts through the implementation of PEDs. Future developments will focus on optimizing storage management, assessing the environmental impact of battery life cycles, and integrating PEDs within broader urban energy ecosystems.",https://www.mdpi.com/1996-1073/18/24/6431/pdf,1.0
GIS-Driven Methods for Scouting Sources of Waste Heat for Fifth-Generation District Heating and Cooling (5GDHC) Systems: Railway/Highway Tunnels,0,2025,… This study provides a novel and impactful contribution to renewable energy and district heating and cooling systems by integrating GIS-driven methods and energy modeling aspects. …,https://www.mdpi.com/2227-9717/13/1/165,,0,"5th generation, district heating and cooling",10.3390/pr13010165,Stanislav Chicherin,1/9/2025,"This paper explores the innovative application of Geographic Information Systems (GISs) to identify and utilize waste heat sources from railway and highway tunnels for fifth-generation district heating and cooling (5GDHC) systems. Increasing the number of prosumers—entities that produce and consume energy—within 5GDHC networks enhances their efficiency and sustainability. While potential sources of waste heat vary widely, this study focuses on underground car/railway tunnels, which typically have a temperature range of 20 °C to 40 °C. Using GIS software, we comprehensively analyzed tunnel locations and their potential as heat sources in Belgium. This study incorporates data from various sources, including OpenStreetMap and the European Waste Heat Map, and applies a two-dimensional heat transfer model to estimate the heat recovery potential. The results indicate that railway tunnels, especially in the southern regions of Belgium, show significant promise for waste heat recovery, potentially contributing between 0.8 and 2.9 GWh annually. The integration of blockchain technology for peer-to-peer energy exchange within 5GDHC systems is also discussed, highlighting its potential to enhance energy management and billing. This research contributes to the growing body of knowledge on sustainable energy systems and presents a novel approach to leveraging existing district heating and cooling infrastructure.",https://www.mdpi.com/2227-9717/13/1/165/pdf,0.0
Zero Emissions Analysis for a Hybrid System with Photovoltaic and Thermal Energy in the Balearic Islands University,0,2025,"… grid export limit. Furthermore, the potential of demand-side electrification, implemented via a centralized HVAC plant and a 4th–5th generation … on grid electricity during non-generation …",https://www.mdpi.com/2673-9941/5/3/31,,0,"5th generation, thermal grid",10.3390/solar5030031,Pere Antoni Bibiloni-Mulet; Andreu Moià-Pol; Jacinto Vidal-Noguera; Iván Alonso; Víctor Martínez-Moll; Yamile Díaz Torres; Vicent Canals; Benito Mas; Carles Mulet-Forteza,7/4/2025,"The University of the Balearic Islands is undertaking a significant energy transition toward a zero-emissions model, motivated by escalating energy costs and strong institutional commitments to climate neutrality. This study investigates the technical and operational feasibility of deploying 7.1 MWp of photovoltaic capacity across the campus, integrated with Li-FePO4 battery systems and thermal energy storage. Through a detailed analysis of hourly energy demand, PV generation profiles, and storage constraints, the research evaluates how these technologies can be optimized to meet campus needs. A linear optimization model is applied to assess system performance under the constraint of a 3 MW grid export limit. Furthermore, the potential of demand-side electrification, implemented via a centralized HVAC plant and a 4th–5th generation district heating and cooling network, is analyzed in terms of its ability to maximize on-site PV self-consumption and reduce reliance on grid electricity during non-generation periods.",https://www.mdpi.com/2673-9941/5/3/31/pdf,0.0
A Modelling-Based Parametric Assessment of sTES Design and Operation Within a Thermal Source Network,0,2025,"… thermal energy storage (sTES) within conventional high-temperature (> 70 C) district heating networks, often overlooking unique challenges of TSNs, such as managing bi-directional …",https://www.researchgate.net/profile/Abdulrahman-Dahash/publication/398009276_A_modelling-based_parametric_assessment_of_sTES_design_and_operation_within_a_thermal_source_network/links/692abc1ff4878b75fc7a7d17/A-modelling-based-parametric-assessment-of-sTES-design-and-operation-within-a-thermal-source-network.pdf,https://www.researchgate.net/profile/Abdulrahman-Dahash/publication/398009276_A_modelling-based_parametric_assessment_of_sTES_design_and_operation_within_a_thermal_source_network/links/692abc1ff4878b75fc7a7d17/A-modelling-based-parametric-assessment-of-sTES-design-and-operation-within-a-thermal-source-network.pdf,0,"bi-directional, district thermal",10.26868/25222708.2025.1708,Shariq Akbar; Simon Müller; Abdulrahman Dahash; Christoph Bott; David Schmitt; Christoph Trinkl; Peter Bayer; Tobias Schrag,8/24/2025,,,0.0
Evaluating the efficiency of fifth-generation district heating and cooling using sector-coupled co-simulation,0,2025,"… 5th generation district heating and cooling systems: A review of existing cases in Europe. Renewable and Sustainable Energy Reviews 104 (2019), 504–522. doi:10.1016/j.rser.2018.12.…",https://www.researchgate.net/profile/Dominik-Vereno/publication/395535826_Evaluating_the_efficiency_of_fifth-generation_district_heating_and_cooling_using_sector-coupled_co-simulation/links/68c9687c4eef4b024b8bcf3f/Evaluating-the-efficiency-of-fifth-generation-district-heating-and-cooling-using-sector-coupled-co-simulation.pdf,https://www.researchgate.net/profile/Dominik-Vereno/publication/395535826_Evaluating_the_efficiency_of_fifth-generation_district_heating_and_cooling_using_sector-coupled_co-simulation/links/68c9687c4eef4b024b8bcf3f/Evaluating-the-efficiency-of-fifth-generation-district-heating-and-cooling-using-sector-coupled-co-simulation.pdf,0,"fifth generation, district heating and cooling",10.3390/pr13061730,Stanislav Chicherin,5/31/2025,"Efficient cooling and heat recovery systems are becoming increasingly critical in large-scale commercial and industrial facilities, especially with the rising demand for sustainable energy solutions. Traditional air-conditioning and refrigeration systems often dissipate significant amounts of waste heat, which remains underutilized. This study addresses the challenge of harnessing low-potential waste heat from such systems to support fifth-generation district heating and cooling (5GDHC) networks, particularly in moderate-temperate regions like Flanders, Belgium. To evaluate the technical and economic feasibility of waste heat recovery, a methodology is developed that integrates established performance metrics—such as the energy efficiency ratio (EER), power usage effectiveness (PUE), and specific cooling demand (kW/t)—with capital (CapEx) and operational expenditure (OpEx) assessments. Empirical correlations, including regression analysis based on manufacturer data and operational case studies, are used to estimate equipment sizing and system performance across three operational modes. The study includes detailed modeling of data centers, cold storage facilities, and large supermarkets, taking into account climatic conditions, load factors, and thermal capacities. Results indicate that average cooling loads typically reach 58% of peak demand, with seasonal coefficient of performance (SCOP) values ranging from 6.1 to a maximum of 10.3. Waste heat recovery potential varies significantly across building types, with conversion rates from 33% to 68%, averaging at 59%. In data centers using water-to-water heat pumps, energy production reaches 10.1 GWh/year in heat pump mode and 8.6 GWh/year in heat exchanger mode. Despite variations in system complexity and building characteristics, OpEx and CapEx values converge closely (within 2.5%), demonstrating a well-balanced configuration. Simulations also confirm that large buildings operating above a 55% capacity factor provide the most favorable conditions for integrating waste heat into 5GDHC systems. In conclusion, the proposed approach enables the scalable and efficient integration of low-grade waste heat into district energy networks. While climatic and technical constraints exist, especially concerning temperature thresholds and equipment design, the results show strong potential for energy savings up to 40% in well-optimized systems. This highlights the viability of retrofitting large-scale cooling systems for dual-purpose operation, offering both environmental and economic benefits.",https://www.mdpi.com/2227-9717/13/6/1730/pdf,1.0
Energy and economic evaluation of a moderately-high-temperature heat pump with R-1234ze (E) in district heating and cooling networks,0,2025,… explore the different scenarios when combined with DHCNs (fourth generation (4G) and fifth generation (5G) scenarios) and investigates the maximization of efficiency with an internal …,https://www.researchgate.net/profile/Ghad-Alarnaot/publication/396386982_Energy_and_economic_evaluation_of_a_moderately-high-temperature_heat_pump_with_R-1234zeE_in_district_heating_and_cooling_networks/links/68e8d6ba02d6215259ba97f8/Energy-and-economic-evaluation-of-a-moderately-high-temperature-heat-pump-with-R-1234zeE-in-district-heating-and-cooling-networks.pdf,https://www.researchgate.net/profile/Ghad-Alarnaot/publication/396386982_Energy_and_economic_evaluation_of_a_moderately-high-temperature_heat_pump_with_R-1234zeE_in_district_heating_and_cooling_networks/links/68e8d6ba02d6215259ba97f8/Energy-and-economic-evaluation-of-a-moderately-high-temperature-heat-pump-with-R-1234zeE-in-district-heating-and-cooling-networks.pdf,0,"fourth generation, district heat pump",10.1016/j.enconman.2024.119346,Ghad Alarnaot-Alarnaout; Joaquín Navarro-Esbrí; Ángel Barragán-Cervera; Adrián Mota-Babiloni,2025-2,,https://api.elsevier.com/content/article/PII:S0196890424012871?httpAccept=text/xml,8.0
Modeling and Integration of Photovoltaic Thermal (PVT) Hybrid Solar Collectors in A Fifth-Generation District Heating and Cooling (5GDHC) Network,0,2025,… approach to enhancing overall energy efficiency and sustainability in district energy systems. This … the energy efficiency and cost benefits of the PVT-5GDHC district energy system. …,https://www.researchgate.net/profile/Guowen-Li-5/publication/398023963_Modeling_and_integration_of_photovoltaic_thermal_PVT_hybrid_solar_collectors_in_a_fifth-generation_district_heating_and_cooling_network_5GDHC/links/692dd5a60e91876082c045c1/Modeling-and-integration-of-photovoltaic-thermal-PVT-hybrid-solar-collectors-in-a-fifth-generation-district-heating-and-cooling-network-5GDHC.pdf,https://www.researchgate.net/profile/Guowen-Li-5/publication/398023963_Modeling_and_integration_of_photovoltaic_thermal_PVT_hybrid_solar_collectors_in_a_fifth-generation_district_heating_and_cooling_network_5GDHC/links/692dd5a60e91876082c045c1/Modeling-and-integration-of-photovoltaic-thermal-PVT-hybrid-solar-collectors-in-a-fifth-generation-district-heating-and-cooling-network-5GDHC.pdf,0,"5th generation, district energy",10.26868/25222708.2025.1393,Guowen Li; Yuhang Zhang; Mingzhe Liu; Zheng O'Neill; Li Song; Gang Wang; Jie Cai; Xingru Wu,8/24/2025,,,0.0
Optimization of district heating systems integrated with energy storage for enhanced economic performance,0,2025,"A possible carbon–neutral substitute for district heating systems (DHSs) that rely on fossil fuels is the idea of a heat-only small modular reactor (SMR). However, high capital …",https://www.sciencedirect.com/science/article/pii/S0029549325005709,,0,"low-temperature, district energy",10.1016/j.nucengdes.2025.114393,Ying Deng; XiaoLong Li; Shafa Guliyeva; Umriya Kenjayeva,2025-12,,https://api.elsevier.com/content/article/PII:S0029549325005709?httpAccept=text/xml,0.0
Low-Temperature District Heating Operations Using Heat Cost Allocators in Apartment Buildings,0,2025,"… In the transition to Fourth-Generation District Heating (4GDH), buildings play a key role in determining the operating temperatures. Existing heating systems have the potential to operate …",https://www.sciencedirect.com/science/article/pii/S0360132325015616,,0,"4th generation, district heating and cooling",10.1016/j.applthermaleng.2024.125363,Sung Woo Ryu; Kwang Ho Lee,2025-3,,https://api.elsevier.com/content/article/PII:S135943112403031X?httpAccept=text/xml,6.0
Reducing pumping energy in thermal grids: A study on hydraulic modeling and design approaches,0,2025,"This study investigates the hydraulic modeling of district heating and cooling systems to reduce pumping energy consumption. Key parameters such as head loss, pumping power, …",https://www.sciencedirect.com/science/article/pii/S0360544225020523,,0,"4th generation, thermal grid",10.2139/ssrn.5126882,Mohammad-Reza Kolahi; Jonathan Chambers; Stefan Mennel; Martin Patel,2025,,,0.0
Identification of District Heating and Cooling System Archetypes: a Novel Approach Applied to a Case Study in Switzerland,0,2025,… District Heating and Cooling (DHC) systems are central to the decarbonisation of thermal energy supply. For efficient development and assessment of decarbonisation strategies …,https://www.sciencedirect.com/science/article/pii/S0360544225028014,,0,"fourth generation, district heating and cooling",10.1016/j.energy.2025.137159,Luca Brauchli; Núria Duran Adroher; Willy Villasmil; Markus Auer; Edward Lucas; Philipp Schuetz; Jörg Worlitschek,2025-10,,https://api.elsevier.com/content/article/PII:S0360544225028014?httpAccept=text/xml,0.0
"Techno-economic analysis of integrated biomass gasification and alkaline electrolysis for 5th generation district energy networks in Quebec, Canada",0,2025,"This study presents a technical, thermo-economic, and environmental analysis of a biomass-based polygeneration system. This system is for fifth-generation district heating and cooling (…",https://www.sciencedirect.com/science/article/pii/S0360544225038782,,0,"4th generation, district energy",10.2139/ssrn.5357221,Jimmy Barco-Burgos; Joan Carles Bruno; Deivi Garcia; Alberto Saldaña-Robles; Aravind Ganesan; Luca Cimmino; Diego Joya-Cárdenas; José Delgado Monroy; José Colombo; Clara Isabel Ortiz Valdez,2025,,,0.0
District Heating in Lom a How a Polish City responded to EU Energy Measures towards Decarbonisation of Economy,0,2025,This paper deals with important issues of district heating (DH) decarbonisation and related DH efficiency. It demonstrates that assessment of several hundred thermo-modernised …,https://www.sciencedirect.com/science/article/pii/S0360544225038848,,0,"bi-directional, district heat pump",10.1016/j.energy.2025.138242,Mieczysław Dzierzgowski; Adam Cenian,2025-9,,https://api.elsevier.com/content/article/PII:S0360544225038848?httpAccept=text/xml,0.0
In-situ research of a district heating system to assess its capability to operate at reduced flow temperatures,0,2025,… the energy efficiency of district heating systems. This was achieved by using the heat flow surplus of the district heating system and the reduction in heat demand of buildings resulting …,https://www.sciencedirect.com/science/article/pii/S0360544225042732,,0,"fourth generation, district heat pump",10.2139/ssrn.5204306,Robert Sekret; Janusz Kotowicz,2025,,,0.0
Assessing the economic feasibility of renewable integration in district heating and cooling networks for sustainable urban development,0,2025,"… heating and cooling technologies to more modern, low-carbon ones in cities. In particular, it looks at fifth-generation district heating and cooling (… energy exchange to cut down on energy …",https://www.sciencedirect.com/science/article/pii/S0360544225044561,,0,"fifth generation, district heating and cooling",10.1016/j.energy.2025.138814,Wei Li; Muhammad Abu bakr,2025-12,,https://api.elsevier.com/content/article/PII:S0360544225044561?httpAccept=text/xml,0.0
Hydraulic thermal dynamic model of meshed district heating network based on discrete event simulation,0,2025,… Online planning and optimization of district heating (DH) … This study develops a versatile dynamic hydraulic–thermal model … The thermal computational cost is linearly correlated with the …,https://www.sciencedirect.com/science/article/pii/S0360544225045372,,0,"bidirectional, district thermal",10.1016/j.energy.2025.138895,Zichan Xie; Haichao Wang; Pengmin Hua; Risto Lahdelma,2025-12,,https://api.elsevier.com/content/article/PII:S0360544225045372?httpAccept=text/xml,0.0
Life cycle cost assessment of a positive energy district featuring a 5th-generation heating and cooling network: An Italian residential and light commercial case,0,2025,"… such as achieving positive energy outcomes and zero climate emission targets. In this context, 5th-generation district heating and cooling networks, which balance heating and cooling (…",https://www.sciencedirect.com/science/article/pii/S0378778825010291,,0,"4th generation, district heating and cooling",10.1016/j.enbuild.2025.116299,Giorgio Villa; Jacopo Famiglietti; Alice Dénarié; Marcello Aprile; Mario Motta,2025-11,,https://api.elsevier.com/content/article/PII:S0378778825010291?httpAccept=text/xml,0.0
Sizing procedure of low-enthalpy district heating and cooling heat pump plants: A case study of the Balearic Islands university campus,0,2025,This study introduces a sizing procedure of low-enthalpy district heating and cooling heat pump plants to improve operational efficiency and prevent oversizing. The approach integrates …,https://www.sciencedirect.com/science/article/pii/S037877882501312X,,0,"bi-directional, district heating and cooling",10.2139/ssrn.5184695,Pere  Antoni Bibiloni-Mulet; Yamile Díaz Torres; Iván Alonso; Jacinto Vidal-Noguera; Andreu Moià-Pol; Vincent Canals; Víctor Martínez-Moll,2025,,,0.0
Investigation on the heating performance of an ultra-low temperature air source heat pump system,0,2025,"… space heating, its heating efficiency significantly declines as ambient temperature increases … limitation, this study proposes an ultra-low temperature air source heat pump (ULT-ASHP) …",https://www.sciencedirect.com/science/article/pii/S037877882501401X,,0,"ultra-low temperature, district heat pump",10.5220/0013538100004664,Dong Huang; Qihang Zheng,2025,,,0.0
Performance study of ultra-low temperature district heating system based on mechanical subcooling heat pump,0,2025,"… district heating (ULTDH) technology faces challenges due to low heat source temperatures, which degrade heat pump … of the MS system in the district heating is researched. The results …",https://www.sciencedirect.com/science/article/pii/S073519332500795X,,0,"bidirectional, district heat pump",10.1016/j.icheatmasstransfer.2025.109369,Yuexuan Gong; Guoyuan Ma; Lei Wang; Yuepeng Jiang; Junrui Nie; Xiang Li,2025-9,,https://api.elsevier.com/content/article/PII:S073519332500795X?httpAccept=text/xml,0.0
Energy dialogue between district heating networks,0,2025,"This study evaluates the RA project, an innovative district heating system in Udine, Italy, which harnesses waste heat from a steelmaker, in alignment with the European Road Map 2050…",https://www.sciencedirect.com/science/article/pii/S0959652625017287,,0,"low temperature, district energy",10.1016/j.jclepro.2025.146378,Beatrice Marchi; Gioacchino Nardin; Anna Barazzutti; Gellio Ciotti; Simone Zanoni; Lucio E. Zavanella,2025-9,,https://api.elsevier.com/content/article/PII:S0959652625017287?httpAccept=text/xml,0.0
Designing Energy-Resilient Communities: A School-Centric Approach to Positive Energy Districts with Integrated Storage System,0,2025,"… —hold untapped potential to enhance energy resilience through demand flexibility and solar … -centered energy systems, integrating battery storage and surplus energy management to …",https://www.sciencedirect.com/science/article/pii/S0960148125014478,,0,"low temperature, district energy",10.1016/j.renene.2025.123785,Le Ding; Zhonghua Gou,2025-12,,https://api.elsevier.com/content/article/PII:S0960148125014478?httpAccept=text/xml,0.0
"Transition pathways for a gas supplied district heating network to an ultra low carbon district heating network: A case study for Holywell Park, Loughborough",0,2025,"The research work presented applies a novel model to simulate and understand options for how an existing gas-supplied district heating network (EGS-DHN) for Holywell Park, …",https://www.sciencedirect.com/science/article/pii/S0960148125015058,,0,"low-temperature, district energy",10.1016/j.renene.2025.123841,M.A. Pans; G. Claudio; P.C. Eames,2025-12,,https://api.elsevier.com/content/article/PII:S0960148125015058?httpAccept=text/xml,0.0
Stochastic optimization of photovoltaic-integrated data centers with hybrid cooling and waste heat recovery for district energy supply,0,2025,"A novel photovoltaic-integrated data center system combining hybrid free-mechanical cooling and waste heat recovery for district energy supply is proposed, addressing the multi-…",https://www.sciencedirect.com/science/article/pii/S0960148125019123,,0,"low temperature, district energy",10.1016/j.energy.2025.135838,Feng Zhou; Xuwen Tian; Yu Song; Guoyuan Ma,2025-5,,https://api.elsevier.com/content/article/PII:S036054422501480X?httpAccept=text/xml,9.0
Thermo-economic analysis of a geothermal-driven district heating network: Comparison between a water-based and a CO2-based grid,0,2025,"… liquid and vapor, at relatively low temperatures (0 C to 30 C), and heat is provided to final users by compressing vapor to reach the required outlet temperature. This makes the system …",https://www.sciencedirect.com/science/article/pii/S1359431125033861,,0,"low temperature, thermal grid",10.1016/j.applthermaleng.2025.128794,Daniele Fiaschi; Pietro Ungar; Federico Gigliotti; Andrés Meana-Fernández,2025-12,,https://api.elsevier.com/content/article/PII:S1359431125033861?httpAccept=text/xml,0.0
Stakeholder-centric model for efficient district heating: Networks interconnection and industrial waste heat in north-eastern Italy,0,2025,… district heating networks as a solution to enhance energy efficiency and accelerate the decarbonisation of thermal … integration of two independent district heating networks located within …,https://www.sciencedirect.com/science/article/pii/S2213138825002620,,0,"bi-directional, district thermal",10.2139/ssrn.5115687,Mattia Cottes; Antonella Meneghetti; Patrizia Simeoni,2025,,,0.0
Thermoeconomic performance evaluation and optimization of a geothermal heat pump system for greenhouse heating in low-temperature resources,0,2025,This study presents the design and thermoeconomic performance analysis of a geothermal-assisted heat pump system for greenhouse heating in regions with low-temperature …,https://www.sciencedirect.com/science/article/pii/S2213138825004059,,0,"low-temperature, district heat pump",10.1016/j.seta.2025.104574,Ceyhun Yilmaz; Muhammed Arslan; Nehir Tokgoz; Mehmet Kunt,2025-10,,https://api.elsevier.com/content/article/PII:S2213138825004059?httpAccept=text/xml,0.0
Research on an Hourly Heat Load Forecasting Model for District Heating Systems Based on Heterogeneous Model Fusion,0,2025,"… been widely used for DHS thermal load forecasting, their capacity … that struggle with long-term thermal inertia modeling, the … This model can provide high-precision guidance for thermal …",https://www.sciencedirect.com/science/article/pii/S2214157X25007609,,0,"bi-directional, district thermal",10.2139/ssrn.5243220,Tieliu Jiang; Wenyue Liu; Jianqing Lin; Xu Jin; Zhongyan Liu,2025,,,0.0
"Optimizing the integration of power-to-heat technologies in district energy infrastructures in Turku, Finland, using an MILP formulation",0,2025,"… decarbonize district thermal energy … district thermal energy networks in the city of Turku, Finland. Large heat pumps capable of producing district heating and cooling, high-temperature …",https://www.sciencedirect.com/science/article/pii/S2352484725006006,,0,"low temperature, district energy",10.1016/j.egyr.2025.10.031,Kim Högnabba; Frank Pettersson; Ron Zevenhoven,2025-12,,https://api.elsevier.com/content/article/PII:S2352484725006006?httpAccept=text/xml,0.0
Quantitative assessment and optimal scheduling of flexible resources in building district energy systems: A mega-scale real-world case study of 6 million,0,2025,"… district energy systems offer considerable dispatchable potential with aggregated loads and integrated energy … of a 6 million m 2 building district energy system including office buildings, …",https://www.sciencedirect.com/science/article/pii/S2352710225024428,,0,"4th generation, district energy",10.1016/j.jobe.2025.114205,Yi Zhong; Yuji Du; Ji Li; Huijin Qian; Fei Lu; Zhu Jiang; Xiaosong Zhang; Shifang Huang,2025-11,,https://api.elsevier.com/content/article/PII:S2352710225024428?httpAccept=text/xml,0.0
"Evaluating grid stress and reliability in future electricity grids across a range of demand, generation mix, and weather trends",0,2025,"… , generation mixes, and weather conditions. Our results show future grids with high percentage of non-renewable generation … electricity grids across uncertainties in generation mixes. …",https://www.sciencedirect.com/science/article/pii/S2666792425000435,,0,"4th generation, thermal grid",10.1016/j.adapen.2025.100249,Kerem Ziya Akdemir; Kendall Mongird; Cameron Bracken; Casey D. Burleyson; Jordan D. Kern; Konstantinos Oikonomou; Travis B. Thurber; Chris R. Vernon; Nathalie Voisin; Mengqi Zhao; Jennie S. Rice,2025-12,,https://api.elsevier.com/content/article/PII:S2666792425000435?httpAccept=text/xml,0.0
"A Smart Approach to Maintenance of Sustainable District Heating Systems: Techniques, Challenges, and Future Directions",0,2025,"… , district heating systems are essential for the effective distribution of energy derived from renewable sources, such as geothermal and solar thermal … energies for district heating and …",https://www.sciencedirect.com/science/article/pii/S2950345025000314,,0,"bi-directional, district thermal",10.1016/j.meaene.2025.100064,Parham Barzegaran Hosseini; Mousa Mohammadpourfard; Gülden Gökçen Akkurt; Mostafa Mohammadpourfard,2025-12,,https://api.elsevier.com/content/article/PII:S2950345025000314?httpAccept=text/xml,0.0
An integrated design model for ambient temperature district heating and cooling networks,0,2025,"… for dimensioning low temperature grids of uninsulated pipes providing heating and cooling. Based on topological information about the grid, soil properties, and heating and cooling …",https://www.tandfonline.com/doi/abs/10.1080/23744731.2025.2523198,,0,"low temperature, district heating and cooling",10.1080/23744731.2025.2523198,Søren Erbs Poulsen; Karl Tordrup,7/9/2025,,https://www.tandfonline.com/doi/pdf/10.1080/23744731.2025.2523198,0.0
Next Generation of District Cooling Systems for Tropics,0,2025,"… [20] proposed the concept of a future fourth generation of DC systems, which they defined … , and gas grids. This definition serves as a basis for exploring this new generation. In line with …",https://www.worldscientific.com/doi/abs/10.1142/9789811285134_0001,,0,"fourth generation, thermal grid",10.36227/techrxiv.175296746.63126581/v1,Muhammad Badar,7/19/2025,,,0.0
Optimizing renewable energy integration in new districts: Power-to-X strategies for improved efficiency and sustainability,24,2024,"… Moreover, the implementation of energy communities offers not just an uptick in self-… renewable energy technologies. This study evaluates the integration of renewable energy within …",https://www.sciencedirect.com/science/article/pii/S0360544224020863,,0,"4th generation, district energy",10.1016/j.energy.2024.132312,V. Battaglia; L. Vanoli,2024-10,,https://api.elsevier.com/content/article/PII:S0360544224020863?httpAccept=text/xml,18.0
Consumer involvement in the transition to 4th generation district heating,23,2020,"… In the transition towards 4th generation district heating (4GDH), supply and demand side measures have to be coordinated better than in previous generations of district heating (DH). …",https://vbn.aau.dk/en/publications/consumer-involvement-in-the-transition-to-4th-generation-district,,0,"4th generation, district energy",10.1016/j.enconman.2020.113379,Mohamed Hany Abokersh; Kangkana Saikia; Luisa F. Cabeza; Dieter Boer; Manel Vallès,2020-12,,https://api.elsevier.com/content/article/PII:S019689042030916X?httpAccept=text/xml,48.0
"Energy benefits of heat pipe technology for achieving 100 renewable heating and cooling for fifth-generation, low-temperature district heating systems",22,2021,"… This step is the first-generation district energy system (1DE or 1G). The exergy rationality of steam in heating is very low. compared to modern systems, as the following equation gives, …",https://www.mdpi.com/1996-1073/14/17/5398,,0,"4th generation, district energy",10.3390/en14175398,Birol Kılkış; Malik Çağlar; Mert Şengül,8/30/2021,"This paper addresses the challenges the policymakers face concerning the EU decarbonization and total electrification roadmaps towards the Paris Agreement set forth to solve the global warming problem within the framework of a 100% renewable heating and cooling target. A new holistic model was developed based on the Rational Exergy Management Model (REMM). This model optimally solves the energy and exergy conflicts between the benefits of using widely available, low-temperature, low-exergy waste and renewable energy sources, like solar energy, and the inability of existing heating equipment, which requires higher exergy to cope with such low temperatures. In recognition of the challenges of retrofitting existing buildings in the EU stock, most of which are more than fifty years old, this study has developed a multi-pronged solution set. The first prong is the development of heating and cooling equipment with heat pipes that may be customized for supply temperatures as low as 35 °C in heating and as high as 17 °C in cooling, by which equipment oversizing is kept minimal, compared to standard equipment like conventional radiators or fan coils. It is shown that circulating pump capacity requirements are also minimized, leading to an overall reduction of CO2 emissions responsibility in terms of both direct, avoidable, and embodied terms. In this respect, a new heat pipe radiator prototype is presented, performance analyses are given, and the results are compared with a standard radiator. Comparative results show that such a new heat pipe radiator may be less than half of the weight of the conventional radiator, which needs to be oversized three times more to operate at 35 °C below the rated capacity. The application of heat pipes in renewable energy systems with the highest energy efficiency and exergy rationality establishes the second prong of the paper. A next-generation solar photo-voltaic-thermal (PVT) panel design is aimed to maximize the solar exergy utilization and minimize the exergy destruction taking place between the heating equipment. This solar panel design has an optimum power to heat ratio at low temperatures, perfectly fitting the heat pipe radiator demand. This design eliminates the onboard circulation pump, includes a phase-changing material (PCM) layer and thermoelectric generator (TEG) units for additional power generation, all sandwiched in a single panel. As a third prong, the paper introduces an optimum district sizing algorithm for minimum CO2 emissions responsibility for low-temperature heating systems by minimizing the exergy destructions. A solar prosumer house example is given addressing the three prongs with a heat pipe radiator system, next-generation solar PVT panels on the roof, and heat piped on-site thermal energy storage (TES). Results showed that total CO2 emissions responsibility is reduced by 96.8%. The results are discussed, aiming at recommendations, especially directed to policymakers, to satisfy the Paris Agreement.",https://www.mdpi.com/1996-1073/14/17/5398/pdf,14.0
"Energy, exergy, economic, environmental and sustainability (4ES) analyses of a wastewater source heat pump system for district heating applications based on real",20,2023,"In recent years, worldwide interest in utilizing the heat energy from wastewater (WW) has increased significantly, concurrently with establishing policies and strategies for the …",https://www.sciencedirect.com/science/article/pii/S221313882300070X,,0,"4th generation, district energy",10.1016/j.seta.2023.103077,Huseyin Gunhan Ozcan; Arif Hepbasli; Aysegul Abusoglu; Amjad Anvari-Moghaddam,2023-3,,https://api.elsevier.com/content/article/PII:S221313882300070X?httpAccept=text/xml,4.0
Power-to-Methane to Integrate Renewable Generation in Urban Energy Districts,13,2022,"… adapt power loads to the intermittent generation [9]. The infrastructure … energy systems [10]. Moreover, the exploitation of several small-scale energy storage system solutions at a district …",https://www.mdpi.com/1996-1073/15/23/9150,,0,"4th generation, district energy",10.3390/en15239150,Gianluigi Lo Basso; Lorenzo Mario Pastore; Livio de Santoli,12/2/2022,"The deployment of distributed energy systems must take place paying attention to the self-consumption of renewable generation. Innovative sector coupling strategies can play that role linking local electricity and gas grids. The present work aims to evaluate the energy and economic feasibility of the Power-to-Methane strategy application in urban energy districts. A residential cluster was considered as a case study. Two PV configurations have been applied to evaluate the Substitute Natural Gas (SNG) production under different renewable excess conditions. Thereafter, the Power-to-Methane strategy was implemented by varying the system’s size. Some significant configurations have been compared to each other in terms of energy and economics. Beyond a certain threshold limit, an increase in the photovoltaic size slightly enhances the effectively self-consumed energy. The Power-to-Methane strategy can exploit all the renewable excess once the system is properly sized, almost doubling the potential energy consumption reduction compared to the PV system alone. The SNG production cost is between 100 and 200 EUR/MWh in most configurations, which is competitive with the high natural gas prices on the European market. Therefore, decentralised SNG production can reduce the households’ annual expenditures and it can mitigate the energy poverty conditions over the current energy crisis period.",https://www.mdpi.com/1996-1073/15/23/9150/pdf,11.0
Environmentally sustainable transitions of US district energy systems: Perspectives from infrastructure operators/designers through the co-evolutionary lens,13,2020,"… Advanced district energy systems can improve local sustainability through reducing energy used for heating and cooling buildings. However, district energy systems (DESs) and their …",https://www.sciencedirect.com/science/article/pii/S0959652620319417,,0,"4th generation, district energy",10.1016/j.jclepro.2020.121894,Kangkang Tong; Anu Ramaswami; Richard Feiock,2020-9,,https://api.elsevier.com/content/article/PII:S0959652620319417?httpAccept=text/xml,8.0
Decarbonized district energy systems: Past review and future projections,11,2024,"… energy usage globally goes toward space heating and cooling, and whether using individual building systems or district … District energy systems (DES) distribute thermal energy to …",https://www.sciencedirect.com/science/article/pii/S2590174524002046,,0,"4th generation, district energy",10.1016/j.ecmx.2024.100726,Juliet G. Simpson; Nicholas Long; Guangdong Zhu,2024-10,,https://api.elsevier.com/content/article/PII:S2590174524002046?httpAccept=text/xml,1.0
A comprehensive framework for District Energy systems upgrade,10,2021,… and old infrastructure typical of 1st and 2nd generation district heating networks as classified by Lund et al. [8] in their paper about 4th generation district heating and cooling networks. …,https://www.sciencedirect.com/science/article/pii/S2352484721006983,,0,"4th generation, district energy",10.1016/j.egyr.2021.08.095,Luca Ferrari; Stefano Morgione; Dominik Rutz; Rita Mergner; Borna Doračić; Reto M. Hummelshøj; Sebastian Grimm; Anes Kazagic; Ajla Merzic; Aksana Krasatsenka; Simone Rossi; Thomas Pauschinger; Audrone Nakrosiene; Elena Pumputienė; Matteo Pozzi,2021-10,,https://api.elsevier.com/content/article/PII:S2352484721006983?httpAccept=text/xml,6.0
Passivity-based stability analysis of hydraulic equilibria in 4th generation district heating networks,9,2021,… ber of smaller distributed heat generation units (DGUs) is … for example supplies low-energy buildings. These novel topologies … to carry the same amount of energy. This leads to higher …,https://www.sciencedirect.com/science/article/pii/S2405896321021121,,0,"4th generation, district energy",10.1016/j.ifacol.2021.11.088,Felix Strehle; Jonathan Vieth; Martin Pfeifer; Sören Hohmann,2021,,https://api.elsevier.com/content/article/PII:S2405896321021121?httpAccept=text/xml,4.0
Initial Assessment of a 5th Generation District Energy Network in Central London.,8,2020,… the UK’s first large-scale fifth generation (5G) smart energy network using an area in central … energy sources that will supply a large proportion of the energy demand of the overall district …,https://search.ebscohost.com/login.aspx?direct=true&profile=ehost&scope=site&authtype=crawler&jrnl=00012505&AN=143628220&h=TbOzbPZLk7qAcwb9tJlAo033J1CIqDaJPEMeGW1nkLxEjhNRIQ%2F%2FILTvhFIxLOwOWFFmSjByqMdkDBKJFmleRw%3D%3D&crl=c,,0,"4th generation, district energy",10.1016/j.energy.2020.117389,Akos Revesz; Phil Jones; Chris Dunham; Gareth Davies; Catarina Marques; Rodrigo Matabuena; Jim Scott; Graeme Maidment,2020-6,,https://api.elsevier.com/content/article/PII:S0360544220304965?httpAccept=text/xml,116.0
Analysis and improvement of an existing university district energy system,7,2021,"… transition at the district level. Research … energy systems with 3rd generation district heating networks, the reduction of temperatures to transfer the networks to 4th generation district …",https://tuprints.ulb.tu-darmstadt.de/17367,,0,"4th generation, district energy",10.1016/j.segy.2021.100043,Nikola Matak; Tihomir Tomić; Daniel Rolph Schneider; Goran Krajačić,2021-11,,https://api.elsevier.com/content/article/PII:S2666955221000435?httpAccept=text/xml,23.0
Environmental and economic assessment of industrial excess heat recovery collaborations through 4th generation district heating systems,6,2024,The external use of excess heat from industrial processes is an important factor in the energy transition and 4th generation district heating is an enabling technology. This paper …,https://www.sciencedirect.com/science/article/pii/S0360544224024046,,0,"4th generation, district energy",10.1016/j.energy.2024.132630,D. Chinese; A. Meneghetti; G. Cortella; L. Giordano; E. Tomasinsig; M. Benedetti,2024-10,,https://api.elsevier.com/content/article/PII:S0360544224024046?httpAccept=text/xml,4.0
The plan4. energy approach for planning support for positive energy districts,2,2025,"… Energy Districts (PEDs), highlighting the challenges of interdisciplinary planning and stakeholder involvement. The development of the software tool, plan4.energy, … .energy facilitates …",https://dl.acm.org/doi/abs/10.1145/3717413.3717423,,0,"4th generation, district energy",10.1016/j.renene.2025.123785,Le Ding; Zhonghua Gou,2025-12,,https://api.elsevier.com/content/article/PII:S0960148125014478?httpAccept=text/xml,0.0
Experimental investigations and multi-objective optimization of an air-source absorption heat pump for residential district heating,26,2021,"… absorption heat pump is an effective district heating measure, … -source absorption heat pump (ASAHP) for district heating (… temperature and recover the waste heat of the flue gas with …",https://www.sciencedirect.com/science/article/pii/S019689042100443X,,0,"4th generation, district heat pump",10.1016/j.enconman.2021.114267,Zhangxiang Wu; Shijun You; Huan Zhang; Yaran Wang; Yan Jiang; Zhikai Liu; Li Sha; Shen Wei,2021-7,,https://api.elsevier.com/content/article/PII:S019689042100443X?httpAccept=text/xml,17.0
Solar power or solar heat: What will upraise the efficiency of district heating? Multi-criteria analyses approach,23,2020,"… power and heat energy. In addition, the authors of this research consider the integration of heat pumps, which can convert surplus solar power from PV and PVT panels to heat when it is …",https://www.sciencedirect.com/science/article/pii/S0360544220303984,,0,"4th generation, district heat pump",10.1016/j.energy.2020.117291,Ieva Pakere; Dagnija Blumberga,2020-5,,https://api.elsevier.com/content/article/PII:S0360544220303984?httpAccept=text/xml,18.0
Optimization of a district heating system coupled with a deep open-loop geothermal well and heat pumps,23,2024,"… a district heating system coupled with a deep open-loop geothermal well (DOLGW) and heat pumps … A typical configuration of such a geothermal district heating system was proposed, …",https://www.sciencedirect.com/science/article/pii/S0960148124000569,,0,"4th generation, district heat pump",10.1016/j.renene.2024.119991,Dong-xi Liu; Hai-Yan Lei; Jia-Shu Li; Chuan-shan Dai; Rui Xue; Xin Liu,2024-3,,https://api.elsevier.com/content/article/PII:S0960148124000569?httpAccept=text/xml,20.0
Cost and performance analysis for five existing geothermal heat pump-based district energy systems in the United States,15,2023,"… and cooling end uses (eg, geothermal heat pumps) (Figure 1a). Geothermal heat pump (GHP)-based district energy systems can be classified as 3rd, 4th, or 5th generation depending …",https://www.osti.gov/biblio/1992646,,0,"4th generation, district heat pump",10.2172/1992646,Hyunjun Oh; Koenraad Beckers,7/1/2023,,,9.0
On the opportunity to integrate absorption heat pumps in substations of district energy networks,14,2020,This article aims to study the opportunity to integrate absorption heat pumps (AHP) in substations of district heating networks (DHN). Three different operating modes of the AHP are …,https://www.sciencedirect.com/science/article/pii/S2451904920301864,,0,"4th generation, district heat pump",10.1016/j.tsep.2020.100666,Gaétan Chardon; Nolwenn Le Pierrès; Julien Ramousse,2020-12,,https://api.elsevier.com/content/article/PII:S2451904920301864?httpAccept=text/xml,6.0
Port-Hamiltonian modeling of hydraulics in 4th generation district heating networks,11,2022,"… , emerging 4th generation … pumps distributed throughout future DHNs. Primarily, this is due to the utilization of ever more distributed heat generation units (DGUs) such as heat pumps, …",https://ieeexplore.ieee.org/abstract/document/9992887/,,0,"4th generation, district heat pump",10.1109/cdc51059.2022.9992887,Felix Strehle; Juan E. Machado; Michele Cucuzzella; Albertus J. Malan; Jacquelien M.A. Scherpen; Soren Hohmann,12/6/2022,,http://xplorestaging.ieee.org/ielx7/9992315/9992317/09992887.pdf?arnumber=9992887,4.0
", exergy, economic, and environmental (4E) assessment of an experimental moderately-high-temperature heat pump for district heating and cooling networks",11,2025,Developing district heating and cooling networks (DHCNs) requires new heat pumps (HPs) technologies to improve energy efficiency and replace fossil fuel boilers. This study presents …,https://www.sciencedirect.com/science/article/pii/S0196890424012871,,0,"4th generation, district heat pump",10.1016/j.enconman.2024.119346,Ghad Alarnaot-Alarnaout; Joaquín Navarro-Esbrí; Ángel Barragán-Cervera; Adrián Mota-Babiloni,2025-2,,https://api.elsevier.com/content/article/PII:S0196890424012871?httpAccept=text/xml,8.0
An evaluation and innovative coupling of seawater heat pumps in district heating networks,11,2024,… heating sector by utilising seawater as a renewable heat source. This study explores their integration into district heating … : coupling seawater heat pumps with an additional heat source …,https://www.sciencedirect.com/science/article/pii/S0360544224032377,,0,"4th generation, district heat pump",10.1016/j.energy.2024.133461,Hesham Ali; Aleksandr Hlebnikov; Ieva Pakere; Anna Volkova,2024-12,,https://api.elsevier.com/content/article/PII:S0360544224032377?httpAccept=text/xml,8.0
of supply temperature and booster technology on the energetic performance and levelized cost of heat of a district heating network with central heat pump,11,2024,"… district heating concepts with central heat pump, comparing their energy use and levelized cost of heat… Heat pumps or electric heaters are used as booster technology when the network …",https://www.sciencedirect.com/science/article/pii/S036054422403367X,,0,"4th generation, district heat pump",10.1016/j.energy.2024.133589,A. Degelin; R. Tassenoy; E. Vieren; T. Demeester; I. T'Jollyn; M. De Paepe,2024-12,,https://api.elsevier.com/content/article/PII:S036054422403367X?httpAccept=text/xml,13.0
Challenges and potentials of using a local heat pump in a 5 GDHC solution: Results from field and laboratory evaluations,6,2024,"… In fifth generation district heating and cooling (5GDHC), the … the heat source is wider then in current common heat pump systems. The results of this study show that the heat pumps and …",https://www.sciencedirect.com/science/article/pii/S0360544223032012,,0,"4th generation, district heat pump",10.1016/j.energy.2023.129807,Jonas Lindhe; Martin Larsson; Morgan Willis; Pia Tiljander; Dennis Johansson,2024-2,,https://api.elsevier.com/content/article/PII:S0360544223032012?httpAccept=text/xml,6.0
Heat pumps to upgrade existing CHP-DHN systems towards new generation thermal networks,5,2024,"… In many cases, however, especially for district heating networks prior to the 4th generation, … high temperature heat pumps in an existing combined heat and power - district heating plant …",https://www.sciencedirect.com/science/article/pii/S2352484724004219,,0,"4th generation, district heat pump",10.1016/j.egyr.2024.06.063,A. Mugnini; G. Comodi; A. Arteconi,2024-12,,https://api.elsevier.com/content/article/PII:S2352484724004219?httpAccept=text/xml,5.0
"Design, construction, and commissioning of a 500 kW high-temperature heat pump plant for the district heating network of Bochum, Germany",5,2025,"… the technical use of high-temperature heat pumps (HTHPs) with seasonal mine thermal energy storages (MTESs), as a heat source, to supply conventional district heating grids (DHGs), …",https://www.sciencedirect.com/science/article/pii/S2352484724008011,,0,"4th generation, district heat pump",10.1016/j.egyr.2024.11.080,Arianna Passamonti; Frank Sachse; Paola Bombarda; Rolf Bracke,2025-6,,https://api.elsevier.com/content/article/PII:S2352484724008011?httpAccept=text/xml,5.0
Cost-optimal control for a small energy community heated with dual source heat pump and district heating,4,2025,… heated with a hybrid heating system. The system comprises a low-temperature heating network powered by a dual source heat pump and a district heating network. The control …,https://www.sciencedirect.com/science/article/pii/S0378778825003524,,0,"4th generation, district heat pump",10.2139/ssrn.5095846,Yangmin Wang; Ruqian Zhang; Altti Meriläinen; Antti Kosonen; Juha Jokisalo; Risto Kosonen,2025,,,0.0
Performance study of ultra-low temperature district heating system based on double-loop booster heat pump control strategy,3,2025,… further reduce the heat loss in the district heating network. … heat pump (DLBHP) system used for terminal heating is proposed to improve the uniformity of temperature difference and heat …,https://www.sciencedirect.com/science/article/pii/S1359431125006751,,0,"4th generation, district heat pump",10.1016/j.applthermaleng.2025.126084,Yuexuan Gong; Guoyuan Ma; Yu Song; Lei Wang; Junrui Nie; Lu Wang,2025-6,,https://api.elsevier.com/content/article/PII:S1359431125006751?httpAccept=text/xml,3.0
Power-to-heat systems for district heating: A comparative analysis of air source and ground source heat pumps,2,2025,"… In contrast to the preceding generations, the creation of 4th Generation District Heating (4GDH) involves achieving a balance between energy conservation and energy supply, thereby …",https://www.doria.fi/handle/10024/190784,,0,"4th generation, district heat pump",10.5194/egusphere-egu24-8009,Lazaros Aresti; Christos Makarounas; Paul Christodoulides,1/20/2025,"Following the European Union (EU) targets towards the &amp;#8220;Fit for 55&amp;#8221;, the heat pump (HP) sales have seen an increase. The recent increasing demand in the utilization of HP towards space heating and cooling, underscores the pivotal role of Shallow Geothermal Energy (SGE) systems and the Ground Source Heat Pumps (GSHPs). Although GSHPs exhibit higher performance compared to Air Source Heat Pumps (ASHPs), the high initial cost and the consequent long payback period has been a preventive factor for the GSHP systems. The GSHP systems however also benefit for additional CO2 reduction. The evolving efficiency of ASHP systems in recent studies challenge the perceived advantages associated with GSHPs, particularly in light of the continual refinement of ASHP systems.This research embarks upon a comprehensive analysis to compare the environmental impacts, in terms of CO2 emissions, between ASHP and GSHP systems using different case studies. High insulation profile case studies were considered, following the nearly Zero Energy Buildings (nZEB) technical characteristics, as well as retrofitting at older dwellings with a low insulation profile. The current study engages a Life Cycle Analysis (LCA) with the OpenLCA software in conjunction with the Ecoinvent database, and the employment of the ReCipe impact method, both from a midpoint and an endpoint perspective. The findings derived from this investigation demonstrates a favorable performance of the GSHP systems where there is an increasing demanding in heating such as in the retrofitting cases. This research highlights the important environmental implications of employing the GSHPs over the use of ASHPs.",,0.0
How to develop fifth-generation district heating and cooling in Sweden? Application review and best practices proposed by middle agents,31,2023,… generation district heating and cooling (5GDHC) is a relatively new concept of district energy systems that features a simultaneous supply of heating and cooling using power-to-heat …,https://www.sciencedirect.com/science/article/pii/S2352484723004092,,0,"4th generation, district heating and cooling",10.1016/j.egyr.2023.04.048,Marwan Abugabbara; Signhild Gehlin; Jonas Lindhe; Monica Axell; Daniel Holm; Hans Johansson; Martin Larsson; Annika Mattsson; Ulf Näslund; Anjan Rao Puttige; Klas Berglöf; Johan Claesson; Morten Hofmeister; Ulla Janson; Aksel Wedel Bang Jensen; Jens Termén; Saqib Javed,2023-12,,https://api.elsevier.com/content/article/PII:S2352484723004092?httpAccept=text/xml,21.0
Fourth-generation district heating and motivation tariffs,29,2022,… Future district heating systems and technologies—also known as fourth-generation district heating—… The implementation of fourth-generation district heating involves adjustments in the …,https://asmedigitalcollection.asme.org/openengineering/article/doi/10.1115/1.4053420/1137767,,0,"4th generation, district heating and cooling",10.1115/1.4053420,Henrik Lund; Jan Eric Thorsen; Steen Schelle Jensen; Flemming Pentz Madsen,1/1/2022,"Abstract
               Future district heating systems and technologies—also known as fourth-generation district heating—have a potentially important role to play in the green transition of societies. The implementation of fourth-generation district heating involves adjustments in the demand side to allow for low temperature supply. In order to facilitate such changes, district heating supply companies have in recent years introduced tariffs with penalties for high return temperatures and benefits for low return temperatures. This paper describes the case of a housing community of 17 buildings in their attempts to adjust to such tariffs as an integrated part of connecting to district heating. Replacing domestic hot water tanks with instantaneous heat exchangers and introducing smart meters resulted in abilities to lower the return temperature from around 40 °C to around 30 °C. However, the current design of the motivation tariffs does not yet fully compensate the consumers because the supply company provides unnecessarily high supply temperatures. Based on such efforts, this paper discusses the fairness and effectiveness of the tariffs and provides recommendations for improving them.",https://asmedigitalcollection.asme.org/openengineering/article-pdf/doi/10.1115/1.4053420/6853903/aoje_1_011002.pdf,20.0
A state-of-the-art analysis and perspectives on the 4th/5th generation district heating and cooling systems,29,2024,"… leap beyond its predecessor, the fourth-generation district heating system (4GDHS). To … domestic heating and to promote sector coupling between electric power and district heating …",https://www.sciencedirect.com/science/article/pii/S1364032124004556,,0,"4th generation, district heating and cooling",10.1016/j.rser.2024.114729,Shuai Yao; Jianzhong Wu; Meysam Qadrdan,2024-9,,https://api.elsevier.com/content/article/PII:S1364032124004556?httpAccept=text/xml,20.0
Roadblocks to low temperature district heating,28,2020,… Background: 4th Generation District Heating Networks 4th generation district heating networks (4GDHNs) are most notably discussed and defined in [15]. Lund describes some key …,https://www.mdpi.com/1996-1073/13/22/5893,,0,"4th generation, district heating and cooling",10.3390/en13225893,Michael-Allan Millar; Bruce Elrick; Greg Jones; Zhibin Yu; Neil M. Burnside,11/12/2020,"Energy usage in buildings is coming increasingly under the spotlight as carbon policy focus shifts towards the utilization of thermal energy. In the UK, heating and hot water accounts for around 40% of energy consumption and 20% of greenhouse gas emissions. Heating is typically produced onsite, making widescale carbon or energetic improvements challenging. District heating networks (DHNs) can offer significant carbon reduction for many users but can only be implemented if the end user buildings have good thermal energy efficiency. This greatly limits the ability to implement advancing 4th and 5th generation DHNs, which are the most advanced systems available. We elucidate the current state of thermal efficiency in buildings in the UK and provide recommendations for necessary building requirements and modifications in order to accommodate 4th and 5th generation district heating. We conclude that key sectors must be addressed including creating a skilled workforce, producing relevant metrics and benchmarks, and providing financial support for early stage design exploration.",https://www.mdpi.com/1996-1073/13/22/5893/pdf,17.0
What does a well-functioning heating system look like? Investigation of ten Danish buildings that utilize district heating efficiently,28,2021,"… 4th generation district heating temperatures around 55 C supply and 25 C return, it is necessary to ensure that heating … based on their low district heating return temperature. Data from …",https://www.sciencedirect.com/science/article/pii/S0360544221004990,,0,"4th generation, district heating and cooling",10.1016/j.energy.2021.120250,Dorte Skaarup Østergaard; Michele Tunzi; Svend Svendsen,2021-7,,https://api.elsevier.com/content/article/PII:S0360544221004990?httpAccept=text/xml,17.0
Dynamic simulation of a 4th generation district heating network with the presence of prosumers,28,2023,"… District Heating Network is identified as a promising technology for decarbonizing urban areas. Thanks to the surplus of heat available from distributed renewable energy plants, a …",https://www.sciencedirect.com/science/article/pii/S2590174523001368,,0,"4th generation, district heating and cooling",10.1016/j.ecmx.2023.100480,T. Testasecca; P. Catrini; M. Beccali; A. Piacentino,2023-10,,https://api.elsevier.com/content/article/PII:S2590174523001368?httpAccept=text/xml,3.0
Design and cost comparison of district heating and cooling (DHC) network configurations using ring topology A case study,26,2022,… generation district heating and cooling (5GDHC) networks (otherwise known as ultra-low temperature DHC networks). This concept meets both heating and cooling … to 4th generation …,https://www.sciencedirect.com/science/article/pii/S0360544222016802,,0,"4th generation, district heating and cooling",10.1016/j.energy.2022.124777,Joseph Maria Jebamalai; Kurt Marlein; Jelle Laverge,2022-11,,https://api.elsevier.com/content/article/PII:S0360544222016802?httpAccept=text/xml,17.0
Analysis of district heating and cooling systems in Spain,26,2020,"… This study aims to provide an overview of district energy systems, to analyze the deployment of the district energy system in Spain from 2011 to … 4th generation district heating (4GDH) …",https://www.sciencedirect.com/science/article/pii/S2352484720316280,,0,"4th generation, district heating and cooling",10.1016/j.egyr.2020.11.202,Martín Balboa-Fernández; Miguel de Simón-Martín; Alberto González-Martínez; Enrique Rosales-Asensio,2020-12,,https://api.elsevier.com/content/article/PII:S2352484720316280?httpAccept=text/xml,18.0
Fifth-generation district heating and cooling: Opportunities and implementation challenges in a mild climate,25,2024,"… generation district heating and cooling (5GDHC) systems have the potential to provide simultaneous heating and cooling, allowing for energy … a higher share of cooling demand remains …",https://www.sciencedirect.com/science/article/pii/S0360544223029195,,0,"4th generation, district heating and cooling",10.1016/j.energy.2023.129525,Kristian Gjoka; Behzad Rismanchi; Robert H. Crawford,2024-1,,https://api.elsevier.com/content/article/PII:S0360544223029195?httpAccept=text/xml,17.0
The efficiency of innovative technologies for transition to 4th generation of district heating systems in Ukraine,23,2023,"… energy-efficient modernisation, where the reduction of heat … of heat carriers, the use of heat pumps and individual heat … methodology of transition to 4th generation DHS that allows …",https://www.sciencedirect.com/science/article/pii/S0360544222027621,,0,"4th generation, district heating and cooling",10.1016/j.energy.2022.125876,Andrii Polyvianchuk; Roman Semenenko; Petro Kapustenko; Jiří Jaromír Klemeš; Olga Arsenyeva,2023-1,,https://api.elsevier.com/content/article/PII:S0360544222027621?httpAccept=text/xml,14.0
The role of 4th generation district heating (4GDH) in a highly electrified hydropower dominated energy system: The case of Norway,21,2020,"… in a future highly renewable European energy system. With the turn towards … 4th generation district heating (4GDH), the integral role of district heating in fully renewable energy systems …",https://somaesthetics.aau.dk/index.php/sepm/article/view/3683,,0,"4th generation, district heating and cooling",10.1016/j.energy.2020.119030,Peter Sorknæs; Poul Alberg Østergaard; Jakob Zinck Thellufsen; Henrik Lund; Steffen Nielsen; Søren Djørup; Karl Sperling,2020-12,,https://api.elsevier.com/content/article/PII:S036054422032137X?httpAccept=text/xml,110.0
Efficient use of heat from CHP distributed by district heating system in district cooling networks,18,2021,"… As discussed above, using district heating to supply district cooling will reduce heat rejected … energy efficiency. But it would be wrong to compare the heat supplied to the district heating …",https://www.sciencedirect.com/science/article/pii/S2352484721008489,,0,"4th generation, district heating and cooling",10.1016/j.egyr.2021.09.041,Henrik Pieper; Tanel Kirs; Igor Krupenski; Aleksandr Ledvanov; Kertu Lepiksaar; Anna Volkova,2021-10,,https://api.elsevier.com/content/article/PII:S2352484721008489?httpAccept=text/xml,18.0
Amount of heat available from a prosumer of a 5th generation district heating and cooling (5GDHC) system: Case study of a data center,17,2023,… The aim is to check capacities and temperature levels to supply energy to a 5 th generation district heating and cooling (5GDHC) system. The methodology includes studying satellite …,https://www.sciencedirect.com/science/article/pii/S2352710223013189,,0,"4th generation, district heating and cooling",10.1016/j.jobe.2023.107138,Stanislav Chicherin,2023-10,,https://api.elsevier.com/content/article/PII:S2352710223013189?httpAccept=text/xml,3.0
Operational optimization of a 4th generation district heating network with mixed integer quadratically constrained programming,16,2022,"… heat integration. This paper focuses on operational optimization of a 4th-generation district heating … inertia in the network and in thermal energy storages. A case study is presented, …",https://www.sciencedirect.com/science/article/pii/S0360544222006697,,0,"4th generation, district heating and cooling",10.1016/j.energy.2022.123766,Dominik Hering; Michael R. Faller; André Xhonneux; Dirk Müller,2022-7,,https://api.elsevier.com/content/article/PII:S0360544222006697?httpAccept=text/xml,11.0
Comparison of 4th and 5th generation district heating systems,15,2021,… District heating is an evolving technology that has gone through couple of major … generations of district heating. The current state of the art generation is the 4th generation district heating…,https://www.e3s-conferences.org/articles/e3sconf/abs/2021/22/e3sconf_hvac2021_09004/e3sconf_hvac2021_09004.html,,0,"4th generation, district heating and cooling",10.1051/e3sconf/202124609004,Oddgeir Gudmundsson; Anders Dyrelund; Jan Eric Thorsen,2021,"In a pursuit to increase the efficiency of district heating system there has been a continuous focus to reduce the system operating temperatures. This has led to the current state of the art district heating systems, commonly referred to as the 4th generation district heating, also known as low temperature district heating (LTDH). The success of the LTDH has fuelled a lot of research interest in district energy systems, one of the new research topics has been focusing on reducing the operating temperatures down to the ambient temperature (ATDH), commonly referred as 5th generation district heating. In these systems the supply temperature is insufficient for fulfilling the heating demands of the connected buildings, which then requires end-user located heat pumps to raise the supply temperature to the level required by the buildings. As of today, number of ATDH systems have been realized as part of various research projects. The question however remains if ATDH brings additional benefits compared to LTDH. This paper compares the levelized cost of heat from these two systems types for two countries with different climate zones. The results of the analysis indicate that LTDH is the favourable solution in both countries.",https://www.e3s-conferences.org/10.1051/e3sconf/202124609004/pdf,10.0
Dynamically distributed district heating for an existing system,15,2024,"… of dynamically distributed district heating. The concept addresses the challenges related to transforming an existing 3rd generation district heating system into a 4th generation system, …",https://www.sciencedirect.com/science/article/pii/S1364032123008055,,0,"4th generation, district heating and cooling",10.1016/j.rser.2023.113947,Miika Rämä; Esa Pursiheimo; Dennis Sundell; Rinat Abdurafikov,2024-1,,https://api.elsevier.com/content/article/PII:S1364032123008055?httpAccept=text/xml,10.0
Theoretical cost and energy optimisation of a 4th generation net-zero district heating system with different thermal energy storage technologies.,15,2024,"… A model was used to simulate and optimise a speculative district heating (DH) system for an existing urban area in Loughborough, UK. Heat was supplied using only renewable heat …",https://www.sciencedirect.com/science/article/pii/S2210670723006741,,0,"4th generation, district heating and cooling",10.1016/j.scs.2023.105064,M.A. Pans; G. Claudio; P.C. Eames,2024-1,,https://api.elsevier.com/content/article/PII:S2210670723006741?httpAccept=text/xml,13.0
Comparison of Suitable Business Models for the 5thGeneration District Heating System Implementation through Game Theory Approach,13,2023,"… Unlike the 4th Generation District Heating (4GDH) technology, the 5GDHC technology switched to a consumer/prosumer-oriented perspective. The introduction of 5GDHC solutions …",https://sciendo.com/2/v2/download/article/10.2478/rtuect-2023-0001.pdf,https://sciendo.com/2/v2/download/article/10.2478/rtuect-2023-0001.pdf,0,"4th generation, district heating and cooling",10.2478/rtuect-2023-0001,Ieva Pakere; Marika Kacare; Lina Murauskaite; Pei Huang; Anna Volkova,1/1/2023,"Abstract
               District Heating and Cooling (DHC) technology is widely recognised as a promising solution for reducing primary energy consumption and emissions. The 5th Generation District Heating and Cooling (5GDHC) network is the latest DHC concept characterised by low-temperature supply, bi-directional heating network operation, decentralised energy flows, and surplus heat sharing. Unlike the 4th Generation District Heating (4GDH) technology, the 5GDHC technology switched to a consumer/prosumer-oriented perspective. The introduction of 5GDHC solutions requires high investments, an important barrier to further developing DHC systems. Therefore, a novel pricing and business model could include introducing co-owners or energy managers into the system. Three different local market business models for 5GDHC at the community level have been tested. The reverse technical and economic simulation has been used for a feasibility study to determine the resources, business models, and combinations closest to the break-even point with lower costs and higher gains for all involved stakeholders.",https://www.sciendo.com/pdf/10.2478/rtuect-2023-0001,5.0
Performance assessment of district energy systems with common elements for heating and cooling,13,2021,"… systems are going to offer both heating and cooling from the beginning. Nowadays, modern 4th generation district energy systems frequently include both heating and cooling provision …",https://www.mdpi.com/1996-1073/14/8/2334,,0,"4th generation, district heating and cooling",10.3390/en14082334,Aleksandar Ivančić; Joaquim Romaní; Jaume Salom; Maria-Victoria Cambronero,4/20/2021,"District energy systems, especially those integrating renewables or low exergy sources, have multiple elements for generating heating and cooling. Some of these elements might be used for both purposes: heating and cooling, either simultaneously or alternatively. This makes it more complex to separate the assessment and have a clear picture on performance of cooling service on one side, and heating services on the other, in terms of energy, environmental, and economic results. However, a correct comparison between different district energy configurations or among district energy and conventional solutions requires split assessment of each service. The paper presents a methodology for calculating different district heating and cooling system key performance indicators (KPIs), distinguishing between heating and cooling ones. A total of eleven indicators are organized under four categories: energy, environment, economy and socio-economy. Each KPI is defined for heating service and for cooling service. According to this, the methodology proposes a demand-based and an investment-based share factors that facilitate the heating and cooling KPI calculation.",https://www.mdpi.com/1996-1073/14/8/2334/pdf,6.0
"Analysis of district heating and cooling energy systems in Spain: resources, technology and management",12,2021,"… This document aims to fill the existing gaps in the literature on energy sources and implementation of district heating systems, thus providing a framework for research into the DHC …",https://www.mdpi.com/2071-1050/13/10/5442,,0,"4th generation, district heating and cooling",10.3390/su13105442,Beatriz María Paredes-Sánchez; José Pablo Paredes; Natalia Caparrini; Elena Rivo-López,5/13/2021,"District heating and cooling (DHC) systems play an important role under the new European Union (EU) energy transition strategy. Thermal energy networks are helping to stimulate the development of alternative technologies based on a broad range of renewable energy sources. The present study analysed the current situation of DHC systems in Spain and provides an overview of the challenges and future opportunities that their use will entail. Its objective is to assess thermal energy conversion and management from a holistic perspective, including a study of existing energy infrastructures. The focus of this study lies on Spain given the country’s abundance of natural resources such as renewable energy sources including solar energy, biomass and geothermal energy, among others, as well as its strategic location on the map of the EU. Based on the analysis of the three factors for energy conversion in a district heating system, namely resources, technology, and management, the methodology provided an assessment of the different factors involved in running a DHC system. The results show an estimated total production for DHC networks of 1448 MWth, of which 72% is supplied purely by renewable energy sources.",https://www.mdpi.com/2071-1050/13/10/5442/pdf,12.0
District heating and cooling systems,11,2021,… of heating and cooling generation plants and waste heat and cold sources. Figure 2 shows a schematic comparison between 3rd and 4th generation district heating and district cooling …,"https://books.google.com/books?hl=en&lr=&id=ZbZaEAAAQBAJ&oi=fnd&pg=PA91&dq=4th+generation,+district+heating+and+cooling&ots=Cho-9QKBdQ&sig=dKWCiwS4k1JFP3pP3xToLR1DQAM",,0,"4th generation, district heating and cooling",10.5772/intechopen.99740,Iván De la Cruz; Carlos E. Ugalde-Loo,12/15/2021,"Decarbonisation of the energy sector is a crucial ambition towards meeting net-zero targets and achieving climate change mitigation. Heating and cooling accounts for over a third of UK greenhouse emissions and, thus, decarbonisation of this sector has attracted significant attention from a range of stakeholders, including energy system operators, manufacturers, research institutions and policy makers. Particularly, the role of district heating and cooling (DHC) systems will be critical, as these two energy vectors are central to our lives not only for comfort and daily activities, but also to facilitate productive workplaces and to run a variety of industrial processes. The optimal operation of DHC systems and the design of efficient strategies to produce heat and cold, store thermal energy, and meet heating and cooling demands, together with an increased integration of low carbon technologies and local renewable energy sources, are vital to reduce energy consumption and carbon emissions alike. This chapter reviews relevant aspects of DHC systems, their main elements, automatic control systems and optimal management.",http://www.intechopen.com/download/pdf/78400,3.0
Optimized layouts of borehole thermal energy storage systems in 4th generation grids,11,2020,"… energy supply, if they are applied appropriately [4,5]. The 4th generation district heating (DH… fulfillment of their role in a future sustainable energy economy. The most important ones are …",https://www.mdpi.com/1996-1073/13/17/4405,,0,"4th generation, district heating and cooling",10.3390/en13174405,Hoofar Hemmatabady; Julian Formhals; Bastian Welsch; Daniel Otto Schulte; Ingo Sass,8/26/2020,"Borehole thermal energy storage (BTES) systems are a viable option to meet the increasing cooling demand and to increase the sustainability of low-temperature district heating and cooling (DHC) grids. They are able to store the rejected heat of cooling cycles on a seasonal basis and deliver this heat during the heating season. However, their efficient practical implementation requires a thorough analysis from technical, economic and environmental points of view. In this comparative study, a dynamic exergoeconomic assessment is adopted to evaluate various options for integrating such a storage system into 4th generation DHC grids in heating dominated regions. For this purpose, different layouts are modeled and parameterized. Multi-objective optimization is conducted, varying the most important design variables in order to maximize exergetic efficiency and to minimize levelized cost of energy (LCOE). A comparison of the optimal designs of the different layouts reveals that passive cooling together with maximizing the heating temperature shift, accomplished by a heat pump, lead to optimal designs. Component-wise exergy and cost analysis of the most efficient designs highlights that heat pumps are responsible for the highest share in inefficiency while the installation of BTES has a high impact in the LCOE. BTES and buffer storage tanks have the lowest exergy destruction for all layouts and increasing the BTES volume results in more efficient DHC grids.",https://www.mdpi.com/1996-1073/13/17/4405/pdf,11.0
Design of a 5th generation district heating substation prototype for a real case study,11,2023,"… in a subgrid of the district heating network has been decreased to 80 C in order to check the feasibility of a transition to 4th generation for Brescia’s district heating network. In addition, to …",https://www.mdpi.com/2071-1050/15/4/2972,,0,"4th generation, district heating and cooling",10.3390/su15042972,Gianni Martinazzoli; Daniele Pasinelli; Adriano Maria Lezzi; Mariagrazia Pilotelli,2/7/2023,"The evolution of district heating networks is moving toward low temperatures in heat distribution with so called 4th generation networks. However, the lowest heat transfer fluid temperatures in district heating are achieved through ultra-low temperature networks, referred to as 5th generation district heating networks (5GDHNs). Low temperatures in heat distribution results in an extremely different configuration of 5GDHN compared to traditional district heating network, especially in the grid substation due to the inability to directly couple the grid with the buildings. This paper presents a detailed design of a 5th generation substation prototype, which is carried out to verify the proper operation and monitor the performance of this type of substation in a real case study. The prototype is fed by low-temperature waste heat, currently dissipated through evaporative towers, and will be built in the city of Brescia, Italy. The layout of the substation prototype, consisting of a bidirectional pumping system, a reversible water-to-water heat pump, an inertial thermal energy storage and a heat exchanger, is presented. An analysis is performed to figure out which refrigerant offers the best performance of the heat pump. In addition, fixed the refrigerant, the performance of the grid connected heat pump is found to be increased from 29.5% to 55.5% for both heating and cooling compared with a stand-alone air-to-water heat pump solution. Finally, the process flow diagram and the piping and instrumentation diagram of the substation are presented and commented.",https://www.mdpi.com/2071-1050/15/4/2972/pdf,7.0
"Energy, exergy, economic, and environmental (4E) assessment of an experimental moderately-high-temperature heat pump for district heating and cooling",11,2025,"… The HP is evaluated in terms of energy, exergy, carbon … heating and cooling for 4G (4th generation) district heating networks (DHNs) and district cooling networks (DCNs), and (ii) heat …",https://www.sciencedirect.com/science/article/pii/S0196890424012871,,0,"4th generation, district heating and cooling",10.1016/j.enconman.2024.119346,Ghad Alarnaot-Alarnaout; Joaquín Navarro-Esbrí; Ángel Barragán-Cervera; Adrián Mota-Babiloni,2025-2,,https://api.elsevier.com/content/article/PII:S0196890424012871?httpAccept=text/xml,8.0
Data center waste heat for district heating networks: A review,11,2025,"… This paper investigates the integration of data center waste heat into district heating networks, evaluating its potential from technical, energy, economic, and environmental perspectives. …",https://www.sciencedirect.com/science/article/pii/S1364032125005362,,0,"4th generation, district heating and cooling",10.1016/j.rser.2025.115863,Xiaolei Yuan; Jiayi Liu; Sijia Sun; Xiaojie Lin; Xiaojun Fan; Weixin Zhao; Risto Kosonen,2025-9,,https://api.elsevier.com/content/article/PII:S1364032125005362?httpAccept=text/xml,7.0
A multivalent supply concept: 4th Generation District Heating in Moosburg an der Isar,11,2021,"… With regard to the decarbonisation of the heating sector, district heating is of … 4th generation district heating (4GDH): Integrating smart thermal grids into future sustainable energy …",https://www.sciencedirect.com/science/article/pii/S2352484721008386,,0,"4th generation, district heating and cooling",10.1016/j.egyr.2021.09.032,Anna Kallert; Robert Egelkamp; Ulrich Bader; Dietmar Münnich; Lisa Staudacher; Hannes Doderer,2021-10,,https://api.elsevier.com/content/article/PII:S2352484721008386?httpAccept=text/xml,8.0
5th generation district heating and cooling networks as a heat source for geothermal heat pumps,10,2023,… Since the need of highly efficient DH networks due to climate change the fourth generation of district heating networks (4GDH) has been established since the 2020s. The network …,https://link.springer.com/chapter/10.1007/978-3-031-24524-4_9,,0,"4th generation, district heating and cooling",,,,,,
Thermoeconomic analysis of a novel topology of a 5th generation district energy network for a commercial user,10,2024,… 4th generation heating and cooling network with a novel 5th generation heating and cooling … The networks are designed to cover the energy demand of a large shopping center. The …,https://www.sciencedirect.com/science/article/pii/S0306261924011012,,0,"4th generation, district heating and cooling",10.1016/j.apenergy.2024.123718,Francesco Calise; Francesco Liberato Cappiello; Luca Cimmino; Maria Vicidomini; Fontina Petrakopoulou,2024-10,,https://api.elsevier.com/content/article/PII:S0306261924011012?httpAccept=text/xml,9.0
Technical feasibility assessment for a novel fifth-generation district heating model of interconnected operation with a large-scale building,9,2022,"… In this study, a novel fifth-generation district heating (DH) model was proposed that implements the energy-prosumer concept of bilateral heat trading (BHT) process between the DH …",https://www.mdpi.com/2071-1050/14/19/12857,,0,"4th generation, district heating and cooling",10.3390/su141912857,Young-Jik Youn; Yong-Hoon Im,10/9/2022,"In this study, a novel fifth-generation district heating (DH) model was proposed that implements the energy-prosumer concept of bilateral heat trading (BHT) process between the DH network and the building. The newly proposed BHT model can be characterized by the feature of using the low temperature of DH return pipe’s water. The technical feasibility of the proposed BHT model was evaluated through operation simulation analysis based on the actual operation data of the hybrid pilot system combined with the fuel cell and heat pump and the annual hourly temperature profile of the existing DH return pipe. The main objective of this study is to examine the technical feasibility of the interconnection operation model with the existing DHN as an alternative to overcome the limitations of the current fuel cell cogeneration model, which suffers from the low production volume caused by the high initial investment cost. From the simulation results, it was confirmed that considerable operational benefit, more than 30% in terms of primary energy savings, can be achieved with the proposed model, and compared to the stand-alone model of the fuel cell cogeneration system for the building, it can provide a more flexible technical environment to improve the system utilization rate by about 40%.",https://www.mdpi.com/2071-1050/14/19/12857/pdf,5.0
Integrating a heat pump into a 4th generation district heating (4GDH) system Two-mode configuration inputting operational data,8,2022,The aim is to examine integrating a heat pump (HP) into a district heating (DH) system versus potential savings in the separate scenario. It takes into account all the properties of both …,https://www.sciencedirect.com/science/article/pii/S0378778822006168,,0,"4th generation, district heating and cooling",10.1016/j.enbuild.2022.112445,Stanislav Chicherin; Andrey Zhuikov; Lyazzat Junussova,2022-11,,https://api.elsevier.com/content/article/PII:S0378778822006168?httpAccept=text/xml,5.0
Current trends of district heating and cooling in Europe-A review,7,2023,"… : district heating, renewable energy sources, 4th generation district heating, 5th generation district heating and cooling, and district cooling, for the period from 2000 to 2023. The search …",https://ieeexplore.ieee.org/abstract/document/10193702/,,0,"4th generation, district heating and cooling",10.23919/splitech58164.2023.10193702,Vladimir Munćan; Igor Mujan; Aleksandar S. Anđelković; Dušan Macura,6/20/2023,,http://xplorestaging.ieee.org/ielx7/10192574/10192583/10193702.pdf?arnumber=10193702,5.0
Load-shifting strategies in district heating networks with constant supply temperature: the case study of Verona,6,2020,"… low temperature district heating (LTDH), or 4th generation district heating (4GDH). … heat losses and to allow low-grade heat sources such as renewables and low temperature waste heat …",https://iopscience.iop.org/article/10.1088/1742-6596/1599/1/012038/meta,,0,"4th generation, district heating and cooling",10.1088/1742-6596/1599/1/012038,J Vivian; D Quaggiotto; E Ploner; F D’Isep; A Zarrella,8/1/2020,"Abstract
               District heating and cooling networks are a key infrastructure to decarbonise the heating and cooling sector. Besides the design of new networks according to the principles of the 4th and 5th generation district heating, operational aspects may significantly contribute to improve the efficiency of existing networks from both economic and environmental standpoints. In the present work, computer simulations using a district heating network model (NeMo) were carried out to investigate the load shifting potential offered by the thermal capacitance of the water volume enclosed in the network pipelines. The average return temperature is increased before the occurrence of the peak load by adjusting the flow rate according to the forecasted heat demand for the upcoming hours. The effectiveness of this control strategy was demonstrated for the district heating network of Verona, proving that the peak load can be significantly reduced, especially during middle season. Finally, the load shifting strategy was used to allow a change in the heat production mix, thereby reducing the primary energy consumption of the main heat supply station during the considered period.",https://iopscience.iop.org/article/10.1088/1742-6596/1599/1/012038/pdf,3.0
Towards Life Cycle Assessment for the Environmental Evaluation of District Heating and Cooling: A Critical Review,6,2024,"… Table 3 outlines the primary differences among DHNs from the third to the fourth generation, while the first and second generations were omitted due to their disuse. The selection of …",https://www.mdpi.com/2305-6703/4/3/7,,0,"4th generation, district heating and cooling",10.3390/standards4030007,Kevin Autelitano; Jacopo Famiglietti; Marcello Aprile; Mario Motta,7/24/2024,"District heating and cooling networks represent a compelling energy system solution due to their capacity to integrate renewable energies and leverage local surpluses of thermal resources. The meticulous design and optimization of network infrastructure are imperative to fully exploiting the potential of these energy systems. The Life Cycle Assessment of district heating and cooling networks for the purpose of environmental sustainability is a crucial and increasingly demanded aspect, particularly in light of the progressively stringent European regulations. The Life Cycle Assessment methodology could offer an evaluation throughout the entire life cycle of such networks. The proposed review scrutinizes the application of the Life Cycle Assessment methodology to evaluating the environmental profile of district heating and cooling systems. The methods, findings, and challenges are examined through a literature review and case study analysis. The results highlight variations in the climate profile influenced by the network generation type and multifunctionality approaches. The analysis revealed a range of emission factors, spanning from 11 gCO2eq/kWhth to 470 gCO2eq/kWhth for district heating and 6 gCO2eq/kWhth to 64 gCO2eq/kWhth for district cooling. The discussion emphasizes integrating district heating and cooling network management considerations and addressing methodological challenges. This study concludes by proposing future research directions for developing a universal LCA-based tool for district heating and cooling network analysis.",https://www.mdpi.com/2305-6703/4/3/7/pdf,5.0
"4th generation district heating (4GDH) in developing countries: Low-temperature networks, prosumers and demand-side measures",6,2023,The aim is locating low-cost renovation measures to support the efficiency of district heating (DH). The topology analysis and GIS Zulu© are applied for hydraulic simulation and to verify …,https://www.sciencedirect.com/science/article/pii/S0378778823005285,,0,"4th generation, district heating and cooling",10.1016/j.enbuild.2023.113298,Stanislav Chicherin; Andrey Zhuikov; Lyazzat Junussova,2023-9,,https://api.elsevier.com/content/article/PII:S0378778823005285?httpAccept=text/xml,8.0
Moving Towards Fourth-Generation District Heating as a Power-to-Heat Strategy: Techno-Economic Issues,5,2025,"… limit values for making waste heat integration in district heating systems a cost-effective … role of fourth-generation district heating (4GDH) networks for space heating decarbonization, …",https://www.mdpi.com/2071-1050/17/8/3675,,0,"4th generation, district heating and cooling",10.3390/su17083675,Axel Riccardo Massulli; Fosca Carolina Rosa; Gianluigi Lo Basso,4/18/2025,"About 50% of Italian households’ overall energy consumption is satisfied by natural gas, mainly for space heating, leading to substantial CO2 emissions. In Italy’s mild climate, fourth-generation district heating (4GDH) networks coupled with renewable energy sources (RESs) could represent a viable option for reaching the ambitious space heating decarbonization objectives set by the EU. In this paper, such a decarbonization pathway, consisting in a centralized heat pump (HP)-powered 4GDH network, with and without the addition of a distributed PV plant, is assessed and compared with the individual natural gas boilers-based Italian reference scenario. A cluster of buildings, comprising 200 dwellings, representative of common households in Rome, has been chosen as the case study. Starting from the cluster’s hourly space heating demand, a semi-dynamic MATLAB/Simulink model has been developed to size the technological components and evaluate their performance with respect to outdoor environmental conditions. The scenario comparison is carried out by means of techno-economic and environmental indicators: the levelized cost of heat (LCOHE), CO2 emissions, and carbon avoidance cost (CAC). Moreover, a sensitivity analysis has been carried out to address the uncertainty regarding the main economic parameters, namely the electricity and natural gas price and the HP and DH investment cost. The results show that 4GDH-based layouts significantly reduce CO2 emissions, at the expense of the LCOHE. The sensitivity analysis highlights how a significant reduction in both the electricity price and the DH network capital cost are required for achieving price parity with the fossil-fuel based scenario.",https://www.mdpi.com/2071-1050/17/8/3675/pdf,3.0
District heating in clean energy systems,5,2025,… District heating (DH) provides space heating — and usually also heats domestic hot water — from central and/or distributed supply units through … Fourth-generation district heating …,https://www.nature.com/articles/s44359-025-00076-8,,0,"4th generation, district heating and cooling",10.1038/s44359-025-00076-8,Henrik Lund; Poul Alberg Østergaard; Peter Sorknæs; Steffen Nielsen; Iva Ridjan Skov; Meng Yuan; Jakob Zinck Thellufsen; Brian Vad Mathiesen; Sally M. Benson; Andrej Jentsch; Xiliang Zhang; Sven Werner; Robin Wiltshire; Bernd Möller; Neven Duic,6/11/2025,,https://www.nature.com/articles/s44359-025-00076-8.pdf,3.0
Aftercooling concept: An innovative substation ready for 4th generation district heating networks,5,2024,… The transition toward greener district heating (DH) systems is supported by the low-temperature operation of building heating systems. In addition to reducing the DH supply …,https://www.sciencedirect.com/science/article/pii/S036054422400522X,,0,"4th generation, district heating and cooling",10.1016/j.energy.2024.130750,Jan Eric Thorsen; Oddgeir Gudmundsson; Michele Tunzi; Torben Esbensen,2024-4,,https://api.elsevier.com/content/article/PII:S036054422400522X?httpAccept=text/xml,4.0
Digitalization of district heating and cooling systems,4,2023,"… The particular significance of digitalization in district heating systems arises from the fact that it is a need for cutting-edge low-temperature, or “4th generation,” heat networks [4, 5] that …",https://link.springer.com/chapter/10.1007/978-3-031-48652-4_20,,0,"4th generation, district heating and cooling",10.1088/978-0-7503-5286-4ch5,Paul Woods,12/1/2023,,,0.0
Quantification of heat losses and gains of 5th generation district heating and cooling networks compared to conventional heating networks,4,2022,… of district heating networks. The influence of different factors is … heating networks and district heating and cooling networks. … 4th generation heat networks are a complex type of district …,https://onlinelibrary.wiley.com/doi/abs/10.1002/bapi.202200036,,0,"4th generation, district heating and cooling",10.1002/bapi.202200036,Selina Schmitt; Robin Zeh; Volker Stockinger,2022-12,"AbstractThe fourth and fifth generation of district heating (GDH) networks are among the key elements for the energy optimization of districts. Low heat losses in the distribution lines as well as bidirectional heat flow and the use of low‐temperature waste heat can lead to new business models for energy suppliers. Despite the continuous development of heat networks, significant heat losses still occur in conventional networks, despite well insulated pipelines, with fluid temperatures at 60 °C to 100 °C. Therefore, a study was conducted to investigate heat losses and gains in hot water heating (3GDH), low temperature heating (4GDH) and district heating and cooling networks (5GDHC) based on numerous simulations. The main purpose of the investigations is to deter‐mine the main factors influencing the heat transfer characteristics of underground heat networks. The derived results serve as a basis for the development of future planning tools to determine the heat losses and gains of local heating networks quickly and cost‐efficiently.",https://onlinelibrary.wiley.com/doi/pdf/10.1002/bapi.202200036,1.0
Top-down GIS-driven method for configuring the network layout of a 5th generation district heating and cooling (5GDHC) system,4,2025,… layout of a 5th generation district heating and cooling (5GDHC) … Energy Top-down GIS-driven method for configuring the network layout of a 5 th generation district heating and cooling …,https://www.sciencedirect.com/science/article/pii/S0360544225022819,,0,"4th generation, district heating and cooling",10.1016/j.energy.2025.136639,Stanislav Chicherin,2025-8,,https://api.elsevier.com/content/article/PII:S0360544225022819?httpAccept=text/xml,3.0
The Geothermal District Heating Market: Challenges and Opportunities in Europe,3,2025,"… The system is one of the first so-called 5th generation district heating and cooling (5GDHC) grids, an integrated heating and cooling system that uses a multitude of energy sources, …",https://pangea.stanford.edu/ERE/db/GeoConf/papers/SGW/2025/Toth.pdf,https://pangea.stanford.edu/ERE/db/GeoConf/papers/SGW/2025/Toth.pdf,0,"4th generation, district heating and cooling",10.5194/egusphere-egu25-12969,Johannes Miocic,3/18/2025,"Achieving net-zero emissions and combating climate change necessitate the adoption of negative emission technologies. Direct Air Capture (DAC), which removes CO2 directly from ambient air, shows great promise but requires significant energy, particularly in the form of heat. Geothermal doublets are traditionally used to supply heat for district heating networks, which operate at lower temperatures than those required for DAC. This study explores integrating geothermal heat from a doublet with DAC using a heat pump, while repurposing waste heat from the DAC process to support district heating. We propose multiple operational configurations for this system and conduct a life cycle emissions analysis, demonstrating the potential to capture tens to hundreds of thousands of tonnes of CO2 over its lifetime. The results show that higher geothermal fluid temperatures and flow rates substantially lower the cost per tonne of CO2 captured. Conversely, higher fluid temperatures combined with lower flow rates reduce overall system costs. These findings highlight the critical role of optimal subsurface conditions in maximizing system efficiency.",,0.0
5th generation district heating and cooling for holistic energy system decarbonisation: Novel system designs and detailed techno-economic assessment,3,2025,"… conducted highlighting the impact of cooling and access to waste heat sources. When there is no cooling, 5GDHC performs worse than 4th Generation District Heating (4GDH) for any …",https://theses.gla.ac.uk/id/eprint/84916,,0,"4th generation, district heating and cooling",10.1016/j.energy.2025.136639,Stanislav Chicherin,2025-8,,https://api.elsevier.com/content/article/PII:S0360544225022819?httpAccept=text/xml,3.0
The future of district heating and cooling networks,2,2023,"… as an effective means of decarbonising heating and cooling, and in the academic literature due to recent innovations in Fourth Generation District Heating (4GDH) networks. …",https://ukerc.rl.ac.uk/publications/working_paper/UKERC_The-Future-of-District-Heating-and-Cooling-Networks.pdf,https://ukerc.rl.ac.uk/publications/working_paper/UKERC_The-Future-of-District-Heating-and-Cooling-Networks.pdf,0,"4th generation, district heating and cooling",10.1088/978-0-7503-5286-4ch10,Paul Woods,12/1/2023,,,0.0
Thermo-economic and environmental analysis of integrating renewable energy sources in a district heating and cooling network,30,2020,"… th,h thermal energy annually, a 4MW e capacity plant with a thermal store would be most technically and economically feasible for participating in the spot market. For district heating …",https://link.springer.com/article/10.1007/s12053-019-09832-9,,0,"4th generation, district thermal",10.46855/energy-proceedings-3134,Mohammad Shakerin; Natasa Nord,3/3/2020,,,0.0
On the use of advanced nuclear cogeneration plant integrated into latent heat storage for district heating,29,2022,"… such as in a district heating (DH) system. In this regard, a thermal energy storage system (… For this purpose, thermal storage modules with two separate heat transfer fluids (HTFs) are …",https://www.sciencedirect.com/science/article/pii/S2213138821008523,,0,"4th generation, district thermal",10.1016/j.seta.2021.101838,Seyed Hadi Ghazaie; Khashayar Sadeghi; Riccardo Chebac; Ekaterina Sokolova; Evgeniy Fedorovich; Antonio Cammi; Marco Enrico Ricotti; Amir Saeed Shirani,2022-3,,https://api.elsevier.com/content/article/PII:S2213138821008523?httpAccept=text/xml,6.0
Design and assessment of district heating systems with solar thermal prosumers and thermal storage,27,2021,"… Extensive advancements in research on district heating systems have been achieved in recent decades, including the change from the 1st generation to the 4th generation [3] of …",https://www.mdpi.com/1996-1073/14/4/1184,,0,"4th generation, district thermal",10.3390/en14041184,Danhong Wang; Jan Carmeliet; Kristina Orehounig,2/23/2021,"In this study, a holistic energy, economic and environmental assessment was performed on a prosumer-based district heating system, including scenarios with varying district size, retrofitting stages and system configurations. A modeling framework was built which comprises a thermal network design and simulation model; a building energy demand model for districts; and supply and storage technology models that allow assessing system solar fraction, equivalent annual cost and greenhouse gas emissions of district heating systems (DHS). Furthermore, the approach allows comparing the performance of a DHS with individual heating systems (IHS) for the district with the same set of technology options (rooftop-mounted solar thermal collectors, gas boilers and thermal storage tanks). The framework was applied to a Swiss case study. The results of the case study show that DHS often outperform IHS; however, parameters such as the district size, the retrofitting stage of buildings and the system configuration have impacts on the performance of the DHS. The most important parameter lies in the adequate selection of the storage volume over solar collector area ratio, which indicates that DHS solutions are only advantageous if they are properly sized. Smaller districts and districts with retrofitted buildings especially benefit from DHS solutions in terms of energy, economic and environmental performance. Maximum solar fractions of 50% (non-retrofitted case) and 63% (retrofitted case) were reached with the DHS solutions.",https://www.mdpi.com/1996-1073/14/4/1184/pdf,17.0
District thermal systems: State of the art and promising evolutive scenarios. A focus on Italy and Switzerland,26,2021,"… In relation to thermal energy end-uses, that are the most impacting in buildings, district thermal systems (DTS) offer a great flexibility in terms of heat generation technologies and …",https://www.sciencedirect.com/science/article/pii/S2210670720307976,,0,"4th generation, district thermal",10.1016/j.scs.2020.102579,Paola Caputo; Giulio Ferla; Marco Belliardi; Nerio Cereghetti,2021-2,,https://api.elsevier.com/content/article/PII:S2210670720307976?httpAccept=text/xml,13.0
Distinguish between the economic optimal and lowest distribution temperatures for heat-prosumer-based district heating systems with short-term thermal,25,2022,"… transition from the 1st generation high-temperature steam-based DH systems to the 4th generation low-… However, for heat prosumers integrated with thermal energy storages (TESs), the …",https://www.sciencedirect.com/science/article/pii/S0360544222005047,,0,"4th generation, district thermal",10.1016/j.energy.2022.123601,Haoran Li; Juan Hou; Tianzhen Hong; Natasa Nord,2022-6,,https://api.elsevier.com/content/article/PII:S0360544222005047?httpAccept=text/xml,14.0
Latest Developments in 4th generation district heating and smart energy systems,18,2021,This editorial introduces the 31 st volume of the International Journal of Sustainable Energy Planning and Management. This volume reports some of the latest developments in energy …,https://discurso.aau.dk/index.php/sepm/article/view/6432,,0,"4th generation, district thermal",10.1016/j.segy.2021.100003,Matthias Sulzer; Sven Werner; Stefan Mennel; Michael Wetter,2021-2,,https://api.elsevier.com/content/article/PII:S2666955221000034?httpAccept=text/xml,39.0
Optimising low-temperature district heating networks: A simulation-based approach with experimental verification,18,2024,"… -plant system on the whole district heating and cooling water … heat pump, behaving as thermal energy balancing station, … -of-concept” fifth-generation district heating and cooling network. …",https://www.sciencedirect.com/science/article/pii/S0360544224017274,,0,"4th generation, district thermal",10.1016/j.energy.2024.131954,A. Buonomano; C. Forzano; L. Mongibello; A. Palombo; G. Russo,2024-9,,https://api.elsevier.com/content/article/PII:S0360544224017274?httpAccept=text/xml,15.0
Enhancing third-generation district heating networks with data centre waste heat recovery: analysis of a case study in Italy,18,2024,"In this study, the integration of waste heat from a Data Centre (DC) into a Third-Generation District Heating Network (DHN) is evaluated, showing the improvement in the environmental …",https://www.sciencedirect.com/science/article/pii/S0360544224037915,,0,"4th generation, district thermal",10.1016/j.energy.2024.134013,Luca Socci; Andrea Rocchetti; Antonio Verzino; Andrea Zini; Lorenzo Talluri,2024-12,,https://api.elsevier.com/content/article/PII:S0360544224037915?httpAccept=text/xml,19.0
Heat loss optimization and economic evaluation of a new fourth generation district heating triple pipe system,17,2023,"… Based on TOTS (Two-supply/One-return, triple pipe structure) heat loss theory of the fourth-generation district heating system, this paper optimizes structure of pipes by setting …",https://www.sciencedirect.com/science/article/pii/S1359431123011894,,0,"4th generation, district thermal",10.1016/j.applthermaleng.2023.121160,Xingli Chen; Ling Ren; Qiang Zheng; Gang Yang; Nevzat Akkurt; Lin Liu; Zhiwei Liu; Yujie Qiang; Huachao Yang; Qian Xu; Yulong Ding,2023-10,,https://api.elsevier.com/content/article/PII:S1359431123011894?httpAccept=text/xml,14.0
Forecasting the performance of a district solar thermal smart network in desert climate A case study,15,2020,"… district thermal plants. Furthermore, the smart network benefits have been revealed from three different aspects: generation … thermal bills from 23.13% to 82.88% in a payback period of 4 …",https://www.sciencedirect.com/science/article/pii/S0196890420300571,,0,"4th generation, district thermal",10.1016/j.enconman.2020.112521,Mohamed Hmadi; Adel Mourtada; Remi Daou,2020-3,,https://api.elsevier.com/content/article/PII:S0196890420300571?httpAccept=text/xml,14.0
Design and operation investigation for the fifth-generation heating and cooling system based on load forecasting in business districts,14,2023,"… The analysis and forecasting of district loads were used to study … In this study, 5GDHC for the business district performed best … and operation of 5GDHC in business district scenarios. …",https://www.sciencedirect.com/science/article/pii/S0378778823004735,,0,"4th generation, district thermal",10.1016/j.enbuild.2023.113243,Ting Bu; Rui Fan; Bin Zheng; Kexin Sun; Yibing Zhou,2023-9,,https://api.elsevier.com/content/article/PII:S0378778823004735?httpAccept=text/xml,10.0
Life cycle assessment of low temperature district heating system in Gulbene region,13,2020,… due to the necessity of refurbishment in the buildings where a 4th generation DH system is … fact that there are parishes where the thermal energy consumed during the heating season is …,https://sciendo.com/2/v2/download/article/10.2478/rtuect-2020-0073.pdf,https://sciendo.com/2/v2/download/article/10.2478/rtuect-2020-0073.pdf,0,"4th generation, district thermal",10.2478/rtuect-2020-0073,Fabian Diaz; Ieva Pakere; Francesco Romagnoli,9/1/2020,"Abstract
               New district heating system technologies have arisen in the last years to deliver economic and environmental benefits to residential and commercial buildings. The extensive ranges of equipment, energy sources, temperature profile configurations, size of the network, energy demand, and many other intrinsic variables, make it difficult to identify if a determined district heating option is potentially better than another in environmental terms. As for the economic evaluation, there are several tools decision-makers can rely on to assess environmental performance. The main challenge is to provide a holistic point of view for which lifespan and complexity of implementable, new technological systems can be an obstacle. For this reason, in this paper, a Life Cycle Assessment is performed upon a technical evaluation of several district heating configuration options for the Gulbene region in Latvia, where DH systems in most of the assessed parishes are already operating under medium temperature regimes, also known as third-generation district heating. The goal of the study is to understand the environmental impact of moving from the current DH system to a low temperature one. Results show a considerable environmental benefit if low-temperature profiles, combined with the use of renewable energy sources are adopted in the current DH systems. A hotspot analysis is also performed showing the use stage is the one carrying most of the burden across the project’s lifetime, followed by infrastructure construction; also showing that the refurbishment of buildings does not play a major role in the total environmental impact contribution.",https://content.sciendo.com/view/journals/rtuect/24/2/article-p285.xml,8.0
Integration of micro-cogeneration units and electric storages into a micro-scale residential solar district heating system operating with a seasonal thermal storage,12,2020,"… 4)) is simulated in this paper by means of the Type 700 by considering its thermal efficiency (ie, the ratio between thermal … the current and the maximum thermal outputs of the system). In …",https://www.mdpi.com/1996-1073/13/20/5456,,0,"4th generation, district thermal",10.3390/en13205456,Antonio Rosato; Antonio Ciervo; Giovanni Ciampi; Michelangelo Scorpio; Sergio Sibilio,10/19/2020,"A micro-scale district heating network based on the operation of solar thermal collectors coupled to a long-term borehole thermal storage is modeled, simulated and investigated over a period of five years. The plant is devoted to covering the domestic hot water and space heating demands of a district composed of six typical residential buildings located in Naples (southern Italy). Three alternative natural gas-fueled back-up auxiliary systems (condensing boiler and two different technologies of micro-cogeneration) aiming at balancing the solar energy intermittency are investigated. The utilization of electric storages in combination with the cogeneration systems is also considered with the aim of improving the self-consumption of cogenerated electric energy; heat recovery from the distribution circuit is also evaluated to pre-heat the mains water for domestic hot water production. The performances of the proposed plant schemes are contrasted with those of a typical Italian decentralized heating plant (based on the utilization of natural gas-fueled non-condensing boilers). The comparison highlighted that the proposed configurations can decrease the primary energy consumption (up to 11.3%), the equivalent emissions of carbon dioxide (up to 11.3%), and the operation costs (up to 14.3%), together with an acceptable simple pay-back period (about 4.4 years).",https://www.mdpi.com/1996-1073/13/20/5456/pdf,10.0
A comparative life cycle assessment of fifth-generation district heating and cooling systems,11,2024,"With the growing global demand for cooling, there is a critical need for sustainable solutions that efficiently provide both heating and cooling. Fifth-generation district heating and cooling …",https://www.sciencedirect.com/science/article/pii/S0378778824008922,,0,"4th generation, district thermal",10.1016/j.enbuild.2024.114776,Kristian Gjoka; Robert H. Crawford; Behzad Rismanchi,2024-11,,https://api.elsevier.com/content/article/PII:S0378778824008922?httpAccept=text/xml,9.0
Effectiveness of optimization procedures on the economic profitability of a virtual tri-generation power plant connected to a district heating cooling network,10,2022,This study investigates the impact of an optimized schedule procedure in enhancing the Economic Profitability (EP) of a tri-generation energy facility located in the Northern Italy and …,https://www.sciencedirect.com/science/article/pii/S0196890422012444,,0,"4th generation, district thermal",10.1016/j.enconman.2022.116466,M. Grigiante; G. Mottes; A. Buratti,2022-12,,https://api.elsevier.com/content/article/PII:S0196890422012444?httpAccept=text/xml,10.0
A Rome district transition towards optimal and sustainable heat and power generation,8,2024,"… In this work, a specific district of Rome energy metabolism has been studied to reduce the … thermal energy generation. Two scenarios were investigated, one “ex-ante” with the district as …",https://www.sciencedirect.com/science/article/pii/S1359431124016697,,0,"4th generation, district thermal",10.1016/j.applthermaleng.2024.124001,Erfan Tajalli-Ardekani; Giovanni Delibra; Isabella Pizzuti; Alessandro Corsini,2024-10,,https://api.elsevier.com/content/article/PII:S1359431124016697?httpAccept=text/xml,7.0
Excess heat utilization combined with thermal storage integration in district heating systems using renewables,7,2020,"… However, a high share of these systems is old and inefficient and therefore needs to change towards the 4th generation district heating, which will incorporate various energy sources, …",https://repozitorij.unizg.hr/islandora/object/fsb:10733,,0,"4th generation, district thermal",10.2298/tsci200409286d,Borna Doracic; Marino Grozdek; Tomislav Puksec; Neven Duic,2020,"District heating systems already play an important role in increasing the sustainability of the heating sector and decreasing its environmental impact. However, a high share of these systems is old and inefficient and therefore needs to change towards the 4th generation district heating, which will incorporate various energy sources, including renewables and excess heat of different origins. Especially excess heat from industrial and service sector facilities is an interesting source since its potential has already been proven to be highly significant, with some researches showing that it could cover the heat demand of the entire residential and service sector in Europe. However, most analyses of its utilisation in district heating are not done on the hourly level, therefore not taking into account the variability of its availability. For that reason, the main goal of this work was to analyse the integration of industrial excess heat into the district heating system consisting of different configurations, including the zero fuel cost technologies like solar thermal. Furthermore, cogeneration units were a part of every simulated configuration, providing the link to the power sector. Excess heat was shown to decrease the operation of peak load boiler and cogeneration, that way decreasing the costs and environmental effect of the system. However, since its hourly availability differs from the heat demand, thermal storage needs to be implemented in order to increase the utilisation of this source. The analysis was performed on the hourly level in the energyPRO software",,8.0
Towards sustainable urban energy solutions: A multi-dimensional assessment framework for fifth-generation district heating and cooling systems,7,2025,… This study evaluates whether fifth-generation district heating and cooling (5GDHC) systems offer a better alternative to traditional heat pumps and chillers for electrifying heating and …,https://www.sciencedirect.com/science/article/pii/S0378778824011873,,0,"4th generation, district thermal",10.1016/j.enbuild.2024.115071,Kristian Gjoka; Behzad Rismanchi; Robert H. Crawford,2025-1,,https://api.elsevier.com/content/article/PII:S0378778824011873?httpAccept=text/xml,5.0
"Simulation-based analysis of thermochemical heat storage feasibility in third-generation district heating systems: Case study of Enschede, Netherlands",6,2024,In this article a dual heat storage system comprising thermochemical heat storage (TCS) and hot water storage for managing the mismatch between heat generation and demand in …,https://www.sciencedirect.com/science/article/pii/S096014812301649X,,0,"4th generation, district thermal",10.1016/j.renene.2023.119734,Chung-Yu Yeh; J.K. De Swart; Amirhoushang Mahmoudi; Abhishek K. Singh; Gerrit Brem; Mina Shahi,2024-2,,https://api.elsevier.com/content/article/PII:S096014812301649X?httpAccept=text/xml,1.0
Theoretical Cost and Energy Optimisation of a 4th Generation Net-Zero District Heating System with Different Thermal Energy Storage Technologies,3,2023,"… efficient 4th generation district heating (… generating thermal energy at different times of the day, month or year. To address the mismatch between heat demand and production, thermal …",https://papers.ssrn.com/sol3/papers.cfm?abstract_id=4423578,,0,"4th generation, district thermal",10.2139/ssrn.4423578,Miguel Angel Pans Castillo; Gianfranco Claudio; Philip Eames,2023,,,0.0
Efficient training of learning-based thermal power flow for 4th generation district heating grids,3,2025,… generation. We show with simulations for test settings with typical features of 4th generation district … the new approach can reduce training set generation times by one to two orders of …,https://www.sciencedirect.com/science/article/pii/S0360544225003032,,0,"4th generation, district thermal",10.1016/j.energy.2025.134661,Andreas Bott; Mario Beykirch; Florian Steinke,2025-3,,https://api.elsevier.com/content/article/PII:S0360544225003032?httpAccept=text/xml,2.0
Optimisation of 5th Generation District Heating and Cooling Networks for different Flow Configurations,2,2025,"… a 5th generation district heating … generation district heating and cooling networks. Despite being less flexible, the directional configuration achieves lower energy use and good thermal …",https://hrcak.srce.hr/clanak/481594,,0,"4th generation, district thermal",10.13044/j.sdewes.d13.0577,Anna Dell\'Isola; Louis Hermans; Lieve Helsen,2025-6,,http://www.sdewes.org/jsdewes/dpfc18e8522d5bf9851007f43e9d09f89fa081fc40,1.0
"Design of a 5th Generation District Heating Substation Prototype for a Real Case Study. Sustainability 2023, 15, 2972",2,2023,"… district heating networks is moving toward low temperatures in heat distribution with so called 4th generation … power grids and district heating networks to create smart thermal grids, and …",https://www.academia.edu/download/101821710/pdf.pdf,https://www.academia.edu/download/101821710/pdf.pdf,0,"4th generation, district thermal",10.3390/su15042972,Gianni Martinazzoli; Daniele Pasinelli; Adriano Maria Lezzi; Mariagrazia Pilotelli,2/7/2023,"The evolution of district heating networks is moving toward low temperatures in heat distribution with so called 4th generation networks. However, the lowest heat transfer fluid temperatures in district heating are achieved through ultra-low temperature networks, referred to as 5th generation district heating networks (5GDHNs). Low temperatures in heat distribution results in an extremely different configuration of 5GDHN compared to traditional district heating network, especially in the grid substation due to the inability to directly couple the grid with the buildings. This paper presents a detailed design of a 5th generation substation prototype, which is carried out to verify the proper operation and monitor the performance of this type of substation in a real case study. The prototype is fed by low-temperature waste heat, currently dissipated through evaporative towers, and will be built in the city of Brescia, Italy. The layout of the substation prototype, consisting of a bidirectional pumping system, a reversible water-to-water heat pump, an inertial thermal energy storage and a heat exchanger, is presented. An analysis is performed to figure out which refrigerant offers the best performance of the heat pump. In addition, fixed the refrigerant, the performance of the grid connected heat pump is found to be increased from 29.5% to 55.5% for both heating and cooling compared with a stand-alone air-to-water heat pump solution. Finally, the process flow diagram and the piping and instrumentation diagram of the substation are presented and commented.",https://www.mdpi.com/2071-1050/15/4/2972/pdf,7.0
High-temperature thermal storage in combined heat and power plants,30,2022,"… thermal storage into a biomass-fueled CHP plant. The potential and benefits for the individual CHP plant, as well as for the electric grid … in the national electric grid, valuable as the share …",https://www.sciencedirect.com/science/article/pii/S0360544222009604,,0,"4th generation, thermal grid",10.1016/j.energy.2022.124057,Mei Gong; Fredric Ottermo,2022-8,,https://api.elsevier.com/content/article/PII:S0360544222009604?httpAccept=text/xml,26.0
Experiences from city-scale simulation of thermal grids,27,2021,"… the thermal grid is considered an important aid in the process. Early results in this area are from 1990s and early 2000s, with examples such as [11,12]. More recently, several European …",https://www.mdpi.com/2079-9276/10/2/10,,0,"4th generation, thermal grid",10.3390/resources10020010,Johan Simonsson; Khalid Tourkey Atta; Gerald Schweiger; Wolfgang Birk,1/25/2021,"Dynamic simulation of district heating and cooling networks has an increased importance in the transition towards renewable energy sources and lower temperature district heating grids, as both temporal and spatial behavior need to be considered. Even though much research and development has been performed in the field, there are several pitfalls and challenges towards dynamic district heating and cooling simulation for everyday use. This article presents the experiences from developing and working with a city-scale simulator of a district heating grid located in Luleå, Sweden. The grid model in the case study is a physics based white-box model, while consumer models are either data-driven black-box or gray-box models. The control system and operator models replicate the manual and automatic operation of the combined heat and power plant. Using the functional mock-up interface standard, a co-simulation environment integrates all the models. Further, the validation of the simulator is discussed. Lessons learned from the project are presented along with future research directions, corresponding to identified gaps and challenges.",https://www.mdpi.com/2079-9276/10/2/10/pdf,18.0
A prosumer-based sector-coupled district heating and cooling laboratory architecture,24,2023,… thermal systems and innovative district heating and cooling grids can help to decarbonize the thermal … It consists of five prosumers equipped with heat generators and thermal storages. …,https://www.sciencedirect.com/science/article/pii/S2666955223000023,,0,"4th generation, thermal grid",10.1016/j.segy.2023.100095,Daniel Zinsmeister; Thomas Licklederer; Stefan Adldinger; Franz Christange; Peter Tzscheutschler; Thomas Hamacher; Vedran S. Perić,2023-2,,https://api.elsevier.com/content/article/PII:S2666955223000023?httpAccept=text/xml,14.0
Drivers and barriers for prosumer integration in the Swedish district heating sector,21,2021,"… to the 4th generation DH (4GDH) systems, which are relatively low temperature DH grids. … Similarly, with the shift to 4GDH grids, technical barriers to inclusion of low temperature heat …",https://www.sciencedirect.com/science/article/pii/S2352484721007599,,0,"4th generation, thermal grid",10.1016/j.egyr.2021.08.155,Sujeetha Selvakkumaran; Lovisa Axelsson; Inger-Lise Svensson,2021-10,,https://api.elsevier.com/content/article/PII:S2352484721007599?httpAccept=text/xml,18.0
Accounting for pipeline thermal capacity in district heating simulations,16,2021,"… The transition towards 4th generation systems is making … , the interaction with other energy grids. These new elements … even more important role assumed by thermal transients. In this …",https://www.sciencedirect.com/science/article/pii/S0360544220327705,,0,"4th generation, thermal grid",10.1016/j.energy.2020.119663,Martina Capone; Elisa Guelpa; Vittorio Verda,2021-3,,https://api.elsevier.com/content/article/PII:S0360544220327705?httpAccept=text/xml,15.0
An agent-based model to support the preliminary design and operation of heating and power grids with cogeneration units and photovoltaic panels in densely,15,2022,"… apply to the electrical distribution; here, an energy community extended over a geographical area with a radius of around 100 m is sufficient to guarantee an almost fully connected grid …",https://www.sciencedirect.com/science/article/pii/S0360544222022010,,0,"4th generation, thermal grid",10.1016/j.energy.2022.125317,R. Volpe; P. Catrini; A. Piacentino; A. Fichera,2022-12,,https://api.elsevier.com/content/article/PII:S0360544222022010?httpAccept=text/xml,10.0
Iterative sizing of solar-assisted mixed district heating network and local electrical grid integrating demand-side management,14,2022,"… on a mixed grid coupling a standalone heating network with a local electrical grid. Thousands … In summary, the iterative method reduced the number of installed solar thermal collectors …",https://www.sciencedirect.com/science/article/pii/S0360544221017655,,0,"4th generation, thermal grid",10.1016/j.energy.2021.121517,Timothé Gronier; Jaume Fitó; Erwin Franquet; Stéphane Gibout; Julien Ramousse,2022-1,,https://api.elsevier.com/content/article/PII:S0360544221017655?httpAccept=text/xml,14.0
Quantifying flexibility potential on district heating local thermal substations,14,2023,"… thermal mass, controlling strategies and thermal comfort settings. In this work the maximum thermal flexibility potential is set as the maximum thermal … compromising thermal comfort. The …",https://www.sciencedirect.com/science/article/pii/S2352467723001431,,0,"4th generation, thermal grid",10.1016/j.segan.2023.101135,Leonidas Zouloumis; Nikolaos Ploskas; Giorgos Panaras,2023-9,,https://api.elsevier.com/content/article/PII:S2352467723001431?httpAccept=text/xml,7.0
Electricity storage with a solid bed High Temperature Thermal Energy Storage system (HTTES)-a methodical approach to improve the pumped thermal grid storage,13,2020,… Laughlin proposed a Thermal Battery-process as “Pumped thermal grid storage with heat exchange” using a BraytonCycle to reach a round trip efficiency (electricity-toelectricity) of 72 %…,https://www.atlantis-press.com/proceedings/ires-20/125952208,,0,"4th generation, thermal grid",10.1016/j.enconman.2020.112530,Guido Francesco Frate; Lorenzo Ferrari; Umberto Desideri,2020-3,,https://api.elsevier.com/content/article/PII:S0196890420300662?httpAccept=text/xml,130.0
Model of a 100 renewable energy system of self-sufficient wider urban area based on a short-term scale and the integration of the transport and thermal,12,2024,The mutual integration of different energy sectors and their conversion to electricity could promote the integration of renewable energy sources. This paper analyses 100% renewable …,https://www.sciencedirect.com/science/article/pii/S0360544224020887,,0,"4th generation, thermal grid",10.1016/j.energy.2024.132314,A. Falkoni; G. Krajačić; marko M Mimica,2024-10,,https://api.elsevier.com/content/article/PII:S0360544224020887?httpAccept=text/xml,11.0
Exergoeconomics as a cost-accounting method in thermal grids with the presence of renewable energy producers,11,2022,"… by a thermal grid. Based on … generations are featured by a progressive reduction of the operating temperature of the network. Indeed, from an average of 60 C for the 4th generation …",https://www.mdpi.com/2071-1050/14/7/4004,,0,"4th generation, thermal grid",10.3390/su14074004,Pietro Catrini; Tancredi Testasecca; Alessandro Buscemi; Antonio Piacentino,3/28/2022,"Thermal grids are efficient, reliable, and sustainable technologies for satisfying the thermal demands of buildings. The capability to operate at a low temperature allows not only for the integration of heat produced by renewable energy sources but also for the storage of surplus electricity from the grid via “power to heat” technologies. Besides, in the future, heat consumers are expected to behave increasingly as “prosumers”, supplying in some periods heat produced by renewable energy plants on site. In this scenario, it is important to propose a method for the cost allocation among producers connected to the grid. In this regard, this paper proposes Exergoeconomics as a possible tool for rational cost assignment. To show the capabilities of the method, some operating scenarios are compared for a cluster of five buildings of the tertiary sector interconnected by a thermal grid. Based on exergoeconomic indicators, such as the exergy and exergoeconomic unit costs, insights into the cost formation process of the heat consumed by users are provided. Sensitivity analyses of heat unit cost to design and operating variables are also performed. Results show that in the presence of distributed producers, the heat unit cost could be approximately 33% lower than in the case of centralized production, due to the lower amount of irreversibility generated. Capital investment accounts for 20–28% of the heat unit cost.",https://www.mdpi.com/2071-1050/14/7/4004/pdf,7.0
A new framework for evaluating and enhancing the performance of district heating systems integrated with data centres using short-term thermal energy,9,2025,This paper proposes a new framework to assess and enhance the performance of district heating (DH) systems integrated with data centres (DCs). This framework utilizes six key …,https://www.sciencedirect.com/science/article/pii/S0360544225005766,,0,"4th generation, thermal grid",10.1016/j.energy.2025.134934,Han Du; Xinlei Zhou; Natasa Nord; Yale Carden; Ping Cui; Zhenjun Ma,2025-3,,https://api.elsevier.com/content/article/PII:S0360544225005766?httpAccept=text/xml,6.0
Promoting the flexibility of thermal prosumers equipped with heat pumps to support power grid management,8,2023,"… In the present study, a 4th generation DHN was assumed. For this reason, the operating temperature of the supply line of the DHN was equal to 60 C. Details on temperature, flow rates, …",https://www.mdpi.com/2071-1050/15/9/7494,,0,"4th generation, thermal grid",10.3390/su15097494,Giuseppe Edoardo Dino; Pietro Catrini; Valeria Palomba; Andrea Frazzica; Antonio Piacentino,5/3/2023,"The increasing share of renewable energy sources in energy systems will lead to unpredictable moments of surplus/deficit in energy production. To address this issue, users with heat pumps can provide support to power grid operators through flexible unit operation achieved via Demand Response programs. For buildings connected to low-temperature heating networks with ensured third-party access, further room for flexibility can be explored by investigating the production of surplus heat that can be sold to the network. A key aspect lies in the identification of the energy pricing options that could encourage such flexible operation of a heat pump by “thermal prosumers”. To this aim, the present study investigates the impact of ad hoc variations in the electricity purchasing price through discounts or penalties included in the “network cost” component of the price on cost-effective operation of a heat pump connected to the thermal network. To discuss the effects of different pricing options in terms of increased flexibility, an office building located in Italy and equipped with a high-temperature heat pump is adopted as the case study. A heuristic profit-oriented management strategy of the heat pump is assumed, and dynamic simulations are performed. The results indicate that at current electricity prices, the heat pump operation is profitable both when supplying the heat to meet the building’s requirements and when producing surplus heat for sale to the thermal network. In addition, it is revealed that the penalties applied to the electricity purchasing price are effective in encouraging changes in the heat pump operation strategy, reducing its average production (the building increasingly relying on buying heat from the network) and the associated electricity consumption by 46.0% and 79.7% in the “light” and “severe” local power deficit scenarios, respectively.",https://www.mdpi.com/2071-1050/15/9/7494/pdf,3.0
Integration of high temperature heat networks with low carbon ambient loop systems,7,2021,"… and 4th generation networks can be connected into 5th generation systems. It uses the 3rd … The UK has significantly reduced the electrical grid carbon intensity, through the generation …",https://openresearch.lsbu.ac.uk/download/be0db9d8b81a6363536871d3609075df878af825b76ee7b28e8c7bc5d50764c0/1381561/Integration%20of%20high%20temperature%20heat%20networks%20with%20low%20carbon%20ambient%20loop%20systems.pdf,https://openresearch.lsbu.ac.uk/download/be0db9d8b81a6363536871d3609075df878af825b76ee7b28e8c7bc5d50764c0/1381561/Integration%20of%20high%20temperature%20heat%20networks%20with%20low%20carbon%20ambient%20loop%20systems.pdf,0,"4th generation, thermal grid",10.1016/j.energy.2021.119962,S. Talebi; N. Goudarzi; Sepideh Nourouzi Dehka,2021-5,,https://api.elsevier.com/content/article/PII:S0360544221002115?httpAccept=text/xml,5.0
"Design of a high-temperature, power-constrained electrified district heating network with thermal storage and curtailed wind integration",7,2024,"… with borehole thermal energy storage and grid services such as … performance is analysed from a grid operator and end-user’s … , emissions and cost) and grid operator (grid services). A …",https://www.sciencedirect.com/science/article/pii/S221313882400211X,,0,"4th generation, thermal grid",10.2139/ssrn.4685618,Thibaut Desguers; Daniel Friedrich,2024,,,0.0
Current and future development of thermal grids in Switzerland: an organizational perspective,6,2024,"… Further, the CEBEP assumes that ecosystems are nested at various level: for example, the ecosystem around thermal grids in a municipality is nested within a thermal grid ecosystem at …",https://www.frontiersin.org/articles/10.3389/frsc.2024.1379554/full,,0,"4th generation, thermal grid",10.3389/frsc.2024.1379554,Matthias Speich; Jonathan Chambers; Silvia Ulli-Beer,5/3/2024,"IntroductionThermal grids are key to decarbonizing heating and cooling. However, their development is a complex socio-technical process. This study aims to (1) understand the thermal grid ecosystem’s development under changing political, economic and cultural frame conditions, (2) elicit actors’ perception of options for future development, and (3) identify concrete problem situations for the future development of thermal grids and describe how to address them.MethodsWe draw on 18 semi-structured interviews with decision-makers in utilities, municipal administrations, planning and engineering companies and intermediary organizations.ResultsWith increased strategic importance of thermal grids, the ecosystem has been in a phase of rapid growth and professionalization in the last 10–15 years. This is reflected in a rapid increase in the number of grids, but also in capability and capacity building and greater quality standards. This transformation has been supported by a resource pool (e.g., knowledge base, capacities and capabilities, networks or decision-support tools), built partly through the value network’s activities and partly through purposeful orchestration by associations, authorities, utilities and other actors. While policy developments, energy price fluctuations and changes in customer perceptions spurred demand, thermal grid development is limited by supply-side constraints, especially a skill shortage. Four interrelated problem situations were identified: (1) Municipalities lack the resources to manage the implementation of their energy strategies. (2) The modernization of thermal grids and integration of low-carbon heat sources entails high transaction costs. (3) The implementation of thermal grids is subject to delays and quality risks, with consequences for the timely achievement of decarbonization goals. (4) Customers face uncertainty on available options, as well as on the systemic impacts of their decisions.DiscussionBased on current practices, suggestions by the interviewees, as well as a comparison with the international literature, we identify four development areas to address these problem situations: (1) Empower and support municipalities. (2) Manage the scarcity of qualified workforce. (3) Leverage digital technology for the planning, realization and operation of thermal grids. (4) Pilot technological and organizational innovations together. This complements the set of previously suggested measures to support the development of thermal grids, which focused strongly on technical and regulatory aspects.",https://www.frontiersin.org/articles/10.3389/frsc.2024.1379554/full,5.0
Achieving climate neutrality in district heating: The impact of system temperature levels on the supply mix of EU-27 in 2050,6,2025,District heating (DH) systems are a critical component of the EU's strategy to achieve climate neutrality in the heating sector by 2050. Lowering the system temperature levels in district …,https://www.sciencedirect.com/science/article/pii/S0360544225000131,,0,"4th generation, thermal grid",10.1016/j.energy.2025.134371,Ali Kök; Anna Billerbeck; Pia Manz; Lukas Kranzl,2025-1,,https://api.elsevier.com/content/article/PII:S0360544225000131?httpAccept=text/xml,4.0
Thermodynamic-based method for supporting design and operation of thermal grids in presence of distributed energy producers,5,2023,"… of 4th [11] and 5th-generation DHNs has been developed [12]. In the 4th generation, DHNs … In the 5th DH system, the grid is operated at almost ambient temperature with local boosting …",https://hrcak.srce.hr/clanak/445283,,0,"4th generation, thermal grid",10.13044/j.sdewes.d11.0459,Catrini Pietro; Tancredi Testasecca; Maurizio La Villetta; Massimo Morale; Antonio Piacentino,2023-9,,http://www.sdewes.org/jsdewes/dp58c37c29e0ee0838127bfbaffeecbc084b2a3625,3.0
Analysis on the technical situation and applied difficulties of district heating load forecasting,4,2022,"… The biggest characteristic of the 4th generation of district heating is smart thermal grids, that is, the operation management and control strategies of each part of the district heating …",https://link.springer.com/article/10.1134/S0040601522060088,,0,"4th generation, thermal grid",10.1134/s0040601522060088,Bingwen Zhao; Yu Jin; Wan Li; Hanyu Zheng,2022-6,,https://link.springer.com/content/pdf/10.1134/S0040601522060088.pdf,2.0
Innovative hybrid 4th generation geothermal system for zero-carbon hotel buildings in cold climate,4,2025,"This research investigates the energy efficiency, economic viability, and environmental impact of a hotel building in Ottawa, Canada, utilizing dynamic annual energy simulations. The …",https://www.sciencedirect.com/science/article/pii/S0378778825000350,,0,"4th generation, thermal grid",10.1016/j.enbuild.2025.115305,Mohamed G. Ghorab; Antonio Rosato,2025-2,,https://api.elsevier.com/content/article/PII:S0378778825000350?httpAccept=text/xml,2.0
Analysis of operating characteristics of interconnected operation of thermal grids with bidirectional heat trade,4,2023,This study analyzed the effects of bidirectional heat trade of extra heat on the overall operational efficiency of interconnected thermal grids with empirical correlation formulation. A …,https://www.sciencedirect.com/science/article/pii/S1359431123006373,,0,"4th generation, thermal grid",10.1016/j.applthermaleng.2023.120608,Young Jik Youn; Yong Hoon Im,2023-7,,https://api.elsevier.com/content/article/PII:S1359431123006373?httpAccept=text/xml,2.0
How are business models capturing flexibility in the District Energy (DE) grid?,4,2021,"… Findings show that most DE grids are slow to recognize and capture flexibility that can be catalyzed through end-users, thermal inertia, heat pumps and other. Similarly, DE firms employ …",https://www.sciencedirect.com/science/article/pii/S2352484721007484,,0,"4th generation, thermal grid",10.1016/j.egyr.2021.08.146,Sujeetha Selvakkumaran; Lina Eriksson; Jonas Ottosson; Kristina Lygnerud; Inger-Lise Svensson,2021-10,,https://api.elsevier.com/content/article/PII:S2352484721007484?httpAccept=text/xml,2.0
Presentation of a distributed testing infrastructure for joint experiments across multiple remote laboratories for robust development of new district heating,3,2024,"4th-generation district heating networks confront numerous challenges such as integrating decentralized renewable energy sources, bidirectional heat transfer, new storage concepts, …",https://www.sciencedirect.com/science/article/pii/S2666955224000224,,0,"4th generation, thermal grid",10.1016/j.segy.2024.100152,Lilli Frison; Urs Gumbel; Simone Steiger; Herbert Sinnesbichler; Benedikt Ahrens; Dennis Lottis; Matthias Wecker; Anna Marie Cadenbach,2024-8,,https://api.elsevier.com/content/article/PII:S2666955224000224?httpAccept=text/xml,2.0
Individual versus Grid-Connected Thermal Systems: Impact on Grid Infrastructures and Energy Supply,2,2024,"… by the power grid, however, most … gridconnected thermal supply and examines the impact of the HPs and chillers on the power grid, while applying a full network simulation of both grids. …",https://ieeexplore.ieee.org/abstract/document/10668974/,,0,"4th generation, thermal grid",10.1109/osmses62085.2024.10668974,Sina Dibos; Thiemo Pesch; Andrea Benigni,9/3/2024,,http://xplorestaging.ieee.org/ielx8/10668957/10668961/10668974.pdf?arnumber=10668974,0.0
Increasing Renewables and Building Retrofit in a Coal-Based Cogeneration District Heating System,2,2023,… The 4th generation of district heating systems will play a major role in the sustainable decarbonization … 4th Generation District Heating (4GDH): Integrating smart thermal grids into future …,https://qeios-uploads.s3.eu-west-1.amazonaws.com/publication-ancillary-files/8DMVPF/radhtt-rev.pdf,https://qeios-uploads.s3.eu-west-1.amazonaws.com/publication-ancillary-files/8DMVPF/radhtt-rev.pdf,0,"4th generation, thermal grid",10.32388/dgxdww,Behrang Vand,12/13/2023,,https://www.qeios.com/read/DGXDWW/pdf,0.0
Performance analysis for the UK s first 5th generation heat network The BEN case study at LSBU,26,2022,… Efficiency gains can be achieved by linking heating systems through ambient loops called Fifth Generation District Heating and Cooling (5GDHC) networks. The UK needs working …,https://www.sciencedirect.com/science/article/pii/S0360544221030929,,0,"4th generation, thermal network",10.1016/j.energy.2021.122843,Aaron Gillich; Julie Godefroy; Andy Ford; Mark Hewitt; Jonathan L'Hostis,2022-3,,https://api.elsevier.com/content/article/PII:S0360544221030929?httpAccept=text/xml,18.0
Modeling of thermal energy sharing in integrated energy communities with micro-thermal networks,20,2021,… This paper presents a reduced model that shows the potential of harvesting thermal energy … micro-thermal network when primarily sharing between diverse thermal demand buildings …,https://www.sciencedirect.com/science/article/pii/S0378778821004540,,0,"4th generation, thermal network",10.1016/j.enbuild.2021.111170,Ahmed Abdalla; Saber Mohamed; Scott Bucking; James S. Cotton,2021-10,,https://api.elsevier.com/content/article/PII:S0378778821004540?httpAccept=text/xml,12.0
Experimental Analysis of Bi-Directional Heat Trading Operation Integrated with Heat Prosumers in Thermal Networks,13,2021,"… thermal network was implemented as a decentralized … thermal network used in this study is a small thermal network with seven buildings, which is smaller than a general thermal network…",https://www.mdpi.com/1996-1073/14/18/5881,,0,"4th generation, thermal network",10.3390/en14185881,Min-Hwi Kim; Deuk-Won Kim; Dong-Won Lee; Jaehyeok Heo,9/17/2021,"District cooling and heating methods that can utilize highly efficient heat pumps and various unused new and renewable types of energy are required to achieve low carbon emissions and zero energy usage in buildings and community units. The technical requirements for the implementation of decentralized thermal networks and heat trading are increasing, both for thermal networks in new buildings and for those remodeled based on existing centralized thermal networks. In this study, a conventional centralized thermal network was implemented as a decentralized thermal network and the possibility of heat prosumers feeding thermal networks was demonstrated experimentally. A real-scale plant was constructed by employing unused thermal energy facilities as prosumers in a school and childcare center based on the existing small-scale block heating and cooling thermal network. The decentralized thermal network and heat prosumer concepts were proven through operation experiments performed on the constructed system in summer and winter. An economic benefit can be achieved by increasing the peak power cost. The experimental results also showed that the proposed bi-directional heat trading reduced carbon emissions by 12.7% compared with conventional centralized thermal systems.",https://www.mdpi.com/1996-1073/14/18/5881/pdf,7.0
Boundary condition independent thermal network modeling of high-frequency power transformers,11,2023,… thermal modeling approach for power transformers based on LPTNM. A thermal network … into smaller volumes and evaluating the thermal resistances by approximating the three-…,https://www.tandfonline.com/doi/abs/10.1080/01457632.2022.2049548,,0,"4th generation, thermal network",10.1007/978-981-99-5796-5_6,Behrooz Vahidi; Ramezan Ali Naghizadeh,2023,,https://link.springer.com/content/pdf/10.1007/978-981-99-5796-5_6,0.0
The role of energy communities for thermal networks: An EU legal perspective,10,2024,"… Thermal networks are a … , thermal networks are inherently local. This localness facilitates stakeholder engagement at the community level. Integrating DHC networks and the generation …",https://onlinelibrary.wiley.com/doi/abs/10.1111/reel.12558,,0,"4th generation, thermal network",10.1111/reel.12558,Endrius Cocciolo,6/15/2024,"AbstractDecarbonising heating and cooling systems, significant contributors to the EU's (European Union) energy consumption, is a complex and urgent matter. This article discusses the potential coupling of energy communities and district heating and cooling systems, particularly fourth‐ and fifth‐generation models, in the local energy transition. The integration of new‐generation district heating and cooling systems into renewable energy generation is crucial for sustainability, circular economy practices, and community‐based solutions. An examination of the EU legal framework within the Fit‐for‐55 package elucidates how provisions from the new Energy Efficiency Directive and Renewable Energy Directive facilitate the implementation of energy communities in the heating and cooling sector. The existing enabling legislation underscores the suitability of energy communities for heating and cooling sector activities, acknowledging their transformative potential in advancing the energy transition and fostering community empowerment.",https://onlinelibrary.wiley.com/doi/pdf/10.1111/reel.12558,5.0
Modeling district heating pipelines using a hybrid dynamic thermal network approach,10,2024,"… simulation of the dynamic thermal behavior of buried … , known as the dynamic thermal network (DTN) method and a one… of turbulent fluid and its thermal capacity and also transient …",https://www.sciencedirect.com/science/article/pii/S0360544223035016,,0,"4th generation, thermal network",10.1016/j.energy.2023.130107,Saleh S. Meibodi; Simon Rees; Fleur Loveridge,2024-3,,https://api.elsevier.com/content/article/PII:S0360544223035016?httpAccept=text/xml,9.0
The effect of the district heating return temperature reduction on flue gas condenser efficiency,8,2020,… the 4th generation district heating will lead to temperature reduction in district heating networks… Exergy analysis method for thermal networks was described in [8] which can be also used …,https://sciendo.com/2/v2/download/article/10.2478/rtuect-2020-0083.pdf,https://sciendo.com/2/v2/download/article/10.2478/rtuect-2020-0083.pdf,0,"4th generation, thermal network",10.2478/rtuect-2020-0083,Kertu Lepiksaar; Anna Volkova; Pavel Ruseljuk; Andres Siirde,11/1/2020,"Abstract
               The use of flue gas condensers proved to be effective in increasing boiler efficiency and achieving primary energy savings. The transition to the 4th generation district heating will lead to temperature reduction in district heating networks. The aim of this study is to determine the effects of the reduction in the district heating return temperature on flue gas condenser efficiency. Different DH return temperatures and fuel moisture contents were examined, and a calculation model was created. The results show that a reduction in district heating return temperature can lead to an increase in heat recovery through the flue gas condenser. Primary energy savings were estimated based on the amount of heat recovered.",https://content.sciendo.com/view/journals/rtuect/24/3/article-p23.xml,3.0
Methodology for a global sensitivity analysis with machine learning on an energy system planning model in the context of thermal networks,8,2021,… Thermal networks have gained attention in recent research as a means for the European … decision boundary between the use of thermal networks and competing alternatives. This study …,https://www.sciencedirect.com/science/article/pii/S0360544221012354,,0,"4th generation, thermal network",10.1016/j.energy.2021.120987,Tars Verschelde; William D'haeseleer,2021-10,,https://api.elsevier.com/content/article/PII:S0360544221012354?httpAccept=text/xml,7.0
Investigation of the energy performance of thermal energy sharing for photovoltaic-thermal systems in a thermal prosumer network,6,2024,… (PVT) system with a heat pump (HP) in a community with a small-scale thermal network. An … thermal network with hub thermal energy storage system that utilizes the surplus thermal …,https://www.sciencedirect.com/science/article/pii/S2214157X24009122,,0,"4th generation, thermal network",10.2139/ssrn.4812681,Kyung-Eun Park; Won-Jong Choi; Haneul Kim; Jong-Kyu Kim; Joo-Young Hong; MINHWI KIM,2024,,,0.0
Development and Application of an Open-Source Framework for Automated Thermal Network Generation and Simulations in Modelica,5,2022,"… of DHC networks, offer great potential in increasing the … However, especially with large, complex thermal networks, … for automated model generation of DHC networks based on …",https://www.mdpi.com/1996-1073/15/12/4372,,0,"4th generation, thermal network",10.3390/en15124372,Michael Mans; Tobias Blacha; Thomas Schreiber; Dirk Müller,6/15/2022,"District heating and cooling (DHC) networks, and in particular, the fifth generation of DHC networks, offer great potential in increasing the overall system efficiency and reducing CO2 emissions in the heating and cooling of urban districts. Due to the growing complexity of these energy systems, the use of new planning methods, such as the use of dynamic simulation models based on Modelica, becomes more important. However, especially with large, complex thermal networks, there is a high effort for manual model construction and parameterization. For this reason, we present a framework for automated model generation of DHC networks based on simulation models in Modelica written in Python. The core function of the Python framework is to transform a graph representation of a district heating network into a dynamic simulation model. The authors briefly describe the workflow and demonstrate its applicability with three different use cases. We investigate the impact of different design decisions, e.g., comparing the difference between central and decentral pumps as well as a combination of both in one network. In addition, we present the results of evaluating the impact of different network temperature levels or pipe insulation compared to the overall energy supplied to the network, leading to the conclusion that the presented framework is capable of reducing the manual effort for performing DHC network simulations with Modelica and allows to easily perform parameter studies in an early planning phases in the future.",https://www.mdpi.com/1996-1073/15/12/4372/pdf,4.0
Multi-energy systems fast optimization: A new formulation in linear programming for temperatures and magnitudes of thermal power flows in heating systems,4,2025,"… This formulation is more complete for optimizing low-temperature DHN, as it accounts for the sensitivity of equipment performance to network temperatures, considering the availability …",https://www.sciencedirect.com/science/article/pii/S0378778825003482,,0,"4th generation, thermal network",10.1016/j.enbuild.2025.115618,Jonathan Hachez; Arnaud Latiers; Benjamin Berger; Svend Bram,2025-6,,https://api.elsevier.com/content/article/PII:S0378778825003482?httpAccept=text/xml,4.0
Energy performance of direct-expansion solar heat pump integrated with thermal network,3,2023,… a distributed thermal prosumer in a thermal network was investigated. A thermal network for … A control logic for serving produced thermal energy to the thermal network was developed …,https://www.sciencedirect.com/science/article/pii/S2214157X23005737,,0,"4th generation, thermal network",10.2139/ssrn.4447384,MINHWI KIM; Deukwon Kim; Jaehyeok Heo; Dong-Won Lee,2023,,,0.0
An exergy-rational district energy model for 100 renewable cities with distance limitations,16,2020,"… that an environmentally admissible district energy system is … of the 2030 EU climate and energy framework. This framework … of final energy consumption, and to improve energy efficiency …",https://doiserbia.nb.rs/Article.aspx?ID=0354-98362000287K,,0,"5th generation, district energy",10.2298/tsci200412287k,Birol Kilkis,2020,"While moving towards 100% renewable district energy systems at low temperatures, the exergy of the district energy may decrease below the pumping exergy requirement, which eliminates the benefits of using low-exergy renewables. Because such a possibility may not be revealed by the First Law, an exergy-based holistic model for district energy systems was developed. Four tiers, namely renewable energy resources, energy conversion and storage, main district network, and the low-exergy district are identified. Each tier is indexed to the optimum plant-to-district distance for maximum exergy-based performance with minimum CO2 emissions responsibility. This model further optimizes the temperature peaking with heat pumps versus HVAC equipment oversizing and determines the optimum mix of renewables. Three alternatives of conveying and distributing exergy to the district were considered, namely: electricity only, electricity and heat with or without temperature peaking or equipment oversizing, and electricity, heat, and cold. Comparisons showed that the choice primarily depends upon the district size, district-to-plant distance, climatic conditions, local availability of RES, optimum supply temperature, and thermal condition of the buildings. Another algorithm optimizes the thermal insulation thickness in terms of equipment oversizing and temperature-peaking.",,10.0
Sustainable district energy integrating biomass peaking with geothermal baseload heating: A case study of decarbonizing Cornell s energy system,16,2020,"… at community scales in distributed district energy systems. Recognizing the inherent land … Geothermal, on the other hand, is ideal for baseload district energy supply with its small land…",https://pubs.aip.org/aip/jrse/article/12/6/066302/824172,,0,"5th generation, district energy",10.1063/5.0024841,Nazih Kassem; James Hockey; Steve Beyers; Camilo Lopez; Jillian L. Goldfarb; Largus T. Angenent; Jefferson W. Tester,11/1/2020,"Many governments and institutions are advocating for higher renewable energy deployment to lower their carbon footprint and mitigate the effects of climate change. Cornell University instituted the “climate action plan” to achieve carbon neutrality, of which geothermal heat extracted from deep rocks (Earth source heat) is a critical component. This paper proposes coupling baseload geothermal heating with energy from waste biomass from Cornell's dairy farms to meet the campus' peak heating demand. The envisioned biomass peaking system, consisting of a hybrid anaerobic digestion/hydrothermal liquefaction/biomethanation process, produces renewable natural gas (RNG) for injection and storage into the natural gas (NG) distribution grid and uses NG withdrawals at times of peak heating demand. We show that 97% of the total annual peak heating demand (9661 MW h) can be met using continuous RNG production using manure from Cornell's 600 dairy cows, which provides 910 × 106 l of RNG/year. The overall RNG system requires $8.9 million of capital investment and, assuming favorable policies, could achieve an effective levelized cost of heat (LCOH) of $32/GJ (minimum RNG selling price) and a net present value of $7.5 million after a 30-year project lifetime. Favorable policies were quantified by examining a range of incentivized prices for RNG injection ($47/MJ) and assuming wholesale utilities costs (NG withdrawals and electric imports). Selling RNG at the New York commercial NG price ($7/GJ) with utilities imports at commercial rates produces an LCOH ($70/GJ) in excess of the RNG selling price, highlighting the importance of carbon credits for financial profitability.",https://pubs.aip.org/aip/jrse/article-pdf/doi/10.1063/5.0024841/20756684/066302_1_5.0024841.pdf,12.0
Prioritising Positive Energy Districts to achieve carbon neutral cities: Delphi-DANP approach,15,2024,"… as having the greatest potential to be energy-positive. In conclusion, the proposed methodology aids decision-making in a city’s urban energy planning on a district-by-district basis. …",https://www.sciencedirect.com/science/article/pii/S1364032124004908,,0,"5th generation, district energy",10.1016/j.rser.2024.114764,I. Aparisi-Cerdá; D. Ribó-Pérez; T. Gómez-Navarro; M. García-Melón; J. Peris-Blanes,2024-10,,https://api.elsevier.com/content/article/PII:S1364032124004908?httpAccept=text/xml,9.0
"Exergy, economic and environmental analysis of a solar-assisted cold supply machine for district energy systems",14,2020,Supplying the energy demand for absorption chillers by the district heating network is a quite common process while challenging during summertime when there is not enough demand …,https://www.sciencedirect.com/science/article/pii/S0360544220313177,,0,"5th generation, district energy",10.1016/j.energy.2020.118210,Meisam Sadi; Ahmad Arabkoohsar,2020-9,,https://api.elsevier.com/content/article/PII:S0360544220313177?httpAccept=text/xml,13.0
"Development of a coupled simulation tool for urban building energy demand, district energy systems and microclimate modeling",5,2020,"… for building energy demand, individual or district energy systems… significant variability in building energy demand. Besides, … The transition from local energy systems to the district energy …",https://theses.hal.science/tel-03758203/,,0,"5th generation, district energy",10.46855/energy-proceedings-3213,Hua Meng; Hai Wang*,3/12/2020,,,0.0
"Investigation on Individual and Collective PV Self-Consumption for a Fifth Generation District Heating Network. Energies 2022, 15, 1022",3,2022,… potential of Renewable Energy Communities for fifth generation district heating and cooling … the case study district; Section 3 the mathematical models to calculate the energy demand …,https://www.academia.edu/download/94862846/pdf.pdf,https://www.academia.edu/download/94862846/pdf.pdf,0,"5th generation, district energy",10.3390/en15031022,Jacopo Vivian; Mattia Chinello; Angelo Zarrella; Michele De Carli,1/29/2022,"Renewable Energy Communities have been recently introduced in European legislation to promote distributed generation from renewable energy sources. In fact, they allow to produce and consume energy from shared local power plants. Low temperature district heating and cooling networks with distributed heat pumps have demonstrated their capability to exploit renewable and waste heat sources in the urban environment. Therefore, they are considered a promising infrastructure to help decarbonize the building sector. As their main operating cost is the electricity purchased by the utility for heat pumps and circulation pumps, this work investigates whether a Renewable Energy Community could help mitigate such cost by sharing electricity produced by local photovoltaic (PV) systems. The research relies on computer simulations performed with both physical and statistical models for the evaluation of electrical load profiles at the district level. Results show that due to the different seasonality between heating demand and PV production, the increase in self-consumption due to the distributed heat pumps is lower than 10%. The use of batteries does not seem convenient for the same reason. The environmental benefit of the proposed system is evident, with CO2 emissions reduced by 72–80% compared to the current situation depending on PV power installed. It also emerged that PV sharing significantly improves the self-consumption at the district level, in particular when the installed PV power is limited (+45%). In conclusion, results suggest that current incentives on PV-sharing make Renewable Energy Communities a viable option to improve the techno-economic performance of fifth-generation district heating and cooling networks.",https://www.mdpi.com/1996-1073/15/3/1022/pdf,27.0
Performance evaluation and working fluid selection of combined heat pump and power generation system (HP-PGs) using multi-objective optimization,29,2020,This study proposes a novel heat pump and power generation integrated system (HP-PGs) that uses a scroll machine as both the compressor and expander. To find the appropriate …,https://www.sciencedirect.com/science/article/pii/S0196890420307081,,0,"5th generation, district heat pump",10.1016/j.enconman.2020.113164,Zhangxiang Wu; Li Sha; Xiaochen Yang; Yufeng Zhang,2020-10,,https://api.elsevier.com/content/article/PII:S0196890420307081?httpAccept=text/xml,20.0
An operational strategy for district heating networks: application of data-driven heat load forecasts,15,2020,"… heat sector can be increased, eg through the optimal use of a heat pump or the use of excess energy generation … the operation of a heat pump in a district heating network (DHN). Such …",https://link.springer.com/article/10.1186/s42162-020-00125-5,,0,"5th generation, district heat pump",10.1186/s42162-020-00125-5,Armin Golla; Julian Geis; Timon Loy; Philipp Staudt; Christof Weinhardt,2020-10,"AbstractTo face the challenges of climate change, the integration of renewable energy sources in the energy-intensive heating sector is a crucial aspect of emission reduction. For an efficient operation of coupling devices such as heat pumps with intermittent sources of renewable energy, accurate heat load forecasts need to be developed and embedded into an operation strategy to enable further decarbonisation of heat generation. Data analysis driven forecasts based on weather data hold the potential of identifying consumption patterns to forecast day-ahead heat demand and have been studied extensively for electricity demand forecasts. However, it remains to be shown how such forecasts can be applied in district heating systems. In this study, we propose a control strategy that utilizes hourly heat load forecasts with a 24-hours rolling horizon. First, we investigate supervised forecasting techniques on three different heat load data sets. The application of convolutional neural networks on data of the district heating network in Flensburg, Germany delivers the most promising outcome. Elaborating further on this example, we then develop a control strategy and demonstrate how a heat load forecast can be used to improve the utilization of offshore wind generation or reduce energy costs through a heat pump and a heat storage system. Thus, we contribute to the electrification of the heat sector and thereby enable a reduction of carbon emissions.",http://link.springer.com/content/pdf/10.1186/s42162-020-00125-5.pdf,9.0
Heat power decoupling for the CHP unit by utilizing heat storage in the district heating system integrated with heat pumps: Dynamic modeling and,14,2024,"… , and utilizing heat storage in district heating systems … heat pumps to boost heating network also increases the complexity of managing heat storage, and the quantitative impact of heat …",https://www.sciencedirect.com/science/article/pii/S036054422402259X,,0,"5th generation, district heat pump",10.1016/j.energy.2024.132485,Liyuan Wang; Shunqi Zhang; Yue Fu; Ming Liu; Jiping Liu; Junjie Yan,2024-10,,https://api.elsevier.com/content/article/PII:S036054422402259X?httpAccept=text/xml,14.0
Modeling hybrid energy systems integrating heat pumps and district heating: A systematic review,7,2025,"… and cost-efficiency challenges of the conventional central District Heating (DH) systems, there is a shift towards hybrid solutions. The demand for small-scale Heat Pumps (HPs), integral …",https://www.sciencedirect.com/science/article/pii/S0378778824013690,,0,"5th generation, district heat pump",10.1016/j.enbuild.2024.115253,Ali Soleimani; Paul Davidsson; Reza Malekian; Romina Spalazzese,2025-2,,https://api.elsevier.com/content/article/PII:S0378778824013690?httpAccept=text/xml,9.0
Energy saving potential of simultaneous heating and cooling heat pump-based district heating and cooling systems for a zero-energy community,3,2023,"… COP of heat pump. As a result, it was found that the proposed heat pump integrated with district heating and … air source heat pump system and 9.5% of that compared with ground source …",https://www.jkiaebs.org/articles/xml/vZdW/,,0,"5th generation, district heat pump",10.1016/j.energy.2022.126046,Mohamed G. Gado; Hamdy Hassan,2023-1,,https://api.elsevier.com/content/article/PII:S0360544222029322?httpAccept=text/xml,29.0
Dynamic approach to evaluate the effect of reducing district heating temperature on indoor thermal comfort,25,2020,"… supply temperature of a second-generation district heating network in Northern Italy. Several … signature, expressed as the electricity consumption for heating and/or cooling detected by …",https://www.mdpi.com/1996-1073/14/1/25,,0,"5th generation, district heating and cooling",10.3390/en14010025,Benedetta Grassi; Edoardo Alessio Piana; Gian Paolo Beretta; Mariagrazia Pilotelli,12/23/2020,"To reduce energy consumption for space heating, a coordinated action on energy supply, building fabric and occupant behavior is required to realize sustainable improvements. A reduction in district heating supply temperature is an interesting option to allow the incorporation of renewable energy sources and reduce distribution losses, but its impact on the final users must be considered. This aspect is especially critical as most European countries feature an old building stock, with poor insulation and heating systems designed for high-temperature operation. In this study, a complete methodology is devised to evaluate the effect of district heating temperature reduction on the end users by modeling all the stages of the system, from the primary heat exchanger to the indoor environment. A dynamic energy performance engine, based on EN ISO 52016-1:2017 standard and completed with a heat exchanger model, is implemented, and its outputs are used to calculate thermal comfort indicators throughout the heating season. As a practical application, the method is used to evaluate different scenarios resulting from the reduction of primary supply temperature of a second-generation district heating network in Northern Italy. Several building typologies dating back to different periods are considered, in the conservative assumption of radiator heating. The results of the simulations show that the most severe discomfort situations are experienced in buildings built before 1990, but in recent buildings the amount of discomfort occurrences can be high because of the poor output of radiators when working at very low temperatures. Among the possible measures that could help the transition, actions on the primary side, on the installed power and on the building fabric are considered. The investigation method requires a limited amount of input data and is applicable to different scales, from the individual building to entire urban areas lined up for renovation.",https://www.mdpi.com/1996-1073/14/1/25/pdf,15.0
Modelica-based simulations of decentralised substations to support decarbonisation of district heating and cooling,18,2021,"… side and the district network. A typical substation in a fifth-generation district heating and cooling (5GDHC) system mainly consists of a heat pump, chiller, circulation pumps, and heat …",https://www.sciencedirect.com/science/article/pii/S2352484721006831,,0,"5th generation, district heating and cooling",10.1016/j.egyr.2021.08.081,Marwan Abugabbara; Jonas Lindhe; Saqib Javed; Hans Bagge; Dennis Johansson,2021-10,,https://api.elsevier.com/content/article/PII:S2352484721006831?httpAccept=text/xml,15.0
Development of a metamodelling framework for building energy models with application to fifth-generation district heating and cooling networks,15,2021,… A fifth-generation district heating and cooling system analysis use case was used to motivate the development of the framework. The use case required quick and accurate …,https://www.tandfonline.com/doi/abs/10.1080/19401493.2021.1884291,,0,"5th generation, district heating and cooling",10.1080/19401493.2021.1884291,Nicholas Long; Fatema Almajed; Justus von Rhein; Gregor Henze,2/19/2021,,https://www.tandfonline.com/doi/pdf/10.1080/19401493.2021.1884291,9.0
A comparison of different heating and cooling energy delivery systems and the Integrated Community Energy and Harvesting system in heating dominant communities,11,2020,"… involved in energy production [12]. The 4th and 5th generations of District Heating and Cooling (… being explored for their ability to become part of a holistic, smart energy system [13]. …",https://macsphere.mcmaster.ca/handle/11375/26162,,0,"5th generation, district heating and cooling",10.1201/9781003151692-49,Neil Petchers,11/26/2020,,,0.0
"Geothermal-DHC, European research network on geothermal energy in heating and cooling networks",10,2020,"… Since the 2010s, 5th generation district heating and cooling networks emerge in Europe, which further pursuit the concept of decentralization. At network temperatures below 30C, the …",https://www.researchgate.net/profile/Christopher-Schifflechner-2/publication/362388214_Geothermal-DHC_European_Research_Network_on_Geothermal_Energy_in_Heating_and_Cooling_Networks/links/62e7911b3c0ea8788772fcb1/Geothermal-DHC-European-Research-Network-on-Geothermal-Energy-in-Heating-and-Cooling-Networks.pdf,https://www.researchgate.net/profile/Christopher-Schifflechner-2/publication/362388214_Geothermal-DHC_European_Research_Network_on_Geothermal_Energy_in_Heating_and_Cooling_Networks/links/62e7911b3c0ea8788772fcb1/Geothermal-DHC-European-Research-Network-on-Geothermal-Energy-in-Heating-and-Cooling-Networks.pdf,0,"5th generation, district heating and cooling",10.17577/ijertv9is070473,Prateek Mahapatra; ,7/27/2020,,,1.0
Community-based transactive energy market concept for 5th generation district heating and cooling through distributed optimization,9,2024,… Fifth-generation district heating and cooling (5GDHC) is an emerging concept that exploits heat sharing among prosumers through a low-temperature bidirectional loop. Coordinating …,https://www.sciencedirect.com/science/article/pii/S0306261924010493,,0,"5th generation, district heating and cooling",10.1016/j.apenergy.2024.123666,Qiwei Qin; Louis Gosselin,2024-10,,https://api.elsevier.com/content/article/PII:S0306261924010493?httpAccept=text/xml,7.0
Fourth generation district heating and cooling,6,2022,"… technical characteristics of the fourth generation energy district heating and cooling (fourth GDHC) network as well as its integration into the more complex Smart Energy System (SES), …",https://www.sciencedirect.com/science/article/pii/B9780128206256000037,,0,"5th generation, district heating and cooling",10.1016/b978-0-12-820625-6.00003-7,Salvatore Fabozzi; Giuseppina De Luca; Laura Vanoli,2022,,https://api.elsevier.com/content/article/PII:B9780128206256000037?httpAccept=text/xml,1.0
Development and experimental validation of a hydraulic design and control philosophies for 5th generation district heating and cooling networks,6,2024,… Sector coupling and energy sharing are key elements in effectively … 5th Generation District Heating and Cooling (5GDHC) provides a system for combining heating and cooling via an …,https://www.sciencedirect.com/science/article/pii/S0360544224026094,,0,"5th generation, district heating and cooling",10.1016/j.energy.2024.132835,Orestis Angelidis; Daniel Zinsmeister; Anastasia Ioannou; Daniel Friedrich; Alan Thomson; Ulrich Ganslmeier; Gioia Falcone,2024-11,,https://api.elsevier.com/content/article/PII:S0360544224026094?httpAccept=text/xml,4.0
A 5th generation district heating cooling network integrated with a phase change material thermal energy storage: A dynamic thermoeconomic analysis,5,2025,"… This research proposes a novel layout of a 5th generation district heating and cooling network, integrated with a thermal energy storage consisting of phase change materials. The …",https://www.sciencedirect.com/science/article/pii/S0306261925004180,,0,"5th generation, district heating and cooling",10.1016/j.apenergy.2025.125688,F. Calise; F.L. Cappiello; L. Cimmino; F.P. Cuomo; M. Vicidomini,2025-7,,https://api.elsevier.com/content/article/PII:S0306261925004180?httpAccept=text/xml,5.0
Control development and sizing analysis for a 5th generation district heating and cooling network using Modelica,4,2023,… 5th generation district heating and cooling system (5GDHC) are a relatively new concept. They use a single district loop near ambient temperature to provide heating and cooling. This …,https://escholarship.org/uc/item/88p9w9sf,,0,"5th generation, district heating and cooling",10.3384/ecp20423,Ettore Zanetti; David Blum; Michael Wetter,12/22/2023,"5th generation district heating and cooling networks (5GDHC) are a relatively new concept. They are based on the idea that a single district loop at a ambient temperature range can be used for heating and cooling simultaneously. This paper improves on a 5GDHC called the reservoir network. The study updates the sewage heat exchanger plant model to more realistically represent seasonal changes, uses the novel pump models with variable efficiency, introduces a ground coupled district pipe model to consider the inertia of the district network and a new control strategy for storage and sewage heat exchanger was implemented. the new approach reduced operating costs, mainly due to pumping cost for storage, sewage heat exchanger plant and distribution pump, while increasing the overall robustness of the approach in different sizing conditions. Thanks to the new controller, the pumping consumption was reduced by 21% with respect to the baseline, while showing that the approach is robust against design changes such as reduction in borehole field size and increasing the sewage heat exchanger size, since the pumping energy savings become 29%. Lastly borehole field temperature stability was analyzed through a 40Y simulation.",https://ecp.ep.liu.se/index.php/modelica/article/download/910/818,2.0
5th generation district heating and cooling modelica models for prosumer interaction analysis,3,2023,"… is 5th Generation District Heating and Cooling (5GDHC) which offers opportunities for synergies between heating and cooling loads, low temperature waste heat … the use of heat pumps (…",https://ecp.ep.liu.se/index.php/modelica/article/view/971,,0,"5th generation, district heating and cooling",10.3384/ecp204607,Orestis Angelidis; Daniel Zinsmeister; Anastasia Ioannou; Daniel Friedrich; Alan Thomson; Gioia Falcone,12/22/2023,"5th Generation District Heating and Cooling (5GDHC) provides a promising pathway for decarbonising the thermal sector. To quantifying the synergies between heating, cooling, and electricity, complex thermofluid models are required. Modelica offers a potential solution for developing such models but there is a scarcity of accessible and usable models. This paper addresses this gap by presenting a comprehensive set of Modelica models for key elements of 5GDHC systems: prosumers, balancing units, and hydraulic interfaces. The models prioritise usability by facilitating the utilisation of Func-tional Mock-up Interface and Power Hardware-in-the-Loop (PHIL) methodologies. Component design, rele-vant controls and the applicability of PHIL setups are discussed. A theoretical case exemplifies hardware min-imisation, using only heat exchangers to investigate prosumer behaviour. The paper concludes with a discus-sion on the potential use of these models, opportunities for improvement, and the need for further research and experimental investigations in understanding 5GDHC systems.",https://ecp.ep.liu.se/index.php/modelica/article/download/971/879,2.0
Sensitivity analysis of fifth generation district heating and cooling coupled with borehole thermal energy storage with respect to cooling adoption,3,2023,"… Fifth generation district heating and cooling (5GDHC) is a promising solution for decarbonising building thermal demands, as it allows for simultaneous heating and cooling through a bi-…",https://iopscience.iop.org/article/10.1088/1742-6596/2600/6/062008/meta,,0,"5th generation, district heating and cooling",10.1088/1742-6596/2600/6/062008,Xiang Li; Jonathan Chambers; Selin Yilmaz; Martin K. Patel,11/1/2023,"Abstract
               Fifth generation district heating and cooling (5GDHC) is a promising solution for decarbonising building thermal demands, as it allows for simultaneous heating and cooling through a bi-directional network. This paper aims to investigate the general performance of 5GDHC under uncertainty. Initially, an uncertainty analysis is performed on a 5GDHC model in a case study, revealing significant variation in economic, technical, and environmental performance due to uncertain parameters. Subsequently, variance-based global sensitivity analysis is used to rank the uncertain parameters based on their impact on the economic performance of 5GDHC. The results identify cooling adoption rate, borehole pricing, and discount rate as the most influential parameters. Lastly, factors mapping demonstrates that cooling adoption rate within 0.6-0.9, low borehole costs, low discount rates, and high gas prices will drive the switch to 5GDHC. Overall, this study emphasizes the general applicability of 5GDHC.",https://iopscience.iop.org/article/10.1088/1742-6596/2600/6/062008,1.0
Heat demand mapping and district heating assessment in data-pour areas,29,2020,… District heating presents it self as a clear solution to this issue… heat demand mapping and district heating viability assessment … in the assessment of the district heating potential based on …,https://www.sciencedirect.com/science/article/pii/S1364032120302781,,0,"5th generation, district thermal",10.1016/j.rser.2020.109987,T. Novosel; T. Pukšec; N. Duić; J. Domac,2020-10,,https://api.elsevier.com/content/article/PII:S1364032120302781?httpAccept=text/xml,23.0
A novel method for designing fifth-generation district heating and cooling systems,15,2021,"… have now reached the fifth-generation. In this innovative technology, … To date, the issue of implementing fifth-generation district … We first explain the possible thermal interactions between …",https://www.e3s-conferences.org/articles/e3sconf/abs/2021/22/e3sconf_hvac2021_09001/e3sconf_hvac2021_09001.html,,0,"5th generation, district thermal",10.1051/e3sconf/202124609001,Marwan Abugabbara; Jonas Lindhe,2021,"District heating and cooling systems have been undergoing continuous development and have now reached the fifth-generation. In this innovative technology, connected buildings share local excess energy that otherwise would be wasted, which consequently reduces primary energy demands and carbon emissions. To date, the issue of implementing fifth-generation district systems on existing buildings has received scant attention, and our research addresses this challenging gap by proposing a novel method for designing these systems. We first explain the possible thermal interactions between connected buildings, and then present an analytical solution for the network energy balance, pipe design, and the prediction of fluid temperature under a fixed temperature difference control strategy. The analytical solution was validated against numerical simulations performed on 11 existing buildings located in Lund, Sweden using Modelica models. A diversity index metric between heating and cooling demands was also included in these models to assess the efficiency of the district system in the building cluster. The results from the analytical and numerical solutions were in complete agreement since Modelica is an equation-based modelling language. The developed models pave the way towards future investigations of different temperature control strategies and new business models that arise from the shift to the fifth-generation.",https://www.e3s-conferences.org/10.1051/e3sconf/202124609001/pdf,9.0
Photovoltaic Thermal System Design Including Aquifer Thermal Energy Storage in a Fifth Generation District Heating Network in Hilversum,2,2024,… thermal (PVT) system integrated with aquifer thermal energy storage (ATES) within a fifth-generation district heating network (5GDHN) for a case study in the Werfgebied district in …,https://repository.tudelft.nl/file/File_9a1b5f53-339f-4342-a6f2-126f4bde7bbb?preview=1,,0,"5th generation, district thermal",10.2139/ssrn.5039088,Ties Beijneveld; Joel Alpízar-Castillo; Laura Ramírez-Elizondo,2024,,,0.0
Techno-economic assessment and grid impact of Thermally-Integrated Pumped Thermal Energy Storage (TI-PTES) systems coupled with photovoltaic plants,24,2024,… rising the amount of curtailed energy to preserve grid security. With the aim of evaluating a … investigates the performance of a Thermally Integrated Pumped Thermal Energy Storage (TI-…,https://www.sciencedirect.com/science/article/pii/S2352152X23032978,,0,"5th generation, thermal grid",10.1016/j.est.2023.109898,Luca Migliari; Mario Petrollese; Giorgio Cau; Daniele Cocco,2024-1,,https://api.elsevier.com/content/article/PII:S2352152X23032978?httpAccept=text/xml,18.0
Improving the efficiency of district heating and cooling using a geothermal technology: underground thermal energy storage (UTES),17,2022,"… than 30 ℃ (5th generation DHC) and approximately 100 ℃ (3rd generation DHC). Currently, … be a key balancing technology for smart thermal grids via UTES systems. This technology is …",https://link.springer.com/chapter/10.1007/978-3-031-06825-6_164,,0,"5th generation, thermal grid",10.1007/978-3-031-06825-6_164,Jessica Maria Chicco; Dragi Antonijevic; Martin Bloemendal; Francesco Cecinato; Gregor Goetzl; Marek Hajto; Niels Hartog; Giuseppe Mandrone; Damiano Vacha; Philip J. Vardon,2022,,https://link.springer.com/content/pdf/10.1007/978-3-031-06825-6_164,6.0
Shifting gears in thermal power: Displacement efficiency and environmental impact of wind and solar generation in China,13,2025,"… These findings indicate a transition of thermal power from baseload to dispatchable, emphasizing … of wind and solar and the necessity of alternative measures to enhance grid flexibility. …",https://www.sciencedirect.com/science/article/pii/S0921344924005093,,0,"5th generation, thermal grid",10.1016/j.resconrec.2024.107916,Ziao Zhu; Zhongwen Xu; Bing Zhang; Xiaoliang Li,2025-1,,https://api.elsevier.com/content/article/PII:S0921344924005093?httpAccept=text/xml,10.0
Enhancing power system reliability through demand flexibility of Grid-Interactive Efficient Buildings: A thermal model-based optimization approach,9,2025,"… grid-interactive efficient buildings (GEBs) on power system reliability. To achieve this, a single-zone thermal … of the building envelope and internal thermal mass. The potential of GEBs to …",https://www.sciencedirect.com/science/article/pii/S0306261924024292,,0,"5th generation, thermal grid",10.1016/j.apenergy.2024.125045,Miloš Pantoš; Lucija Lukas,2025-3,,https://api.elsevier.com/content/article/PII:S0306261924024292?httpAccept=text/xml,11.0
Multi-objective optimization for the operation of district heating systems considering flexibility and economy,9,2025,… operation and scheduling of the next-generation district heating system (DHS) is achieving flexible dynamic matching of thermal energy supply and demand whilst reducing operational …,https://www.sciencedirect.com/science/article/pii/S1359431124030631,,0,"5th generation, thermal grid",10.1016/j.applthermaleng.2024.125395,Jiaying Chen; Hongkun Lv; Liwei Ding; Gang Wu; Kang Zhang; Chenglong Hou; Zhenya Lai,2025-3,,https://api.elsevier.com/content/article/PII:S1359431124030631?httpAccept=text/xml,6.0
5th Generation District Heating Networks-Potentials for Reducing CO2-Emissions and Increasing the Share of Renewable Energies in Residential Districts,5,2021,"This work investigates the viability and the energy efficiency potentials of a district heating network at very low temperature levels. A district with urban density in Munich, Germany, …",https://mediatum.ub.tum.de/1577768,,0,"5th generation, thermal grid",10.3390/en14175398,Birol Kılkış; Malik Çağlar; Mert Şengül,8/30/2021,"This paper addresses the challenges the policymakers face concerning the EU decarbonization and total electrification roadmaps towards the Paris Agreement set forth to solve the global warming problem within the framework of a 100% renewable heating and cooling target. A new holistic model was developed based on the Rational Exergy Management Model (REMM). This model optimally solves the energy and exergy conflicts between the benefits of using widely available, low-temperature, low-exergy waste and renewable energy sources, like solar energy, and the inability of existing heating equipment, which requires higher exergy to cope with such low temperatures. In recognition of the challenges of retrofitting existing buildings in the EU stock, most of which are more than fifty years old, this study has developed a multi-pronged solution set. The first prong is the development of heating and cooling equipment with heat pipes that may be customized for supply temperatures as low as 35 °C in heating and as high as 17 °C in cooling, by which equipment oversizing is kept minimal, compared to standard equipment like conventional radiators or fan coils. It is shown that circulating pump capacity requirements are also minimized, leading to an overall reduction of CO2 emissions responsibility in terms of both direct, avoidable, and embodied terms. In this respect, a new heat pipe radiator prototype is presented, performance analyses are given, and the results are compared with a standard radiator. Comparative results show that such a new heat pipe radiator may be less than half of the weight of the conventional radiator, which needs to be oversized three times more to operate at 35 °C below the rated capacity. The application of heat pipes in renewable energy systems with the highest energy efficiency and exergy rationality establishes the second prong of the paper. A next-generation solar photo-voltaic-thermal (PVT) panel design is aimed to maximize the solar exergy utilization and minimize the exergy destruction taking place between the heating equipment. This solar panel design has an optimum power to heat ratio at low temperatures, perfectly fitting the heat pipe radiator demand. This design eliminates the onboard circulation pump, includes a phase-changing material (PCM) layer and thermoelectric generator (TEG) units for additional power generation, all sandwiched in a single panel. As a third prong, the paper introduces an optimum district sizing algorithm for minimum CO2 emissions responsibility for low-temperature heating systems by minimizing the exergy destructions. A solar prosumer house example is given addressing the three prongs with a heat pipe radiator system, next-generation solar PVT panels on the roof, and heat piped on-site thermal energy storage (TES). Results showed that total CO2 emissions responsibility is reduced by 96.8%. The results are discussed, aiming at recommendations, especially directed to policymakers, to satisfy the Paris Agreement.",https://www.mdpi.com/1996-1073/14/17/5398/pdf,14.0
"Grid-level impacts of renewable energy on thermal generation: efficiency, emissions and flexibility",2,2025,"… particularly for coal plants in renewable-heavy grids [14, 15]. These inefficiencies underscore the challenges of integrating renewables into grids reliant on inflexible thermal generation. …",https://arxiv.org/abs/2501.01954,,0,"5th generation, thermal grid",10.2139/ssrn.5157779,Dhruv Suri; Jacques de Chalendar; Ines Azevedo,2025,,,0.0
Control-oriented thermal network models for predictive load management in Canadian houses with on-Site solar electricity generation: application to a research house,20,2022,… of control-oriented thermal RC network models for optimized HVAC … networks are developed and calibrated. One model (3C6R network) assumes that each floor is a separate thermal …,https://www.tandfonline.com/doi/abs/10.1080/19401493.2021.1998223,,0,"5th generation, thermal network",10.1201/9781003127819-17,Subhra Das,8/1/2022,,,0.0
Enhancing building monitoring and control for district energy systems: Technology selection and installation within the living lab energy campus,28,2022,"With regard to climate change, it is imperative to reduce greenhouse gas emissions. One solution approach is to increase energy efficiency in buildings. Buildings contribute a high …",https://www.mdpi.com/2076-3417/12/7/3305,,0,"bidirectional, district energy",10.3390/app12073305,Philipp Althaus; Florian Redder; Eziama Ubachukwu; Maximilian Mork; André Xhonneux; Dirk Müller,3/24/2022,"With regard to climate change, it is imperative to reduce greenhouse gas emissions. One solution approach is to increase energy efficiency in buildings. Buildings contribute a high share of the total global energy usage. As the rate of new building constructions is low, measures applicable to existing buildings become paramount. Before applying new approaches on a large scale, it is necessary to evaluate them in a representative, realistic environment. Living labs such as the Living Lab Energy Campus (LLEC) at Forschungszentrum Jülich (FZJ) facilitate innovative monitoring and control approaches in a real-world setting. In this work, we investigate the required steps for bringing sensor and control networks, comprising more than 1800 devices, into 18 existing and new buildings. This enables both room-level monitoring and control, as well as the integration of building-wide automation. By introducing an ICT infrastructure, we pave the way towards holistic approaches on a district level. We describe the workflows used for selected instrumentation variants and show first insights from the operation of the resulting infrastructure. We show that the investigated instrumentation variants exhibit similar characteristics; however, they affect control behavior differently. We emphasize that instrumentation should be planned in the context of existing infrastructure. Moreover, we present and evaluate sample measurements obtained from different buildings.",https://www.mdpi.com/2076-3417/12/7/3305/pdf,19.0
Energy status and practices for efficient energy management to reduce power interruptions: a case study on Tulkarm district in Palestine,26,2020,"… , energy consumption sometimes becomes an issue. This study presents the reality of energy … a large area of energy resources. Furthermore, several solutions to overcome the issue on …",https://www.tandfonline.com/doi/abs/10.1080/14786451.2020.1748630,,0,"bidirectional, district energy",10.1080/14786451.2020.1748630,Wael A. Salah; Mai Abuhelwa,4/7/2020,,https://www.tandfonline.com/doi/pdf/10.1080/14786451.2020.1748630,17.0
Resilience-oriented district energy system integrated with renewable energy and multi-level seasonal energy storage,17,2023,"… district energy systems (DESs), it is very essential to integrate hybrid distributed energy resources for improving energy … In this paper, the proposed district is formed by various buildings, …",https://www.sciencedirect.com/science/article/pii/S2352152X2302042X,,0,"bidirectional, district energy",10.1016/j.est.2023.108645,Azam Entezari Harsini,2023-11,,https://api.elsevier.com/content/article/PII:S2352152X2302042X?httpAccept=text/xml,15.0
Integrated model concept for district energy management optimisation platforms,12,2021,… district model concept conceived to serve as the basis of an energy prediction engine for the district energy … The integrated district model is produced by taking advantage of co-…,https://www.sciencedirect.com/science/article/pii/S1359431121006712,,0,"bidirectional, district energy",10.1016/j.applthermaleng.2021.117233,Víctor F. Sánchez; Antonio Garrido Marijuan,2021-9,,https://api.elsevier.com/content/article/PII:S1359431121006712?httpAccept=text/xml,12.0
Regression versus probabilistic approach for operational data heat demand of buildings to be connected to a district heating system,11,2023,… district heating and cooling (5GDHC) systems requires accurate and sufficient operational data on the energy … Historical energy-related data for buildings is sometimes no longer …,https://www.sciencedirect.com/science/article/pii/S0378778823004395,,0,"bidirectional, district energy",10.1016/j.enbuild.2023.113209,Jonathan Hachez; Stanislav Chicherin; Afraz Mehmood Chaudhry; Svend Bram,2023-9,,https://api.elsevier.com/content/article/PII:S0378778823004395?httpAccept=text/xml,11.0
Pathways to positive energy districts: A comprehensive techno-economic and environmental analysis using multi-objective optimization,5,2025,"… balance [10], defined as the difference between energy … compare energy flows among different energy carriers within a district [7]. To accurately calculate the energy balance, all energy …",https://www.mdpi.com/1996-1073/18/5/1134,,0,"bidirectional, district energy",10.3390/en18051134,Guangxuan Wang; Olivier Gilmont; Julien Blondeau,2/25/2025,"Transitioning to Positive Energy Districts (PEDs) is essential for achieving carbon neutrality in urban areas by 2050. This study presents a multi-objective optimization framework that balances energy, environmental, and economic performance, addressing the diverse priorities of multiple stakeholders. The framework enhances PED design by systematically evaluating technical solutions, including renewable-based electrification, demand-side management (DSM), energy storage, and retrofitting. The framework is applied to the Usquare district in Brussels, Belgium, as a case study. The results indicate that expanding photovoltaic (PV) capacity is crucial for achieving PED targets, with renewable-based electrification potentially reducing carbon emissions by up to 79%. The incorporation of demand-side management (DSM) and battery storage improves system flexibility, reduces grid dependency, and enhances cost-effectiveness. Although slightly more costly, retrofitting existing buildings provides the most balanced approach, offering the lowest CO2 emissions and the highest self-consumption ratio. This study presents a comprehensive decision-making support framework for optimizing PED design and operation, offering practical guidance for urban energy planning and contributing to global efforts toward carbon neutrality.",https://www.mdpi.com/1996-1073/18/5/1134/pdf,6.0
Low temperature district heating: An expert opinion survey,24,2020,"… energy systems and thus to contribute to the transition towards a 100% renewable energy supply system between which different energy … , and requires bi-directional energy metering …",https://www.mdpi.com/1996-1073/13/4/810,,0,"bi-directional, district energy",10.3390/en13040810,Alessandro Guzzini; Marco Pellegrini; Edoardo Pelliconi; Cesare Saccani,2/13/2020,"Among the available solutions for building heating and cooling, district heating (DH) and district cooling (DC) systems are considered some of the best options since they can ensure a better control of pollutant emissions and greater efficiency than individual systems. Nevertheless, improvements are needed to increase their sustainability and reliability. The so-called “low temperature district heating” (LTDH) concept has been introduced in recent years in an attempt (i) to reduce the distribution heat losses through a temperature decrease in the DH network, (ii) to favor the integration with renewable energy sources, and (iii) to create the conditions required for the development of future smart energy systems. However, many concerns have been raised about its implementation in both existing and new systems. For this reason, this paper aims to identify the stakeholders’ ranking of the barriers against LTDH system development and implementation over the next few years. Aiming to this, a questionnaire was designed, including an analysis of current gaps and strengths, and then submitted to more than 50 Italian and international experts in the field of DH. An in-depth analysis of the received answers was performed, focusing in particular on the Italian experts’ answers. Comments and suggestions on how to promote the transition to the new LTDH approach are reported.",https://www.mdpi.com/1996-1073/13/4/810/pdf,21.0
"Smart grids, prosumers and energy management within a smart city integrated system",16,2020,"… energy distribution together with small-scale energy transmission and, consequently, bi-directional … the formation of prosumer communities and energy districts. The study of Morstyn and …",https://sciendo.com/2/v2/download/article/10.2478/picbe-2020-0105.pdf,https://sciendo.com/2/v2/download/article/10.2478/picbe-2020-0105.pdf,0,"bi-directional, district energy",10.2478/picbe-2020-0105,Marco Savastano; Marta-Christina Suciu; Irina Gorelova; Gheorghe-Alexandru Stativă,7/1/2020,"Abstract
               Due to a significant increase in electricity consumption globally, governments have to look and to identify better, more efficient and effective alternatives and sustainable energy sources to meet this high demand. This becomes more and more important in the context of implementing modern approaches such as those that might be applied in cases of smart cities and cultural and creative communities. Electricity can be produced based on conventional sources, but also on an emergent use of renewable sources. The electricity grid is usually designed as unidirectional. We consider that in case of smart cities and creative-innovative communities there is a need to implement mostly new smart grids that are bidirectional. This may allow and support the emergency of a new type of electricity user, called “prosumers”, who produces electricity from renewable sources, next uses &amp; shares them smartly within the smart grid and finally stores them. Globally, photovoltaic energy prosumers are considered one of the most important actors in the energy transition and seem to be ready to introduce significant amounts of electricity within the grid. We anticipate that people living in households in smart cities and communities among most regions of the world will tend in the future to improve their self-consumption from the production of smart energy. This paper supports the idea that using mostly electricity from renewable alternative sources, especially solar, can be also developed with the help of households acting within smart cities and communities. The paper will also present briefly an overview of the scientific literature dedicated to this topic. We will also provide further interesting insights through a number of case studies representing good practices regarding prosumers in Italy and Romania.",https://content.sciendo.com/view/journals/picbe/14/1/article-p1121.xml,6.0
Bi-directional mutual energy trade between smart grid and energy districts using renewable energy credits,12,2021,"… Energy transactions from Prosumer (P) to Prosumer, Energy District to Energy District, and Energy District to SG are thoroughly investigated and analyzed in this work. A robust demand-…",https://www.mdpi.com/1424-8220/21/9/3088,,0,"bi-directional, district energy",10.3390/s21093088,Sana Rehman; Bilal Khan; Jawad Arif; Zahid Ullah; Abdullah J. Aljuhani; Ahmad Alhindi; Sahibzada M. Ali,4/29/2021,"A central authority, in a conventional centralized energy trading market, superintends energy and financial transactions. The central authority manages and controls transparent energy trading between producer and consumer, imposes a penalty in case of contract violation, and disburses numerous rewards. However, the management and control through the third party pose a significant threat to the security and privacy of consumers’/producers’ (participants) profiles. The energy transactions between participants involving central authority utilize users’ time, money, and impose a computational burden over the central controlling authority. The Blockchain-based decentralized energy transaction concept, bypassing the central authority, is proposed in Smart Grid (SG) by researchers. Blockchain technology braces the concept of Peer-to-Peer (P2P) energy transactions. This work encompasses the SolarCoin-based digital currency blockchain model for SG incorporating RE. Energy transactions from Prosumer (P) to Prosumer, Energy District to Energy District, and Energy District to SG are thoroughly investigated and analyzed in this work. A robust demand-side optimized model is proposed using Genetic Algorithm (GA) and Particle Swarm Optimization (PSO) to maximize Prosumer Energy Surplus (PES), Grid revenue (GR), percentage energy transactions accomplished, and decreased Prosumer Energy Cost (PEC). Real-time averaged energy data of Australia are employed, and a piece-wise energy price mechanism is implemented in this work. The graphical analysis and tabular statistics manifest the efficacy of the proposed model.",https://www.mdpi.com/1424-8220/21/9/3088/pdf,9.0
"Net-Zero energy districts and the grid: An energy-economic feasibility case-study of the national western center in Denver, CO, USA",10,2021,… These are likely to play out somewhat differently for each net-zero energy district under consideration and thus it is important to partner and collaborate early in the district energy …,https://www.mdpi.com/2075-5309/11/12/638,,0,"bi-directional, district energy",10.3390/buildings11120638,Benjamin A. Saarloos; Jason C. Quinn,12/11/2021,"Given the enormous impact of buildings on energy consumption, it is important to continue the development of net-zero energy districts. Opportunities exist for energy efficiency and renewable energy on a district level that may not be feasible in individual buildings. Due to the intermittent nature of many renewable energy sources, net-zero energy districts are dependent on the energy grid. The novelty of this work is to quantify and optimize the economic cost and grid independence of a net-zero energy district using the National Western Center (NWC) in Denver, CO, USA as a case study. The NWC is a 100+ ha campus undergoing a major redevelopment process with a planned 170,000 m2 of total building space, an emphasis on sustainability, and a net-zero energy goal. Campus plans, building energy models, and renewable energy performance models of on-site solar, biomass, and thermal renewable energy sources are analyzed in multiple energy scenarios to achieve net-zero energy with and without on-site energy storage. Levelized cost of energy (LCOE) is optimized as a function of variables defining the energy and economic relationship with the grid. Discussion herein addresses trade-offs between net-zero energy scenarios in terms of energy load, LCOE, storage, and grid dependence.",https://www.mdpi.com/2075-5309/11/12/638/pdf,10.0
Focus: a framework for energy system optimization from prosumer to district and city scale,4,2023,"… Technologies like micro-grids and bidirectional fifth-generation district heating networks can … future district energy systems can be evaluated. In the third layer of the framework, District …",https://arxiv.org/abs/2304.07150,,0,"bi-directional, district energy",10.1016/j.egyr.2022.12.145,Seyedfarzad Sarfarazi; Shima Sasanpour; Karl-Kiên Cao,2023-12,,https://api.elsevier.com/content/article/PII:S2352484722027469?httpAccept=text/xml,13.0
2022 Combined Heat and Power/District Energy System Portfolio Meeting (Summary Report),3,2022,"… In this future grid, power flows will be bi-directional and managed by interconnected information and control systems. It will be an interactive matrix, with electricity produced by a variety …",https://www.osti.gov/biblio/1900093,,0,"bi-directional, district energy",10.2172/1900093,Robert Gemmer; Kristin Paulsen,6/7/2022,,,0.0
A GIS-Based planning approach for urban power and natural gas distribution grids with different heat pump scenarios,30,2020,"… plants, such as a PV system and heat pump, capable of producing electricity from a renewable source. The index evaluates the bidirectional energy flows on the external power grid, in …",https://www.mdpi.com/1996-1073/13/16/4052,,0,"bidirectional, district heat pump",10.3390/en13164052,Jolando M. Kisse; Martin Braun; Simon Letzgus; Tanja M. Kneiske,8/5/2020,"Next to building insulation, heat pumps driven by electrical compressors (eHPs) or by gas engines (geHPs) can be used to reduce primary energy demand for heating. They come with different investment requirements, operating costs and emissions caused. In addition, they affect both the power and gas grids, which necessitates the assessment of both infrastructures regarding grid expansion planning. To calculate costs and CO2 emissions, 2000 electrical load profiles and 180 different heat demand profiles for single-family homes were simulated and heat pump models were applied. In a case study for a neighborhood energy model, the load profiles were assigned to buildings in an example town using public data on locations, building age and energetic refurbishment variants. In addition, the town’s gas distribution network and low voltage grid were modeled. Power and gas flows were simulated and costs for required grid extensions were calculated for 11% and 16% heat pump penetration. It was found that eHPs have the highest energy costs but will also have the lowest CO2 emissions by 2030 and 2050. For the investigated case, power grid investments of 11,800 euros/year are relatively low compared to gas grid connection costs of 70,400 euros/year. If eHPs and geHPs are combined, a slight reduction of overall costs is possible, but emissions would rise strongly compared to the all-electric case.",https://www.mdpi.com/1996-1073/13/16/4052/pdf,14.0
Hydrothermal challenges in low-temperature networks with distributed heat pumps,16,2022,… in operation than traditional district heating networks at … heat pump efficiencies on flow rates across the evaporator and present methods to cope with flow variations through heat pumps …,https://www.sciencedirect.com/science/article/pii/S036054422201430X,,0,"bidirectional, district heat pump",10.1016/j.energy.2022.124527,Tobias Sommer; Artem Sotnikov; Matthias Sulzer; Volkher Scholz; Stefan Mischler; Behzad Rismanchi; Kristian Gjoka; Stefan Mennel,2022-10,,https://api.elsevier.com/content/article/PII:S036054422201430X?httpAccept=text/xml,7.0
"Methodology for analyzing operation data for optimum district heating (DH) system design: Ten-year data of Omsk, Russia",13,2020,The purpose of this paper is to provide an operation-based methodology for optimum district heating (DH) system design. The novelty is (1) analyzing long-term profiles of supply …,https://www.sciencedirect.com/science/article/pii/S0360544220317114,,0,"bidirectional, district heat pump",10.1016/j.energy.2020.118603,Stanislav Chicherin,2020-11,,https://api.elsevier.com/content/article/PII:S0360544220317114?httpAccept=text/xml,12.0
Impact of heat pump and cogeneration integration on power distribution grids based on transition scenarios for heating in Urban areas,12,2023,… power-driven heat pumps and district heating networks. The … district heating networks are planned and each is supposed to be operated separately and supplied by a dedicated heat …,https://www.mdpi.com/2071-1050/15/6/4985,,0,"bidirectional, district heat pump",10.3390/su15064985,Marten Fesefeldt; Massimiliano Capezzali; Mokhtar Bozorg; Riina Karjalainen,3/10/2023,"Electrification of final use sectors such as heating and mobility is often proposed as an effective pathway towards decarbonization of urban areas. In this context, power-driven heat pumps (HP) are usually strongly fostered as alternatives to fossil-burning boilers in municipal planning processes. In continental climates, this leads to substantially increased electricity demand in winter months that, in turn may lead to stress situations on local power distribution grids. Hence, in parallel to the massive implementation of electric HP, strategies must be put in place to ensure the grid stability and operational security, notably in terms of voltage levels, as well as transformer and line’s capacity limits. In this paper, three such strategies are highlighted within the specific situation of a mid-sized Swiss city, potentially representative of many continental, central Europe urban zones as a test-case. The hourly-based power flow simulations of the medium- and low-voltage distribution grids show the impact of various future scenarios, inspired from typical territorial energy planning processes, implying various degrees of heat pumps penetration. The first strategy relies on the implementation of decentralized combined heat and power (CHP) units, fed by the existing natural gas network and is shown to provide an effective pathway to accommodate heat pump electricity demand on urban power distribution grids. Two alternative solutions based on grid reinforcements and controlled usage of reactive power from photovoltaic (PV) inverters are additionally considered to ensure security constraints of grid operation and compared with the scenario relying on CHP deployment.",https://www.mdpi.com/2071-1050/15/6/4985/pdf,5.0
Low and Ultra-Low Temperature District Heating Equipped by Heat Pumps An Analysis of the Best Operative Conditions for a Swiss Case Study,11,2022,… -low-temperature district heating systems (DHS) coupled with centralised and decentralised heat pumps. Operative conditions are defined in order to satisfy the heating needs without …,https://www.mdpi.com/1996-1073/15/9/3344,,0,"bidirectional, district heat pump",10.3390/en15093344,Riccardo Toffanin; Paola Caputo; Marco Belliardi; Vinicio Curti,5/4/2022,"The manuscript analyses the management of low and ultra-low-temperature district heating systems (DHS) coupled with centralised and decentralised heat pumps. Operative conditions are defined in order to satisfy the heating needs without overloading the electric grid. The results are achieved by dynamic simulations, based on a real DHS located in southern Switzerland. At the building level, the heating needs are estimated considering real data and simultaneous energy simulations. Two DHS configurations, alternatives to the existing one, are simulated and suitable parameters for the management of the DHS are selected. The global performance of the two DHS is evaluated by KPIs also including the flexibility and the impact on the electric peak due to heat pumps. The achieved results are discussed providing suggestions for the stakeholders involved in DHS management for an optimal matching of the electric grid and thermal networks towards a reduction of the peak power. The rule-based control strategies defined allow the expected electric peak shaving and load levelling, conversely, the yearly energy consumptions are lightly increased and have to be further investigated. The outcomes demonstrate a global better performance of the ultra-low temperature DHS in terms of response to the applied control strategies and of energy savings.",https://www.mdpi.com/1996-1073/15/9/3344/pdf,7.0
Simplified heat pump system model integrated in a tool chain for digitally and simulation-based planning shallow geothermal systems,11,2022,"… In planning tools for shallow geothermal source systems, the heat pump is often considered … black-box heat pump system model for individual buildings up to city districts is presented …",https://www.sciencedirect.com/science/article/pii/S0375650522002255,,0,"bidirectional, district heat pump",10.1016/j.geothermics.2022.102579,Sebastian Weck-Ponten; Jérôme Frisch; Christoph van Treeck,2022-12,,https://api.elsevier.com/content/article/PII:S0375650522002255?httpAccept=text/xml,3.0
Simulation research of a dual-loop booster heat pump system on district heating under ultra-low temperature,9,2023,… -low temperature district heating) system … of heating network in traditional district heating systems. This work proposes a dual-loop booster heat pump for ULTDH to improve the heating …,https://www.sciencedirect.com/science/article/pii/S1359431123005045,,0,"bidirectional, district heat pump",10.1016/j.applthermaleng.2023.120475,Yuepeng Jiang; Guoyuan Ma; Yuexuan Gong; Lei Wang,2023-6,,https://api.elsevier.com/content/article/PII:S1359431123005045?httpAccept=text/xml,5.0
Multi-software based dynamic modelling of a water-to-water heat pump interacting with an aquifer thermal energy storage system,5,2024,… of a water-to-water heat pump interacting with two aquifers and activating a small-scale district heating and cooling network serving a mixed-use district of eight residential and office …,https://www.sciencedirect.com/science/article/pii/S0960148124018639,,0,"bidirectional, district heat pump",10.1016/j.renene.2024.121795,G. Agate; F. Colucci; N. Luciano; E. Marrasso; C. Martone; G. Pallotta; C. Roselli; M. Sasso; G. Squarzoni,2024-12,,https://api.elsevier.com/content/article/PII:S0960148124018639?httpAccept=text/xml,4.0
Operational behaviour of a solar-fed bidirectional substation for 4GDH networks,4,2021,"… It is composed of a district heating network of about 200m length, supplying heat to real … The main production units of this DHN are a condensing gas boiler of 280kW, a heat pump …",https://cea.hal.science/cea-03714282/document,,0,"bidirectional, district heat pump",10.18086/swc.2021.28.03,Nicolas Lamaison; David Cheze; Jean-François Robin; Fabien Bruyat; Florent Lefrancois,2021,,,1.0
"Solar district heating system with large heat storage: Energy, exergy, economic and environmental (4E) analysis",28,2024,… bi-directional long short-term memory method for correcting outlier data and a balanced method for energy and exergy analyses. The solar district heating … for the absorption heat pump. …,https://www.sciencedirect.com/science/article/pii/S0196890424006502,,0,"bi-directional, district heat pump",10.1016/j.enconman.2024.118709,Meng Gao; Simon Furbo; Yutong Xiang; Jianhua Fan; Dengjia Wang; Zhiyong Tian,2024-8,,https://api.elsevier.com/content/article/PII:S0196890424006502?httpAccept=text/xml,25.0
Operation and energy flexibility evaluation of direct load controlled buildings equipped with heat pumps,24,2021,… Response services applied on different heat pump systems working under real operations. … The method results showed that heat pumps could offer a significant potential of flexibility in …,https://www.sciencedirect.com/science/article/pii/S0378778821007684,,0,"bi-directional, district heat pump",10.1016/j.enbuild.2021.111484,Gerard Mor; Jordi Cipriano; Benedetto Grillone; Frédéric Amblard; Ramanunni Parakkal Menon; Jessen Page; Marcus Brennenstuhl; Dirk Pietruschka; Ruben Baumer; Ursula Eicker,2021-12,,https://api.elsevier.com/content/article/PII:S0378778821007684?httpAccept=text/xml,20.0
The impact of heat pumps on day-ahead energy community load forecasting,22,2024,"… based on district heating systems [28,30], radiators installed at singlefamily houses [31] or … The LSTM neural network is built with one bi-directional LSTM layer, two dense layers, from …",https://scholar.archive.org/work/pgjnvrxhnrgwnh6rmby7qiz6pe/access/wayback/https://publikationen.bibliothek.kit.edu/1000170854/152908535,,0,"bi-directional, district heat pump",10.1016/j.apenergy.2024.123364,Leo Semmelmann; Matthias Hertel; Kevin J. Kircher; Ralf Mikut; Veit Hagenmeyer; Christof Weinhardt,2024-8,,https://api.elsevier.com/content/article/PII:S0306261924007475?httpAccept=text/xml,17.0
Real-time monitoring and optimization of a large-scale heat pump prone to fouling-towards a digital twin framework,14,2024,… heat pumps over other heating technologies such as gas and electric boilers. Approaches described in the literature to optimize the operation of large-scale heat pumps … heat pump …,https://www.sciencedirect.com/science/article/pii/S0306261924006573,,0,"bi-directional, district heat pump",10.1016/j.apenergy.2024.123274,José Joaquín Aguilera; Wiebke Meesenburg; Wiebke Brix Markussen; Benjamin Zühlsdorf; Brian Elmegaard,2024-7,,https://api.elsevier.com/content/article/PII:S0306261924006573?httpAccept=text/xml,13.0
"Combined latent heat and cold storage and supply enabled by a heat pump The why, how, and what",10,2025,"… In this paper, a simultaneous heat and cold production … The heat pump for simultaneous heat and cold production in … temperature difference of 75 ℃ between heat and cold, resulting in …",https://www.sciencedirect.com/science/article/pii/S0196890425000020,,0,"bi-directional, district heat pump",10.1016/j.enconman.2025.119479,Xiaoxue Kou; Pau Giménez-Prades; Yixiu Dong; Hongzhi Yan; Zhenyuan Xu; Ruzhu Wang,2025-2,,https://api.elsevier.com/content/article/PII:S0196890425000020?httpAccept=text/xml,8.0
Resilient cooling through geothermal district energy system,27,2022,… Decarbonization and resilience to heat waves have recently become high priorities for building and district energy systems. Geothermal coupled district heating and cooling systems …,https://www.sciencedirect.com/science/article/pii/S030626192201145X,,0,"bidirectional, district heating and cooling",10.1016/j.apenergy.2022.119880,Antoine Gautier; Michael Wetter; Matthias Sulzer,2022-11,,https://api.elsevier.com/content/article/PII:S030626192201145X?httpAccept=text/xml,19.0
Model predictive control of bidirectional heat transfer in prosumer-based solar district heating networks,24,2024,… demands to prevent the activation of the central heating plant. This work presents an initial … strategy to manage bidirectional heat transfer between buildings in a district heating network. …,https://www.sciencedirect.com/science/article/pii/S0306261923019815,,0,"bidirectional, district heating and cooling",10.1016/j.apenergy.2023.122617,Lilli Frison; Manuel Kollmar; Axel Oliva; Adrian Bürger; Moritz Diehl,2024-3,,https://api.elsevier.com/content/article/PII:S0306261923019815?httpAccept=text/xml,22.0
The status of research and innovation on heating and cooling networks as smart energy systems within horizon 2020,23,2020,… to demonstrate innovative solutions for integrated heating and cooling in cities and to … and utility companies interested in district heating and cooling networks. The platform provides an …,https://www.mdpi.com/1996-1073/13/11/2835,,0,"bidirectional, district heating and cooling",10.3390/en13112835,Costanza Saletti; Mirko Morini; Agostino Gambarotta,6/3/2020,"The European Union is funding scientific research through the Horizon 2020 Framework Programme. Since the key priorities for the next few decades are the reduction in carbon emissions and the enhancement of energy system conversion efficiency, a collection of the most recent research projects can be beneficial to researchers and stakeholders who want to easily access and identify recent innovation in the energy sector. This paper proposes an overview of the Horizon 2020 projects on smart distributed energy systems, with particular focus on heating and cooling networks and their efficient management and control. The characteristics of the selected projects are summarized, and the relevant features, including the energy vectors involved, main applications and expected outputs are reported and analyzed. The resulting framework fosters the deployment of digital technologies and software platforms to achieve smart and optimized energy systems.",https://www.mdpi.com/1996-1073/13/11/2835/pdf,17.0
Decentralized heating grid operation: A comparison of centralized and agent-based optimization,23,2020,Moving towards a sustainable heat supply calls for decentralized and smart heating grid solutions. One promising concept is the decentralized feed-in by consumers equipped with their …,https://www.sciencedirect.com/science/article/pii/S2352467719301213,,0,"bidirectional, district heating and cooling",10.1016/j.segan.2020.100300,Klaus Lichtenegger; Andreas Leitner; Thomas Märzinger; Christine Mair; Andreas Moser; David Wöss; Christoph Schmidl; Tobias Pröll,2020-3,,https://api.elsevier.com/content/article/PII:S2352467719301213?httpAccept=text/xml,16.0
Smart control of interconnected district heating networks on the example of 100 Renewable District Heating Leibnitz,19,2022,"… District heating (DH) networks have the potential for intelligent integration and combination of renewable energy sources, waste heat, thermal energy storage, heat … of district heating …",https://www.sciencedirect.com/science/article/pii/S2666955222000077,,0,"bidirectional, district heating and cooling",10.1016/j.segy.2022.100069,Valentin Kaisermayer; Jakob Binder; Daniel Muschick; Günther Beck; Wolfgang Rosegger; Martin Horn; Markus Gölles; Joachim Kelz; Ingo Leusbrock,2022-5,,https://api.elsevier.com/content/article/PII:S2666955222000077?httpAccept=text/xml,15.0
Modelling a prototype of bidirectional substation for district heating with thermal prosumers,17,2023,"… the district heating network through a bidirectional exchange … ) or with the waste heat recovered in the industrial processes. … UNIBO) designed a bidirectional substation prototype, based …",https://www.mdpi.com/2071-1050/15/6/4938,,0,"bidirectional, district heating and cooling",10.3390/su15064938,Paolo Sdringola; Mattia Ricci; Maria Alessandra Ancona; Federico Gianaroli; Cristina Capodaglio; Francesco Melino,3/10/2023,"The performance of the innovative configurations of the “efficient” thermal networks is a key topic in scientific research, focusing on distribution temperatures and integration with high-efficiency plants and renewable sources. As it already happens for the electricity prosumers, a thermal prosumer may feed the district heating network through a bidirectional exchange substation with the excess of the locally produced thermal energy (e.g., by means of solar thermal plant) or with the waste heat recovered in the industrial processes. The Italian National Agency for New Technologies, Energy and Sustainable Economic Development (ENEA) and the Alma Mater Studiorum University of Bologna (UNIBO) designed a bidirectional substation prototype, based on a return-to-supply configuration, and tested steady-state and dynamic conditions to evaluate performances and optimization measures. In this paper, the Modelica language and Dymola software were used to run a multi-domain simulation and model-based design of the substation, starting from a new heat exchanger model featuring variable efficiency, based on the thermal resistance scaling method. Control systems and components were customized from models in standard libraries in order to reproduce the substation behavior under defined operating settings, and the model was validated on the abovementioned experimental tests. Numerical results in terms of exchanged powers, temperatures and flow rates were systematically compared to experimental data, demonstrating a sufficient agreement. In particular, the absolute mean deviation—in terms of temperature—between experimental and numerical data assessed over the entire tests remains contained in +/−1 °C. As further step of the analysis, an optimized model could be included as a component in a district heating network for further investigations on the prosumers’ effects on an existing traditional grid (e.g., in case of deep renovation of urban areas connected to district heating and/or creation of micro energy communities).",https://www.mdpi.com/2071-1050/15/6/4938/pdf,11.0
The bidirectional substation for district heating users: experimental performance assessment with operational profiles of prosumer loads and distributed,17,2024,… district heating in achieving mid and long-term decarbonization targets. Prosumers could be equipped with bidirectional … The present paper evaluates the contribution of a bidirectional …,https://www.sciencedirect.com/science/article/pii/S0378778823011027,,0,"bidirectional, district heating and cooling",10.1016/j.enbuild.2023.113872,Mauro Pipiciello; Federico Trentin; Anton Soppelsa; Diego Menegon; Roberto Fedrizzi; Mattia Ricci; Biagio Di Pietra; Paolo Sdringola,2024-2,,https://api.elsevier.com/content/article/PII:S0378778823011027?httpAccept=text/xml,10.0
Design and performance of a multi-level cascading district heating network with multiple prosumers and energy storage,14,2021,"… heat surpluses, turning the building into a ‘heat prosumer’. The successful integration of prosumers into district heating … have a bidirectional heat transfer with the LT level of the network. …",https://www.sciencedirect.com/science/article/pii/S2352484721007666,,0,"bidirectional, district heating and cooling",10.1016/j.egyr.2021.08.163,Diana-Iulia Stanica; Max Bachmann; Martin Kriegel,2021-10,,https://api.elsevier.com/content/article/PII:S2352484721007666?httpAccept=text/xml,13.0
Overview of solar photovoltaic applications for district heating and cooling,12,2023,"… district heating/cooling systems. However, very few researchers studied PV applications in the district heating/ district cooling … 5th generation bidirectional heating and cooling network, …",https://sciendo.com/pdf/10.2478/rtuect-2023-0070,,0,"bidirectional, district heating and cooling",10.2478/rtuect-2023-0070,Sreenath Sukumaran; Janika Laht; Anna Volkova,1/1/2023,"Abstract
               With the prevalent energy crisis and climate changes, decarbonising energy sector has become the need of the hour. An environmentally friendly way is the utilisation of solar energy which mainly involves the deployment of photovoltaic (PV) and/or solar thermal technology. Unlike electricity generation, the application of photovoltaics for the district heating &amp; cooling (DHC) is relatively new. Also, this energy route is yet to be fully explored. This paper aims to provide an overview of the photovoltaic applications in the context of DHC sector. At first, the utilisation of solar energy in the DHC sector is briefly described and then the review of the available literature is carried out. It was understood that PV integration in the district heating and/or district cooling system can take place in different topologies such as PV technology, energy storage, and system configuration (centralized/distributed). On one side, this technology options support design flexibility based on local scenarios (i.e., climatic conditions, building types, energy cost). On the other side, selecting the best configuration remains a challenging task for design and planning engineers. The research database on the studied topic needs to be enhanced, with a focus on PV’s role in district cooling (DC). It is deduced that right technical and economic boundary conditions in the chosen region is important for the accelerated photovoltaic integration. Also, lower environmental impact throughout the whole life cycle of solar PV integrated DHC system is reported. PV assisted DC systems have the potential to revolutionize cooling sector, especially in the places where daytime electricity costs are high. Based on the SWOT analysis, it is concluded that there is an enormous opportunity for PV integration in the DHC sector with the upgradations in DH networks, developing DC networks and rising adoption of HPs. This overview is expected to be beneficial to researchers, policymakers and other stakeholders of district energy sector.",https://www.sciendo.com/pdf/10.2478/rtuect-2023-0070,9.0
Implementation of a digital twin of the coses district heating prosumer laboratory,12,2022,"… be integrated into other programs, eg the SimulationX based CoSES ProHMo models of this paper are used in the ProsNet library for bidirectional district heating grids in Dymola [13]. …",https://www.energy-proceedings.org/wp-content/uploads/icae2022/1663239703.pdf,https://www.energy-proceedings.org/wp-content/uploads/icae2022/1663239703.pdf,0,"bidirectional, district heating and cooling",10.46855/energy-proceedings-10153,Daniel Zinsmeister; Vedran PeriÄ‡,11/6/2022,,,0.0
Classification of measures for dealing with district heating load variations a systematic review,10,2020,"… Historically, the interest in demand side management (DSM) and load management has not been as high for district heating (DH) as for the electricity sector, because optimization of DH …",https://www.mdpi.com/1996-1073/14/1/3,,0,"bidirectional, district heating and cooling",10.3390/en14010003,Danica Djurić Ilić,12/22/2020,"The highly varying character of district heating (DH) demand results in low capacity utilization of the DH plants, as well as increased use of fossil fuels during peak demand. The aim of this study is to present an overview and a comprehensive classification of measures intended to manage these load variations. A systematic literature review was conducted based on previously defined search strings as well as inclusion and exclusion criteria. Two scientific databases were used as data sources. Based on 96 detected publications, the measures were categorized as (1) complementing DH production in heat-only boilers (HOBs), or geothermal or booster heat pumps (HPs) (usually controlled by the DH company), (2) thermal energy (TE) storage in storage units or in the network (controlled by the company), and (3) demand side measures, which can be strategic demand increase, direct demand response (DR), or indirect DR. While the company has control over direct DR (e.g., thermal storage in the thermal mass of the buildings), indirect DR is based on communication between the customer and the company, where the customer has complete control. The multi-disciplinary nature of this topic requires an interdisciplinary approach.",https://www.mdpi.com/1996-1073/14/1/3/pdf,2.0
Influence of the prosumer allocation and heat production on a district heating network,8,2021,"… district heating, namely, the possibility of a bidirectional energy exchange between the district heating … consume and produce heat—in an existing small/medium district heating network. …",https://www.frontiersin.org/journals/mechanical-engineering/articles/10.3389/fmech.2021.623932/full,,0,"bidirectional, district heating and cooling",10.3389/fmech.2021.623932,Maria Alessandra Ancona; Michele Bianchi; Lisa Branchini; Andrea De Pascale; Francesco Melino; Antonio Peretto; Jessica Rosati,4/12/2021,"To face the climate change and global warming issues, European countries have set new targets in order to reduce the CO2 emissions to 40% by 2030 and to 80% by 2050. The district heating networks, and in particular low-temperature networks, due to their efficient heat supply and distribution represent a key point for meeting these goals, as well as the renewable sources integration. Nowadays, in fact, about 40% of the energy consumed in Europe is for heating, most of which is provided by fossil fuels employment. This article concerns the smart district heating, namely, the possibility of a bidirectional energy exchange between the district heating network and the connected users. The main purpose of this study is to evaluate the possibility of including a prosumer—that is, a customer who can both consume and produce heat—in an existing small/medium district heating network. To this purpose, an in-house–developed software has been applied to analyze whether and which user of the district heating network is more suitable to be set as prosumer and the effect of the installed distributed generation system on the network. The results show how the choice of a prosumer over another and how the amount of exchanged thermal power affect the performance of the network, with a consequent need of a modification in its operation and management.",https://www.frontiersin.org/articles/10.3389/fmech.2021.623932/full,4.0
Sustainable heating and cooling management of urban quarters,8,2022,"… In the IWAES project presented here, a bidirectional low-temperature heat network was … District heating networks are divided into generations of district heating’s (GDH), (Discussed in […",https://www.mdpi.com/2071-1050/14/7/4353,,0,"bidirectional, district heating and cooling",10.3390/su14074353,Till Kugler; Corinna Schittenhelm; Stephan Volkmer; Meinhard Ryba; Christian Moormann; Detlef Kurth; Roland Koenigsdorff,4/6/2022,"An important component for a renewable and sustainable heat energy supply is the consideration of urban quarters. For this purpose, the locally available energy sources, a local energy generation system, and the energy distribution in urban quarters should be considered. In the IWAES project presented here, a bidirectional low-temperature heat network was developed, thus it falls into the category of fifth-generation heat networks. It also makes use of existing urban water management infrastructure. The innovative concept is based on the approach of modifying sewers so that they can transport thermal energy between users in the same quarter and extract thermal energy from wastewater. The overall goal is to generate thermal energy and balance the different thermal needs. This is particularly useful in mixed-use quarters, as the peak loads of different uses occur at different times. The supply concept also envisages integrating other thermal energy sources available in the quarter as well as storage options into the supply concept. As a framework for the technical aspects, a precise urban planning concept is needed that provides the legal framework for land use and urban development and coordinates and implements the developed concept—through so-called energy master planning. A life cycle assessment shows the ecological impact of the developed concept compared to a conventional energy solution. It also shows the savings potential of the developed concept compared to an urban quarter supplied conventionally with heating and de-centrally with cooling. The assessment outlines the dual use of the pre-existing infrastructure, such as the wastewater system, significantly reduces CO2 equivalents. Another result is that the sustainability of the system depends significantly on the used mix of electric sources.",https://www.mdpi.com/2071-1050/14/7/4353/pdf,6.0
Machine-learning-assisted long-term G functions for bidirectional aquifer thermal energy storage system operation,6,2024,"… To evaluate ATES performance with bidirectional operation, this study develops an analytical solution-based model to simulate the spatiotemporal thermal response in an aquifer. The …",https://www.sciencedirect.com/science/article/pii/S0360544224014117,,0,"bidirectional, district heating and cooling",10.1016/j.energy.2024.131638,Kecheng Chen; Xiang Sun; Kenichi Soga; Peter S. Nico; Patrick F. Dobson,2024-8,,https://api.elsevier.com/content/article/PII:S0360544224014117?httpAccept=text/xml,7.0
District heating and cooling systems transition: Evaluation of current challenges and future possibilities,5,2023,"… district heating and cooling … district heating and cooling technologies. Second, it describes a new analytical method for modelling network hydraulics in district systems with bidirectional …",https://portal.research.lu.se/en/publications/district-heating-and-cooling-systems-transition-evaluation-of-cur,,0,"bidirectional, district heating and cooling",10.1088/978-0-7503-5286-4ch5,Paul Woods,12/1/2023,,,0.0
Low-temperature heating and cooling grids based on shallow geothermal methods for urban areas,5,2020,"… Standard procedures for the technical design of common district heating networks and … to common district heating networks the flow direction is bidirectional. Hence, heat can be …",https://www.researchgate.net/profile/David-Huber-9/publication/347519157_Low-temperature_heating_and_cooling_grids_based_on_shallow_geothermal_methods_for_urban_areas/links/5fe0685f92851c13fea971d2/Low-temperature-heating-and-cooling-grids-based-on-shallow-geothermal-methods-for-urban-areas.pdf,https://www.researchgate.net/profile/David-Huber-9/publication/347519157_Low-temperature_heating_and_cooling_grids_based_on_shallow_geothermal_methods_for_urban_areas/links/5fe0685f92851c13fea971d2/Low-temperature-heating-and-cooling-grids-based-on-shallow-geothermal-methods-for-urban-areas.pdf,0,"bidirectional, district heating and cooling",10.5194/egusphere-egu2020-2912,Nunzia Bernardo; Fabio Moia,3/23/2020,"
        &amp;lt;p&amp;gt;The study shows the result of a detailed analysis aimed at verifying possible application of the technology related to the exploitation of low temperature geothermal resources for direct uses, with particular reference to the heating and cooling of public and private buildings in Rome, in order to enhance and improve its building stock.&amp;lt;/p&amp;gt;&amp;lt;p&amp;gt;The analysis started with collection and consultation of geological, stratigraphic, hydrogeological and thermal data available from bibliography and previous studies of the area. This represented a fundamental and useful step to determine a potentially suitable sector, both for geological and thermic characteristics of the lithologies recognized in the area. Pietralata, north east of Rome, was selected as &amp;quot;pilot site&amp;quot; out of 15 areas identified on the basis of the collected information. Within this pilot site, a High School - Technical Institute was recognized a suitable public building for the test.&amp;lt;/p&amp;gt;&amp;lt;p&amp;gt;The entire school complex has been discretized into three blocks. The analysis was made preliminarily for block 1, which is the largest, by calculating the heating energy requirements based on the climatic zone and the structural parameters of the building using the CARAPACE software (CAlcolo Resistivo Annuale Prestazioni Assetti Climatizzazione Efficienti), developed by SSE Department of RSE.&amp;lt;/p&amp;gt;&amp;lt;p&amp;gt;Starting from these needs, the analysis was carried out by hypothesizing and sizing a field of closed loop probes capable to meet 30% of the total energy needs expected for the building. Results thus highlighted, were a conclusion drawn by 16 probes with an average depth of 95 m each.&amp;lt;/p&amp;gt;&amp;lt;p&amp;gt;The analysis and the determinations made on the bibliographic basis were then validated with the experimental data derived from a geognostic survey by drilling up to a depth of 100 m from the surface, and conditioned for a Geothermal Response Test to determine the experimental value of the thermal capacity W/(m*K) of the lithologies.&amp;lt;/p&amp;gt;&amp;lt;p&amp;gt;From the aforementioned, the possibility to optimize the thermal conductivity profile of the ground was derived, in respect to the &amp;amp;#955; values corresponding to the stratigraphy derived from the survey.&amp;lt;/p&amp;gt;&amp;lt;p&amp;gt;The results, thus arrived, confirm the worth of the preliminary estimates and demonstrate how a field of 12 probes with a depth of 100 m each is enough to satisfy 30% of the energy needs of the users considered.&amp;lt;/p&amp;gt;&amp;lt;p&amp;gt;It must be also the focal point that Pietralata area is not the optimum in terms of thermal conductivity of the ground and lithologies, wherein the value of lambda was found to be around 1.6 W/(m*K). Nevertheless, the results established the correctness of the preliminary hypothesis in the applicability of the geothermal technology for the heating and cooling of existing buildings in the city of Rome.&amp;lt;/p&amp;gt;&amp;lt;p&amp;gt;The study was an experimental activity carried out with Roma Capitale Municipality &amp;amp;#8211; Infrastructure Department.&amp;lt;/p&amp;gt;
        ",,0.0
Daily and seasonal thermal energy storage for enhanced flexible operation of low-temperature heating and cooling network,4,2021,"Synergic operation of electricity, heating and cooling networks can bring savings and low carbon footprint through energy efficiency. In such context, the present work proposes a novel …",https://minerva-access.unimelb.edu.au/bitstream/handle/11343/281896/paper_57.pdf,https://minerva-access.unimelb.edu.au/bitstream/handle/11343/281896/paper_57.pdf,0,"bidirectional, district heating and cooling",10.1016/j.renene.2021.08.037,Oktawia Dolna,2021-12,,https://api.elsevier.com/content/article/PII:S0960148121011976?httpAccept=text/xml,4.0
Modeling and simulation of district heating and cooling systems using CityBES,4,2021,"… However, the district heating and cooling demands at high temporal resolutoin are usually hard to predict due to the heterogenous building types and use patterns in district settings. In …",https://publications.ibpsa.org/conference/paper/?id=bs2021_30155,,0,"bidirectional, district heating and cooling",10.26868/25222708.2021.30155,Han Li; Tianzhen Hong; Wanni Zhang,9/1/2021,,,2.0
Prosumers and district heating: Experimental validation of strategies to improve thermal energy production and consumption,4,2025,… District Heating Networks with thermal prosumers and bidirectional substations are critical to decarbonize the heating sector by integrating renewable energy sources. The paper …,https://www.sciencedirect.com/science/article/pii/S0378778825004438,,0,"bidirectional, district heating and cooling",10.1016/j.enbuild.2025.115713,Paolo Sdringola; Mauro Pipiciello; Mattia Ricci; Federico Gianaroli; Diego Menegon; Federico Trentin; Francesco Turrin; Biagio Di Pietra,2025-7,,https://api.elsevier.com/content/article/PII:S0378778825004438?httpAccept=text/xml,4.0
Comparative study and validation of a new analytical method for hydraulic modelling of bidirectional low temperature networks,3,2024,… Bidirectional Low Temperature Networks (BLTNs) are an … of district heating and cooling systems. Because of their intrinsic feature of supplying simultaneous heating and cooling either …,https://www.sciencedirect.com/science/article/pii/S0360544224009411,,0,"bidirectional, district heating and cooling",10.1016/j.energy.2024.131168,Marwan Abugabbara; Jonas Lindhe; Saqib Javed; Dennis Johansson; Johan Claesson,2024-6,,https://api.elsevier.com/content/article/PII:S0360544224009411?httpAccept=text/xml,3.0
Empowering prosumers in district heating networks: Experimental analysis and performance evaluation of a bidirectional substation,2,2024,"… to contribute to the district heating network by utilizing locally … usage, and enhancing district heating sustainability. In this … in bidirectional substation for district heating networks. These …",https://cris.unibo.it/handle/11585/1009045,,0,"bidirectional, district heating and cooling",10.52202/077185-0102,Federico Gianaroli; Mauro Pipiciello; Paolo Sdringola; Federico Trentin; Mattia Ricci; Biagio Di Pietra; Diego Menegon; Francesco Melino,2024,,,0.0
A review of sustainable development in the harnessing geothermal and solar energy for approaching the residual heat utilization in refrigeration and district cooling,2,2025,"… Introduction of fifth-generation district heating and cooling (5GDHC) Through a comprehensive analysis of Fifth-Generation District Heating and Cooling (5GDHC) systems, this study …",https://link.springer.com/article/10.1007/s43621-025-01138-4,,0,"bidirectional, district heating and cooling",10.1007/s43621-025-01138-4,A. Francisco-Hernandez; S. L. Moya-Acosta; A. Aragón-Aguilar; L. G. Carreto-Hernandez,6/5/2025,,https://link.springer.com/content/pdf/10.1007/s43621-025-01138-4.pdf,2.0
Vehicle-to-grid for peak shaving to unlock the integration of distributed heat pumps in a swedish neighborhood,28,2020,… explores the potential of enabling a V2G bi-directional flow at these stations. By … energy hub presented in [27] included the heating and cooling demands of a residential community…,https://www.mdpi.com/1996-1073/13/7/1705,,0,"bi-directional, district heating and cooling",10.3390/en13071705,Monica Arnaudo; Monika Topel; Björn Laumert,4/3/2020,"The city of Stockholm is close to hitting the capacity limits of its power grid. As an additional challenge, electricity has been identified as a key resource to help the city to meet its environmental targets. This has pushed citizens to prefer power-based technologies, like heat pumps and electric vehicles, thus endangering the stability of the grid. The focus of this paper is on the district of Hammarby Sjöstad. Here, plans are set to switch from district heating to heat pumps. A previous study verified that this choice will cause overloadings on the electricity distribution grid. The present paper tackles this problem by proposing a new energy storage option. By considering the increasing share of electric vehicles, the potential of using the electricity stored in their batteries to support the grid is explored through technical performance simulations. The objective was to enable a bi-directional flow and use the electric vehicles’ (EVs)’ discharging to shave the peak demand caused by the heat pumps. It was found that this solution can eliminate overloadings up to 50%, with a 100% EV penetration. To overcome the mismatch between the availability of EVs and the overloadings’ occurrence, the minimum state of charge for discharging should be lower than 70%.",https://www.mdpi.com/1996-1073/13/7/1705/pdf,16.0
Smart asset management for district heating systems in the Baltic Sea Region,19,2021,"… Novel bi-directional substations using a single circuit for both district heating and cooling … cooling than heating, the system circulates from a central plant in one direction. When more …",https://www.mdpi.com/1996-1073/14/2/314,,0,"bi-directional, district heating and cooling",10.3390/en14020314,Anna Grzegórska; Piotr Rybarczyk; Valdas Lukoševičius; Joanna Sobczak; Andrzej Rogala,1/8/2021,"The purpose of this review is to provide insight and a comparison of the current status of district heating (DH) systems for selected Baltic Sea countries (Denmark, Germany, Finland, Latvia, Lithuania, Poland, and Sweden), especially from viewpoints of application and solutions of novel smart asset management (SAM) approaches. Furthermore, this paper considers European projects ongoing from 2016, involving participants from the Baltic Sea Region, concerning various aspects of DH systems. The review presents the energy sources with particular attention to renewable energy sources (RES), district heating generations, and the exploitation problems of DH systems. The essential point is a comparison of traditional maintenance systems versus SAM solutions for optimal design, operating conditions, and controlling of the DH networks. The main conclusions regarding DH systems in Baltic Sea countries are commitment towards a transition to 4th generation DH, raising the quality and efficiency of heat supply systems, and simultaneously minimizing the costs. The overall trends show that applied technologies aim to increase the share of renewable energy sources and reduce greenhouse gas emissions. Furthermore, examples presented in this review underline the importance of the implementation of a smart asset management concept to modern DH systems.",https://www.mdpi.com/1996-1073/14/2/314/pdf,12.0
"Modeling of a bidirectional substation in a district heating network: Validation, dynamic analysis, and application to a solar prosumer",18,2023,"… excess heat produced on-site with a heating network allows the solar collectors to reach peak heat production, … The surplus heat sold to the network is equal to 66% and 29% of the total …",https://www.sciencedirect.com/science/article/pii/S0360544223020157,,0,"bi-directional, district heating and cooling",10.1016/j.energy.2023.128621,Giuseppe Edoardo Dino; Pietro Catrini; Alessandro Buscemi; Antonio Piacentino; Valeria Palomba; Andrea Frazzica,2023-12,,https://api.elsevier.com/content/article/PII:S0360544223020157?httpAccept=text/xml,11.0
New experimental facility for innovative district heating systems District LAB,11,2021,… to be implemented in the planned district heating test and experimental facility District LAB of the … or bi-directional feed-in of different (volatile) energy sources (eg solar thermal or waste …,https://www.sciencedirect.com/science/article/pii/S2352484721008453,,0,"bi-directional, district heating and cooling",10.1016/j.egyr.2021.09.039,A. Kallert; D. Lottis; M. Shan; D. Schmidt,2021-10,,https://api.elsevier.com/content/article/PII:S2352484721008453?httpAccept=text/xml,10.0
Quantification of overlapping heating and cooling demand for the feasibility assessment of bi-directional systems over Europe,10,2023,"… heating and cooling demand altogether. To meet such requirement, the bi-directional fifth generation district heating and cooling … renewable and waste energy sources. The overlapping …",https://www.sciencedirect.com/science/article/pii/S0378778823004747,,0,"bi-directional, district heating and cooling",10.2139/ssrn.4372787,Yichi Zhang; Pär Johansson; Angela Sasic Kalagasidis,2023,,,0.0
"Ambient loop district heating and cooling networks with integrated mobility, power and interseasonal storage",9,2022,"… At the heart of the system is an ultra-low temperature ambient loop network, which permits bi-directional flow within the pipes to allow energy exchange between heating and cooling …",https://journals.sagepub.com/doi/abs/10.1177/01436244221085921,,0,"bi-directional, district heating and cooling",10.1177/01436244221085921,Akos Revesz; Phil Jones; Chris Dunham; Anthony Riddle; Norman Gatensby; Graeme Maidment,3/26/2022," This paper describes a heat pump investigation for GreenSCIES (GS), a fifth Generation district heating and cooling (5DHC) network in Islington, London. The paper describes the GreenSCIES concept integrating Mobility, Power and Heat into a Smart Local Energy System (SLES). At the heart of the system is an ultra-low temperature ambient loop network, which permits bi-directional flow within the pipes to allow energy exchange between heating and cooling customers at different times and in different locations, depending on where demand is at any given time. An existing data centre provides the primary source of waste heat for the scheme. Heat pumps in distributed energy centres are utilised to amplify the temperature of the ambient loop to deliver heat in connected buildings. The energy centres integrate heat pumps with building-mounted solar photovoltaic (PV) systems and electric vehicle (EV) charging points. The paper provides an overview of the integrated SLES concept, focussing on the heat pump selection and the short and long-term thermal storage options designed for the scheme. The results show that even the smaller constructible ‘New River’ scheme will save 5,000 tons of CO2e annually. This will tend to 100% as the grid decarbonise further. Therefore, the GS SLES concept applied to urban areas could deliver significant carbon emission savings in the UK and elsewhere.  Practical application: Project GreenSCIES, is a detailed design study to develop a Smart, Local Energy System (SLES) for a large community in the London Borough of Islington. Our consortium have developed an innovative SLES concept, centred around a fifth generation district heating and cooling network. The GS ambient loop systems have negligible losses and much greater efficiencies than traditional district heat networks. As recognised by the UK Government’s Heat and Buildings Strategy, ambient loop systems should be considered where large-scale neighbourhood regeneration occurs. The proposed SLES concept applied to wider urban areas could deliver significant carbon emission savings in the UK. ",https://journals.sagepub.com/doi/pdf/10.1177/01436244221085921,5.0
Thermal-hydraulic modelling of a flexible substation layout for low-temperature waste heat recovery into district heating,8,2025,"This study investigates a thermal substation designed for low-temperature waste heat recovery in district heating networks, where the served user has both heating and cooling demands…",https://www.sciencedirect.com/science/article/pii/S0360544225020286,,0,"bi-directional, district heating and cooling",10.1016/j.energy.2025.136386,D. Anania; G. Russo; A. Palombo; F. Orizio; R. Fedrizzi; M. Cozzini,2025-8,,https://api.elsevier.com/content/article/PII:S0360544225020286?httpAccept=text/xml,7.0
Optimizing solar energy integration in Tallinn s district heating and cooling systems,8,2025,… important to tap solar heat to the fullest. The seasonal match between load and generation contributed to higher share of solar energy for district cooling than district heating. This study …,https://www.sciencedirect.com/science/article/pii/S2666955224000364,,0,"bi-directional, district heating and cooling",10.1016/j.segy.2024.100166,K. Lepiksaar; G.-M. Kajandi; S. Sukumaran; I. Krupenski; T. Kirs; A. Volkova,2025-2,,https://api.elsevier.com/content/article/PII:S2666955224000364?httpAccept=text/xml,8.0
Storing electricity as thermal energy at community level for demand side management,23,2020,… thermal energy over direct electricity storage. A community located in a hot climate region is considered as a case study and the performance of cold thermal … as thermal energy shows a …,https://www.sciencedirect.com/science/article/pii/S0360544219324508,,0,"bidirectional, district thermal",10.1016/j.energy.2019.116755,Mahyar Ebrahimi,2020-2,,https://api.elsevier.com/content/article/PII:S0360544219324508?httpAccept=text/xml,18.0
Adjusting heat demands using the operational data of district heating systems,22,2021,The main objective of this study is to investigate variations and peak values of actual heat demand profiles in a centralized district heating (DH) network. Operational heat data is utilized …,https://www.sciencedirect.com/science/article/pii/S0360544221016169,,0,"bidirectional, district thermal",10.1016/j.energy.2021.121368,Stanislav Chicherin; Amjad Anvari-Moghaddam,2021-11,,https://api.elsevier.com/content/article/PII:S0360544221016169?httpAccept=text/xml,15.0
A day-ahead operational regulation method for solar district heating systems based on model predictive control,19,2025,"… Solar district heating systems are widely used in solar-rich … and demand, and district heating systems have delayed … operation regulation method for solar district heating systems. A …",https://www.sciencedirect.com/science/article/pii/S0306261924020026,,0,"bidirectional, district thermal",10.1016/j.apenergy.2024.124619,Xin Xin; Yanfeng Liu; Zhihao Zhang; Huifan Zheng; Yong Zhou,2025-1,,https://api.elsevier.com/content/article/PII:S0306261924020026?httpAccept=text/xml,17.0
Efficient integration of machine learning into district heating predictive models,16,2020,"… recent papers dealing with thermal modeling and optimization of district heating pipes. … flexibility of advanced district heating systems, namely, the double-pipe bidirectional network and …",https://www.mdpi.com/1996-1073/13/23/6381,,0,"bidirectional, district thermal",10.3390/en13236381,Libor Kudela; Radomír Chýlek; Jiří Pospíšil,12/2/2020,"Modern control strategies for district-level heating and cooling supply systems pose a difficult challenge. In order to integrate a wide range of hot and cold sources, these new systems will rely heavily on accumulation and much lower operating temperatures. This means that predictive models advising the control strategy must take into account long-lasting thermal effects but must not be computationally too expensive, because the control would not be possible in practice. This paper presents a simple but powerful systematic approach to reducing the complexity of individual components of such models. It makes it possible to combine human engineering intuition with machine learning and arrive at comprehensive and accurate models. As an example, a simple steady-state heat loss of buried pipes is extended with dynamics observed in a much more complex model. The results show that the process converges quickly toward reasonable solutions. The new auto-generated model performs 5 × 104 times faster than its complex equivalent while preserving essentially the same accuracy. This approach has great potential to enhance the development of fast predictive models not just for district heating. Only open-source software was used, while OpenModelica, Python, and FEniCS were predominantly used.",https://www.mdpi.com/1996-1073/13/23/6381/pdf,11.0
An efficient numerical scheme for the thermo-hydraulic simulations of thermal grids,16,2020,"… Renewable and smart energy systems require district … distributed energy production involving bidirectional flows. Due to … , management and optimisation of thermal distribution networks. …",https://www.sciencedirect.com/science/article/pii/S0017931020332403,,0,"bidirectional, district thermal",10.1016/j.ijheatmasstransfer.2020.120304,Andrea Menapace; Walter Boscheri; Marco Baratieri; Maurizio Righetti,2020-11,,https://api.elsevier.com/content/article/PII:S0017931020332403?httpAccept=text/xml,8.0
Optimization of layout and diameter for distributed solar heating network with multi-source and multi-sink,10,2022,"… DSHS has the characteristics of bidirectional flow, and the existing unidirectional network design method from heat source to users cannot be applied to the bidirectional-flow network. …",https://www.sciencedirect.com/science/article/pii/S0360544222016917,,0,"bidirectional, district thermal",10.1016/j.energy.2022.124788,Yanfeng Liu; Huanlong Tang; Yaowen Chen; Dengjia Wang; Cong Song,2022-11,,https://api.elsevier.com/content/article/PII:S0360544222016917?httpAccept=text/xml,9.0
Prototype of an open testbed for the lab validation of smart applications of district heating substations,8,2022,… applications in thermal networks. The testbed focuses specifically on district heating substations … coupled in real-time with a simulated district heating network and a heat consumer. The …,https://ieeexplore.ieee.org/abstract/document/9770173/,,0,"bidirectional, district thermal",10.1109/mscpes55116.2022.9770173,Edmund Widl; Andreas Sporr; Martin Mairhofer; Thomas Natiesta; Nicolas Marx; Ralf-Roman Schmidt,5/3/2022,,http://xplorestaging.ieee.org/ielx7/9770103/9770104/09770173.pdf?arnumber=9770173,4.0
Design optimization of seasonal thermal energy storage integrated district heating and cooling system: A modeling and simulation approach,8,2020,"… system with the lack of building energy models, and (2) holistic simulation tools, which offer the possibility to integrate building thermal models into the district energy system models. …",https://research.tue.nl/files/162046143/20200922_Xu_cv.pdf,https://research.tue.nl/files/162046143/20200922_Xu_cv.pdf,0,"bidirectional, district thermal",10.1201/9781003151692-46,Neil Petchers,11/26/2020,,,0.0
Innovative Strategies for Thermal Energy Optimization and Renewable Energy Integration in Net-Zero-Energy Buildings: A Comprehensive Review,6,2024,"… district heating and cooling systems, ultra-low-temperature district heating, and fifth-generation bidirectional district … the use of thermal energy storage. It was found that the use of a …",https://www.mdpi.com/1996-1073/17/22/5664,,0,"bidirectional, district thermal",10.3390/en17225664,Samia Hamdane; Luís C. Pires; Pedro D. Gaspar; Pedro D. Silva,11/13/2024,"The thermal performance and energy efficiency of buildings are critical factors in achieving sustainable energy systems as energy needs for heating and cooling are expected to represent more than 50% of global final energy consumption. This study analyzes conventional renewable energy systems for heating and cooling in buildings, focusing on strategies for developing net-zero-energy buildings. This review covers the integration of renewable energy, the use of intelligent energy management systems, and the optimization of thermal processes. It also compares various systems based on their advantages and limitations and analyzes emerging trends in the thermal management of buildings in different climate zones. The synthesis of recent literature highlights practical recommendations for achieving high thermal performance in buildings, including the importance of selecting appropriate energy systems based on local climatic conditions, optimizing system efficiency, and taking advantage of new materials and advanced technologies. This review aims to contribute to promoting sustainable construction practices with the integration of renewable energy sources and improving the energy efficiency of buildings.",https://www.mdpi.com/1996-1073/17/22/5664/pdf,3.0
Optimizing Thermal Energy Sharing in Smart District Heating Networks,5,2024,"… In this regard, Smart District Heating Networks (SDHNs) can present further opportunities to … in the thermal production sector. In order to ensure a bidirectional flow from a District Heating …",https://www.mdpi.com/1996-1073/17/12/2936,,0,"bidirectional, district thermal",10.3390/en17122936,Anna Dattilo; Francesco Melino; Mattia Ricci; Paolo Sdringola,6/14/2024,"The constant attention to sustainability aimed at reconciling economic and social development with environmental protection is the driving force of the continuous growth of renewable energy in the energy sector. Among the numerous actions taken by the European Commission (EC) in this direction, an important initiative towards the complete decarbonization is represented by the Renewable Energy Communities (RECs). According to the EC, “energy communities enable collective and citizen-driven energy actions to support the clean energy transition. They can contribute to increasing public acceptance of renewable energy projects and make it easier to attract private investments in the clean energy transition”. At the European level, numerous energy communities are emerging, although they are all based on photovoltaic production and, consequently, focus only on electricity flows. The aim of this paper is to define a thermal energy community in which thermal energy sharing can be achieved by exploiting the concept of the smart district heating network. Starting from a small existing district heating network, its conversion into a smart one will be analyzed and optimized with the aim of studying the sharing of thermal energy between the various prosumer and non-prosumer users connected to the district heating network.",https://www.mdpi.com/1996-1073/17/12/2936/pdf,4.0
Modeling and validation of a novel load model considering uncertain thermal disturbance in the district heating system,5,2023,… Thermal disturbance factors differ depending on the type of heat user. This work established … in an existing district heating system. The uncertain thermal disturbances were identified …,https://www.sciencedirect.com/science/article/pii/S0378778823002852,,0,"bidirectional, district thermal",10.1016/j.enbuild.2023.113055,Junhong Yang; Mengbo Peng; Tong Zhao; Mianshan Cui,2023-6,,https://api.elsevier.com/content/article/PII:S0378778823002852?httpAccept=text/xml,6.0
Experiment and prediction analysis of thermal energy storage for heat load balancing in domestic hot water system,4,2024,This paper presents the efficient process of thermal energy storage (TES) operation for heat load balancing in the domestic hot water (DHW) systems of district heating by the field …,https://www.sciencedirect.com/science/article/pii/S0360544224038180,,0,"bidirectional, district thermal",10.1016/j.energy.2024.134040,Hyung-Yong Ji; Chaedong Kang; Dongho Park,2024-12,,https://api.elsevier.com/content/article/PII:S0360544224038180?httpAccept=text/xml,4.0
Retrofit design and numerical modeling of bidirectional substations for the empowerment of thermal prosumers in district heating networks,2,2004,"… Thermal prosumers can be integrated into district heating networks through bidirectional thermal substations, allowing excess thermal … , such as solar thermal systems, or recovered from …",https://bia.unibz.it/esploro/outputs/conferenceProceeding/Retrofit-design-and-numerical-modeling-of/991007065477701241,,0,"bidirectional, district thermal",10.1615/ichmt.2004.intthermscisemin.1140,E. Fuad Kent; Sedef Kent,2004,,http://www.dl.begellhouse.com/download/article/6b9c56a754f7c64b/,0.0
Presenting the project SekQuaSens3: combining a networked sensor concept with model-based decisions for optimized energy flow in a district,2,2023,"… ), a model for district thermal energy requirements based on Modelica and … district in Berlin, a flexibility of 50 % was calculated for each day and household in 2050 using bidirectional …",https://ieeexplore.ieee.org/abstract/document/10324567/,,0,"bidirectional, district thermal",10.1049/icp.2023.2701,N. Reininghaus; M. Kroener; T. Schneider; K. Waiz; Y. -P. Flötteröd; M. L. Díaz; R. Nippold; M. Vehse,11/6/2023,,https://digital-library.theiet.org/content/conferences/10.1049/icp.2023.2701?crawler=true&mimetype=application/pdf,0.0
Accurate modeling of thermal losses in heating networks for efficient operational planning,2,2023,"… The paper is structured as follows: In the second section of the paper, we explain the requirements of bidirectional thermal pipe modeling for decentral district heating systems. In the …",https://tuprints.ulb.tu-darmstadt.de/29459/,,0,"bidirectional, district thermal",10.3390/en16186594,Karim Boubouh; Robert Basmadjian; Omid Ardakanian; Alexandre Maurer; Rachid Guerraoui,9/13/2023,"Nowadays, the integration of home automation systems with smart thermostats is a common trend, designed to enhance resident comfort and conserve energy. The introduction of smart thermostats that can run machine learning algorithms has opened the door for on-device training, enabling customized thermal experiences in homes. However, leveraging the flexibility offered by on-device learning has been hindered by the absence of a tailored learning scheme that allows for accurate on-device training of thermal models. Traditional centralized learning (CL) and federated learning (FL) schemes rely on a central server that controls the learning experience, compromising the home’s privacy and requiring significant energy to operate. To address these challenges, we propose PePTM, a personalized peer-to-peer thermal modeling algorithm that generates tailored thermal models for each home, offering a controlled learning experience with a minimal training energy footprint while preserving the home’s privacy, an aspect difficult to achieve in both CL and FL. PePTM consists of local and collaborative learning phases that enable each home to train its thermal model and collaboratively improve it with a set of similar homes in a peer-to-peer fashion. To showcase the effectiveness of PePTM, we use a year’s worth of data from US homes to train thermal models using the RNN time-series model and compare the data across three learning schemes: CL, FL, and PePTM, in terms of model performance and the training energy footprint. Our experimental results show that PePTM is significantly energy-efficient, requiring 695 and 40 times less training energy than CL and FL, respectively, while maintaining comparable performance. We believe that PePTM sets the stage for new avenues for on-device thermal model training, providing a personalized thermal experience with reduced energy consumption and enhanced privacy.",https://www.mdpi.com/1996-1073/16/18/6594/pdf,5.0
Techno-economic system comparison of a wood gas and a natural gas CHP plant in flexible district heating with a dynamic simulation model,26,2020,"… of their controllability while supporting decarbonization in district heating. The transition from the … in a modeled district heating system with a CHPP, a peak load boiler and a thermal heat …",https://www.sciencedirect.com/science/article/pii/S0360544220308173,,0,"bi-directional, district thermal",10.1016/j.energy.2020.117710,Katharina Koch; Peter Höfner; Matthias Gaderer,2020-7,,https://api.elsevier.com/content/article/PII:S0360544220308173?httpAccept=text/xml,19.0
"Thermal, exergy and economic analysis of a cascaded packed-bed tank with multiple phase change materials for district cooling system",21,2023,"… In this study, a cascaded packed-bed tank for a district cooling system is proposed to improve heat transfer efficiency and decrease tank cost with the same cold energy capacity. The …",https://www.sciencedirect.com/science/article/pii/S0360544223001408,,0,"bi-directional, district thermal",10.1016/j.energy.2023.126746,Y.L. Shao; K.Y. Soh; M.R. Islam; K.J. Chua,2023-4,,https://api.elsevier.com/content/article/PII:S0360544223001408?httpAccept=text/xml,17.0
An approach to data processing for the smart district heating system,17,2022,"… of district heating, a number of information tasks of the lower level are being introduced, including the data collection for thermal … It should be noted that a bi-directional flow of information …",https://cyberleninka.ru/article/n/an-approach-to-data-processing-for-the-smart-district-heating-system,,0,"bi-directional, district thermal",10.21122/1029-7448-2022-65-3-240-249,A. V. Sednin; A. V. Zherelo,6/3/2022,"The article deals with the district heating systems transition to intelligent systems by developing a united information system and obtaining a high level of controllability of the entire system. During the implementation of automated control systems of district heating, a number of information tasks of the lower level are being introduced, including the data collection for thermal and hydraulic modes of operation for monitoring, operational management and analysis of the effectiveness. One of the problems of intelligent systems is data collection and its further storage and processing. Methods for data collection for real energy facilities are considered and the usage of multi-level system with the allocation of the upper level in the cloud storage has been proposed. In addition to the currently implemented data collection scheme in automated control systems, a generalized method of data acquisition with the introduction of duplicate streams has been proposed to ensure their integrity. The paper presents the approaches to identifying the collected data, ensuring the stability of the collection process, reliability of data storage and their integrity. Role-based security model with a dedicated single certification authority helps to protect data. Approaches to further processing of the collected data are shown, differing in the way of parallel data processing. The next stage of development is global monitoring systems that will be aimed to prompt response at all levels. The accumulated data will allow bringing the operating systems to a new level through the use of tools such as forecasting and simulation modeling, which will allow creating digital twins of heat supply systems. The proposed data collection system will perform forecasting and modeling at a higher level, and, as a result, help in the formation of more balanced management decisions.",https://energy.bntu.by/jour/article/viewFile/2164/1827,6.0
Dynamic modeling of a decarbonized district heating system with CHP plants in electricity-based mode of operation,11,2020,… thermal-hydraulic simulation model of a district heating system was programmed within the software environment MATLAB. The network behavior with bi-directional … the district heating …,https://www.mdpi.com/1996-1073/13/16/4134,,0,"bi-directional, district thermal",10.3390/en13164134,Katharina Koch; Bastian Alt; Matthias Gaderer,8/10/2020,"The targets of global CO2 reduction outline the importance of decarbonizing the heating and cooling sector, which consume half of the final energy in the European Union (EU). Consequently, heating network operators must adapt to growing requirements for carbon neutrality. Energy system modeling allows the simulation of individual network compositions and regulations, while considering electricity market signals for a more efficient plant operation. The district heating model, programmed for this work, covers a measured heat demand with peak load boiler, biomass-fired combined heat and power (CHP) plant, and biomass heating plant supply. The CHP plant reacts to electricity prices of the European Power Exchange market and uses a long-term heat storage to decouple heat and electricity production. This paper presents the results of three annual simulation scenarios aimed at carbon neutrality for the analyzed heating network. Two scenarios achieve a climate-neutral system by replacing the peak load boiler generation. The exclusive storage capacity expansion in the first scenario does not lead to the intended decarbonization. The second scenario increases the output of the CHP plant, while the third simulation uses the biomass heating plant supply. This additional heat producer enables a significant reduction in storage capacity and a higher CHP plant participation in the considered electricity market.",https://www.mdpi.com/1996-1073/13/16/4134/pdf,7.0
Discrete event simulation for dynamic thermal modelling of district heating pipe,10,2023,"Optimizing district heating (DH) systems in a holistic manner is often impeded by the computational complexities associated with network modeling. This study introduces a novel, …",https://www.sciencedirect.com/science/article/pii/S0360544223029171,,0,"bi-directional, district thermal",10.1016/j.energy.2023.129523,Zichan Xie; Haichao Wang; Pengmin Hua; Risto Lahdelma,2023-12,,https://api.elsevier.com/content/article/PII:S0360544223029171?httpAccept=text/xml,10.0
Study of the thermal performance of a distributed solar heating system for residential buildings using a heat-user node model,9,2022,"… This research also takes into account the heating-network’s supply-water temperature, how the heat-medium flow affects the thermal performance of the system, daily heat-profit (and …",https://www.sciencedirect.com/science/article/pii/S0378778821008537,,0,"bi-directional, district thermal",10.1016/j.enbuild.2021.111569,Yanfeng Liu; Jingrui Liu; Yaowen Chen; Dengjia Wang; Yong Li; Zhengxue Liu; Huanlong Tang; Cong Song,2022-1,,https://api.elsevier.com/content/article/PII:S0378778821008537?httpAccept=text/xml,8.0
District heating system analysis and design optimization,7,2025,District heating systems have a crucial role in promoting energy efficiency and reducing greenhouse gas emissions. The purpose of this research paper is to present an algorithm for the …,https://www.sciencedirect.com/science/article/pii/S0360544225019917,,0,"bi-directional, district thermal",10.1016/j.energy.2025.136349,Panteleimon Tzouganakis; Maria Fotopoulou; Dimitrios Rakopoulos; Dmytro Romanchenko; Nikolaos Nikolopoulos,2025-7,,https://api.elsevier.com/content/article/PII:S0360544225019917?httpAccept=text/xml,4.0
Effects of grid-type shear connector arrangements used for insulated concrete sandwich wall panels with a low aspect ratio,18,2022,"… (GFRP) grids are used to enhance both the structural and thermal … slab, while bidirectional arrangements of shear grids may be … and grids. This study aims to investigate the effects of …",https://www.sciencedirect.com/science/article/pii/S2352710221016120,,0,"bidirectional, thermal grid",10.1016/j.jobe.2021.103754,Insub Choi; JunHee Kim; DongWon Kim; JongSoo Park,2022-4,,https://api.elsevier.com/content/article/PII:S2352710221016120?httpAccept=text/xml,9.0
Distribution locational marginal pricing for combined thermal and electric grid operation,14,2020,"… of the electric grid. This paper proposes to extend this methodology to thermal grids, ie, district … Müller, “Bidirectional low temperature district energy systems with agent-based control,” …",https://ieeexplore.ieee.org/abstract/document/9248832/,,0,"bidirectional, thermal grid",10.36227/techrxiv.11918712,Sebastian Troitzsch; Mischa Grussmann; Kai Zhang; Thomas Hamacher,5/26/2020,"Distribution locational marginal prices (DLMPs) have been formulated for electric distribution grids to economically dispatch distributed energy resources (DERs) while addressing operational constraints of the electric grid. This paper proposes to extend this methodology to thermal grids, i.e, district heating or cooling systems, and specifically the combined operation of thermal and electric grids. To this end, thermal and electric grid models are formulated in a linear approximate model fashion. Then, the derivation and decomposition of DLMPs is formulated based on the combined optimal operation problem, assuming a linear state space model form for flexible loads (FLs). The ability of the DLMPs to reflect operational constraints in the thermal grid is demonstrated for a test case with 22 FLs.",https://ndownloader.figshare.com/files/22776320,0.0
Control of bidirectional prosumer substations in smart thermal grids: A weighted proportional-integral control approach,17,2024,"… a control approach for bidirectional prosumer substations. … control approach for bidirectional prosumer substations that … the coupling within the network, effectively manages conflicting …",https://www.sciencedirect.com/science/article/pii/S0306261923016033,,0,"bidirectional, thermal network",10.1016/j.apenergy.2023.122239,Thomas Licklederer; Daniel Zinsmeister; Lorenz Lukas; Fabian Speer; Thomas Hamacher; Vedran S. Perić,2024-1,,https://api.elsevier.com/content/article/PII:S0306261923016033?httpAccept=text/xml,11.0
Potential of photovoltaic panels on building envelopes for decentralized district energy systems,20,2021,… energy generation potential from PV panels with detailed representation of the district energy … representation of the interaction between the energy generation from PV and the rest of the …,https://www.frontiersin.org/articles/10.3389/fenrg.2021.689781/full,,0,"fifth generation, district energy",10.3389/fenrg.2021.689781,Luise Middelhauve; Luc Girardin; Francesco Baldi; François Maréchal,10/15/2021,"The expected increase of the penetration of distributed renewable energy technologies into the electricity grid is expected to lead to major challenges. As a main stakeholder, authorities often lack the appropriate tools to frame and encourage the transition and monitor the impact of energy transition policies. This paper aims at combining relatively detailed modeling of the PV generation potential on the building’s envelope while retaining the energy system optimization approach. The problem is addressed as a multiobjective, mixed-integer linear programming problem. Compared to the existing literature in the field, the proposed approach combines advanced modeling of the energy generation potential from PV panels with detailed representation of the district energy systems, thus allowing an accurate representation of the interaction between the energy generation from PV and the rest of the system. The proposed approach was applied to a typical residential district in Switzerland. The results of the application of the proposed method show that the district can achieve carbon neutrality based on PV energy alone, but this requires covering all the available district’s rooftops and part of the district’s facades. Whereas facades are generally disregarded due to their lower generation potential, the results also allow concluding that facade PV can be economically convenient for a wide range of electricity prices, including those currently used by the Swiss grid operators. Achieving self-sufficiency at district scale is challenging: it can be achieved by covering approximately 42–100% of the available surface when the round-trip efficiency decreases from 100 to 50%. The results underline the importance of storage for achieving self-sufficiency: even with 100%, round-trip efficiency for the storage, very large capacities are required. However, energy demand reduction through renovation would allow reaching self-sufficiency with half of the PV and storage capacity required.",https://www.frontiersin.org/articles/10.3389/fenrg.2021.689781/full,9.0
Roadmaps for heating and cooling system transitions seen through uncertainty and sensitivity analysis,15,2023,"… Future district heating systems should enable efficient and economic energy supply, which … -low-temperature district heating (ULTDH) and fifth generation district heating and cooling (…",https://www.sciencedirect.com/science/article/pii/S0196890423007689,,0,"fifth generation, district energy",10.1016/j.enconman.2023.117422,Yichi Zhang; Pär Johansson; Angela Sasic Kalagasidis,2023-9,,https://api.elsevier.com/content/article/PII:S0196890423007689?httpAccept=text/xml,13.0
Temperature control strategies for fifth generation district heating and cooling systems: A review and case study,15,2024,Temperature control exerts a significant influence on the performance of Fifth Generation District Heating and Cooling (5GDHC) systems. Ineffective temperature control could lead to …,https://www.sciencedirect.com/science/article/pii/S0306261924015393,,0,"fifth generation, district energy",10.1016/j.apenergy.2024.124156,Yuhang Zhang; Mingzhe Liu; Zheng O'Neill; Jin Wen,2024-12,,https://api.elsevier.com/content/article/PII:S0306261924015393?httpAccept=text/xml,9.0
Optimal environmental and economic performance trade-offs for fifth generation district heating and cooling network topologies with waste heat recovery,14,2024,Network topology greatly influences both the economic and environmental performance of fifth generation district heating and cooling (5GDHC) systems. In this study the optimal trade-…,https://www.sciencedirect.com/science/article/pii/S0196890424002632,,0,"fifth generation, district energy",10.1016/j.enconman.2024.118322,Michael D. Murphy; Amy Allen; Gregor P. Henze; Nicholas L. Long,2024-6,,https://api.elsevier.com/content/article/PII:S0196890424002632?httpAccept=text/xml,10.0
"Towards a renewable-energy-driven district heating system: key technology, system design and integrated planning",11,2021,"… and energy-saving activities, the overall energy efficiency of district heating is higher than individual heating. With a comprehensive review on the recent development of district heating …",https://www.sciencedirect.com/science/article/pii/B9780128205396000108,,0,"fifth generation, district energy",10.1016/b978-0-12-820539-6.00010-8,Yi Dou; Lu Sun; Minoru Fujii; Yasunori Kikuchi; Yuichiro Kanematsu; Jingzheng Ren,2021,,https://api.elsevier.com/content/article/PII:B9780128205396000108?httpAccept=text/xml,5.0
Energy performance and economic feasibility of hot spring-based district heating system A case study,9,2020,"… To this aim, three different renewable-energy-based district heating scenarios, viz. a Ground-Source-HP-based (GSHP), a combined GSHP-flat-plate-solar-collector (GSHP-SFPC), and …",https://www.sciencedirect.com/science/article/pii/S0360544220317370,,0,"fifth generation, district energy",10.1016/j.energy.2020.118629,Soheil Kavian; Ali Hakkaki-Fard; Hassan Jafari Mosleh,2020-11,,https://api.elsevier.com/content/article/PII:S0360544220317370?httpAccept=text/xml,6.0
Techno-economic and environmental performance of two state-of-the-art solar-assisted district energy system topologies,9,2023,"… novel, ambient-temperature district energy system topology that enables bi-directional mass flow to booster heat pumps and includes distributed solar-thermal generation. The ambient …",https://www.sciencedirect.com/science/article/pii/S0360544223010320,,0,"fifth generation, district energy",10.1016/j.energy.2023.127638,Nicholas Brunt; Jean Duquette; William O'Brien,2023-8,,https://api.elsevier.com/content/article/PII:S0360544223010320?httpAccept=text/xml,10.0
A comprehensive techno-economic analysis of solar energy integration in low-temperature district heating and cooling systems,5,2025,This study investigates the integration of solar technologies and energy storage at the individual building level within fifth-generation district heating and cooling (5GDHC) networks. …,https://www.sciencedirect.com/science/article/pii/S0960148125016817,,0,"fifth generation, district energy",10.1016/j.energy.2025.136583,Ulrich Trabert; Felix Pag; Janybek Orozaliev; Ulrike Jordan; Klaus Vajen,2025-9,,https://api.elsevier.com/content/article/PII:S036054422502225X?httpAccept=text/xml,2.0
Economic assessment of bidirectional low-temperature district energy systems with seasonal energy storage and photovoltaic thermal hybrid solar system,4,2022,"… Fifth generation district heating and cooling (5GDCH) may be the solution. … Fifth generation, low temperature, high exergy district heating and cooling networks 2021). In literature, the …",https://link.springer.com/chapter/10.1007/978-981-19-9822-5_109,,0,"fifth generation, district energy",10.1016/j.energy.2022.124917,Mathilde Veyron; Antoine Voirand; Nicolas Mion; Charles Maragna; Daniel Mugnier; Marc Clausse,2022-12,,https://api.elsevier.com/content/article/PII:S0360544222018187?httpAccept=text/xml,25.0
Potential site evaluation of fifth-generation district heating and cooling networks under uncertain energy market conditions: A two-step robust design analysis,4,2024,"In a fifth-generation district heating and cooling (5GDHC) network, energy demands are satisfied without using fossil fuel-based sources, rather by sharing participants’ energy loads …",https://www.sciencedirect.com/science/article/pii/S0360544224031104,,0,"fifth generation, district energy",10.1016/j.energy.2024.133334,Afraz Mehmood Chaudhry; Jonathan Hachez; Stanislav Chicherin; Ghader Ghorbaniasl; Svend Bram,2024-12,,https://api.elsevier.com/content/article/PII:S0360544224031104?httpAccept=text/xml,4.0
Improving the potential of fifth-generation district heating and cooling networks through robust design and operational optimization under future energy market,3,2024,"… Network investments and projected energy prices greatly impact the financial … of fifth-generation district heating and cooling (5GDHC) networks. Compared to the previous generation, …",https://www.sciencedirect.com/science/article/pii/S0378778824011149,,0,"fifth generation, district energy",10.1016/j.enbuild.2024.114998,Afraz Mehmood Chaudhry; Ghader Ghorbaniasl; Jonathan Hachez; Stanislav Chicherin; Svend Bram,2024-12,,https://api.elsevier.com/content/article/PII:S0378778824011149?httpAccept=text/xml,2.0
Business Models for District Energy Systems Using Stackelberg Pricing Games,2,2023,"… model is implemented that is based on a fifthgeneration district heating and cooling (5GDHC) network currently being planned for a residential district in Hassel, Germany, with 51 …",https://papers.ssrn.com/sol3/papers.cfm?abstract_id=4407962,,0,"fifth generation, district energy",10.2139/ssrn.4407962,Maximilian Hoffmann; Frieder Borggrefe; Detlef Stolten; Aaron Praktiknjo,2023,,,0.0
Comparison between experiment and simulation for the development of a Tri-generation system using photovoltaic-thermal and ground source heat pump,30,2021,"… In addition, the error rates of the PVT collector and the heat pump relative to the daily heat exchange rate (HER) were calculated to be less than 30%, respectively, while the error rate of …",https://www.sciencedirect.com/science/article/pii/S0378778820334095,,0,"fifth generation, district heat pump",10.1016/j.enbuild.2020.110623,Sangmu Bae; Yujin Nam,2021-1,,https://api.elsevier.com/content/article/PII:S0378778820334095?httpAccept=text/xml,19.0
A numerical study on performance efficiency of a low-temperature horizontal ground-source heat pump system,19,2023,… and its low-grade heat potential is fundamental to designing 5th generation district heating and cooling (DHC) networks. Horizontal ground-source heat pump (HGSHP) systems are a …,https://www.sciencedirect.com/science/article/pii/S0378778823003675,,0,"fifth generation, district heat pump",10.1016/j.enbuild.2023.113137,Wu Gao; Shakil Masum; Meysam Qadrdan; Hywel Rhys Thomas,2023-7,,https://api.elsevier.com/content/article/PII:S0378778823003675?httpAccept=text/xml,18.0
Heat pumps supplying district heating and ancillary services for the power system,8,2020,"… heat pump and on ultra-low temperature district heating. A … Kjeld, for believing in flexible heat pumps just as much as I did … as cold district heating [24] or fifth generation district heating …",https://orbit.dtu.dk/en/publications/heat-pumps-supplying-district-heating-and-ancillary-services-for-,,0,"fifth generation, district heat pump",10.1016/j.energy.2020.116918,Ahmad Arabkoohsar; Ali Sulaiman Alsagri,2020-3,,https://api.elsevier.com/content/article/PII:S0360544220300256?httpAccept=text/xml,18.0
optimization of a novel multi-energy coupled low temperature district heating system based on distributed absorption and compression heat pumps,4,2025,"… heating substations, the half-effect absorption and electric compression heat pumps integrated with heat exchangers are used to lower return temperature of the primary heating network…",https://www.sciencedirect.com/science/article/pii/S0360544225026398,,0,"fifth generation, district heat pump",10.2139/ssrn.5120266,Fangtian Sun; Zhicheng Wang; Wanqing Xu; Baogeng Chen,2025,,,0.0
A framework for design and operation optimization for utilizing low-grade industrial waste heat in district heating and cooling,24,2021,"… [21] suggested that the waste heat from data centers and fifth generation (5G) smart poles can be recovered for DH networks, and they confirmed the feasibility of utilizing low-grade …",https://www.mdpi.com/1996-1073/14/8/2190,,0,"fifth generation, district heating and cooling",10.3390/en14082190,Lingwei Zhang; Yufei Wang; Xiao Feng,4/14/2021,"In the process industry, a large amount of low-grade waste heat is discharged into the environment. Furthermore, district heating and cooling systems require considerable low-grade energy. The integration of the two systems has great significance for energy saving. Because the energy demand of consumers varies in periods, the design and operation of an industrial waste heat recovery system need to match with the fluctuations of district energy demand. However, the impact of the periodic changes on the integration schemes are not considered enough in existing research. In this study, a framework method for solving above problem is proposed. Industrial waste heat was integrated with a district heating and cooling system through a heat recovery loop. A three-step mathematical programming method was used in design and operation optimization for multiperiod integration. A case study was conducted, and the results show that the multiperiod optimization method can bring significant benefits to the system. By solving the mixed integer nonlinear programming model, the optimal operation plans of the integration in different periods can be obtained.",https://www.mdpi.com/1996-1073/14/8/2190/pdf,15.0
Modelling and Simulation of the Fifth-Generation District Heating and Cooling,17,2021,… synergies this generation offers. A typical Fifth-Generation District Heating and Cooling (… connected buildings that together have simultaneous heating and cooling demands. Local …,https://lup.lub.lu.se/record/f7f1be4c-ea6f-41a1-a40d-2d85db0ed917,,0,"fifth generation, district heating and cooling",10.1016/j.egyr.2021.04.054,Matteo Bilardo; Federico Sandrone; Guido Zanzottera; Enrico Fabrizio,2021-11,,https://api.elsevier.com/content/article/PII:S2352484721002729?httpAccept=text/xml,59.0
Novel district heating systems: methods and simulation results,14,2021,"… demand for cooling energy in the … 5th Generation District Heating and Cooling (5th DHC) networks [9]. If the temperatures of the pipe network are close to the ambient temperature, 5th …",https://www.mdpi.com/1996-1073/14/15/4450,,0,"fifth generation, district heating and cooling",10.3390/en14154450,David Huber; Viktoria Illyés; Veronika Turewicz; Gregor Götzl; Andreas Hammer; Karl Ponweiser,7/23/2021,"Fifth-generation district heating and cooling (5th DHC) systems offer promising approaches to decarbonizing space heating, cooling and domestic hot water supply. By using these systems, clustered buildings combined with industrial waste heat can achieve a net-zero energy balance on a variety of time scales. Thanks to the low exergy approach, these systems are highly efficient. As part of the Smart Anergy Quarter Baden (SANBA) project, the thermal energy grid simulation tool TEGSim has been further developed and used to design an ultra-low-temperature district heating (ULTDH) network with hydraulic and thermal components fitted to the specific regional characteristics of the investigated case. Borehole thermal energy storage (BTES) used as seasonal storage ensures long-term feasibility. The annual discrepancy of input of thermal energy provided by space cooling and output of energy demanded by space heating and domestic hot water is supplied by an external low-grade industrial waste heat source. This paper presents the functionality of the simulation and shows how to interpret the findings concerning the design of all components and their interplay, energy consumption and efficiencies.",https://www.mdpi.com/1996-1073/14/15/4450/pdf,8.0
Waste incineration heat and seasonal thermal energy storage for promoting economically optimal net-zero energy districts in Finland,30,2020,… The average measured thermal conductivity in the ground was a moderate 2.2 W/mK. It was … of borehole thermal energy storage as a supplementary heating system in Finnish district …,https://www.mdpi.com/2075-5309/10/11/205,,0,"fifth generation, district thermal",10.3390/buildings10110205,Janne Hirvonen; Risto Kosonen,11/17/2020,"In countries with high heating demand, waste heat from industrial processes should be carefully utilized in buildings. Finland already has an extensive district heating grid and large amounts of combined heat and power generation. However, despite the average climate, there is little use for excess heat in summer. Waste incineration plants need to be running regardless of weather, so long-term storage of heat requires consideration. However, no seasonal energy storage systems are currently in operation in connection with Finnish waste incineration plants. This study used dynamic energy simulation performed with the TRNSYS 17 software to analyze the case of utilizing excess heat from waste incineration to supplement conventional district heating of a new residential area. Seasonal energy storage was utilized through a borehole thermal energy storage (BTES) system. Parametric runs using 36 different storage configurations were performed to find out the cost and performance range of such plans. Annual energy storage efficiencies from 48% to 69% were obtained for the BTES. Waste heat could generate 37–89% of the annual heat demand. Cost estimations of waste heat storage using BTES are not available in the literature. As an important finding in this study, a levelized cost of heat of 10.5–23.5 €/MWh was obtained for various BTES configurations used for incineration waste heat storage. In the three most effective cases, the stored heat reduced annual CO2 emissions of the residential area by 42%, 64% and 86%. Thus, the solution shows great potential for reducing carbon emissions of district heating in grids connected to waste incineration plants.",https://www.mdpi.com/2075-5309/10/11/205/pdf,23.0
A topology optimization framework to facilitate adoption of advanced district thermal energy systems,11,2020,… This study and the larger effort focus on applications to fifth generation district heating and cooling (5GDHC) systems. 5GDHC systems circulate water at temperatures near ambient …,https://iopscience.iop.org/article/10.1088/1755-1315/588/2/022054/meta,,0,"fifth generation, district thermal",10.1088/1755-1315/588/2/022054,Amy Allen; Gregor Henze; Kyri Baker; Gregory Pavlak; Nicholas Long; Yangyang Fu,11/1/2020,"AbstractAdvanced district thermal energy systems, which circulate water at temperatures near ambient conditions, and facilitate the utilization of waste heat and renewable thermal sources, can lower the carbon-intensity of urban districts, advancing the U.N. Sustainable Development Goals. Optimization of the network topology — the selection of the best subset of buildings and the best network to connect them, to minimize life cycle cost — can increase adoption of these system in appropriate applications. The potential “solution space” of the topology optimization problem grows factorially with the number of buildings in the district, motivating the consideration of a design heuristic. In this study, a heuristic for the network selection was evaluated with an exhaustive search, for a prototypical four-building district. For the prototypical district considered, the heuristic was effective in selecting an optimal network topology. Additionally, it was found that, in this case, the selection of the subset of buildings was more influential on the life cycle cost than the selection of the network topology. This work is part of a larger effort to develop a topology optimization framework for district thermal energy systems, which is anticipated to address barriers to adoption of ambient-temperature systems.",https://iopscience.iop.org/article/10.1088/1755-1315/588/2/022054/pdf,4.0
"Energy, environmental, and economic analyses of a District Heating (DH) network from both thermal plant and end-users prospective: An Italian case study",10,2021,"… , new generations of DHs have been developed, reaching currently the fifth generation: the … development of the first two DH generations, and it is still used in energy districts in China [9]. …",https://www.mdpi.com/1996-1073/14/22/7783,,0,"fifth generation, district thermal",10.3390/en14227783,Erica Corradi; Mosè Rossi; Alice Mugnini; Anam Nadeem; Gabriele Comodi; Alessia Arteconi; Danilo Salvi,11/20/2021,"District heating (DH) is an alternative technology to Individual Heating (IH) for satisfying end-user’s needs. This paper assesses the competitiveness of a DH network in the center of Italy from energy, environmental, and economic points of view considering both thermal power plant and end-users’ sides. On the thermal power plant side, the energy analysis considers the Primary Energy Saving (PES) and the specific energy (Esp) of the fuel actually exploited in the thermal power plant compared to its Low Heating Value (LHV), while the environmental analysis considers the avoided CO2 and the economic analysis considers the Energy Efficiency Certificates (EECs). Results showed that the current thermal power plant configuration with two boilers and a Combined Heat and Power (CHP) unit reaches a yearly PES of 21.3% as well as 1099 tCO2 avoided. From the economic analysis of the thermal power plant side, 829 EECs with an economic return of 207,222€ are obtained, while from the end-users’ side the DH network is cheaper than IH in 84.7% of the cases. Further technologies are also studied to enhance the CHP unit flexibility.",https://www.mdpi.com/1996-1073/14/22/7783/pdf,7.0
"Comparing strategies for improving thermal performance of an existing district heating (DH) network: low temperature DH in Omsk, Russia",8,2020,"… Thermal performance correlates with hydraulic characteristics such as resistance, pressure … model for combined use and the optimization of the fifthgeneration of DH network. In Ref. [9] …",https://www.e3s-conferences.org/articles/e3sconf/abs/2020/33/e3sconf_icacer2020_03001/e3sconf_icacer2020_03001.html,,0,"fifth generation, district thermal",10.1051/e3sconf/202017303001,Stanislav Chicherin; Lyazzat Junussova; Timur Junussov; Chingiz Junussov,2020,"In Russia district heating (DH) systems are characterized by the high wear-out rate of key facilities, particularly energy distribution networks and plants, the inadequate reliability of operation, significant heat losses, and the polluting impact on the environment. The objective of this paper is to indicate the feasibility and advantage of the renovation on a traditional high-temperature DH network. All the calculations are performed in Zulu©, Russian commercial software for simulation of a district energy system’s behavior. Reference operational data for the DH system was obtained from database established by the local heat supply company in the form of Microsoft Office Excel spreadsheet file. The second idea (Case-2) envisages installing a heat pump and increasing the supply temperature in peak load periods during the heating season to limit a size of a heat pump. Case-3 and -4 are related to installing in-room terminal units and operating the system ‘as is’ respectively. Terminal units include consoles, fan-coils, blower coils, furnaces, chimneys, and radiant panels. The fifth option introduces low temperature district heating (LTDH) concept representing a paradigm shift in DH development and features a low supply temperature and smart control. When designing all errors should be less than local regulations allowable for each object. Presented research revealed that the issue of modernisation in Omsk, Russia cannot be easily and clear resolved. The future state-determination of results of DH network retrofitting is innovatively proposed in this paper.",https://www.e3s-conferences.org/10.1051/e3sconf/202017303001/pdf,8.0
Evaluation of topology optimization to achieve energy savings at the urban district level,8,2021,"… Advanced district thermal energy systems have … thermal resources and waste heat, contributing to reductions in carbon emissions. Such systems, also known as fifth generation district …",https://www.osti.gov/biblio/1769805,,0,"fifth generation, district thermal",10.1109/ssd52085.2021.9429457,Tony Castillo-Calzadilla; Simon Fessler; Cruz E. Borges; Cristina Martin Andonegui,3/22/2021,,http://xplorestaging.ieee.org/ielx7/9429268/9429289/09429457.pdf?arnumber=9429457,4.0
"Geospatial characterization of low-temperature heating and cooling demand in residential, commercial, manufacturing, agricultural, and data center sectors",7,2024,"… Thermal demand for heating and cooling has been predominantly supplied by fossil fuel … are extensively available including geothermal, solar thermal, and waste heat. This study …",https://www.sciencedirect.com/science/article/pii/S1364032124006014,,0,"fifth generation, district thermal",10.1016/j.rser.2024.114875,H. Oh; K.F. Beckers; K. McCabe,2024-12,,https://api.elsevier.com/content/article/PII:S1364032124006014?httpAccept=text/xml,5.0
The impact of the thermal distribution network operating temperature and system design on different communities energy profiles,4,2023,The use of heat pumps to increase the flexibility of heating networks is critical for overcoming the intermittent nature of renewable energy. This article introduces a novel thermal network …,https://www.sciencedirect.com/science/article/pii/S2210670723001518,,0,"fifth generation, district thermal",10.1016/j.scs.2023.104540,Ahmed Abdalla; Saber Mohamed; Kelton Friedrich; Scott Bucking; James S. Cotton,2023-7,,https://api.elsevier.com/content/article/PII:S2210670723001518?httpAccept=text/xml,3.0
Machine learning-based district load forecasting models for fifth-generation district heating and cooling systems,3,2023,"… of district energy systems, especially multi-energy complementary fifth generation district energy … It can simultaneously simulate hydraulic performance, thermal performance, and energy …",https://publications.ibpsa.org/conference/paper/?id=bs2023_1284,,0,"fifth generation, district thermal",10.26868/25222708.2023.1284,Ting Bu; Rui Fan; Kexin Sun; Yibing Zhou; Bin Zheng,9/4/2023,,,3.0
Photovoltaic thermal system design including aquifer thermal energy storage in a fifth generation district heating network in Hilversum,3,2025,… heating alternatives have been proposed to combine heat pumps and thermal energy … thermal systems (PVT) with aquifer thermal energy storage (ATES) within a fifth-generation district …,https://www.sciencedirect.com/science/article/pii/S2214157X25001145,,0,"fifth generation, district thermal",10.1016/j.csite.2025.105854,Ties Beijneveld; Joel Alpízar-Castillo; Laura Ramírez-Elizondo,2025-4,,https://api.elsevier.com/content/article/PII:S2214157X25001145?httpAccept=text/xml,1.0
Small-scale district heating system as heat storage for decentralized solar thermal collectors during non-heating period,21,2024,… This study presents a parametric study for evaluating the effectiveness of using a district heating system to store heat produced by decentralized solar thermal collectors and comparing …,https://www.sciencedirect.com/science/article/pii/S0360544224010338,,0,"fifth generation, thermal grid",10.1016/j.energy.2024.131260,Raimonds Bogdanovics; Jurgis Zemitis; Aleksandrs Zajacs; Anatolijs Borodinecs,2024-7,,https://api.elsevier.com/content/article/PII:S0360544224010338?httpAccept=text/xml,13.0
How smart is the grid?,12,2006,"… carriers (thermal, natural gas, etc.) as they have become a fundamental part of the grid, and … management tend to be highly interdependent, eg smart thermal grids [5] and gas grids [6]. …",https://arxiv.org/abs/2006.04943,,0,"fifth generation, thermal grid",10.4018/978-1-59140-390-6.ch009,Gergely Sipos; Péter Kacsuk,2006,"This chapter summarizes the most relevant results that grid research achieved in the last decade, it presents the actual issues of the topic, and it outlines how current and future results from this area can contribute to smart organizations. At the first place the basic goal of the Grid is presented and its state-of-the-art, service-based realization is discussed. This global infrastructure will one day connect together diverse types of hardware and software elements, abstracting them out as intelligent autonomous agents that can discover and collaborate with each other on demand. The middle part of the chapter introduces two potential middleware technologies that service grids can be built on. They are the Web services-based open grid services architecture (OGSA) and Jini. The final part of the chapter presents the future of service grids and the important role these flexible infrastructures will probably have in the life of smart organizations.",https://www.igi-global.com/viewtitle.aspx?TitleId=24068,0.0
Energy assessment of thermal solar-powered heating and cooling networks for a cluster of buildings in Mediterranean climate,6,2025,"The urgent need to cut carbon dioxide emissions in buildings is pushing towards efficient, eco-friendly solutions for meeting heating and cooling demands such as renewable-based …",https://www.sciencedirect.com/science/article/pii/S0960148125010596,,0,"fifth generation, thermal grid",10.1016/j.renene.2025.123397,Tancredi Testasecca; Pietro Catrini; Maurizio La Villetta; Marco Beccali; Antonio Piacentino,2025-10,,https://api.elsevier.com/content/article/PII:S0960148125010596?httpAccept=text/xml,6.0
Configurations and exergy analysis of district heating substations based mainly on renewable energy,3,2022,"… The district heating system has developed to the fifth generation … In this paper, substation configurations of the fifth-generation … low carbon thermal grids[D]. Cardiff University(2018) 11. M.…",https://www.e3s-conferences.org/articles/e3sconf/abs/2022/23/e3sconf_roomvent2022_01005/e3sconf_roomvent2022_01005.html,,0,"fifth generation, thermal grid",10.1051/e3sconf/202235601005,Y.J. Gao; S.G. Wang; S. Jiang; X.Z. Wu; J.H. Wang; T.F. Zhang; Z.J. Ma,2022,"The energy in the district heating system is transforming into a clean, low-carbon and integrated production and consumption mode to reduce greenhouse gas emissions and dependence on fossil energy. The district heating system has developed to the fifth generation currently, and the water temperature is continuously reduced, and thus the heating efficiency is improved. The proportion of renewable energy sources such as solar, wind, and geothermal energy in substations will continue to increase. In this paper, substation configurations of the fifth-generation district heating system are firstly reviewed, and the exergy analysis is applied to the thermodynamic simulation of the district substations. Thermal simulation models of several types of substations mainly based on solar water heating, water source- and air source- heat pumps or combined forms are developed, the conventional heat exchanger substation is also modeled to compare their performance. The optimization algorithm in Matlab/Simulink is used to solve the thermodynamic numerical model, and performance indicators such as exergy and efficiency are selected to evaluate the performance of these systems.",https://www.e3s-conferences.org/10.1051/e3sconf/202235601005/pdf,3.0
Potential and costs of decentralized heat pumps and thermal networks in Swiss residential areas,20,2021,… thermal networks to the district level). Another novel contribution of this study is the provision of multilevel perspectives on the potential and costs of electric HP and thermal networks as …,https://onlinelibrary.wiley.com/doi/abs/10.1002/er.6801,,0,"fifth generation, thermal network",10.1002/er.6801,M. Jibran S. Zuberi; Kapil Narula; Sandra Klinke; Jonathan Chambers; Kai N. Streicher; Martin K. Patel,5/5/2021,,https://onlinelibrary.wiley.com/doi/pdf/10.1002/er.6801,12.0
Optimal sizing of a community level thermal energy storage system,15,2022,… of a TESS within fifth-generation energy network are quantified. In order to optimize this … a solar thermal park. This research will focus on the heat generation from a solar thermal park …,https://ieeexplore.ieee.org/abstract/document/9842945/,,0,"fifth generation, thermal network",10.1109/melecon53508.2022.9842945,Mitch Geraedts; Joel Alpizar-Castillo; Laura Ramirez-Elizondo; Pavol Bauer,6/14/2022,,http://xplorestaging.ieee.org/ielx7/9842860/9842863/09842945.pdf?arnumber=9842945,7.0
Artificial intelligence techniques over the fifth generation (5G) mobile networks,10,2021,… Information was provided on fifth generation networks and their structure and objectives. As … tool in fifth generation networks to meet the challenge of the complexity of these networks. …,https://www.researchgate.net/profile/Ashwaq-N-Hassan/publication/355276679_Artificial_intelligence_techniques_over_the_fifth_generation_mobile_networks_a_review/links/61901c5f3068c54fa5de762c/Artificial-intelligence-techniques-over-the-fifth-generation-mobile-networks-a-review.pdf,https://www.researchgate.net/profile/Ashwaq-N-Hassan/publication/355276679_Artificial_intelligence_techniques_over_the_fifth_generation_mobile_networks_a_review/links/61901c5f3068c54fa5de762c/Artificial-intelligence-techniques-over-the-fifth-generation-mobile-networks-a-review.pdf,0,"fifth generation, thermal network",10.11591/ijeecs.v24.i1.pp317-328,Ashwaq N. Hassan; Sarab Al-Chlaihawi; Ahlam R. Khekan,10/1/2021,"&lt;span&gt;A well Fifth generation (5G) mobile networks have been a common phrase in recent years. We have all heard this phrase and know its importance. By 2025, the number of devices based on the fifth generation of mobile networks will reach about 100 billion devices. By then, about 2.5 billion users are expected to consume more than a gigabyte of streamed data per month. 5G will play important roles in a variety of new areas, from smart homes and cars to smart cities, virtual reality and mobile augmented reality, and 4K video streaming. Bandwidth much higher than the fourth generation, more reliability and less latency are some of the features that distinguish this generation of mobile networks from previous generations.  Clearly, at first glance, these features may seem very impressive and useful to a mobile network, but these features will pose serious challenges for operators and communications companies. All of these features will lead to considerable complexity. Managing this network, preventing errors, and minimizing latency are some of the challenges that the 5th generation of mobile networks will bring. Therefore, the use of artificial intelligence and machine learning is a good way to solve these challenges. in other say, in such a situation, proper management of the 5G network must be done using powerful tools such as artificial intelligence. Various researches in this field are currently being carried out. Research that enables automated management and servicing and reduces human error as much as possible. In this paper, we will review the artificial intelligence techniques used in communications networks. Creating a robust and efficient communications network using artificial intelligence techniques is a great incentive for future research.&lt;/span&gt;&lt;span&gt; The importance of this issue is such that the sixth generation (6G) of cellular communications; There is a lot of emphasis on the use of artificial intelligence.&lt;/span&gt;",http://ijeecs.iaescore.com/index.php/IJEECS/article/viewFile/25701/15601,2.0
"District heating tariffs, economic optimisation and local strategies during radical technological change",29,2020,"… methods, we investigate how the local district heating tariff can be adapted to improve the … in line with the requirements of future fourth generation district heating systems. The paper …",https://www.mdpi.com/1996-1073/13/5/1172,,0,"fourth generation, district energy",10.3390/en13051172,Søren Djørup; Karl Sperling; Steffen Nielsen; Poul Alborg Østergaard; Jakob Zinck Thellufsen; Peter Sorknæs; Henrik Lund; David Drysdale,3/4/2020,"This paper addresses economic aspects of heat savings in the context of strategic heat planning. The analysis uses the city of Aalborg, Denmark, as a case where municipalisation through a recent acquisition of a coal-fired cogeneration of heat and power (CHP) plant has made an update of a municipal strategic energy plan necessary. Combining datasets on buildings and insulation techniques with economic methods, we investigate how the local district heating tariff can be adapted to improve the conditions for heat savings and support the transition to lower supply temperatures in line with the requirements of future fourth generation district heating systems. The paper concludes that implementing a fully variable heat tariff scheme improves the financial incentive for heat savings, while also making the system development less vulnerable to fluctuations and shortages in capital markets. The paper supplements existing literature on heat savings with novelty in its approach and in its systematic investigation of the interplay between tariff policies and interest rates.",https://www.mdpi.com/1996-1073/13/5/1172/pdf,15.0
A novel spatial temporal space heating and hot water demand method for expansion analysis of district heating systems,28,2021,"… fourth generation of district heating will play a significant role in the decarbonization of energy … In general, only space heating demand is considered when assessing the district heating …",https://www.sciencedirect.com/science/article/pii/S019689042100162X,,0,"fourth generation, district energy",10.1016/j.enconman.2021.113986,Drilon Meha; Jagruti Thakur; Tomislav Novosel; Tomislav Pukšec; Neven Duić,2021-4,,https://api.elsevier.com/content/article/PII:S019689042100162X?httpAccept=text/xml,25.0
A framework for uncertainty and sensitivity analysis of district energy systems considering different parameter types,24,2021,"… energy sources, demand side loads, and other factors bring a lot of uncertainties to the operation of district energy … and sensitivity analysis for district energy system is proposed to …",https://www.sciencedirect.com/science/article/pii/S2352484721010817,,0,"fourth generation, district energy",10.1016/j.egyr.2021.10.064,Tianjie Liu; Wenling Jiao; Xinghao Tian,2021-11,,https://api.elsevier.com/content/article/PII:S2352484721010817?httpAccept=text/xml,15.0
A new modeling approach for low-carbon district energy system planning,23,2021,"… energy system components. In the current study, two different energy system scenarios for a district in … the most cost-effective and energy-efficient energy system scenario for the studied …",https://www.mdpi.com/1996-1073/14/5/1383,,0,"fourth generation, district energy",10.3390/en14051383,Abolfazl Rezaei; Bahador Samadzadegan; Hadise Rasoulian; Saeed Ranjbar; Soroush Samareh Abolhassani; Azin Sanei; Ursula Eicker,3/3/2021,"Designing district-scale energy systems with renewable energy sources is still a challenge, as it involves modeling of multiple loads and many options to combine energy system components. In the current study, two different energy system scenarios for a district in Montreal/Canada are compared to choose the most cost-effective and energy-efficient energy system scenario for the studied area. In the first scenario, a decentral energy system comprised of ground-source heat pumps provides heating and cooling for each building, while, in the second scenario, a district heating and cooling system with a central heat pump is designed. Firstly, heating and cooling demand are calculated in a completely automated process using an Automatic Urban Building Energy Modeling System approach (AUBEM). Then, the Integrated Simulation Environment Language (INSEL) is used to prepare a model for the energy system. The proposed model provides heat pump capacity and the number of required heat pumps (HP), the number of photovoltaic (PV) panels, and AC electricity generation potential using PV. After designing the energy systems, the piping system, heat losses, and temperature distribution of the centralized scenario are calculated using a MATLAB code. Finally, two scenarios are assessed economically using the Levelized Cost of Energy (LCOE) method. The results show that the central scenario’s total HP electricity consumption is 17% lower than that of the decentral systems and requires less heat pump capacity than the decentral scenario. The LCOE of both scenarios varies from 0.04 to 0.07 CAD/kWh, which is cheaper than the electricity cost in Quebec (0.08 CAD/kWh). A comparison between both scenarios shows that the centralized energy system is cost-beneficial for all buildings and, after applying the discounts, the LCOE of this scenario decreases to 0.04 CAD/kWh.",https://www.mdpi.com/1996-1073/14/5/1383/pdf,16.0
"Strategies for decarbonizing European district heating: Evaluation of their effectiveness in Sweden, France, Germany, and Poland",22,2024,"… energy and emissions across the district heating supply chain, coupled with a derivative-based sensitivity analysis. We apply this methodology to the national-level district … on district …",https://www.sciencedirect.com/science/article/pii/S036054422402231X,,0,"fourth generation, district energy",10.1016/j.energy.2024.132457,Xenia Malcher; Miguel Gonzalez-Salazar,2024-10,,https://api.elsevier.com/content/article/PII:S036054422402231X?httpAccept=text/xml,14.0
Systematic investigation of building energy efficiency standard and hot water preparation systems influence on the heat load profile of districts,20,2020,… The presented methodology allows to quickly estimate the total heat demand of new residential developments based on the plot ratio and buildings’ energy efficiency standard only. …,https://www.sciencedirect.com/science/article/pii/S0360544220302760,,0,"fourth generation, district energy",10.1016/j.energy.2020.117169,Isabelle Best; Hagen Braas; Janybek Orozaliev; Ulrike Jordan; Klaus Vajen,2020-4,,https://api.elsevier.com/content/article/PII:S0360544220302760?httpAccept=text/xml,18.0
Deep integration planning of sustainable energies in district energy system and distributed energy station,16,2022,"… energy demands of customers in district energy … energy flows, and evaluating whole life performance. This work analysis the characteristics of whole life operation of district energy …",https://www.sciencedirect.com/science/article/pii/S136403212101159X,,0,"fourth generation, district energy",10.1016/j.rser.2021.111892,Haoran Li; Chenghui Zhang; Bo Sun,2022-2,,https://api.elsevier.com/content/article/PII:S136403212101159X?httpAccept=text/xml,13.0
How do business models for prosumers in the district energy sector capture flexibility?,14,2021,"… , renewables-based district heating and cooling networks as a … energy infrastructure [2]. For purpose of brevity, the combination of district heating and cooling is termed as district energy (…",https://www.sciencedirect.com/science/article/pii/S2352484721007587,,0,"fourth generation, district energy",10.1016/j.egyr.2021.08.154,Sujeetha Selvakkumaran; Lina Eriksson; Inger-Lise Svensson,2021-10,,https://api.elsevier.com/content/article/PII:S2352484721007587?httpAccept=text/xml,11.0
Towards intelligent energy management in energy communities: Introducing the district energy manager and an IT reference architecture for district energy,14,2024,"… In this article, an IT reference architecture for a cross-sectoral district energy … energy usage within the district. To define an optimal reference architecture, existing roles in the energy …",https://www.sciencedirect.com/science/article/pii/S2352484724000684,,0,"fourth generation, district energy",10.1016/j.egyr.2024.01.068,Juliane Sauerbrey; Tom Bender; Sebastian Flemming; Arne Martin; Steffi Naumann; Oliver Warweg,2024-6,,https://api.elsevier.com/content/article/PII:S2352484724000684?httpAccept=text/xml,10.0
Probabilistic state estimation in district heating grids using deep neural network,12,2024,"Probabilistic state estimation is critical for operating and controlling district heating grids efficiently. However, computational bottlenecks of traditional solvers limit the feasibility of …",https://www.sciencedirect.com/science/article/pii/S2352467724000821,,0,"fourth generation, district energy",10.1016/j.segan.2024.101353,Gaowei Yi; Xinlin Zhuang; Yan Li,2024-6,,https://api.elsevier.com/content/article/PII:S2352467724000821?httpAccept=text/xml,5.0
Data-driven approaches for deriving a soft sensor in a district heating network,5,2024,"… To facilitate the ongoing transition to fourth-generation district heating systems, it is necessary to find resource-efficient methods to model the differential pressure in a district heating …",https://www.sciencedirect.com/science/article/pii/S036054422400197X,,0,"fourth generation, district energy",10.1016/j.energy.2024.130426,Aksel Johan Frafjord; Jan-Philip Radicke; Arvind Keprate; Tiina M. Komulainen,2024-4,,https://api.elsevier.com/content/article/PII:S036054422400197X?httpAccept=text/xml,3.0
District energy management systems: Key data points for system integration and related challenges: Lessons learned from experts in Germany,4,2024,"… energy are required. [ 9, 10 ] Hence, we call the energy management system within a district a district energy … Its key tasks include coordination of energy and data flows within the district …",https://onlinelibrary.wiley.com/doi/abs/10.1002/ente.202400297,,0,"fourth generation, district energy",10.1002/ente.202400297,Felix Rehmann; Falk Cudok; Joel Schölzel; Thomas Schreiber; Sarah Henn; Rita Streblow,5/16/2024,"District energy management systems (DEMS) offer the capability to harness the energy potential of districts. Currently, there is a lack of research describing the necessary underlying information systems. An overview of lessons learned is presented from a series of workshops with experts from industry, research, and further roles, predominately from Germany. Seven workshops discussing challenges within digitalization, data requirements, district energy system planning, common elements in district energy systems are conducted, ensuring long‐term operation and transferability, and validation of prior findings. Based on these discussions, insights into topics such as the key data and its requirements, typical distinctions in DEMS, their infrastructure, considerations in the information modeling, as well as challenges in data availability, are offered. These findings are mapped to a data value pipeline, illustrating key resources and tools needed to plan and operate DEMS. As demonstrated in this article, the requirements for DEMS highlight their complexity. Distinct categorizations, such as the ownership or heterogeneity in building and technologies, form the landscape of DEMS. The need for standardized, interoperable systems is often a contrast to the uniqueness of individual systems and their needs. Further adoption of the described concepts necessitates sustainable business models.",https://onlinelibrary.wiley.com/doi/pdf/10.1002/ente.202400297,1.0
Synergies between buildings retrofit and district heating. The role of DH in a decarbonized scenario for the city of Milano,29,2021,… for the development of 4th generation district heating in future decarbonized scenarios for the … The diffusion of 4GDH is also compared to the individual heat pump solution in retrofitted …,https://www.sciencedirect.com/science/article/pii/S2352484721006855,,0,"fourth generation, district heat pump",10.1016/j.egyr.2021.08.083,Marianna Pozzi; Giulia Spirito; Fabrizio Fattori; Alice Dénarié; Jacopo Famiglietti; Mario Motta,2021-10,,https://api.elsevier.com/content/article/PII:S2352484721006855?httpAccept=text/xml,21.0
Thermodynamic analysis of ultralow-temperature district heating system with shared power heat pumps and triple-pipes,24,2020,"… pumps was recently proposed and investigated. Although … and space heating pipes, reducing the size of heat pumps and … as well as the low-temperature district heating system, which is …",https://www.sciencedirect.com/science/article/pii/S0360544220300256,,0,"fourth generation, district heat pump",10.1016/j.energy.2020.116918,Ahmad Arabkoohsar; Ali Sulaiman Alsagri,2020-3,,https://api.elsevier.com/content/article/PII:S0360544220300256?httpAccept=text/xml,18.0
Working fluid selection for heat pumps in solar district heating systems,18,2022,… existing heat pump applications in Germany with a heating … a typical heat-pump-based solar district heating system with … residential area in Germany considering two different heat pump …,https://www.sciencedirect.com/science/article/pii/S0038092X22001414,,0,"fourth generation, district heat pump",10.1016/j.solener.2022.02.036,Shengqing Xiao; Dimitri Nefodov; Mark O. McLinden; Markus Richter; Thorsten Urbaneck,2022-4,,https://api.elsevier.com/content/article/PII:S0038092X22001414?httpAccept=text/xml,11.0
Integration of booster heat pumps in ultra-low temperature district heating network: Prototype demonstration and refrigerant charge investigation,10,2023,… Decentral booster heat pumps (BHPs) integrated in ultra-low temperature district heating (ULTDH) systems are deemed a sustainable solution for low-carbon building systems. The …,https://www.sciencedirect.com/science/article/pii/S0378778823007466,,0,"fourth generation, district heat pump",10.1016/j.enbuild.2023.113516,Tingting Zhu; Yanjun Du; Jierong Liang; Wilko Rohlfs; Jan Eric Thorsen; Brian Elmegaard,2023-11,,https://api.elsevier.com/content/article/PII:S0378778823007466?httpAccept=text/xml,7.0
Retrofitting of the district heating system based on the application of heat pumps operating with natural refrigerants,9,2023,"… of high-temperature heat pumps in 3rd-, 4th- and 5th-generation district heating and cooling … heat pumps are placed in the district heating and cooling system, the COP of heat pumps is …",https://www.mdpi.com/1996-1073/16/4/1928,,0,"fourth generation, district heat pump",10.3390/en16041928,Damir Požgaj; Branimir Pavković; Boris Delač; Vladimir Glažar,2/15/2023,"The implementation of renewable energy sources and heat pumps with natural refrigerants in the existing 3rd-generation district heating (DH) systems is a promising technology for the conversion to a 4th-generation DH system. This paper aims to investigate this transition through a case study for the existing DH system in Croatia. The district of Rijeka, which is considered in the case study, has an existing 3rd-generation DH system with a capacity of 9.2 MW, which was originally designed for a temperature regime of 130/70 °C and produces thermal energy from natural gas. In order to use heat pumps efficiently in such a system, the temperature of the distribution system and the energy consumption should be reduced. Trnsys software was used to perform complete dynamic simulations of the DH system. Used baseline models were validated according to the actual energy consumption reported by the heat supplier. The application of heat pumps with natural refrigerants in combination with on-site electricity production (PV system) can almost eliminate system CO2 emissions, reduce primary energy consumption and lower operation costs. Simulations were performed for 18 different scenarios that included 2 different building envelope variants. The results were compared, then discussed and conclusions were drawn.",https://www.mdpi.com/1996-1073/16/4/1928/pdf,6.0
Study on the modernisation of an extra-worn district heating (DH) system in Russia: Low temperature DH and 4 more options processing,8,2020,"… district heating (LTDH), or 4th generation district heating which involve a lot of scholars. In Ref. [4] for … As we consider a heat pump typically fed by electricity with variable price a thermal …",https://www.e3s-conferences.org/articles/e3sconf/abs/2020/03/e3sconf_arfee2020_01011/e3sconf_arfee2020_01011.html,,0,"fourth generation, district heat pump",10.1051/e3sconf/202014301011,Stanislav Chicherin; Lyazzat Junussova; Timur Junussov,2020,"Modeling was performed on the base of the DH system located in Omsk, Russia, where the DH network temperature requirements are not met and design outdoor temperature of extreme -37°C is. Surveyed investment in a transmission line to avoid penalties on disturbances is projected to have an original supply temperature of 150°C and is denoted as Case-1. The second idea (Case-2) envisages installing a heat pump and increasing the supply temperature in peak load periods during the heating season. The third option is to use of in-room terminal systems to provide heating to individual zones. Case-4 assumes maintaining an ordinary DH network without using any energy-efficient alternative and significant repair which means that the system continuous working ‘as is’. The fifth option introduces low temperature district heating (LTDH) concept featuring a low supply temperature and smart control. To sum up, this research indicates location of a heat pump and also shows how the piping system will be offset to allow the normal operation. This study presents a framework to represent, aggregate, dynamic thermal model and modernize a DH system based on a high-level equation-based simulation software and a five-option feasibility study.",https://www.e3s-conferences.org/10.1051/e3sconf/202014301011/pdf,8.0
Opportunities and challenges of future district heating portfolios of an austrian utility,8,2020,"… of district heating according to the analysis in [6]. Generally, the concept of fourth generation district heating … addition of heat pumps, excess heat, or a biomass combined heat and power …",https://www.mdpi.com/1996-1073/13/10/2457,,0,"fourth generation, district heat pump",10.3390/en13102457,Richard Büchele; Lukas Kranzl; Michael Hartner; Jeton Hasani,5/15/2020,"In this paper, opportunities and challenges of concrete portfolio options of an Austrian district heating (DH) supplier are assessed against the background of current challenges of the DH sector. The following steps are performed: (1) analysis of status quo; (2) analysis of current and possible future economic framework conditions; (3) definition of four concrete future portfolio options for investment planning until the year 2030; (4) modeling of status quo and future portfolios together with the respective framework conditions in a linear dispatch optimization model; and (5) perform techno-economic analysis for each portfolio under the different possible future framework conditions. The expected increase in renewable power generation capacity is likely to increase volatility in future electricity prices with hours of both very low and very high prices. This higher volatility results in higher technical flexibility requirements for the heat generation plants and a need for heat generation portfolios to respond to both high and low electricity prices. The results indicate that the combination of heat pumps and combined heat and power (CHP) plants is well suited to cope with these challenges from a microeconomic point of view. At the same time, we show that a shift to a high share of renewables of more than 60%, implying a complete exit of gas fired CHPs, is also feasible with costs in a very similar range as the current DH generation portfolio.",https://www.mdpi.com/1996-1073/13/10/2457/pdf,5.0
A large temperature difference absorption heat pump system with multi-step heat exchangers for district heating applications,5,2025,"… the system in new urban district heating installations, cost savings of USD … heat transport distances over 1.1 km, the absorption heat pump system proved advantageous over plate heat …",https://www.sciencedirect.com/science/article/pii/S0360544225022388,,0,"fourth generation, district heat pump",10.1016/j.energy.2025.136596,Doseong Yun; Hyung Won Choi; Sejun Park; Wansoo Lee; Seongkook Park; Hyunuk Cho; Yong Tae Kang,2025-8,,https://api.elsevier.com/content/article/PII:S0360544225022388?httpAccept=text/xml,3.0
"Modeling district heating and cooling systems with URBANopt, GeoJSON to Modelica Translator, and the Modelica Buildings Library",18,2021,"… district energy systems, namely steam systems (first generation) and low temperature systems (fourth generation)… However, at the time of this writing, only fourth-generation systems are …",https://publications.ibpsa.org/conference/paper/?id=bs2021_30943,,0,"fourth generation, district heating and cooling",10.26868/25222708.2021.30943,Nicholas Long; Antoine Gautier; Hagar Elarga; Amy Allen; Ted Summer; Lauren Klun; Nathan Moore; Michael Wetter,9/1/2021,,,4.0
Advancing sustainable energy: a systematic review of geothermal-powered district heating and cooling networks,13,2024,"… This review aims to fill this gap by systematically examining the literature on district heating networks powered by geothermal energy, identifying common challenges, exploring …",https://www.tandfonline.com/doi/abs/10.1080/14786451.2024.2417436,,0,"fourth generation, district heating and cooling",10.1080/14786451.2024.2417436,Mukhtar A. Kassem; Andrea Moscariello,10/22/2024,,https://www.tandfonline.com/doi/pdf/10.1080/14786451.2024.2417436,7.0
Investigation on relative heat losses and gains of heating and cooling networks,6,2021,… Supply temperatures below 70 C are required for new 4th Generation DH. Main benefits are the use of low exergy heat sources and the reduction of heat losses. The reduction of …,https://sciendo.com/2/v2/download/article/10.2478/rtuect-2021-0035.pdf,https://sciendo.com/2/v2/download/article/10.2478/rtuect-2021-0035.pdf,0,"fourth generation, district heating and cooling",10.2478/rtuect-2021-0035,Violeta Madan; Ingo Weidlich,1/1/2021,"Abstract
               The integration of district heating (DH) and cooling (DC) in the sustainable energy system of the future requires a significant reduction in operating temperatures. Supply temperatures below 70 °C are required for new 4th Generation DH. Main benefits are the use of low exergy heat sources and the reduction of heat losses. The reduction of heat losses is achieved by reducing the driving temperature difference between the medium pipe and the ground. The decrease of the return temperature level is limited by the consumer behaviour and the ground temperature level. As a consequence, the reduction of the supply temperature is accompanied by a reduction of the maximum transmittable heat flow. For energy efficiency and economic reasons, the relative heat losses are therefore an important design value for DH networks. The study proposes an approach to estimate the relative heat losses by using steady-state heat loss models and analyses the values for different DH generations. In particular, due to the rising of the near-surface soil temperature, the relative cold losses are also studied.",https://www.sciendo.com/pdf/10.2478/rtuect-2021-0035,2.0
HeatNetSim: An open-source simulation tool for heating and cooling networks suitable for future energy systems,5,2024,… the suitability of district heating networks as … district heating and district cooling networks into a bidirectional low temperature district heating and cooling network highlighting the energy …,https://www.sciencedirect.com/science/article/pii/S0360544224033668,,0,"fourth generation, district heating and cooling",10.1016/j.energy.2024.133588,Sina Dibos; Thiemo Pesch; Andrea Benigni,2024-12,,https://api.elsevier.com/content/article/PII:S0360544224033668?httpAccept=text/xml,4.0
Optimal control of a fourth generation district heating network using an integrated non-linear model predictive controller,28,2023,… fourth generation DH network. The results of a three-day simulation in both a winter and spring period show that the MPC outperforms the currently used RBC: the thermal … thermal inertia…,https://www.sciencedirect.com/science/article/pii/S1359431123000595,,0,"fourth generation, district thermal",10.1016/j.applthermaleng.2023.120030,Jelger Jansen; Filip Jorissen; Lieve Helsen,2023-3,,https://api.elsevier.com/content/article/PII:S1359431123000595?httpAccept=text/xml,17.0
Multi-criteria comprehensive study on predictive algorithm of heating energy consumption of district heating station based on timeseries processing,21,2020,Refined control of district heating station relies on reasonable and accurate prediction of heating energy consumption. Due to the influence of building thermal inertia and time-delay of …,https://www.sciencedirect.com/science/article/pii/S0360544220308215,,0,"fourth generation, district thermal",10.1016/j.energy.2020.117714,Chendong Wang; Jianjuan Yuan; Ji Zhang; Na Deng; Zhihua Zhou; Feng Gao,2020-7,,https://api.elsevier.com/content/article/PII:S0360544220308215?httpAccept=text/xml,18.0
Fault detection for district heating substations: Beyond three-sigma approaches,11,2024,"… district heating substations, which is an important enabler for the transition towards fourth-generation district … data obtained from a Swedish district heating operator to illustrate its use in …",https://www.sciencedirect.com/science/article/pii/S2666955224000297,,0,"fourth generation, district thermal",10.1016/j.segy.2024.100159,Chris Hermans; Jad Al Koussa; Tijs Van Oevelen; Dirk Vanhoudt,2024-11,,https://api.elsevier.com/content/article/PII:S2666955224000297?httpAccept=text/xml,6.0
Advanced control of a district heating system with high residential domestic hot water demand,9,2020,… District heating (DH) systems have historically consisted of large-scale conventional production units owned by utilities. Thermal … to the so called fourth generation district heating (4GDH)…,https://www.e3s-conferences.org/articles/e3sconf/abs/2020/20/e3sconf_icret2020_01004/e3sconf_icret2020_01004.html,,0,"fourth generation, district thermal",10.1051/e3sconf/202016001004,Stanislav Chicherin; Lyazzat Junussova; Timur Junussov,2020,"Proper adjustment of domestic hot water (DHW) load structure can balance energy demand with the supply. Inefficiency in primary energy use prompted Omsk DH company to be a strong proponent of a flow controller at each substation. Here the return temperature is fixed to the lowest possible value and the supply temperature is solved. Thirty-five design scenarios are defined for each load deviation index with equally distributed outdoor temperature ranging from +8 for the start of a heating season towards extreme load at temperature of -26°C. All the calculation results are listed. If a flow controller is installed, the customers might find it suitable to switch to this type of DHW supply. Considering an option with direct hot water extraction as usual and a flow controller installed, the result indicates that the annual heat consumption will be lower once network temperatures during the fall or spring months are higher. The heat load profiles obtained here may be used as input for a simulation of a DH substation, including a heat pump and a tank for thermal energy storage. This design approach offers a quantitative way of sizing temperature levels in each DH system according to the listed methodology and the designer's preference.",https://www.e3s-conferences.org/10.1051/e3sconf/202016001004/pdf,9.0
On the influence of decommissioning an area thermal substation in a district heating system on heat consumption and costs in buildings Long term field research,9,2022,"Modernization of the existing district heating systems is a necessary activity to improve their energy efficiency in the field of generation, distribution and use of the heat. This paper …",https://www.sciencedirect.com/science/article/pii/S2213138821008845,,0,"fourth generation, district thermal",10.1016/j.seta.2021.101870,Alicja Siuta-Olcha; Tomasz Cholewa; Mirosław Gomółka; Piotr Kołodziej; Dorte Skaarup Østergaard; Svend Svendsen,2022-3,,https://api.elsevier.com/content/article/PII:S2213138821008845?httpAccept=text/xml,0.0
Balanced operation strategies of district heating systems based on dynamic hydraulic-thermal modeling,9,2025,"… Consequently, the primary side control in the current district heating system … -thermal model and performs a balanced operation strategies optimization based on the hydraulic-thermal …",https://www.sciencedirect.com/science/article/pii/S2666123324000114,,0,"fourth generation, district thermal",10.1016/j.enbenv.2024.01.005,Xiaojie Lin; Ning Zhang; Zheng Luo; Encheng Feng; Wei Zhong,2025-6,,https://api.elsevier.com/content/article/PII:S2666123324000114?httpAccept=text/xml,5.0
Thermal performance analysis of triple pipes for district heating systems: A comparison with twin pipes and the literature results,5,2020,"… DH systems are rapidly moving toward their fourth generation … For complying the fourth-generation standards, the primary … saving of energy in a thermal energy transportation system. …",https://link.springer.com/article/10.1007/s10973-019-08643-5,,0,"fourth generation, district thermal",10.1016/j.energy.2020.116918,Ahmad Arabkoohsar; Ali Sulaiman Alsagri,2020-3,,https://api.elsevier.com/content/article/PII:S0360544220300256?httpAccept=text/xml,18.0
District Heating Deployment and Energy-Saving Measures to Decarbonise the Building Stock in 100 Renewable Energy Systems,4,2024,"… by fourth-generation district heating. The development of fourth-generation district heating … reduce the costs of the thermal sector, make greater use of thermal storage and provide high …",https://www.mdpi.com/2075-5309/14/8/2267,,0,"fourth generation, district thermal",10.3390/buildings14082267,Lorenzo Mario Pastore; Daniele Groppi; Felipe Feijoo,7/23/2024,"Achieving a zero-emission building heating sector requires numerous strategies and detailed energy planning, in order to identify the optimal decarbonisation pathway. This work aims to assess the impact of district heating expansion and the implementation of energy-saving measures on the decarbonisation of the Italian building stock by 2050, analysing their combined impact, reciprocal effects, and technical–economic implications on the entire national energy system. The scenarios have been implemented and simulated with the H2RES software, a long-term energy planning optimisation model, built for the Italian national energy system. Results indicate that it is possible to decarbonise the heating system in an efficient and cost-effective manner by the year 2040. Heat pumps represent the optimal technology at both centralised and decentralised levels. District heating expansion is a priority for the decarbonisation of the building stock, allowing us to reduce costs, exploit thermal storage systems and provide system flexibility. In the best scenario, 40% of the Italian heat demand can be supplied by fourth-generation district heating. Energy-saving measures can reduce heat demand and primary energy but at higher annual costs and with a significant increase in investment. The combined simulation of the strategies within an optimisation model of the entire energy system enables the accurate assessment of the real impact of the various measures, considering their reciprocal effects and technical–economic implications.",https://www.mdpi.com/2075-5309/14/8/2267/pdf,3.0
Techno-economic evaluation of waste heat recovery from an off-grid alkaline water electrolyzer plant and its application in a district heating network in Finland,30,2024,… This paper investigates the techno-economic potential for recovering waste heat from an off-grid alkaline water electrolyzer (AWE) plant and using the heat in a DH network under …,https://www.sciencedirect.com/science/article/pii/S0360544224019558,,0,"fourth generation, thermal grid",10.1016/j.energy.2024.132181,Altti Meriläinen; Antti Kosonen; Juha Jokisalo; Risto Kosonen; Pertti Kauranen; Jero Ahola,2024-10,,https://api.elsevier.com/content/article/PII:S0360544224019558?httpAccept=text/xml,20.0
"A multi-vector community energy system integrating a heating network, electricity grid and PV production to manage an electrified community",22,2022,"… used to identify the required degree of housing thermal efficiency improvement (ie, heating … the temperature is increasing with growing housing thermal efficiency. Moreover, the …",https://www.sciencedirect.com/science/article/pii/S0378778822002766,,0,"fourth generation, thermal grid",10.1016/j.enbuild.2022.112105,Ming-En Han; Mark Alston; Mark Gillott,2022-7,,https://api.elsevier.com/content/article/PII:S0378778822002766?httpAccept=text/xml,17.0
"A decision support tool for implementing district heating in existing cities, focusing on using a geothermal source",18,2020,"… as fourth generation heat grids, have a supply temperature ranging between 30 and 70 C [17]. In the Netherlands, the development of fourth generation … involved in heat grids, since for …",https://www.mdpi.com/1996-1073/13/11/2750,,0,"fourth generation, thermal grid",10.3390/en13112750,Ioannis Acheilas; Fransje Hooimeijer; Aksel Ersoy,5/31/2020,"In the context of climate change mitigation strategies in urban environments and reducing reliance on carbon-based energy sources, the Netherlands is gradually taking steps towards modification of its thermal energy system. Geothermal energy, widely used in agriculture, has recently emerged as a local, clean, and sustainable energy source able to fulfil the residential demand for space heating and has received growing attention in district energy planning. However, failed attempts in the past and the lack of experience with direct application of this technology in district heating systems has increased uncertainty with respect to the technical, spatial, and socioeconomic barriers to be overcome between supply and demand. This calls for the application of decision support tools in order to remove these barriers and facilitate more appropriate decision making towards the implementation of smart thermal energy grids in local energy communities. This research explores how the network of actors, those who see opportunities in direct use of geothermal energy in the Netherlands, can work on the transformation of the current centralised carbon-based energy systems towards local sustainable energy communities.",https://www.mdpi.com/1996-1073/13/11/2750/pdf,11.0
Combined optimal design and control of hybrid thermal-electrical distribution grids using co-simulation,16,2020,… This work presents a simulation-based design approach for hybrid thermal-electrical distribution grids. The approach addresses the technical challenges of both domains while at the …,https://www.mdpi.com/1996-1073/13/8/1945,,0,"fourth generation, thermal grid",10.3390/en13081945,Edmund Widl; Benedikt Leitner; Daniele Basciotti; Sawsan Henein; Tarik Ferhatbegovic; René Hofmann,4/15/2020,"Innovations in today’s energy grids are mainly driven by the need to reduce carbon emissions and the necessary integration of decentralized renewable energy sources. In this context, a transition towards hybrid distribution systems, which effectively couple thermal and electrical networks, promises to exploit hitherto unused synergies for increasing efficiency and flexibility. However, this transition poses practical challenges, starting already in the design phase where established design optimization approaches struggle to capture the technical details of control and operation of such systems. This work addresses these obstacles by introducing a design approach that enables the analysis and optimization of hybrid thermal-electrical distribution systems with explicit consideration of control. Based on a set of key prerequisites and modeling requirements, co-simulation is identified as the most appropriate method to facilitate the detailed analysis of such systems. Furthermore, a methodology is presented that links the design process with the implementation of different operational strategies. The approach is then successfully applied to two real-world applications, proving its suitability for design optimization under realistic conditions. This provides a significant extension of established tools for the design optimization of multi-energy systems.",https://www.mdpi.com/1996-1073/13/8/1945/pdf,11.0
Comparison of traditional with low temperature district heating systems based on organic Rankine cycle,14,2022,This paper compares a traditional district heating (DH) system with a low temperature DH system based on a combined heat and power (CHP) system using Organic Rankine Cycle (…,https://www.sciencedirect.com/science/article/pii/S0360544222001839,,0,"fourth generation, thermal grid",10.1016/j.energy.2022.123280,Jarosław Mikielewicz; Tomasz Ochrymiuk; Adam Cenian,2022-4,,https://api.elsevier.com/content/article/PII:S0360544222001839?httpAccept=text/xml,11.0
Enhanced efficiency in smart grid energy systems through advanced AI-based thermal modeling,9,2024,Integrating smart grid (SG) and artificial intelligence (AI) technologies can potentially enhance energy efficiency and sustainability in sports facilities. This research presents an …,https://www.sciencedirect.com/science/article/pii/S2451904924003834,,0,"fourth generation, thermal grid",10.1016/j.tsep.2024.102765,B.V. Santhosh Krishna; S. Pauline; S. Sivakumar; C. Anna Palagan; Vamsidhar Talasila; M. Masthan Siva Krishna,2024-8,,https://api.elsevier.com/content/article/PII:S2451904924003834?httpAccept=text/xml,6.0
Two-layer energy scheduling of electrical and thermal smart grids with energy hubs including renewable and storage units considering energy markets,5,2025,… of hubs within electrical and thermal smart grids. These energy … the hub operator and the grid operator. The framework follows a … the energy cost of smart grids while adhering to optimal …,https://www.nature.com/articles/s41598-025-09960-6,,0,"fourth generation, thermal grid",10.1038/s41598-025-09960-6,Walid Aich; Ali Basem; Narinderjit Singh Sawaran Singh; Kuwar Mausam; Zahraa Abed Hussein; Saurav Dixit; Naim Ben Ali; Lotfi Ben Said; Wajdi Rajhi; Loghman Mostafazadeh,7/11/2025,,https://www.nature.com/articles/s41598-025-09960-6.pdf,4.0
Operational Experiences with a Temperature Variable District Heating Network for a Rural Community,3,2023,"… by RE in the electricity grids. By combining the electricity, heating, and gas grids, flexibility is … Smart Thermal Grids, or fourth-generation district heating networks (DHN), are part of the …",https://onlinelibrary.wiley.com/doi/abs/10.1002/ceat.202100114,,0,"fourth generation, thermal grid",10.1016/j.energy.2023.128386,Yannis Merlet; Roland Baviere; Nicolas Vasset,2023-11,,https://api.elsevier.com/content/article/PII:S0360544223017802?httpAccept=text/xml,15.0
Modeling approach and simulation study to assess the utilization potential of industrial waste heat in district heating systems,21,2022,"… generation DHS are characterized by temperature levels above 100 C and steam or pressurized water as energy carrier, third and especially fourth generation … the thermal networks are …",https://www.sciencedirect.com/science/article/pii/S2212827122000567,,0,"fourth generation, thermal network",10.1016/j.procir.2022.02.056,Lukas Theisinger; Thomas Kohne; Fabian Borst; Matthias Weigold,2022,,https://api.elsevier.com/content/article/PII:S2212827122000567?httpAccept=text/xml,17.0
Durability of district heating pipelines exposed to thermal aging and cyclic operational loads,8,2021,"… Fourth generation district heating networks (4GDH) must be designed for future energy systems, integrating renewable volatile energy sources, with lower operation temperatures, and …",https://ascelibrary.org/doi/full/10.1061/(ASCE)PS.1949-1204.0000521,,0,"fourth generation, thermal network",10.1061/(asce)ps.1949-1204.0000521,Gersena Banushi; Alberto Vega; Ingo Weidlich; Nazdaneh Yarahmadi; Jooyong Kim; Ignacy Jakubowicz; Jan Henrik Sällström,2021-2,,https://ascelibrary.org/doi/pdf/10.1061/%28ASCE%29PS.1949-1204.0000521,5.0
Stochastic Coordinated Management of Electrical Gas Thermal Networks in Flexible Energy Hubs Considering Day-Ahead Energy and Ancillary Markets,6,2023,"… for electrical, gas, and thermal networks in the presence of … goals of network operators (optimal operation of networks) … energy loss in the proposed networks based on the optimal power …",https://www.mdpi.com/2071-1050/15/13/10744,,0,"fourth generation, thermal network",10.3390/su151310744,Sina Parhoudeh; Pablo Eguía López; Abdollah Kavousi Fard,7/7/2023,"This paper presents an optimal operation framework for electrical, gas, and thermal networks in the presence of energy hubs (EHs), so that EHs can benefit from day-ahead ancillary and energy markets. Therefore, to consider the goals of network operators (optimal operation of networks) and EHs (optimal operation in markets), the proposed model is developed in the form of a bi-level optimization. Its upper-level formulation minimizes the expected energy loss in the proposed networks based on the optimal power flow constraints and technical limits. At the lower-level problem, maximizing the expected profit of EHs in day-ahead energy and ancillary markets (including reactive and reserve regulation) is formulated based on the operational model of resources, storage devices, and responsive load in the EH framework, and the flexible constraints of EHs. This scheme includes the uncertainties of load, market price, renewable energy resources, and mobile storage energy demand, which uses the point estimation method to model them. Karush–Kuhn–Tucker is then used to extract the single-level model. Finally, by implementing the proposed scheme on a standard system, the obtained numerical results confirm the capability of the proposed model in improving the network’s operation and economic status of EHs. As a result, the proposed scheme is able to decrease operation indices such as energy losses, voltage drop, and temperature drop by approximately 28.5%, 39%, and 27.8%, respectively, compared to load flow analysis. This scheme can improve the flexibility of EHs, including non-controllable sources such as renewable resources, by nearly 100% and it obtains considerable profits for hubs.",https://www.mdpi.com/2071-1050/15/13/10744/pdf,5.0
Heat flexibility evaluation and multi-objective optimized control of a low-energy building with district heating,30,2022,… energy flexibility from the building mass and the storage tank on the heating system operation for a low-energy building connected to district … to unlock the energy flexibility is developed …,https://www.sciencedirect.com/science/article/pii/S0378778822006946,,0,"low temperature, district energy",10.1016/j.enbuild.2022.112523,Xiaochen Yang; Li Pan; Wenze Guan; Hongting Ma; Chen Zhang,2022-12,,https://api.elsevier.com/content/article/PII:S0378778822006946?httpAccept=text/xml,24.0
Energetic and economic analysis of decoupled strategy for heating and cooling production with CO2 booster heat pumps for ultra-low temperature district,30,2022,The ultra-low temperature district heating and cooling (ULTDHC) systems are among the most interesting solutions for the decarbonisation of heating and cooling sectors. It is a …,https://www.sciencedirect.com/science/article/pii/S2352710221013966,,0,"low temperature, district energy",10.1016/j.jobe.2021.103538,Gonzalo Quirosa; Miguel Torres; Víctor Manuel Soltero; Ricardo Chacartegui,2022-1,,https://api.elsevier.com/content/article/PII:S2352710221013966?httpAccept=text/xml,12.0
Estimating cooling demand flexibility in a district energy system using temperature set point changes from selected buildings,29,2023,"… We apply our method to a district energy system at a university campus that is roughly equivalent to a city of 30,000 people. Cooling is produced at a central energy facility with electric …",https://www.sciencedirect.com/science/article/pii/S0306261923001800,,0,"low temperature, district energy",10.1016/j.apenergy.2023.120816,Ryan C. Triolo; Ram Rajagopal; Frank A. Wolak; Jacques A. de Chalendar,2023-4,,https://api.elsevier.com/content/article/PII:S0306261923001800?httpAccept=text/xml,26.0
"A review of low-temperature sub-networks in existing district heating networks: Examples, conditions, replicability",28,2021,"… heating networks (LTDHN) with supply temperatures between 30 C and 70 C allow a more … energy, low temperature waste heat, or even ambient heat. However, high temperature DHNs …",https://www.sciencedirect.com/science/article/pii/S2352484721008507,,0,"low temperature, district energy",10.1016/j.egyr.2021.09.044,Stefan Puschnigg; Gabriela Jauschnik; Simon Moser; Anna Volkova; Matthias Linhart,2021-10,,https://api.elsevier.com/content/article/PII:S2352484721008507?httpAccept=text/xml,18.0
Review of the low-enthalpy lower cretaceous geothermal energy resources in Poland as an environmentally friendly source of heat for urban district heating,27,2020,"… geothermal installations in Mszczonów (DH network temperatures between 50 and 70 C), in … that they could be operated at lower temperatures, allowing for greater efficiency. In many …",https://www.mdpi.com/1996-1073/13/6/1302,,0,"low temperature, district energy",10.3390/en13061302,Leszek Pająk; Barbara Tomaszewska; Wiesław Bujakowski; Bogusław Bielec; Marta Dendys,3/11/2020,"The paper presents a review of the geological and hydrogeological data of the Lower Cretaceous aquifer in the Polish Lowlands and discusses the possibilities for the utilisation of geothermal water resources in existing and new district heating systems. Based on experience related to the use of thermal waters in existing geothermal systems, and using data from the literature, assessments have been made of the energy and environmental effects of the application of low-enthalpy geothermal resources from the Lower Cretaceous aquifer as a source of heat for urban district heating systems. The authors concluded that the implementation of such solutions could result in the production of approximately 4 PJ of geothermal energy annually. To date, these resources have only been developed in three locations—Mszczonów, Uniejów and Poddębice—with the total amount of energy generated annually reaching 100 TJ/year. Similar district heating networks in 120 nearby localities have been also identified. Here, specified geological and hydrogeological conditions enable the extraction of heat from the investigated Lower Cretaceous aquifer, with the aim of using this for heating purposes. To achieve this goal, multiple measures are required, including the following: raising public awareness through appropriate education programmes aimed at the youngest school children; systemic, efficient energy management measures at the central, regional and local levels, and providing financial support and ensuring regulations and laws aimed at improving the development of geothermal resources.",https://www.mdpi.com/1996-1073/13/6/1302/pdf,19.0
Optimal heat storage in district energy plants with heat pumps and electrolysers,25,2023,District energy (DE) plants are transitioning away from being providers of heat and electricity through the cogeneration of heat and power (CHP) to being heat providers consuming …,https://www.sciencedirect.com/science/article/pii/S0360544223008174,,0,"low temperature, district energy",10.1016/j.energy.2023.127423,Poul Alberg Østergaard; Anders N. Andersen,2023-7,,https://api.elsevier.com/content/article/PII:S0360544223008174?httpAccept=text/xml,17.0
Effects of occupants and local air temperatures as sources of stochastic uncertainty in district energy system modeling,18,2021,… District energy systems can be one of the least-cost and most-efficient solutions for reducing primary energy … required in the energy sector by 2050 [1]. Interconnecting buildings through …,https://www.mdpi.com/1996-1073/14/8/2295,,0,"low temperature, district energy",10.3390/en14082295,Martín Mosteiro-Romero; Arno Schlueter,4/19/2021,"Input uncertainty is one of the major obstacles urban building energy models (UBEM) must tackle. The aim of this paper was to quantify the effects of two of the main sources of stochastic uncertainty, namely building occupants and urban microclimate, on electrical and thermal supply system sizing at the district scale. In order to analyze the effects of the former, three different methods of occupant modeling were implemented in a UBEM. The effects of the urban heat island on system sizing were studied through the use of measured temperature data from a weather station in the case study district compared to measured data from a national weather station. The methods developed were used to assess the sizing and costs of centralized and decentralized technologies for a case study in central Zurich, Switzerland. The choice of occupant modeling approach was found to affect the district’s total annualized costs for space heating and cooling by ±5%, whereas for the costs of electricity the variation was ±8%. Regarding outdoor temperature, the effects on the heating demands proved be negligible, however the costs of the cooling alternatives were found to vary by about 4% at the district scale due to the effect of urban climate, for individual buildings this deviation was as high as 40%.",https://www.mdpi.com/1996-1073/14/8/2295/pdf,14.0
A framework for techno-economic assessment of demand-side power-to-heat solutions in low-temperature district heating,17,2020,… techno-economic assessment for P2H technologies in low-temperature district heating (LTDH) from an integrated energy system perspective. The framework facilitates the transition …,https://www.sciencedirect.com/science/article/pii/S0142061520300855,,0,"low temperature, district energy",10.1016/j.ijepes.2020.106096,Jiawei Wang; Hanmin Cai; Shi You; Yi Zong; Cuo Zhang; Chresten Træholt,2020-11,,https://api.elsevier.com/content/article/PII:S0142061520300855?httpAccept=text/xml,13.0
Variable cost evaluation of heating plants in district heating systems considering the temperature impact,16,2022,… Existing DHSs are primarily based on fossil fuel energy and therefore need to be … Lowering system temperatures is relevant to convert the fossil-based generation to renewable energy …,https://www.sciencedirect.com/science/article/pii/S0306261921012216,,0,"low temperature, district energy",10.1016/j.apenergy.2021.117909,Peter Lorenzen; Carlos Alvarez-Bel,2022-1,,https://api.elsevier.com/content/article/PII:S0306261921012216?httpAccept=text/xml,11.0
"Optimal quantity, location and capacity allocation of the additional renewable energy stations in a large-scale district heating system and comprehensive case",14,2023,"… the low-carbon development of district … by district energy planning, different configurations (quantity, location, and installed capacity allocation) of additional RESs show various energy-…",https://www.sciencedirect.com/science/article/pii/S0196890423003217,,0,"low temperature, district energy",10.1016/j.enconman.2023.116975,Jinda Wang; Yufei Jin; Jinfu Zheng; Puning Xue; Chunhua Sun,2023-5,,https://api.elsevier.com/content/article/PII:S0196890423003217?httpAccept=text/xml,14.0
Development of a novel grid-free district cooling system considering blockchain-based demand response management,13,2023,"District cooling system (DCS) enjoys improved cooling efficiency due to economies of scale cooling. However, most DCSs import electricity from the power grid, intensifying the …",https://www.sciencedirect.com/science/article/pii/S0306261923005160,,0,"low temperature, district energy",10.1016/j.apenergy.2023.121152,Z.F. Huang; K.Y. Soh; M.R. Islam; K.J. Chua,2023-7,,https://api.elsevier.com/content/article/PII:S0306261923005160?httpAccept=text/xml,12.0
Integrated energy system optimal operation using data-driven district heating network model,12,2023,… The schedule of an integrated energy system with a 9-bus power grid and 14-node DHN is investigated. The temperature predictive error of the DHN model is less than 5%. The …,https://www.sciencedirect.com/science/article/pii/S0378778823003304,,0,"low temperature, district energy",10.1016/j.enbuild.2023.113100,Lijie Wang; Jun Zhao; Zuhua Xu; Fei Zhao; Chunyue Song; Chao Yang; Zhijiang Shao,2023-7,,https://api.elsevier.com/content/article/PII:S0378778823003304?httpAccept=text/xml,12.0
Technoeconomic design of a geothermal-enabled cold climate zero energy community,11,2021,"… In North America, due to several factors including low electricity prices, geothermal has not … temperature geothermal resources useful for electricity generation—to enable zero energy …",https://asmedigitalcollection.asme.org/energyresources/article-abstract/143/10/100902/1093915,,0,"low temperature, district energy",10.1115/1.4049456,William Becker; Dane Christensen; Dylan Cutler; Jeff Maguire; Kevin McCabe; Samantha Reese; Andrew Speake,1/15/2021,"Abstract
               Development of a zero energy community is more costly in northern cold climates than in moderate regions. Building energy loads are higher, thanks to the colder weather, and site solar photovoltaics (PV) are less productive due to lower solar incidence and misalignment with the buildings’ energy needs (summer production, winter demands). Geothermal energy production can support a zero energy community through application of energy efficiency (demand design), geothermal production (supply design), and asset dispatch as an integrated techno-economic package. This article presents the process used to explore geothermal system integration, our findings, and technical challenges for community-scale adoption of geothermal as an electric and thermal resource. We show that under a wide range of conditions, community-scale geothermal electric power and direct-use thermal energy is economically competitive with “business-as-usual” design and construction practices for zero energy communities. Furthermore, geothermal-produced energy will be self-consumed to a much greater extent than PV, resulting in significant reductions in site energy import and export. We conclude that under appropriate conditions, community-scale geothermal can be the most economically favorable energy resource for northern-climate zero energy community developments. Ongoing geothermal research and development to improve performance and reduce costs will further enhance the value proposition for community-scale geothermal technologies. We expect that including geothermal power and thermal energy in zero energy community design can improve its cost-effectiveness and therefore enhance the benefits of zero energy in more northern climates.",https://asmedigitalcollection.asme.org/energyresources/article-pdf/143/10/100902/6618782/jert_143_10_100902.pdf,7.0
Optimal design and analysis of a district energy system including heat and power production for domestic applications and fuel for vehicles,11,2021,"… , as discussed earlier the modeled district energy is connected to electrical power, natural gas, and hydrogen grid. Table 8 shows purchasing cost and sell value for each energy source. …",https://link.springer.com/article/10.1007/s10973-021-10631-7,,0,"low temperature, district energy",10.1007/s10973-021-10631-7,Mohammad Javidmehr; Fathollah Pourfayaz; Alibakhsh Kasaeian,2/25/2021,,https://link.springer.com/content/pdf/10.1007/s10973-021-10631-7.pdf,9.0
Impact of recent district heating developments and low-temperature excess heat integration on design of industrial energy systems: An integrated assessment,9,2022,"… to no additional district heating supply by the industrial energy supply system. However, the lowest cost increase does not coincide with the lowest additional energy amount. Thus, …",https://www.sciencedirect.com/science/article/pii/S0196890422004083,,0,"low temperature, district energy",10.1016/j.enconman.2022.115612,Sophie Knöttner; Benedikt Leitner; René Hofmann,2022-7,,https://api.elsevier.com/content/article/PII:S0196890422004083?httpAccept=text/xml,6.0
Technology pathways and economic analysis for transforming high temperature to low temperature district heating systems,8,2021,"… a high to low temperature district heating system which is more suitable for renewable energy supply. With the Carnot Toolbox, a dynamic model of a potential district heating system is …",https://www.mdpi.com/1996-1073/14/11/3218,,0,"low temperature, district energy",10.3390/en14113218,Pedro Durán; Herena Torio; Patrik Schönfeldt; Peter Klement; Benedikt Hanke; Karsten von Maydell; Carsten Agert,5/31/2021,"There are 1454 district heating systems in Germany. Most of them are fossil based and with high temperature levels, which is neither efficient nor sustainable and needs to be changed for reaching the 2050 climate goals. In this paper, we present a case study for transforming a high to low temperature district heating system which is more suitable for renewable energy supply. With the Carnot Toolbox, a dynamic model of a potential district heating system is simulated and then transformed to a low temperature supply. A sensitivity analysis is carried out to see the system performance in case space constrains restrict the transformation. Finally, an economic comparison is performed. Results show that it is technically possible to perform the transformation until a very low temperature system. The use of decentralized renewable sources, decentralized heat storage tanks and the placement of a heat pump on each building are the key points to achieve the transformation. Regarding the sensitivity analysis, the transformation is worth doing until the seasonal storage and solar collector field sizes are reduced to 60% and 80% of their values in the reference case, respectively. The economic analysis shows, however, that it is hard for highly efficient low temperature renewable based heat networks to compete with district heating systems based on a centralized fossile CHP solution. Thus, though the presented transformation is technically possible, there is a strong need to change existing economic schemes and policies for fostering a stronger promotion of renewable energy policies in the heat sector.",https://www.mdpi.com/1996-1073/14/11/3218/pdf,2.0
Performance assessment and improvement of district cooling system: A case study of enhancing energy efficiency of hospital buildings,8,2024,"In addressing the performance degradation issue of district cooling systems, although various evaluation methods exist, they either neglect design objectives or focus on independent …",https://www.sciencedirect.com/science/article/pii/S2214157X24002181,,0,"low temperature, district energy",10.1016/j.csite.2024.104187,Xi Bai; Weidong Ma; Junjie Huang; Caihua Liang; Xiaosong Zhang,2024-4,,https://api.elsevier.com/content/article/PII:S2214157X24002181?httpAccept=text/xml,8.0
A Graph Theoretical Approach to Modeling of District Energy Networks,6,2024,"… in city-scale district energy grids often becomes computationally … of district energy networks. Based on spectral graph theory, a novel method for model order reduction of district energy …",https://ieeexplore.ieee.org/abstract/document/10380765/,,0,"low temperature, district energy",10.1109/tcst.2023.3345213,Johan Simonsson; Khalid Tourkey Atta; Wolfgang Birk,2024-9,,http://xplorestaging.ieee.org/ielx7/87/10640128/10380765.pdf?arnumber=10380765,3.0
Optimizing solar full-spectrum integration in a methanol-driven district energy system: A comprehensive ecological assessment,5,2024,"… energy, this study proposes a novel energy system driven by full-spectrum solar energy and … utilizing both renewable and waste thermal energy. Through device modeling and multi-…",https://www.sciencedirect.com/science/article/pii/S0959652624033614,,0,"low temperature, district energy",10.1016/j.jclepro.2024.143912,Yuzhu Chen; Kaifeng Yang; Weimin Guo; Jiarui Wang; Na Du; Kun Yang; Peter D. Lund,2024-11,,https://api.elsevier.com/content/article/PII:S0959652624033614?httpAccept=text/xml,5.0
A field test of medium-depth geothermal heat pump system for heating in severely cold region,31,2023,"… depth geothermal heat pump systems (SD-GHPs), while medium-depth geothermal heat pump system (MD-GHPs) lacked of the experimental support especially in severely cold region. …",https://www.sciencedirect.com/science/article/pii/S2214157X23004318,,0,"low temperature, district heat pump",10.1016/j.csite.2023.103125,Xiaoyan Wang; Tao Zhan; Guang Liu; Long Ni,2023-8,,https://api.elsevier.com/content/article/PII:S2214157X23004318?httpAccept=text/xml,28.0
Performance improvement of air-source heat pump heating system with variable water temperature difference,30,2022,"… heating system, the power consumption of water pump cannot be ignored, especially in residential district heating … the ASHP heating system through variable temperature difference and …",https://www.sciencedirect.com/science/article/pii/S1359431122003234,,0,"low temperature, district heat pump",10.1016/j.applthermaleng.2022.118366,Wenyi Wang; Jiatong Jiang; Bin Hu; R.Z. Wang; Mingwen Luo; Guangpeng Zhang; Bo Xiang,2022-6,,https://api.elsevier.com/content/article/PII:S1359431122003234?httpAccept=text/xml,24.0
Impact of temperature dependent coefficient of performance of heat pumps on heating systems in national and regional energy systems modelling,29,2024,"… limits perception of the hourly temperature changes on heat pump efficiency, or by using generic heat pumps for all individual residential, district, or industrial heat supplies. The LUT …",https://www.sciencedirect.com/science/article/pii/S0306261924010304,,0,"low temperature, district heat pump",10.1016/j.apenergy.2024.123647,Dmitrii Bogdanov; Rasul Satymov; Christian Breyer,2024-10,,https://api.elsevier.com/content/article/PII:S0306261924010304?httpAccept=text/xml,23.0
Investigation on the regulating methods of air source heat pump system used for district heating: Considering the energy loss caused by frosting and on off,26,2021,… Air source heat pump (ASHP) has been used in Northern China for district heating. However… modes suitable for district heating using ASHPs as heating source were proposed. Then the …,https://www.sciencedirect.com/science/article/pii/S0378778821000153,,0,"low temperature, district heat pump",10.1016/j.enbuild.2021.110731,Wenzhe Wei; Baoli Wang; Hao Gu; Long Ni; Yang Yao,2021-3,,https://api.elsevier.com/content/article/PII:S0378778821000153?httpAccept=text/xml,22.0
Waste heat recovery in low temperature networks versus domestic heat pumps-A techno-economic and environmental analysis,24,2021,"… , district heating is a common solution for multi-apartment neighborhoods. Recently, because of an average clean electricity mix, heat pumps … waste heat recovery in low temperature …",https://www.sciencedirect.com/science/article/pii/S0360544220327821,,0,"low temperature, district heat pump",10.1016/j.energy.2020.119675,Monica Arnaudo; Johan Dalgren; Monika Topel; Björn Laumert,2021-3,,https://api.elsevier.com/content/article/PII:S0360544220327821?httpAccept=text/xml,14.0
Numerical study of geothermal district heating from a ground heat exchanger coupled with a heat pump system,24,2021,… of a complete unsteady heat transfer model of a ground heat exchanger (GHE) and the coupling of this model with the energy conversion model of a heat pump. The influences of key …,https://www.sciencedirect.com/science/article/pii/S1359431120338138,,0,"low temperature, district heat pump",10.1016/j.applthermaleng.2020.116335,Xiong Zhang,2021-2,,https://api.elsevier.com/content/article/PII:S1359431120338138?httpAccept=text/xml,16.0
Performance analysis of a reversible water/LiBr absorption heat pump connected to district heating network in warm and cold climates,22,2023,"This paper presents the annual performance of a proposed reversible water/LiBr absorption heat pump connected to a district heating network for space cooling, heating, and domestic …",https://www.sciencedirect.com/science/article/pii/S0360544223000737,,0,"low temperature, district heat pump",10.1016/j.energy.2023.126679,Dereje S. Ayou; Muhammad Fa'iq Vidi Wardhana; Alberto Coronas,2023-4,,https://api.elsevier.com/content/article/PII:S0360544223000737?httpAccept=text/xml,17.0
Influence of control strategy on seasonal coefficient of performance for a heat pump with low-temperature heat storage in the geographical conditions of,21,2021,"… of a heat pump, low-temperature heat storage, and a control unit. The heat pump enables selection of a low-temperature heat … Two variants of low-temperature heat storage are tested, …",https://www.sciencedirect.com/science/article/pii/S0360544221015243,,0,"low temperature, district heat pump",10.1016/j.energy.2021.121276,Libor Kudela; Michal Špiláček; Jiří Pospíšil,2021-11,,https://api.elsevier.com/content/article/PII:S0360544221015243?httpAccept=text/xml,16.0
The exploitation of low-temperature hot water boiler sources with high-temperature heat pump integration,20,2020,"… consumer for space or process heating, preferably in the scope of district heating. According … -temperature heat pumps are used to heat up and raise the temperature of a heat transfer …",https://www.mdpi.com/1996-1073/13/23/6311,,0,"low temperature, district heat pump",10.3390/en13236311,Darko Goričanec; Igor Ivanovski; Jurij Krope; Danijela Urbancl,11/30/2020,"The article presents an original and innovative technical solution for the exploitation of low-temperature excess heat from hot water boilers that use gas or liquid fuel for the needs of high-temperature heating in buildings or in industry. The primary fuel efficiency used for hot water boilers can be significantly increased by utilizing the excess low-temperature heat of flue gases that are discharged into the environment and thus also reduce CO2 emissions. Hot water systems usually operate at higher temperatures of the heating water, which is transported to the heat consumer via supply pipe, and the cooled heating water is returned to the hot water boiler via the return pipe. For the excess low-temperature heat exploitation of the flue gases from hot water boiler, it is necessary to install a condenser in the flue gas discharge pipe, where condensation of water vapour present in the flue gas heats water or a mixture of water and glycol. The heating water, which is cooled and returned from the heat consumer via the return pipe, is led to the condenser of the high-temperature heat pump, where it is preheated and then led to the hot water boiler, where it is heated to the final temperature. A computer simulation with the Aspen plus software package for the series or parallel connection of high-temperature heat pump to a hot water heating system and the economic analysis of the excess heat exploitation from the flue gases are also performed.",https://www.mdpi.com/1996-1073/13/23/6311/pdf,11.0
Low temperature heating operation performance of a domestic heating system based on indirect expansion solar assisted air source heat pump,20,2022,… pumps for domestic heating. The set hot-water-supply temperature of the heating system … The effect of low temperature heating on the system operation performance is investigated to …,https://www.sciencedirect.com/science/article/pii/S0038092X22005874,,0,"low temperature, district heat pump",10.1016/j.solener.2022.08.037,Li Wei Yang; Yan Li; Tong Yang; Hua Sheng Wang,2022-9,,https://api.elsevier.com/content/article/PII:S0038092X22005874?httpAccept=text/xml,21.0
Thermoacoustic heat pump utilizing medium/low-grade heat sources for domestic building heating,20,2024,"… heat pumps are a promising heating technology that utilizes medium/low-grade heat to … This study proposes a single direct-coupled configuration for a thermoacoustic heat pump, aimed …",https://www.sciencedirect.com/science/article/pii/S2666123323000533,,0,"low temperature, district heat pump",10.1016/j.enbenv.2023.06.006,Yiwei Hu; Kaiqi Luo; Dan Zhao; Zhanghua Wu; Yupeng Yang; Ercang Luo; Jingyuan Xu,2024-8,,https://api.elsevier.com/content/article/PII:S2666123323000533?httpAccept=text/xml,16.0
and economic performance assessment of different high temperature heat pump layouts for upgrading district heating to process heating of steam production,14,2024,… of process heat. This work aims to upgrade district heating at 85 C to process heating of supplying 1 MW steam at 160 C using high temperature heat pump (HTHP) technology. Two …,https://www.sciencedirect.com/science/article/pii/S0360544224036107,,0,"low temperature, district heat pump",10.1016/j.energy.2024.133832,Mohsen Sadeghi; Tage Petersen; Zhenyu Yang; Benjamin Zühlsdorf; Kim Stenholdt Madsen,2024-12,,https://api.elsevier.com/content/article/PII:S0360544224036107?httpAccept=text/xml,13.0
Decarbonization of district heating: A systematic review of carbon footprint and key mitigation strategies,14,2025,This paper provides a comprehensive analysis and comparison of the carbon footprint of decarbonization strategies for district heating. By reviewing data from 42 Life Cycle Assessment …,https://www.sciencedirect.com/science/article/pii/S1364032125002758,,0,"low temperature, district heat pump",10.1016/j.rser.2025.115602,Xenia Malcher; Francis Catherine Tenorio-Rodriguez; Matthias Finkbeiner; Miguel Gonzalez-Salazar,2025-6,,https://api.elsevier.com/content/article/PII:S1364032125002758?httpAccept=text/xml,10.0
New low-temperature central heating system integrated with industrial exhausted heat using distributed electric compression heat pumps for higher energy,13,2020,"… higher temperature, but its COP is much smaller. Thus, the application of centralized electric compression heat pumps in recovering low-temperature exhausted heat for central heating …",https://www.mdpi.com/1996-1073/13/24/6582,,0,"low temperature, district heat pump",10.3390/en13246582,Fangtian Sun; Yonghua Xie; Svend Svendsen; Lin Fu,12/14/2020,"Industrial exhausted heat can be used as the heat source of central heating for higher energy efficiency. To recover more industrial exhausted heat, a new low-temperature central heating system integrated with industrial exhausted heat using distributed electric compression heat pumps is put forward and analyzed from the aspect of thermodynamics and economics. The roles played by the distributed electric compression heat pumps in improving both thermal performance and financial benefit of the central heating system integrated with industrial exhausted heat are greater than those by the centralized electric compression heat pumps. The proposed low-temperature central heating system has higher energy efficiency, better financial benefit, and longer economical distance of transmitting exhausted heat, and thus, its configuration is optimal. For the proposed low-temperature central heating system, the annual coefficient of performance, annual product exergy efficiency, heating cost, and payback period are about 22.2, 59.4%, 42.83 ¥/GJ, and 6.2 years, respectively, when the distance of transmitting exhausted heat and the price of exhausted heat are 15 km and 15 ¥/GJ, respectively. The economical distance of transmitting exhausted heat of the proposed low-temperature central heating system could approach 25.1 km.",https://www.mdpi.com/1996-1073/13/24/6582/pdf,11.0
Optimisation of district heating transformation for the efficient integration of a low-temperature heat source,13,2024,… of heat pumps to optimise the integration of low-temperature heat sources into existing district heating … -world high-temperature district heating system. Compared to conventional waste …,https://www.sciencedirect.com/science/article/pii/S0360544224022357,,0,"low temperature, district heat pump",10.1016/j.energy.2024.132461,Jan Stock; Till Schmidt; André Xhonneux; Dirk Müller,2024-11,,https://api.elsevier.com/content/article/PII:S0360544224022357?httpAccept=text/xml,11.0
Thermo-economic analysis of a solar district heating plant with an air-to-water heat pump,10,2024,"… This study focuses on a solar district heating system in the Danish city of Ørum and … air-to-water heat pump. Based on energy and economic analyses, the impact of the heat pump on the …",https://www.sciencedirect.com/science/article/pii/S0960148124015581,,0,"low temperature, district heat pump",10.1016/j.renene.2024.121490,Yi Xu; Chenxuan Zhan; Adam R. Jensen; Meng Gao; Weiqiang Kong; Jianhua Fan,2024-12,,https://api.elsevier.com/content/article/PII:S0960148124015581?httpAccept=text/xml,9.0
Ultra-low temperature heating system based on dual-source solar assisted heat pump using compound parabolic concentrator-capillary tube solar collector,9,2024,… The fifth-generation heating – ultra-low temperature heating benefits to reduce electricity … heat pump based heating system has been demonstrated to be an attractive green heating …,https://www.sciencedirect.com/science/article/pii/S0378778824010193,,0,"low temperature, district heat pump",10.2139/ssrn.4877206,Liwei Yang; Jinhuan Pu; Rongji XU; Tong Yang; Huasheng Wang,2024,,,0.0
Thermal design and optimization of high-temperature heat pump integrated with district heating benchmarked in Denmark for process heat supply,7,2024,This work aims to assess and optimize the performance of cascade high-temperature heat pump (HTHP) integrated with district heating (DH) to produce 1 MW steam at 160 C for the …,https://www.sciencedirect.com/science/article/pii/S0140700723004814,,0,"low temperature, district heat pump",10.1016/j.ijrefrig.2023.12.025,Mohsen Sadeghi; Tage Petersen; Zhenyu Yang; Benjamin Zühlsdorf; Kim Stenholdt Madsen,2024-3,,https://api.elsevier.com/content/article/PII:S0140700723004814?httpAccept=text/xml,7.0
"Positive energy districts in Sweden: The impact from heat Pumps, photovoltaic Systems, and energy recovery from district heating return pipe",7,2025,"The present study addresses the implications of positive energy district metrics, comparing heat pump and district heating solutions combined with PV systems. A methodology was …",https://www.sciencedirect.com/science/article/pii/S0378778825002014,,0,"low temperature, district heat pump",10.1016/j.enbuild.2025.115471,Vartan Ahrens Kayayan; Diogo Cabral; Karin Israelsson; Mattias Gustafsson,2025-5,,https://api.elsevier.com/content/article/PII:S0378778825002014?httpAccept=text/xml,3.0
Evaluating low-temperature heat sources for large-scale heat pump integration: A method using open-source data and indicators,5,2025,"… heat sourcescan be utilized through large-scale heat pumps and other conversion techniques to supply district heating … Therefore, all local municipal heat sources need to be assessed …",https://www.sciencedirect.com/science/article/pii/S0306261924018701,,0,"low temperature, district heat pump",10.1016/j.apenergy.2024.124487,Nicolas Fuchs; Guillermo Yanez; Bertrand Nkongdem; Jessica Thomsen,2025-1,,https://api.elsevier.com/content/article/PII:S0306261924018701?httpAccept=text/xml,3.0
Impact of district heating and cooling on the potential for the integration of variable renewable energy sources in mild and Mediterranean climates,27,2022,… demonstrate the impact district heating and cooling can have … traditionally have lower shares of district energy systems. … tool to model district cooling systems alongside the existing …,https://www.sciencedirect.com/science/article/pii/S0196890422011529,,0,"low temperature, district heating and cooling",10.1016/j.enconman.2022.116374,T. Novosel; F. Feijoo; N. Duić; J. Domac,2022-11,,https://api.elsevier.com/content/article/PII:S0196890422011529?httpAccept=text/xml,22.0
"Techno-economic feasibility of geothermal energy production using inactive oil and gas wells for district heating and cooling systems in Tuttle, Oklahoma",27,2024,… of heating of geothermal district heating systems utilizing existing wells were significantly lower than those of conventional geothermal energy … The geothermal energy production with …,https://www.sciencedirect.com/science/article/pii/S0196890424003315,,0,"low temperature, district heating and cooling",10.1016/j.enconman.2024.118390,Hyunjun Oh; Sertaç Akar; Koenraad Beckers; Eric Bonnema; Cesar Vivas; Saeed Salehi,2024-5,,https://api.elsevier.com/content/article/PII:S0196890424003315?httpAccept=text/xml,15.0
Combining direct ground cooling with ground-source heat pumps and district heating: Energy and economic analysis,25,2023,"… to buildings without the use of any mechanical refrigeration. When DGC is utilized for providing cooling, ground-source heat pumps (GSHPs) and district heating (DH) are the two …",https://www.sciencedirect.com/science/article/pii/S0360544223003389,,0,"low temperature, district heating and cooling",10.1016/j.energy.2023.126944,Taha Arghand; Saqib Javed; Jan-Olof Dalenbäck,2023-5,,https://api.elsevier.com/content/article/PII:S0360544223003389?httpAccept=text/xml,18.0
Optimization of the configuration and flexible operation of the pipe-embedded floor heating with low-temperature district heating,24,2022,… to the low-grade heat sources such as the renewable energy or the industrial waste heat. In … of the radiant floor heating system considering different district heating (DH) scenarios. We …,https://www.sciencedirect.com/science/article/pii/S0378778822004169,,0,"low temperature, district heating and cooling",10.1016/j.enbuild.2022.112245,Xiaochen Yang; Li Pan; Wenze Guan; Zhe Tian; Jing Wang; Chen Zhang,2022-8,,https://api.elsevier.com/content/article/PII:S0378778822004169?httpAccept=text/xml,21.0
Cascade sub-low temperature district heating networks in existing district heating systems,23,2022,"… Existing district heating networks (DHNs) are often designed for relatively high temperatures, … The transformation of such high-temperature DHNs (HTDHNs) into more efficient low-…",https://www.sciencedirect.com/science/article/pii/S2666955222000028,,0,"low temperature, district heating and cooling",10.1016/j.segy.2022.100064,Anna Volkova; Stefan Reuter; Stefan Puschnigg; Hanne Kauko; Ralf-Roman Schmidt; Benedikt Leitner; Simon Moser,2022-2,,https://api.elsevier.com/content/article/PII:S2666955222000028?httpAccept=text/xml,16.0
Analysis of enhanced geothermal system development scenarios for district heating and cooling of the G ttingen University Campus,22,2021,"… only new buildings but also a low-temperature district heating (LTDH) network. Although it … temperatures the planned LTDH network will operate, design supply and return temperatures …",https://www.mdpi.com/2076-3263/11/8/349,,0,"low temperature, district heating and cooling",10.3390/geosciences11080349,Dmitry Romanov; Bernd Leiss,8/19/2021,"The huge energy potential of Enhanced Geothermal Systems (EGS) makes them perspective sources of non-intermittent renewable energy for the future. This paper focuses on potential scenarios of EGS development in a locally and in regard to geothermal exploration, poorly known geological setting—the Variscan fold-and-thrust belt —for district heating and cooling of the Göttingen University campus. On average, the considered single EGS doublet might cover about 20% of the heat demand and 6% of the cooling demand of the campus. The levelized cost of heat (LCOH), net present value (NPV) and CO2 abatement cost were evaluated with the help of a spreadsheet-based model. As a result, the majority of scenarios of the reference case are currently not profitable. Based on the analysis, EGS heat output should be at least 11 MWth (with the brine flow rate being 40 l/s and wellhead temperature being 140 °C) for a potentially profitable project. These parameters can be a target for subsurface investigation, reservoir modeling and hydraulic stimulation at a later stage. However, sensitivity analysis presented some conditions that yield better results. Among the most influential parameters on the outcome are subsidies for research wells, proximity to the campus, temperature drawdown and drilling costs. If realized, the EGS project in Göttingen might save up to 18,100 t CO2 (34%) annually.",https://www.mdpi.com/2076-3263/11/8/349/pdf,12.0
Feasibility limits of using low-grade industrial waste heat in symbiotic district heating and cooling networks,21,2020,… uses of waste heat considered for comparison. This literature review shows that the application of industrial waste heat recovery in connection with district heating has attracted growing …,https://link.springer.com/article/10.1007/s10098-020-01875-2,,0,"low temperature, district heating and cooling",10.1007/s10098-020-01875-2,Maurizio Santin; Damiana Chinese; Alessandra De Angelis; Markus Biberacher,6/12/2020,,https://link.springer.com/content/pdf/10.1007/s10098-020-01875-2.pdf,19.0
Optimal retrofit of district heating network to lower temperature levels,21,2023,… The transition of existing second-generation district heating networks (DHN) towards lower temperature levels for operation can lead to energy savings and to fewer constraints for the …,https://www.sciencedirect.com/science/article/pii/S0360544223017802,,0,"low temperature, district heating and cooling",10.1016/j.energy.2023.128386,Yannis Merlet; Roland Baviere; Nicolas Vasset,2023-11,,https://api.elsevier.com/content/article/PII:S0360544223017802?httpAccept=text/xml,15.0
Local heating networks with waste heat utilization: low or medium temperature supply?,20,2020,"… low and even electricity demand. On the other hand, with a low temperature supply, the district heating demand is high in the wintertime, in particular if the waste heat temperature is low…",https://www.mdpi.com/1996-1073/13/4/954,,0,"low temperature, district heating and cooling",10.3390/en13040954,Hanne Kauko; Daniel Rohde; Armin Hafner,2/20/2020,"District heating enables an economical use of energy sources that would otherwise be wasted to cover the heating demands of buildings in urban areas. For efficient utilization of local waste heat and renewable heat sources, low distribution temperatures are of crucial importance. This study evaluates a local heating network being planned for a new building area in Trondheim, Norway, with waste heat available from a nearby ice skating rink. Two alternative supply temperature levels have been evaluated with dynamic simulations: low temperature (40 °C), with direct utilization of waste heat and decentralized domestic hot water (DHW) production using heat pumps; and medium temperature (70 °C), applying a centralized heat pump to lift the temperature of the waste heat. The local network will be connected to the primary district heating network to cover the remaining heat demand. The simulation results show that with a medium temperature supply, the peak power demand is up to three times higher than with a low temperature supply. This results from the fact that the centralized heat pump lifts the temperature for the entire network, including space and DHW heating demands. With a low temperature supply, heat pumps are applied only for DHW production, which enables a low and even electricity demand. On the other hand, with a low temperature supply, the district heating demand is high in the wintertime, in particular if the waste heat temperature is low. The choice of a suitable supply temperature level for a local heating network is hence strongly dependent on the temperature of the available waste heat, but also on the costs and emissions related to the production of district heating and electricity in the different seasons.",https://www.mdpi.com/1996-1073/13/4/954/pdf,17.0
The potential of lake-source district heating and cooling for European buildings,20,2023,"… as a source for district heating and cooling. Thereby, a more realistic estimation of their potential implementation becomes possible, enabling informed energy planning for central or …",https://www.sciencedirect.com/science/article/pii/S0196890423002601,,0,"low temperature, district heating and cooling",10.1016/j.enconman.2023.116914,Sven Eggimann; Jacopo Vivian; Ruihong Chen; Kristina Orehounig; Anthony Patt; Massimo Fiorentini,2023-5,,https://api.elsevier.com/content/article/PII:S0196890423002601?httpAccept=text/xml,15.0
Analysis of an ultra-low temperature district heating and cooling as a storage system for renewable integration,20,2022,"… integration since almost all renewable energy sources depend on environmental parameter … -low temperature district heating and cooling systems, with working temperatures between 6 …",https://www.sciencedirect.com/science/article/pii/S135943112200984X,,0,"low temperature, district heating and cooling",10.1016/j.applthermaleng.2022.119052,Gonzalo Quirosa; Miguel Torres; V.M. Soltero; Ricardo Chacartegui,2022-11,,https://api.elsevier.com/content/article/PII:S135943112200984X?httpAccept=text/xml,15.0
trigeneration cycle combined with a district heating and air conditioning system using vapour absorption refrigeration cooling: energy and exergy assessments,17,2024,… of the supercritical properties of water as a low-energy heating fluid source in a novel gas-… cascaded combined cycle with heat recovery for cooling and district heating. While there are …,https://www.mdpi.com/1996-1073/17/6/1295,,0,"low temperature, district heating and cooling",10.3390/en17061295,Larry Agberegha; Peter Aigba; Solomon Nwigbo; Francis Onoroh; Olusegun Samuel; Tanko Bako; Oguzhan Der; Ali Ercetin; Ramazan Sener,3/7/2024,"The insufficiency of energy supply and availability remains a significant global energy challenge. This work proposes a novel approach to addressing global energy challenges by testing the supercritical property and conversion of low-temperature thermal heat into useful energy. It introduces a combined-cascade steam-to-steam trigeneration cycle integrated with vapour absorption refrigeration (VAR) and district heating systems. Energetic and exergetic techniques were applied to assess irreversibility and exergetic destruction. At a gas turbine power of 26.1 MW, energy and exergy efficiencies of 76.68% and 37.71% were achieved, respectively, while producing 17.98 MW of electricity from the steam-to-steam driven cascaded topping and bottoming plants. The cascaded plant attained an energetic efficiency of 38.45% and an exergy efficiency of 56.19%. The overall cycle efficiencies were 85.05% (energy) and 77.99% (exergy). More than 50% of the plant’s lost energy came from the combustion chamber of the gas turbine. The trigeneration system incorporated a binary NH3–H2O VAR system, emphasizing its significance in low-temperature energy systems. The VAR system achieved a cycle exergetic efficiency of 92.25% at a cooling capacity of 2.07 MW, utilizing recovered waste heat at 88 °C for district hot water. The recovered heat minimizes overall exergy destruction, enhancing thermal plant performance.",https://www.mdpi.com/1996-1073/17/6/1295/pdf,15.0
Drinking water supply as low-temperature source in the district heating system: A case study for the city of Copenhagen,16,2020,… heat pumps (HPs) to extract energy from Copenhagen’s drinking water network and deliver it to its district heating … of additional heat and power consumption for end-use water heating. …,https://www.sciencedirect.com/science/article/pii/S0360544219324685,,0,"low temperature, district heating and cooling",10.1016/j.energy.2019.116773,Helga Hubeck-Graudal; Jonas Kjeld Kirstein; Torben Ommen; Martin Rygaard; Brian Elmegaard,2020-3,,https://api.elsevier.com/content/article/PII:S0360544219324685?httpAccept=text/xml,12.0
Energy analysis of an ultra-low temperature district heating and cooling system with coaxial borehole heat exchangers,13,2023,… for heating and cooling. Ultra-low temperature district heating and cooling (ULTDHC) allows operation with energy sources and systems hard to integrate into previous generations of …,https://www.sciencedirect.com/science/article/pii/S0360544223012793,,0,"low temperature, district heating and cooling",10.1016/j.energy.2023.127885,Gonzalo Quirosa; Miguel Torres; José A. Becerra; Francisco J. Jiménez-Espadafor; Ricardo Chacartegui,2023-9,,https://api.elsevier.com/content/article/PII:S0360544223012793?httpAccept=text/xml,13.0
Optimization of data centre waste heat integration into the low-temperature district heating networks,12,2024,"… This heat needs to be removed and usually, it doesn’t have any further application… heat can be integrated into district heating (DH) and by using it reduce the usage of conventional heat …",https://link.springer.com/article/10.1007/s11081-023-09837-5,,0,"low temperature, district heating and cooling",10.1016/j.energy.2024.134013,Luca Socci; Andrea Rocchetti; Antonio Verzino; Andrea Zini; Lorenzo Talluri,2024-12,,https://api.elsevier.com/content/article/PII:S0360544224037915?httpAccept=text/xml,19.0
District cooling substation design and control to achieve high return temperatures,12,2022,"Low return temperatures are a prevailing issue in district cooling systems negatively affecting operating costs and energy efficiency. In this study, three aspects of district cooling …",https://www.sciencedirect.com/science/article/pii/S0360544222008167,,0,"low temperature, district heating and cooling",10.1016/j.energy.2022.123913,Maria Jangsten; Torbjörn Lindholm; Jan-Olof Dalenbäck,2022-7,,https://api.elsevier.com/content/article/PII:S0360544222008167?httpAccept=text/xml,7.0
Lower-Temperature-Ready Renovation: An Approach to Identify the Extent of Renovation Interventions for Lower-Temperature District Heating in Existing,11,2023,"… aiming to transition to lower-temperature district heating (DH) … to be heated with a lower temperature supply from DH systems … for lower-temperature heating (LTH), considering energy …",https://www.mdpi.com/2075-5309/13/10/2524,,0,"low temperature, district heating and cooling",10.3390/buildings13102524,Prateek Wahi; Thaleia Konstantinou; Martin J. Tenpierik; Henk Visscher,10/5/2023,"This study presents an approach to determine the extent of renovation interventions required for existing Dutch dwellings aiming to transition to lower-temperature district heating (DH) systems. The proposed method is applied to a typical intermediate terraced house built before 1945 in the Netherlands, and it consists of two steps: first, assessing the potential of a dwelling to be heated with a lower temperature supply from DH systems and subsequently developing and evaluating alternative renovation solutions if necessary. This study defines a set of criteria for evaluating the readiness of a dwelling for lower-temperature heating (LTH), considering energy efficiency and thermal comfort as non-compensatory criteria. The application of the approach reveals that the case study dwelling is presently unsuitable for a medium-temperature (70/50 °C) and low-temperature (55/35 °C) supply compared to a high-temperature supply (90/70 °C), thus requiring energy renovations. Furthermore, this study indicates that moderate intervention levels are required for the dwelling to be lower-temperature-ready in both supply temperature goals. These interventions include strategies and measures that upgrade the building envelope to the minimum insulation levels stipulated by the Dutch Building Decree, improve airtightness, and replace existing radiators with low-temperature radiators. By systematically narrowing down renovation options, this approach aids in simplifying the decision-making process for selecting renovations for heating dwellings with LTH through DH systems, which could reduce stakeholders’ decision paralysis.",https://www.mdpi.com/2075-5309/13/10/2524/pdf,8.0
Monitoring and aggregate modelling of an existing neutral temperature district heating network,9,2021,"… of an existing neutral-temperature district heating (NTDH) … distribution temperature is close to the ambient temperature (… decentralized heat pumps (HP), for both heating and cooling. …",https://www.sciencedirect.com/science/article/pii/S2352484721007654,,0,"low temperature, district heating and cooling",10.1016/j.egyr.2021.08.162,Selva Calixto; Cenker Köseoğlu; Marco Cozzini; Giampaolo Manzolini,2021-10,,https://api.elsevier.com/content/article/PII:S2352484721007654?httpAccept=text/xml,6.0
Comparison of traditional district heating with low temperature district heating systems featuring organic Rankine cycle and heat pump,7,2023,… water heating is considered by the use of electric heaters to increase parameters of water for central heating … Presence of the heat pump in the system allows for significantly lower …,https://www.sciencedirect.com/science/article/pii/S0360544223017413,,0,"low temperature, district heating and cooling",10.1016/j.energy.2023.128347,Jarosław Mikielewicz; Dariusz Mikielewicz,2023-10,,https://api.elsevier.com/content/article/PII:S0360544223017413?httpAccept=text/xml,5.0
Holistic method for determining the techno-economic feasibility of waste heat for the planning of the low-temperature district heating systems,7,2024,… are known as systems that can be heat sources for the district heating (DH) system. This paper … heat demand. The conventional solutions remain viable for low plot ratio and low heat …,https://www.sciencedirect.com/science/article/pii/S0360544224037460,,0,"low temperature, district heating and cooling",10.1016/j.energy.2024.133968,Josip Miškić; Hrvoje Dorotić; Tomislav Pukšec; Daniel Rolph Schneider; Neven Duić,2024-12,,https://api.elsevier.com/content/article/PII:S0360544224037460?httpAccept=text/xml,6.0
Enhancing District Heating System Efficiency: A Review of Return Temperature Reduction Strategies,6,2025,"… return temperature reduction strategies in district heating systems… of district heating networks, enhancing energy efficiency and … transition to low-temperature district heating schemes and …",https://www.mdpi.com/2076-3417/15/6/2982,,0,"low temperature, district heating and cooling",10.3390/app15062982,Hakan İbrahim Tol; Habtamu Bayera Madessa,3/10/2025,"This review paper provides a comprehensive examination of current strategies and technical considerations for reducing return temperatures in district heating (DH) systems, aiming to enhance the utilization of available thermal energy. Return temperature, a parameter indirectly influenced by various system-level factors, cannot be adjusted directly but requires careful management throughout the design, commissioning, operation, and control phases. This paper explores several key factors affecting return temperature, including DH network, heat storage, and control strategies as well as the return temperature effect on the heat source. This paper also considers the influence of non-technical aspects, such as pricing strategies and maintenance practices, on system performance. The discussion extends to the complex interplay between low return temperatures and temperature differences, and between operational temperature schemes and economic considerations. Concluding remarks emphasize the importance of adopting a holistic approach that integrates technical, operational, and economic factors to improve DH system efficiency. This review highlights the need for comprehensive system-level optimization, effective management of system components, and consideration of unique heat production characteristics. By addressing these aspects, this study provides a framework for advancing DH system performance through optimized return temperature management.",https://www.mdpi.com/2076-3417/15/6/2982/pdf,3.0
Handbook of Low Temperature District Heating,5,2022,"… This book is devoted to District Heating systems at lower than usual temperature levels. We … of temperature levels. Actually, there are quite many definitions for temperature ranges out …","https://books.google.com/books?hl=en&lr=&id=LtOYEAAAQBAJ&oi=fnd&pg=PR5&dq=low+temperature,+district+heating+and+cooling&ots=eSV092UIV7&sig=ZKAOrN0Gz_lIybZUPOCQlkbk7bI",,0,"low temperature, district heating and cooling",10.1007/978-3-031-10410-7_5,Antonio Garrido-Marijuan; Roberto Garay-Martinez,2022,,https://link.springer.com/content/pdf/10.1007/978-3-031-10410-7_5,0.0
Booster heat pump with drop-in zeotropic mixtures applied in ultra-low temperature district heating system,5,2024,"… The pursuit of sustainable district heating solutions has driven a growing interest in ultra-low temperature district heating (ULTDH) systems, where booster heat pumps (BHPs) play a …",https://www.sciencedirect.com/science/article/pii/S0360544224020668,,0,"low temperature, district heating and cooling",10.1016/j.energy.2024.132292,Tingting Zhu; Elias Vieren; Jierong Liang; Jan Eric Thorsen; Michel De Paepe; Steven Lecompte; Brian Elmegaard,2024-10,,https://api.elsevier.com/content/article/PII:S0360544224020668?httpAccept=text/xml,4.0
Investigating energy performance of large-scale seasonal storage in the district heating system of chifeng city: Measurements and model-based analysis of,29,2021,This paper presents a modeling and simulation method that supports energy performance assessment and operation strategy investigation of borehole thermal energy storage in the …,https://www.sciencedirect.com/science/article/pii/S0378778821003972,,0,"low temperature, district thermal",10.1016/j.enbuild.2021.111113,Luyi Xu; Fang Guo; Pieter-Jan Hoes; Xudong Yang; Jan L.M. Hensen,2021-9,,https://api.elsevier.com/content/article/PII:S0378778821003972?httpAccept=text/xml,20.0
Potential for supply temperature reduction of existing district heating substations,25,2023,"… The criticalities occur at different levels: in the building, in the thermal … temperature in existing district heating substations is analyzed. A methodology including a model of the thermal …",https://www.sciencedirect.com/science/article/pii/S0360544223019916,,0,"low temperature, district thermal",10.1016/j.energy.2023.128597,Martina Capone; Elisa Guelpa; Vittorio Verda,2023-12,,https://api.elsevier.com/content/article/PII:S0360544223019916?httpAccept=text/xml,14.0
Analysis of a thermal energy storage tank in a large district cooling system: a case study,22,2020,… of a large thermal energy storage tank installed in a Gas District Cooling (GDC) plant. The … Thermal Energy Storage (TES) tank was acquired for this analysis. The recorded temperature …,https://www.mdpi.com/2227-9717/8/9/1158,,0,"low temperature, district thermal",10.3390/pr8091158,Mohd Amin Abd Majid; Masdi Muhammad; Chima Cyril Hampo; Ainul Bt Akmar,9/16/2020,"This study’s primary goal is to evaluate the performance of a large thermal energy storage tank installed in a Gas District Cooling (GDC) plant. The performance parameters considered in this study include thermocline thickness (WTc), Cumulated Charge (Qcum), and Half Figure of Merit (½ FOM). The operation sensor data of a large Thermal Energy Storage (TES) tank was acquired for this analysis. The recorded temperature sensor from the 1st to 7th January and from 12th to 17th October 2019 was considered in this research. GraphPad prism computer software was deployed for analyses, and the temperature distribution data were analyzed to determine the four temperature parameters (hot water temperature (Th), cool water temperature (Tc), cool water depth (C), and slope gradient (S)) using a non-linear regression curve fitting technique and sigmoid Dose Responses function as integrated with the software. At the end of this research, the relationship between the growth of the determined performance parameter with charging hours was analyzed and presented. The research results proved the ability of GraphPad Prism software to assess the temperature distribution in the TES tank and also the corresponding effects on the overall Tank performance. The software offers better advantages in evaluating the performance parameter of the TES tank accurately.",https://www.mdpi.com/2227-9717/8/9/1158/pdf,13.0
Multiobjective optimization and analysis of low-temperature district heating systems coupled with distributed heat pumps,22,2023,"… network, operating costs could be higher (with wood chip boiler) or lower (with natural gas boiler). This work can contribute to the deployment of efficient low temperature networks. …",https://www.sciencedirect.com/science/article/pii/S1359431123008475,,0,"low temperature, district thermal",10.1016/j.applthermaleng.2023.120818,Qiwei Qin; Louis Gosselin,2023-7,,https://api.elsevier.com/content/article/PII:S1359431123008475?httpAccept=text/xml,15.0
Successful implementation of low temperature district heating case studies,22,2021,… As a logical consequence the local multi-utility company “Stadtwerke Gleisdorf” started in 2009 with the construction of a biomass and solar thermal based district heating system as a …,https://www.sciencedirect.com/science/article/pii/S2352484721006818,,0,"low temperature, district thermal",10.1016/j.egyr.2021.08.079,Dietrich Schmidt; Kristina Lygnerud; Sven Werner; Roman Geyer; Harald Schrammel; Dorte Skaarup Østergaard; Oddgeir Gudmundsson,2021-10,,https://api.elsevier.com/content/article/PII:S2352484721006818?httpAccept=text/xml,15.0
Economic heat control of mixing loop for residential buildings supplied by low-temperature district heating,22,2022,… The thermal dynamics of the buildings are modeled by 3-… of thermal inertia into the district heating. The approach optimizes the heat consumption of the building with multi-temperature …,https://www.sciencedirect.com/science/article/pii/S235271022101144X,,0,"low temperature, district thermal",10.1016/j.jobe.2021.103286,Hessam Golmohamadi; Kim Guldstrand Larsen,2022-4,,https://api.elsevier.com/content/article/PII:S235271022101144X?httpAccept=text/xml,13.0
Thermal and economic analysis of preinsulated and twin-pipe heat network operation,19,2020,"… The remaining heat loss calculation is based merely on temperature levels and thermal resistance factors (in the ground), determined using the pipe dimensions and materials. It is …",https://www.sciencedirect.com/science/article/pii/S036054421932314X,,0,"low temperature, district thermal",10.1016/j.energy.2019.116619,Marzena Nowak-Ocłoń; Paweł Ocłoń,2020-2,,https://api.elsevier.com/content/article/PII:S036054421932314X?httpAccept=text/xml,10.0
Novel effective room temperature-based predictive feedback control method for large-scale district heating substation,18,2023,"… fluctuations in room temperature. In this study, a predictive feedback system based on effective temperature control has been proposed to improve the quality of district heating. First, a …",https://www.sciencedirect.com/science/article/pii/S1359431122011711,,0,"low temperature, district thermal",10.1016/j.applthermaleng.2022.119241,Zhiwei Li; Junjie Liu; Xiaochen Yang; Xiuqi Huang; Lizhi Jia; Min Li,2023-1,,https://api.elsevier.com/content/article/PII:S1359431122011711?httpAccept=text/xml,15.0
Dynamic modeling and intelligent heating strategies of district heating system based on the standardized thermal resistance,16,2023,"… on the standardized thermal resistance defined by the inlet temperature difference and constructed … In all, this standardized thermal resistance-based dynamic modeling method and the …",https://www.sciencedirect.com/science/article/pii/S135943112201849X,,0,"low temperature, district thermal",10.1016/j.applthermaleng.2022.119919,Zhihua Ge; Wanggang Fang; Shunjiang Wang; Junhong Hao; Yunxi Yang; Liang Tian; Jian Sun; Fang Dong,2023-3,,https://api.elsevier.com/content/article/PII:S135943112201849X?httpAccept=text/xml,14.0
Optimization study of a novel district heating system based on large temperature-difference heat exchange,14,2022,"… , due to a larger temperature-… low-temperature waste heat from the combined heating and power plant. This paper studies a novel district heating system based on the large temperature-…",https://www.sciencedirect.com/science/article/pii/S0196890422003132,,0,"low temperature, district thermal",10.1016/j.enconman.2022.115517,Yan Li; Lingling Wang; Kangwu Xu; Shuyan Zhang; Haiwu Zheng; Xiao Dong,2022-4,,https://api.elsevier.com/content/article/PII:S0196890422003132?httpAccept=text/xml,15.0
Study on the performance of a forced convection low temperature radiator for district heating,13,2023,"… Low temperature district heating has significant advantages in energy efficiency, but a huge amount of existing radiators lack the capabilities for low-… the lowest supply temperature of the …",https://www.sciencedirect.com/science/article/pii/S0360544223024301,,0,"low temperature, district thermal",10.2139/ssrn.4376462,Haichao Wang; Yang Zhou; Xiangli Li; Xiaozhou Wu; Hai Wang; Abdollahi Elnaz; Katja Granlund; Risto Lahdelma; Esa Teppo,2023,,,0.0
The ground impact on the ultra-low-and low-temperature district heating operation,13,2020,… being implemented aiming at lower heating medium supply temperature introduction. This … Ultra-Low- and Low-Temperature District Heating (UL-L- TDH) and the ground thermal energy …,https://www.sciencedirect.com/science/article/pii/S0960148119310687,,0,"low temperature, district thermal",10.1016/j.renene.2019.07.048,Oktawia Dolna; Jarosław Mikielewicz,2020-2,,https://api.elsevier.com/content/article/PII:S0960148119310687?httpAccept=text/xml,5.0
Pipe insulation evaluation for low-temperature district heating implementation in South Korea,12,2022,"… A micro hybrid DH system with natural gas run fuel cell, heat pump and solar thermal is proposed in this study. An evaluation of the system with a 500 m pipe network system supplying …",https://www.frontiersin.org/articles/10.3389/fenrg.2021.793557/full,,0,"low temperature, district thermal",10.3389/fenrg.2021.793557,Muhammad Usman; Yong Ki Kim,1/21/2022,"Future energy systems will comprise 100% renewable energy and involve high integration of energy systems. District heating (DH) and cooling systems will be an undeniable part of future energy systems, as they facilitate high-efficiency, low-cost, and clean production. Low-temperature district heating (LTDH) is one of the candidates for future district heating systems, where the supply temperature is 60°C or below. Reducing heat losses from the pipe network in DH systems is challenging. Improving the insulation standards in DH pipes can decrease heat and temperature losses in the pipe networks. This study employs computational fluid dynamics to evaluate the optimum insulation thickness based on the material and digging costs in South Korea. A micro hybrid DH system with natural gas run fuel cell, heat pump and solar thermal is proposed in this study. An evaluation of the system with a 500 m pipe network system supplying hot water at 60°C with polyethylene, ethylene propylene diene monomer rubber, and polyurethane as insulation materials using ANSYS Fluent 17.2 shows that the heat losses are minimal when using PU foams. A cost estimation analysis showed that 32 mm was the optimum insulation thickness for achieving heat losses below 20 W/m and minimum material and digging costs when burring the pipeline network in the ground.",https://www.frontiersin.org/articles/10.3389/fenrg.2021.793557/full,9.0
Performance of the variable-temperature multi-cold source district cooling system: A case study,12,2022,… outdoor temperature. This study proposed a novel operating strategy for variable-temperature cooling. An existing multi-cold source DCS operating at a constant temperature in an area …,https://www.sciencedirect.com/science/article/pii/S1359431122006664,,0,"low temperature, district thermal",10.1016/j.applthermaleng.2022.118722,Wei Zhang; Xu Jin; Ling Zhang; Wenpeng Hong,2022-8,,https://api.elsevier.com/content/article/PII:S1359431122006664?httpAccept=text/xml,9.0
Exploring opportunities for temperature reduction in existing district heating infrastructures,11,2024,"… supply temperatures. Reducing supply temperatures to facilitate the integration of low exergy … , due to both the heating devices or the thermal substations that may not support significant …",https://www.sciencedirect.com/science/article/pii/S036054422401644X,,0,"low temperature, district thermal",10.1016/j.energy.2024.131871,Martina Capone; Elisa Guelpa; Vittorio Verda,2024-9,,https://api.elsevier.com/content/article/PII:S036054422401644X?httpAccept=text/xml,7.0
Use of a low-cost phase change material emulsion in de-centralized thermal energy storage for district heating network enlargement,9,2024,… The chosen configuration is a typical cylindrical tank with internal coils through which the district heating water flows for the charge and discharge. This decentralized thermal energy …,https://www.sciencedirect.com/science/article/pii/S0360544224022916,,0,"low temperature, district thermal",10.1016/j.energy.2024.132517,Giulia Rinaldi; Ana Lazaro; Monica Delgado; Jose Maria Marin; Vittorio Verda,2024-10,,https://api.elsevier.com/content/article/PII:S0360544224022916?httpAccept=text/xml,7.0
"Study on urban thermal environmental factors in a water network area based on CFD simulation: A case study of Chengnan new district, Xiantao city, Hubei Province",9,2020,… thermal environment of Xiantao adopts the methods of multiple linear regression and wind–thermal … the spatial distribution of the urban thermal environment in the water network area. …,https://www.sciencedirect.com/science/article/pii/S2352186420313869,,0,"low temperature, district thermal",10.1016/j.eti.2020.101086,Ya Yang; Jun Li,2020-11,,https://api.elsevier.com/content/article/PII:S2352186420313869?httpAccept=text/xml,8.0
Controlling Temperatures in Low-Temperature District Heating: Adjustment to Meet Fluctuating Heat Load,8,2021,"… lower supply temperatures. They are thus easier to install in so-called low-temperature district … It means that, as the zone temperatures are reduced due to high thermal consumption, the …",https://link.springer.com/chapter/10.1007/978-3-030-80946-1_29,,0,"low temperature, district thermal",10.1007/978-3-030-80946-1_29,Stanislav Chicherin; Andrey Zhuikov; Mikhail Kolosov; Lyazzat Junussova; Madina Aliyarova; Aliya Yelemanova,11/11/2021,,https://link.springer.com/content/pdf/10.1007/978-3-030-80946-1_29,2.0
Demand side flexibility for a Heat Booster Substation with ultra low temperature district heating,8,2023,… -low temperature district heating (ULTDH) systems improve the heat distribution efficiency by reducing thermal … developed to optimally utilize the thermal energy storage capability of the …,https://www.sciencedirect.com/science/article/pii/S2352467723001935,,0,"low temperature, district thermal",10.1016/j.segan.2023.101185,Aneesh Chandra Nunna; Yi Zong; Jan Eric Thorsen,2023-12,,https://api.elsevier.com/content/article/PII:S2352467723001935?httpAccept=text/xml,4.0
Enhancing ultra low temperature district heating systems with neighborhood-scale heat pump and triple-pipe distribution: A techno-economic analysis,8,2024,Ultra-Low Temperature District Heating (ULTDH) systems are advanced District Heating (DH) systems enabling the efficient utilization of low-temperature heat sources for heating …,https://www.sciencedirect.com/science/article/pii/S2352710224018849,,0,"low temperature, district thermal",10.1016/j.jobe.2024.110316,Halil Ibrahim Topal; Ahmad Arabkoohsar,2024-10,,https://api.elsevier.com/content/article/PII:S2352710224018849?httpAccept=text/xml,3.0
Investigation of control strategies for dual-temperature district heating substations with two absorption heat pumps and two heat exchangers,6,2024,"… low temperatures and diversification, resulting in the simultaneous presence of different … of dual-temperature district heating substations at different ambient temperatures during the …",https://www.sciencedirect.com/science/article/pii/S0196890424003728,,0,"low temperature, district thermal",10.1016/j.enconman.2024.118431,Tiancheng Li; Wei Chen; Xianting Li; Baolong Wang; Wenxing Shi,2024-6,,https://api.elsevier.com/content/article/PII:S0196890424003728?httpAccept=text/xml,6.0
Pumped thermal electricity storage integration in district heating systems,5,2020,"… for heat pump operation during low tariff cost, 3 is low temperature energy flow – from … direct flow to district heating consumer after heat pump, 5 – ambient temperature energy flow in …",https://ieeexplore.ieee.org/abstract/document/9316560/,,0,"low temperature, district thermal",10.1109/rtucon51174.2020.9316560,Dmitrijs Rusovs; Sigurds Jaundalders; Peteris Stanka,11/5/2020,,http://xplorestaging.ieee.org/ielx7/9316543/9316469/09316560.pdf?arnumber=9316560,2.0
Design of district heating system with dual-temperature supply based on thermal energy discretisation and matching method,5,2023,… on thermal energy discretisation and matching method -had the lowest primary return-water temperature … the design of district heating systems that supply dual-temperature water under …,https://www.sciencedirect.com/science/article/pii/S0959652623026914,,0,"low temperature, district thermal",10.1016/j.jclepro.2023.138533,Wei Chen; Tiancheng Li; Xianting Li; Baolong Wang; Yang Cao; Wenxing Shi,2023-10,,https://api.elsevier.com/content/article/PII:S0959652623026914?httpAccept=text/xml,2.0
Configuration optimization of a novel multi-energy coupled low temperature district heating system based on distributed absorption and compression heat,4,2025,"… low-temperature hydro-geothermal heat for district heating contributes to reducing carbon emission, but low … multi-energy coupled low-temperature district heating system based on …",https://www.sciencedirect.com/science/article/pii/S0360544225026398,,0,"low temperature, district thermal",10.2139/ssrn.5120266,Fangtian Sun; Zhicheng Wang; Wanqing Xu; Baogeng Chen,2025,,,0.0
A method for setting room temperature of district heating in northern China based on local thermal comfort,4,2024,"… and Chinese Thermal Comfort Database, focusing on the district … We developed a thermal sensation evaluation model for … , investigated the lower limit of acceptable air temperature for …",https://www.sciencedirect.com/science/article/pii/S1359431124015084,,0,"low temperature, district thermal",10.1016/j.applthermaleng.2024.123840,Chang Liu; Zhaojun Wang; Yuxin Yang; Fanzhuo Zhou; Lin Duanmu; Yongchao Zhai; Zhiwei Lian; Bin Cao; Yufeng Zhang; Xiang Zhou; Jingchao Xie,2024-9,,https://api.elsevier.com/content/article/PII:S1359431124015084?httpAccept=text/xml,2.0
"low-temperature district heating with decentralized substations in Korean apartment buildings: Analysis of heat loss, energy efficiency, and return temperature",4,2025,This study investigates the feasibility and potential benefits of implementing low-temperature district heating (LTDH) with decentralized substations (DS) in Korean apartment buildings. …,https://www.sciencedirect.com/science/article/pii/S135943112403031X,,0,"low temperature, district thermal",10.1016/j.applthermaleng.2024.125363,Sung Woo Ryu; Kwang Ho Lee,2025-3,,https://api.elsevier.com/content/article/PII:S135943112403031X?httpAccept=text/xml,6.0
Evaluation of thermal performance and efficiency enhancement potential of low-temperature operation strategies in solar district heating systems,4,2025,"… In the context of solar district heating systems, adopting low-temperature operation is … low-temperature operation strategies, including reductions in supply and return temperatures, …",https://www.sciencedirect.com/science/article/pii/S135943112500571X,,0,"low temperature, district thermal",10.1016/j.applthermaleng.2025.125980,Ruichao Zhang; Dengjia Wang; Zhelong Mo; Qingtai Jiao; Xia Liu; Meng Gao; Jianhua Fan,2025-6,,https://api.elsevier.com/content/article/PII:S135943112500571X?httpAccept=text/xml,4.0
Experimental and numerical investigation into a thermocline storage for district heating,3,2024,"… district heating. Specifically, a packed bed was designed and experimental tested with a charging temperature of 550.0 ℃, a heating water temperature … thermal storage system in district …",https://www.sciencedirect.com/science/article/pii/S1359431124004162,,0,"low temperature, district thermal",10.1016/j.applthermaleng.2024.122748,Guobin Jia; Xiaofeng Yuan; Yun Cao; Kaihua Jiang; Yang Yang; Zhijun Chen; Gang Cheng; Yang Zou,2024-5,,https://api.elsevier.com/content/article/PII:S1359431124004162?httpAccept=text/xml,3.0
Design of solar district heating system with seasonal thermal energy storage in northern China and its economic analysis,2,2025,"… The monthly heating load demonstrates an inverse correlation with the average temperature, where lower temperatures coincide with higher heating demands. As heating commences, …",https://asmedigitalcollection.asme.org/thermalscienceapplication/article/17/12/121001/1219890,,0,"low temperature, district thermal",10.1115/1.4069284,Bo Huang; Mingfei He; Bo Song,9/1/2025,"Abstract
               District heating is particularly significant in China, accounting for approximately one-third of the total building heat consumption. Utilizing clean, renewable energy for heating is a critical strategy to transform the national energy landscape, with district solar heating playing a pivotal role. This study presents a design methodology for a solar seasonal heating system, exemplified by a project from a heating company in Xi'an. The system includes a solar flat-plate collector field area of 12,400 m2 and a seasonal thermal storage volume of 52,125 m3, achieving a solar fraction of 36.32% and an annual heat supply of 48,378 GJ. Furthermore, the economic feasibility is assessed using cash flow analysis, revealing a net present value rate of 5.37% and a static investment payback period of 13.0 years. Sensitivity analysis identifies the heating price as the most significant factor affecting the project's feasibility, followed by construction investment and heating costs. The study proposes optimizing economic returns by increasing the heating price by 8.63%, reducing construction investment by 15.62%, or adopting a design with a 29.10% solar fraction. The study emphasizes economic and environmental benefits, recommending tailored economic targets, especially in regions with abundant solar resources or policy subsidy support.",https://asmedigitalcollection.asme.org/thermalscienceapplication/article-pdf/17/12/121001/7524243/tsea-25-1295.pdf,1.0
Experimental and numerical simulation of a 2.88 kW PV grid-connected system under the terrestrial conditions of Sharjah city,27,2023,"… A 2.88 kW grid-connected PV system needs an equivalent heat transfer … highest temperature of the PV module occurs in the middle of the PV module’s cell, while the lowest temperature …",https://www.sciencedirect.com/science/article/pii/S2352484722027147,,0,"low temperature, thermal grid",10.1016/j.egyr.2022.12.115,Tareq Salameh; Abdul Kadir Hamid; Mena Maurice Farag; Essam M. Abo-Zahhad,2023-5,,https://api.elsevier.com/content/article/PII:S2352484722027147?httpAccept=text/xml,14.0
An intelligent semantic system for real-time demand response management of a thermal grid,24,2020,"… “Demand Response” energy management of thermal grids requires consideration of a wide … , with a focus on the optimization of a thermal grid informed by real-time energy demand. …",https://www.sciencedirect.com/science/article/pii/S2210670719316634,,0,"low temperature, thermal grid",10.1016/j.scs.2019.101857,Yu Li; Yacine Rezgui; Sylvain Kubicki,2020-1,,https://api.elsevier.com/content/article/PII:S2210670719316634?httpAccept=text/xml,23.0
Experimental analysis of a micro-scale organic Rankine cycle system retrofitted to operate in grid-connected mode,21,2020,"This work presents the retrofitting of a micro-scale organic Rankine cycle system originally designed for off-grid operation, modified to operate in grid-connected mode. Quantitative and …",https://www.sciencedirect.com/science/article/pii/S1359431120333718,,0,"low temperature, thermal grid",10.1016/j.applthermaleng.2020.115889,Muhammad Usman; Muhammad Imran; Fredrik Haglind; Apostolos Pesyridis; Byung-Sik Park,2020-11,,https://api.elsevier.com/content/article/PII:S1359431120333718?httpAccept=text/xml,14.0
Energy and thermal storage in clusters of grid-independent buildings,19,2020,"… This study examines the hourly, daily, and yearly operation of a cluster of one hundred grid-independent buildings that completely rely on photovoltaics for electricity generation, …",https://www.sciencedirect.com/science/article/pii/S0360544219321358,,0,"low temperature, thermal grid",10.1016/j.energy.2019.116440,Michelle K. DeValeria; Efstathios E. Michaelides; Dimitrios N. Michaelides,2020-1,,https://api.elsevier.com/content/article/PII:S0360544219321358?httpAccept=text/xml,17.0
Analyzing at-scale distribution grid response to extreme temperatures,18,2023,"… Threats against power grids continue to increase, as extreme … and modeling of power grids to reflect realistic conditions … platform for electric distribution grids which can estimate overall …",https://www.sciencedirect.com/science/article/pii/S0306261923002507,,0,"low temperature, thermal grid",10.1016/j.apenergy.2023.120886,Sarmad Hanif; Monish Mukherjee; Shiva Poudel; Min Gyung Yu; Rohit A. Jinsiwale; Trevor D. Hardy; Hayden M. Reeve,2023-5,,https://api.elsevier.com/content/article/PII:S0306261923002507?httpAccept=text/xml,13.0
Thermal performance analysis of ground source heat pump system for low-temperature waste heat recovery storage,18,2022,… for low-temperature waste heat storage. Considering the large amount of low-temperature … this study intends to store this low-temperature waste heat in the ground. A GSHP system for …,https://www.sciencedirect.com/science/article/pii/S2214157X2200377X,,0,"low temperature, thermal grid",10.2139/ssrn.4056987,Songqing Wang,2022,,,0.0
Generalized additive modeling of building inertia thermal energy storage for integration into smart grid control,17,2021,"… In this work, a mathematical model of building inertia thermal energy storage (BITES) for integration into optimized smart grid control is introduced. It is shown how necessary model …",https://ieeexplore.ieee.org/abstract/document/9427196/,,0,"low temperature, thermal grid",10.1109/access.2021.3078802,Marcus Voss; Jan F. Heinekamp; Sabine Krutzsch; Friedrich Sick; Sahin Albayrak; Kai Strunz,2021,,http://xplorestaging.ieee.org/ielx7/6287639/9312710/09427196.pdf?arnumber=9427196,8.0
Flexibility enhancement of combined heat and power unit integrated with source and grid-side thermal energy storage,10,2024,"… grid-side thermal energy storage (TES) systems simultaneously. The mathematical model of the proposed thermal … improvement rate of source-side TES, grid-side TES and dual TES is …",https://www.sciencedirect.com/science/article/pii/S0360544224033462,,0,"low temperature, thermal grid",10.1016/j.energy.2024.133568,Chengxu Chen; Xiaoze Du; Lizhong Yang; Alessandro Romagnoli,2024-12,,https://api.elsevier.com/content/article/PII:S0360544224033462?httpAccept=text/xml,10.0
"A review of Geological Thermal Energy Storage for seasonal, grid-scale dispatching",8,2025,"… and valuable grid services. GeoTES utilizes subsurface reservoirs to store thermal energy for … This approach significantly enhances the use of low-temperature reservoirs, which would …",https://www.sciencedirect.com/science/article/pii/S1364032125004344,,0,"low temperature, thermal grid",10.1016/j.rser.2025.115761,Erik Witter; Patrick Dobson; Dayo Akindipe; Joshua McTigue; Trevor Atkinson; Ram Kumar; Eric Sonnenthal; Guangdong Zhu,2025-8,,https://api.elsevier.com/content/article/PII:S1364032125004344?httpAccept=text/xml,9.0
Experimental investigation on packed bed cool storage system for supply-demand management in building air-conditioning system suitable for micro thermal grid,7,2021,"… [24] studied a system consisting of a ground-source heat pump, a low temperature thermal network and a series of electric heat pumps. The thermal grid considered was the heat source/…",https://doiserbia.nb.rs/Article.aspx?id=0354-98361900265N,,0,"low temperature, thermal grid",10.2298/tsci180901265n,Rajamani Narayanasamy; Pandiyarajan Vellaichamy; Mangat Sharma; Velraj Ramalingam,2021,"In most of the developed nation, the increase in percentage share of renewable power in the total power generation causes major concerns over the integration of these renewable power with the grid resulting grid instability. Energy storage is a new frontier technology which is considered as the ultimate solution in developing micro-smart grid with distributed renewable power generation. Most of the hot countries like India spend nearly 24% of the electricity generated on air-conditioning and food preservation. Under such scenario, among the various types of storage systems, the cool thermal storage plays a vital role to promote renewable power in an economical way. Considering the importance in the present renewable energy scenario, in the present work, an experimental investigation was performed on a packed bed cool storage system integrated with a chiller system which has major advantages in central air-conditioning system for demand management strategies. The storage system consists of encapsulated spherical balls filled with a mixture of distilled water and pseudomonas (nucleating agent) as phase change material and a mixture of distilled water and mono-ethylene glycol as heat transfer fluid. The essential parameters such as reduction in subcooling, instantaneous, and cumulative heat transfer during the charging process are presented for the efficient operation.",,5.0
Enabling residential heating decarbonization through hydronic low-temperature thermal distribution using forced-air assistive devices,5,2024,"… , which typically provide heating temperatures of up to 60 C (140 F). In this work, a low-cost retrofit … at higher water supply temperatures (71.1 – 82.2 C) can also be achieved at lower …",https://www.sciencedirect.com/science/article/pii/S0306261923013958,,0,"low temperature, thermal grid",10.1016/j.apenergy.2023.122031,Jason Loprete; Rebecca Trojanowski; Thomas Butcher; Jon Longtin; Dimitris Assanis,2024-1,,https://api.elsevier.com/content/article/PII:S0306261923013958?httpAccept=text/xml,3.0
Characteristics and challenges in prosumer-dominated thermal networks,13,2021,… of such networks compared to conventional district heating and cooling networks has not yet … characteristics of prosumer-dominated thermal networks and discusses challenges that …,https://iopscience.iop.org/article/10.1088/1742-6596/2042/1/012039/meta,,0,"low temperature, thermal network",10.1088/1742-6596/2042/1/012039,Thomas Licklederer; Daniel Zinsmeister; Ilya Elizarov; Vedran Perić; Peter Tzscheutschler,11/1/2021,"Abstract
               Prosumer-dominated thermal networks interconnect distributed prosumers. These networks form the infrastructure that allows to execute the trading of thermal energy as desired in the context of local energy markets. However, the significantly different behavior of such networks compared to conventional district heating and cooling networks has not yet been comprehensively investigated. This paper provides a compilation of instrinsic characteristics of prosumer-dominated thermal networks and discusses challenges that arise from these characteristics. As a basis for the investigations an underlying reference concept for the considered type of networks is described. Simulative case studies are combined with scientific deduction and literature references to gain new insights on the design and operation of this type of networks. It is found that due to the variability in these networks, the definition of a design case is a challenge for the dimensioning of concrete network implementations. To anticipate the strong coupling between prosumers and the nonlinear network behavior, it is concluded that centralized control combined with a model of the physical network behavior is necessary. The discussion of characteristics and challenges in prosumer-dominated thermal networks indicates open points in this field and thus provides a starting point for consecutive studies.",https://iopscience.iop.org/article/10.1088/1742-6596/2042/1/012039,3.0
Including thermal network operation in the optimization of a Multi Energy System,9,2023,… thermal network whose simulation is based on temperatures … of the operating temperatures on the performances of thermal … a MES and its internal thermal network. The model relies on …,https://www.sciencedirect.com/science/article/pii/S0196890423000286,,0,"low temperature, thermal network",10.1016/j.enconman.2023.116682,Umberto Tesio; Elisa Guelpa; Vittorio Verda,2023-2,,https://api.elsevier.com/content/article/PII:S0196890423000286?httpAccept=text/xml,9.0
Experimental validation of the dynamic thermal network approach in modeling buried pipes,4,2023,"… in many heating and cooling systems, particularly in thermal energy networks and ground heat exchangers. In this study, the dynamic thermal network (DTN) approach’s validity as a …",https://www.tandfonline.com/doi/abs/10.1080/23744731.2023.2222622,,0,"low temperature, thermal network",10.1080/23744731.2023.2222622,Saleh S. Meibodi; Simon Rees,6/21/2023,,https://www.tandfonline.com/doi/pdf/10.1080/23744731.2023.2222622,0.0
Independent Thermal network through thermal synergy between four architectural units,2,2023,"… This research aims to create local networks by reusing residual thermal energy to fulfill human needs, reducing energy production and CO₂ emissions that eliminate environmental …",https://www.joe.uobaghdad.edu.iq/index.php/main/article/view/1704,,0,"low temperature, thermal network",10.31026/j.eng.2023.07.01,Ali Badai,7/1/2023,"The manifestations of climate change are increasing with the days: sudden rains and floods, lakes that evaporate, rivers that experience unprecedentedly low water levels, and successive droughts such as the Tigris, Euphrates, Rhine, and Lape rivers. At the same time, energy consumption is increasing, and there is no way to stop the warming of the Earth's atmosphere despite the many conferences and growing interest in environmental problems. An aspect that has not received sufficient attention is the tremendous heat produced by human activities. This work links four elements in the built environment that are known for their high energy consumption (houses, supermarkets, greenhouses, and asphalt roads) according to what is known as the energy synergy to share them within a thermal network independent of the national network. This research concluded that an asphalt road with a length of 6 km is sufficient to heat more than 800 homes, in addition to valuable benefits accrued by hot countries, such as maintaining the quality of the asphalt layer, prolonging its life, and reducing traffic accidents. The supermarket, which needs cooling every day of the year, can meet its energy needs for cooling in the winter by heating the Greenhouse, while the heat flux is stored for each of the greenhouses and the supermarkets for the rest of the year in the thermal tank (TESS).
لتدفق الحراري لكل من الدفيئة والسوبر ماركت لبقية العام في الحرارية. خزان (TESS).",https://joe.uobaghdad.edu.iq/index.php/main/article/download/1704/1564,0.0
between the economic optimal and lowest distribution temperatures for heat-prosumer-based district heating systems with short-term thermal energy storage,25,2022,"… driving force for energy-efficient and economic-competitive district heating (DH) … low-temperature water-based DH systems. However, for heat prosumers integrated with thermal energy …",https://www.sciencedirect.com/science/article/pii/S0360544222005047,,0,"low-temperature, district energy",10.1016/j.energy.2022.123601,Haoran Li; Juan Hou; Tianzhen Hong; Natasa Nord,2022-6,,https://api.elsevier.com/content/article/PII:S0360544222005047?httpAccept=text/xml,14.0
Thermo-economic analysis of near-surface geothermal energy considering heat and cold supply within a low-temperature district heating network,7,2022,"… This study evaluates low-temperature district heating (LTDH) networks with different geothermal heat sources under thermo-economic criteria. In particular, the heat and cold supply of …",https://www.mdpi.com/2227-9717/10/2/421,,0,"low-temperature, district energy",10.3390/pr10020421,Sebastian Kutzner; Florian Heberle; Dieter Brüggemann,2/21/2022,"This study evaluates low-temperature district heating (LTDH) networks with different geothermal heat sources under thermo-economic criteria. In particular, the heat and cold supply of modern neighbourhoods are taken into account in a dynamic simulation model built on the modelling language Modelica. Both horizontal and vertical ground heat exchangers (GHE) were investigated in respect to the load profiles of the consumers, depending on dimension as well as location. The selected base case represents a LTDH network near Stuttgart (Germany). The corresponding results of an annual simulation show that a horizontal GHE is suitable for pure heat supply and can reduce costs by up to 12% compared to a vertical system. This economic advantage remains when the cooling demand is considered. Subsequently, a variation of the system location was carried out. It is shown that horizontal GHEs operate more economically in northern regions, whereas vertical ones are more advantageous in regions with increased cooling demand. For both cases, possible savings of between 3.0% and 4.2% resulted from the simulations. The heating-to-cooling demand ratio was used as a first decision criteria to weigh-up between the two systems. Vertical GHEs were more economical than horizontal systems as soon as the ratio dropped below 1.5.",https://www.mdpi.com/2227-9717/10/2/421/pdf,5.0
Geospatial Characterization of Low-Temperature Heating and Cooling Demand in the United States,4,2023,"… In particular, the primary use of geothermal energy in the United States today is for baseload electricity and geothermal heat pumps, instead of direct-use heating for district energy or …",https://www.osti.gov/biblio/1962027,,0,"low-temperature, district energy",10.4081/gh.2023.1213,Ruiwen Xiong; Xiaolong Li,7/20/2023,"Environmental factors are known to affect outbreak patterns of infectious disease, but their impacts on the spread of COVID-19 along with the evolution of this relationship over time intervals and in different regions are unclear. This study utilized 3 years of data on COVID-19 cases in the continental United States from 2020 to 2022 and the corresponding weather data. We used regression analysis to investigate weather impacts on COVID-19 spread in the mainland United States and estimate the changes of these impacts over space and time. Temperature exhibited a significant and moderately strong negative correlation for most of the US while relative humidity and precipitation experienced mixed relationships. By regressing temperature factors with the spreading rate of waves, we found temperature change can explain over 20% of the spatial-temporal variation in the COVID-19 spreading, with a significant and negative response between temperature change and spreading rate. The pandemic in the continental United States during 2020-2022 was characterized by seven waves, with different transmission rates and wave peaks concentrated in seven time periods. When repeating the analysis for waves in the seven periods and nine climate zones, we found temperature impacts evolve over time and space, possibly due to virus mutation, changes in population susceptibility, social behavior, and control measures. Temperature impacts became weaker in 6 of 9 climate zones from the beginning of the epidemic to the end of 2022, suggesting that COVID-19 has increasingly adapted to wider weather conditions.   ",https://www.geospatialhealth.net/gh/article/download/1213/1284,2.0
Simulation of distribution system for low temperature district heating in future urban areas Case study of a planned city district in G vle,2,2023,"… of the 4thgeneration district heating which is characterized by low distribution temperatures. In this study, low-temperature district heating distribution in a planned future city district is …",https://www.ecp.ep.liu.se/index.php/sims/article/view/782,,0,"low-temperature, district energy",10.3384/ecp200041,Oskar Olsson; Mattias Gustafsson; Magnus Åberg,10/19/2023,"In Europe, the prices of natural gas and electricity reached an all-time high in 2022. A way to mitigate high electricity costs is to expand district heating systems in urban areas, this will reduce electric load as well as increase the power generation possibilities in combined heat and power plants. District heating has been the dominant heat supply technology in urban areas in Sweden since the 1980s. However, as the energy efficiency in buildings increase, district heating distribution losses must be reduced to ensure a cost-efficient heat supply. This has led to the idea of the 4th generation district heating which is characterized by low distribution temperatures. In this study, low-temperature district heating distribution in a planned future city district is simulated using a Python-based tool. Two different low-temperature distribution systems are investigated: 1) 2-pipe low-temperature system, and 2) a cascading 3-pipe low-temperature system. The focus is on simulating the distribution losses, temperature drop, and mass flow in the pipe network. The scope of the analysis also includes an investigation of the effect of lower return temperatures on the central district heating network. The results indicate that the low-temperature distribution system with the 2-pipe system performs better than the cascading system when considering distribution losses and temperature drop. The mass flow depends on the temperature demand in the heating systems in the buildings and is considerably high for both low-temperature distribution systems investigated.",https://ecp.ep.liu.se/index.php/sims/article/download/782/687,1.0
Climatic division based on frosting characteristics of air source heat pumps,20,2020,… of the air source heat pumps outdoor units are mainly … of climatic conditions on air source heat pumps frost. In order to … data of the air source heat pumps in winter in many cities in China. …,https://www.sciencedirect.com/science/article/pii/S0378778820306472,,0,"low-temperature, district heat pump",10.1016/j.enbuild.2020.110219,Xiangguo Xu; Zhiqiang Fang; Zhiqiang Wang,2020-10,,https://api.elsevier.com/content/article/PII:S0378778820306472?httpAccept=text/xml,16.0
Development of evaluation indexes for assessing the regional operating performances of air source heat pump (ASHP) units operated in different climate,20,2021,"… In addition, in Tibet, Beijing, Liaoning, etc., the total output heating energy … low temperature ambient. In most regions in southern China, RH would affect more on the total output heating …",https://www.sciencedirect.com/science/article/pii/S0378778821003959,,0,"low-temperature, district heat pump",10.1016/j.enbuild.2021.111111,Yong Wu; Wei Wang; Yuying Sun; Yiming Cui; Yao Lin; Shiming Deng,2021-9,,https://api.elsevier.com/content/article/PII:S0378778821003959?httpAccept=text/xml,15.0
Techno economic analysis of a novel hybrid heat pump system to recover waste heat and condensate from the low temperature boiler exhaust gas,18,2020,"… In this era, heat pumps are getting popularity in combination with the flue gas condensing … types of the heat pumps are; compression heat pump (CHP) and absorption heat pump (AHP). …",https://onlinelibrary.wiley.com/doi/abs/10.1002/er.5172,,0,"low-temperature, district heat pump",10.1002/er.5172,Shah Rukh Jamil; Limin Wang; Defu Che,2020-4,,https://onlinelibrary.wiley.com/doi/pdf/10.1002/er.5172,12.0
Performance investigation of a novel low-carbon solar-assisted multi-source heat pump heating system demonstrated in a public building in Hull,16,2024,… heat pump heating … heating system (GBHS). The LSMHS integrates eight novel multi-throughout-flowing solar collector arrays with an innovative two-stage heat recovery heat pump …,https://www.sciencedirect.com/science/article/pii/S0196890423013250,,0,"low-temperature, district heat pump",10.1016/j.enconman.2023.117979,Yunhai Li; Zhaomeng Li; Zhiying Song; Yi Fan; Xudong Zhao; Jing Li,2024-1,,https://api.elsevier.com/content/article/PII:S0196890423013250?httpAccept=text/xml,12.0
Occupant heating patterns of low-temperature air-to-air heat pumps in rural areas during different heating periods,9,2023,… the low-temperature air-to-air heat pump (AAHP) is one of the ASHP that has been widely promoted and the low-temperature air-to-air heat pump … buildings’ actual heating demands are …,https://www.mdpi.com/2075-5309/13/3/679?utm_source=releaseissue&utm_medium=email&utm_campaign=releaseissue_buildings&utm_term=titlelink161&recipient=salnapitt.3@gmail.com&subject=Buildings%2C%20Volume%2013%2C%20Issue%203%20%28March%202023%29%20Table%20of%20Contents&campaign=ReleaseIssue,,0,"low-temperature, district heat pump",10.3390/buildings13030679,Xiaoyi Chen; Ziqiao Li; Longkang Dai; Wenmao Zeng; Meng Liu,3/3/2023,"Understanding the actual heating patterns of air-to-air heat pumps (AAHP) in rural areas is crucial for energy planning and clean-heating policy optimization. To explore the influence of outdoor climate change on occupants’ heating patterns when using AAHPs in rural areas, the heating season was classified into three periods: the early heating period (EH), the mid heating period (MH), and the late heating period (LH). The investigation was conducted in rural areas of northern China, and indoor environmental parameters were measured from December 2021 to March 2022. Occupants completed household questionnaires about their heating habits before heating and phone interviews at the end of heating. This paper proposes clustering analysis to identify the AAHP heating pattern in rural areas. The results revealed four typical heating patterns of AAHP utilization. Occupant heating behaviors were dominated by the outdoor temperature fluctuation. In particular, during the mid heating period, the heating operation time periods and the heating duration were longer than that of other heating periods. Moreover, the heating patterns in living rooms were different from that in bedrooms. Room occupancy had an impact on household heating demands. These results could provide guidance for energy planning and the development of clean heating policy in the rural area.",https://www.mdpi.com/2075-5309/13/3/679/pdf,6.0
efficiency and economic performance of a low-temperature heating system combining double-layer pipe-embedded wall and ground source heat pump,7,2025,"… The energy efficiency of heat pump heating systems can be … wall heating system coupled to a ground source heat pump. … water produced by the heat pump to provide heating. Energy, …",https://www.sciencedirect.com/science/article/pii/S0960148124021554,,0,"low-temperature, district heat pump",10.1016/j.renene.2024.122087,Yaxin Zhao; Xianting Li,2025-2,,https://api.elsevier.com/content/article/PII:S0960148124021554?httpAccept=text/xml,8.0
Study on the Performance of a New Ultra-Low Temperature Air Source Heat Pump (ASHP) Unit in Cold Regions,6,2023,"… Findings of this study revealed that this ultra-low temperature ASHP unit had a better performance under cold environment, which offered a possibility for the prevailing of the ASHP in …",https://www.mdpi.com/2075-5309/13/8/2107,,0,"low-temperature, district heat pump",10.3390/buildings13082107,Yanqiang Di; Chen Zhao; Xueli Lian; Xiaolong Li; Daorina Bao; Jinxing Liu,8/20/2023,"Low air temperature and frosting have been reported as the critical factors that greatly attenuate the efficiency and performance of the ASHP in cold regions. In order to ensure the potential prevalence of the ASHP in cold regions of China, a new ultra-low temperature ASHP unit was developed, and the field measurement was carried out in an office building where these ASHP units were installed in Shanxi Province. Results showed that a coefficient of performance (COP) of 1.83 was obtained at the ultra-low environmental temperature of −25 °C. Meanwhile, measured results indicated significant frosting suppression and improved heating performance under three typical frosting conditions. In addition, long-term measurement results revealed that the mean COP and COPsys reached up to 3.34 and 2.63, respectively, indicating a higher performance in the cold regions of China. Consequently, the corresponding CO2 emission reached 11.3 kg per year and per square meter, and the annual total cost on the unit reduced by 15.8% compared with the conventional ASHP, which meant that the total investment could be covered in the second year. The reduced CO2 emission and the annual cost implied that the ASHP unit could produce better environmental and economic benefits. Findings of this study revealed that this ultra-low temperature ASHP unit had a better performance under cold environment, which offered a possibility for the prevailing of the ASHP in cold or extremely cold regions, as well as could contribute to the carbon peaking and neutralization.",https://www.mdpi.com/2075-5309/13/8/2107/pdf,6.0
Overview of solutions for the low-temperature operation of domestic hot-water systems with a circulation loop,25,2021,… return temperatures to the district heating system. This article presents the potential for the low-temperature operation of new DHW solutions based on energy balance calculations and …,https://www.mdpi.com/1996-1073/14/11/3350,,0,"low-temperature, district heating and cooling",10.3390/en14113350,Theofanis Benakopoulos; William Vergo; Michele Tunzi; Robbe Salenbien; Svend Svendsen,6/7/2021,"The operation of typical domestic hot water (DHW) systems with a storage tank and circulation loop, according to the regulations for hygiene and comfort, results in a significant heat demand at high operating temperatures that leads to high return temperatures to the district heating system. This article presents the potential for the low-temperature operation of new DHW solutions based on energy balance calculations and some tests in real buildings. The main results are three recommended solutions depending on combinations of the following three criteria: district heating supply temperature, relative circulation heat loss due to the use of hot water, and the existence of a low-temperature space heating system. The first solution, based on a heating power limitation in DHW tanks, with a safety functionality, may secure the required DHW temperature at all times, resulting in the limited heating power of the tank, extended reheating periods, and a DH return temperature of below 30 °C. The second solution, based on the redirection of the return flow from the DHW system to the low-temperature space heating system, can cool the return temperature to the level of the space heating system return temperature below 35 °C. The third solution, based on the use of a micro-booster heat pump system, can deliver circulation heat loss and result in a low return temperature below 35 °C. These solutions can help in the transition to low-temperature district heating.",https://www.mdpi.com/1996-1073/14/11/3350/pdf,19.0
Alternatives for upgrading from high-temperature to low-temperature heating systems in existing buildings: Challenges and opportunities,16,2024,… The impact of changing from fossil-based boilers to heat pumps is compared in typical … implications of switching from high to low-temperature heating systems regarding both costs and …,https://www.sciencedirect.com/science/article/pii/S0378778824009149,,0,"low-temperature, district heating and cooling",10.1016/j.enbuild.2024.114798,J.C. Roca Reina; A. Toleikyte; J. Volt; J. Carlsson,2024-11,,https://api.elsevier.com/content/article/PII:S0378778824009149?httpAccept=text/xml,8.0
Ecological and economic analysis of low-temperature district heating in typical residential areas,5,2021,… Potential waste heat integration in low-temperature district heating (LTDH) systems is a main task for future sustainable heat supply. For evaluation of efficient LTDH integration in …,https://publications.ibpsa.org/conference/paper/?id=bs2021_30154,,0,"low-temperature, district heating and cooling",10.26868/25222708.2021.30154,Jan Stock; Dominik Hering; André Xhonneux; Dirk Müller,9/1/2021,,,2.0
the thermal energy storage strategy on the performance of a booster heat pump for domestic hot water production system based on the use of low temperature,8,2020,… and the total energy used from the low temperature heat source for the energy extracted … This study focuses on DHW production systems that employ a low temperature water stream …,https://www.mdpi.com/1996-1073/13/24/6576,,0,"low-temperature, district thermal",10.3390/en13246576,Ximo Masip; Emilio Navarro-Peris; José M. Corberán,12/14/2020,"Energy recovery from a low temperature heat source using heat pump technology is becoming a popular application. The domestic hot water demand has the characteristic of being very irregular along the day, with periods in which the demand is very intensive and long periods in which it is quite small. In order to use heat pumps for this kind of applications efficiently, the proper sizing and design of the water storage tank is critical. In this work, the optimal sizing of the two possible tank alternatives, closed stratified tank and variable-water-volume tank, is presented, and their respective performance compared, for domestic hot water production based on low temperature energy recovery in two potential applications (grey water and ultra-low temperature district heating). The results show that the efficiency of these kind of systems is very high and that variable-water-volume tanks allow a better use of the energy source, with an 8% higher exergy efficiency and around 3% better seasonal performance factor (SPF), being able to provide similar comfort levels with a smaller system size.",https://www.mdpi.com/1996-1073/13/24/6576/pdf,5.0
Exploring insulation levels to enable low-temperature heating in selected buildings in two European climate zones,4,2024,"This study assesses the readiness of selected building types for low-temperature heating. This is accomplished by comprehensively analyzing buildings from two perspectives: first, by …",https://www.sciencedirect.com/science/article/pii/S0378778824004407,,0,"low-temperature, district thermal",10.1016/j.enbuild.2024.114324,Luca Casamassima; Lukas Kranzl,2024-8,,https://api.elsevier.com/content/article/PII:S0378778824004407?httpAccept=text/xml,3.0
"Feasibility of low-temperature district heating with decentralized substations in Korean apartment buildings: Analysis of heat loss, energy efficiency, and return",4,2025,This study investigates the feasibility and potential benefits of implementing low-temperature district heating (LTDH) with decentralized substations (DS) in Korean apartment buildings. …,https://www.sciencedirect.com/science/article/pii/S135943112403031X,,0,"low-temperature, district thermal",10.1016/j.applthermaleng.2024.125363,Sung Woo Ryu; Kwang Ho Lee,2025-3,,https://api.elsevier.com/content/article/PII:S135943112403031X?httpAccept=text/xml,6.0
Low-carbon heating solutions using road thermal collectors and seasonal energy storage in mediterranean climates,3,2025,… energy for thermal applications. When combined with Borehole Thermal Energy Storage (… poses unique challenges and opportunities for seasonal thermal energy storage. The system’s …,https://www.sciencedirect.com/science/article/pii/S2590174525002995,,0,"low-temperature, district thermal",10.1016/j.ecmx.2025.101167,Stefania Guarino; Alessandro Buscemi; Marina Bonomolo; Marco Beccali; Valerio Lo Brano,2025-7,,https://api.elsevier.com/content/article/PII:S2590174525002995?httpAccept=text/xml,0.0
A hybrid machine learning-assisted optimization and rule-based energy monitoring of a green concept based on low-temperature heating and high,24,2023,"This article aims to support the targeted worldwide green transition process by introducing and thoroughly analyzing a low-temperature heating and high-temperature cooling, smart …",https://www.sciencedirect.com/science/article/pii/S0959652622051095,,0,"low-temperature, thermal grid",10.1016/j.jclepro.2022.135535,Amirmohammad Behzadi; Annika Gram; Eva Thorin; Sasan Sadrizadeh,2023-1,,https://api.elsevier.com/content/article/PII:S0959652622051095?httpAccept=text/xml,23.0
and economic analysis of decoupled strategy for heating and cooling production with CO2 booster heat pumps for ultra-low temperature district network,30,2022,… The ultra-low temperature district heating and cooling (… energy supplied by the main network is not enough for covering … ultra-low temperature District Heating and Cooling network with …,https://www.sciencedirect.com/science/article/pii/S2352710221013966,,0,"low-temperature, thermal network",10.1016/j.jobe.2021.103538,Gonzalo Quirosa; Miguel Torres; Víctor Manuel Soltero; Ricardo Chacartegui,2022-1,,https://api.elsevier.com/content/article/PII:S2352710221013966?httpAccept=text/xml,12.0
A methodology using heat cost allocators and energy meters to secure low-temperature operations in existing buildings connected to district heating networks,28,2023,"… element is ensuring low operating temperatures in networks. This can help leverage the … lowering the operating temperatures of district heating networks. Hence, digitalising the demand …",https://www.sciencedirect.com/science/article/pii/S0360544222031589,,0,"low-temperature, thermal network",10.1016/j.energy.2022.126272,Michele Tunzi; Theofanis Benakopoulos; Qinjiang Yang; Svend Svendsen,2023-2,,https://api.elsevier.com/content/article/PII:S0360544222031589?httpAccept=text/xml,19.0
Energy efficiency and economic performance of a low-temperature heating system combining double-layer pipe-embedded wall and ground source heat,7,2025,Reducing heating energy consumption in buildings is a crucial step towards a low-carbon future. The energy efficiency of heat pump heating systems can be improved by reducing the …,https://www.sciencedirect.com/science/article/pii/S0960148124021554,,0,"low-temperature, thermal network",10.1016/j.renene.2024.122087,Yaxin Zhao; Xianting Li,2025-2,,https://api.elsevier.com/content/article/PII:S0960148124021554?httpAccept=text/xml,8.0
Decarbonization of existing heating networks through optimal producer retrofit and low-temperature operation,5,2025,"… District heating networks are considered crucial for enabling emission-free heat supply, yet many existing networks still rely heavily on fossil fuels. With network pipes often lasting over …",https://www.sciencedirect.com/science/article/pii/S0306261924021792,,0,"low-temperature, thermal network",10.1016/j.apenergy.2024.124796,Martin Sollich; Yannick Wack; Robbe Salenbien; Maarten Blommaert,2025-1,,https://api.elsevier.com/content/article/PII:S0306261924021792?httpAccept=text/xml,4.0
Optimal sizing and control strategy of low temperature solar thermal utility systems,4,2023,This work describes the development of an integrated method for the design of networks of flat plate solar collectors and a temperature control strategy. The main stages of this …,https://www.sciencedirect.com/science/article/pii/S0360544222027219,,0,"low-temperature, thermal network",10.1016/j.energy.2022.125835,Juan Ramón Lizárraga-Morazán; Martín Picón-Núñez,2023-1,,https://api.elsevier.com/content/article/PII:S0360544222027219?httpAccept=text/xml,3.0
Improving the district heating operation by innovative layout and control strategy of the hot water storage tank,27,2020,"In the district heating (DH) systems, the thermal storage tank is widely used for domestic hot water (DHW) preparation to shave the peak load. Compared to the space heating, the …",https://www.sciencedirect.com/science/article/pii/S0378778820306733,,0,"ultra-low temperature, district energy",10.1016/j.enbuild.2020.110273,Xiaochen Yang; Svend Svendsen,2020-10,,https://api.elsevier.com/content/article/PII:S0378778820306733?httpAccept=text/xml,22.0
Exhaustive overview of advances in integrating renewable energy sources into district heating systems,14,2024,"This study offers a comprehensive overview of the recent advances in various aspects of district heating systems (DHSs), focusing on the fourth and fifth generations of heat distribution …",https://www.sciencedirect.com/science/article/pii/S2210670724007212,,0,"ultra-low temperature, district energy",10.1016/j.scs.2024.105897,Ioan Sarbu; Alexandru Dorca; Matei Mirza,2024-12,,https://api.elsevier.com/content/article/PII:S2210670724007212?httpAccept=text/xml,8.0
Is innovation redesigning district heating? A systematic literature review,11,2021,"… The district energy sector has a significant potential to contribute to the ongoing energy transition. It is an … Given that ultra-low temperatures are open to entirely new heat sources, …",https://www.mdpi.com/2411-9660/5/1/7,,0,"ultra-low temperature, district energy",10.3390/designs5010007,Håkan Knutsson; Magnus Holmén; Kristina Lygnerud,1/30/2021,"The district heating (DH) industry has been characterized by continuous innovation for several decades, but there is limited knowledge on the characteristics of the sector’s innovation activities, arguably the most important information for understanding how the sector can continue to develop and further support the energy transition of society. We perform a systematic literature review (SLR) to identify the types of innovation, the levels of innovation and the relation between different innovations in the DH sector. A total of 899 articles are analyzed and coded into eight groups: fuel, supply, distribution, transfer, DH system, city system, impact and business. Most of the articles (68%) were identified in the groups: “supply”, “DH system,” and “impact”, with a focus on DH from a system or production perspective and its environmental impact. We find that there is limited research on DH firms” challenges, including management perspectives, such as asset management and customer focus. Despite this potential, we find only a limited number of articles related to innovation. Not much scholarly attention has been given to areas of large cost-saving, especially capital cost.",https://www.mdpi.com/2411-9660/5/1/7/pdf,4.0
Decarbonization of District Heating. Waste Heat Streams and Solar District Heating,4,2022,"… Triple function substation and high-efficiency micro booster heat pump for ultra low temperature district heating. IOP Conference Series: Materials Science and Engineering, 609(5), …",https://link.springer.com/chapter/10.1007/978-3-031-10410-7_2,,0,"ultra-low temperature, district energy",10.1007/978-3-031-10410-7_2,Roberto Garay-Martinez; Michaela Meir,2022,,https://link.springer.com/content/pdf/10.1007/978-3-031-10410-7_2,0.0
Energy Management of Smart Buildings in Low-Temperature District Heating Systems,2,2023,"… temperature in low-temperature district heating systems is challenging. In this paper, an energy … , “Model predictive control for a heat booster substation in ultra low temperature district …",https://ieeexplore.ieee.org/abstract/document/10407771/,,0,"ultra-low temperature, district energy",10.1109/etfg55873.2023.10407771,Jiawei Wang; Cuo Zhang; Hanguang Su; Yi Zong; Shi You; Goran Strbac,12/3/2023,,http://xplorestaging.ieee.org/ielx7/10406302/10407105/10407771.pdf?arnumber=10407771,2.0
Comprehensive evaluation and analysis of a nearly zero-energy building heating system using a multi-source heat pump in severe cold region,25,2023,"… This effectively improves the evaporation temperature and energy efficiency of the ASHP … the heat pump unit. Thus, it is still difficult to maintain stable heating in an ultra-low temperature …",https://link.springer.com/article/10.1007/s12273-023-0990-8,,0,"ultra-low temperature, district heat pump",10.1007/s12273-023-0990-8,Lei Zhang; Guohui Feng; Ainong Li; Kailiang Huang; Shasha Chang,6/15/2023,,https://link.springer.com/content/pdf/10.1007/s12273-023-0990-8.pdf,21.0
Evaluation of the potential energy savings of a centralized booster heat pump in front of conventional alternatives,11,2021,… with an Ultra Low District Heating network. The results of a first evaluation for a group of 315 dwellings show higher energy savings and higher system global efficiency for the collective …,https://www.sciencedirect.com/science/article/pii/S2666955221000563,,0,"ultra-low temperature, district heat pump",10.1016/j.segy.2021.100056,X. Masip; Carlos Prades-Gil; Emilio Navarro-Peris; J.M. Corberán,2021-11,,https://api.elsevier.com/content/article/PII:S2666955221000563?httpAccept=text/xml,7.0
energy storage strategy on the performance of a booster heat pump for domestic hot water production system based on the use of low temperature heat,8,2020,"… In order to use heat pumps for this kind of applications efficiently, the … low temperature energy recovery in two potential applications (grey water and ultra-low temperature district heating)…",https://www.mdpi.com/1996-1073/13/24/6576,,0,"ultra-low temperature, district heat pump",10.3390/en13246576,Ximo Masip; Emilio Navarro-Peris; José M. Corberán,12/14/2020,"Energy recovery from a low temperature heat source using heat pump technology is becoming a popular application. The domestic hot water demand has the characteristic of being very irregular along the day, with periods in which the demand is very intensive and long periods in which it is quite small. In order to use heat pumps for this kind of applications efficiently, the proper sizing and design of the water storage tank is critical. In this work, the optimal sizing of the two possible tank alternatives, closed stratified tank and variable-water-volume tank, is presented, and their respective performance compared, for domestic hot water production based on low temperature energy recovery in two potential applications (grey water and ultra-low temperature district heating). The results show that the efficiency of these kind of systems is very high and that variable-water-volume tanks allow a better use of the energy source, with an 8% higher exergy efficiency and around 3% better seasonal performance factor (SPF), being able to provide similar comfort levels with a smaller system size.",https://www.mdpi.com/1996-1073/13/24/6576/pdf,5.0
Dynamic performance of an integrated heat pump system coupled free cooling and waste heat recovery in data centers,7,2025,… heat for district heating is an effective strategy to enhance energy efficiency in data centers. To align data center waste heat recovery with heat … -integrated heat pump district heating …,https://www.sciencedirect.com/science/article/pii/S036054422501480X,,0,"ultra-low temperature, district heat pump",10.1016/j.energy.2025.135838,Feng Zhou; Xuwen Tian; Yu Song; Guoyuan Ma,2025-5,,https://api.elsevier.com/content/article/PII:S036054422501480X?httpAccept=text/xml,9.0
A methodology for selecting a sustainable development strategy for connecting low heat density consumers to a district heating system by cascading of heat carriers,24,2021,"… heat pumps (HP), solar photovoltaic (PV) system, and low-temperature regime into an existing district heating … The methodology is based on multi-criteria analysis allowing for energy, …",https://www.sciencedirect.com/science/article/pii/S0360544221010240,,0,"ultra-low temperature, district heating and cooling",10.1016/j.energy.2021.120776,Jelena Ziemele; Normunds Talcis; Ugis Osis; Elina Dace,2021-9,,https://api.elsevier.com/content/article/PII:S0360544221010240?httpAccept=text/xml,20.0
Double loop network for combined heating and cooling in low heat density areas,15,2020,… operated with ultra-low supply/return temperatures of 45/25 C as a novel solution for low … Although the double loop networks in Cases 1 and 2 were designed for ultra-low temperatures …,https://www.mdpi.com/1996-1073/13/22/6091,,0,"ultra-low temperature, district heating and cooling",10.3390/en13226091,Michele Tunzi; Matthieu Ruysschaert; Svend Svendsen; Kevin Michael Smith,11/20/2020,"This study investigated a double loop network operated with ultra-low supply/return temperatures of 45/25 °C as a novel solution for low heat-density areas in Denmark and compared the proposed concept with a typical tree network and with individual heat pumps to each end-users rather than district networks. It is a pump-driven system, where the separate circulation of supply and return flow increased the flexibility of the system to integrate and displace heating and cooling energy along the network. Despite the increased use of central and local water pumps to operate and control the system, the simulated overall pump energy consumption was 0.9% of the total energy consumption. This was also an advantage at the design stage as the larger pressure gradient, up to 570 Pa/m, allowed minimal pipe diameters. In addition, the authors proposed the installation of electrically heated vacuum-insulated micro tanks of 10 L on the primary side of each building substation as a supplementary heating solution to meet the comfort and hygiene requirements for domestic hot water (DHW). This, combined with supply water circulation in the loop network, served as a technical solution to remove the need for bypass valves during summer periods with no load in the network. The proposed double loop system reduced distribution heat losses from 19% to 12% of the total energy consumption and decreased average return temperatures from 33 °C to 23 °C compared to the tree network. While excess heat recovery can be limited due to hydraulic issues in tree networks, the study investigated the double loop concept for scenarios with heat source temperatures of 30 °C and 45 °C. The double loop network was cost-competitive when considering the required capital and operating costs. Furthermore, district networks outperformed individual heat pump solutions for low-heat density areas when waste heat was available locally. Finally, although few in Denmark envisage residential cooling as a priority, this study investigated the potential of embedding heating and cooling in the same infrastructure. It found that the return line could deliver cold water to the end-users and that the maximum cooling power was 1.4 kW to each end-user, which corresponded to 47% of the total peak heat demand used to dimension the double loop network.",https://www.mdpi.com/1996-1073/13/22/6091/pdf,10.0
Influence of supply temperature and booster technology on the energetic performance and levelized cost of heat of a district heating network with central heat,11,2024,"… before connection to achieve maximum energy efficiency. To assess … -temperature district heating concepts with central heat pump, comparing their energy use and levelized cost of heat…",https://www.sciencedirect.com/science/article/pii/S036054422403367X,,0,"ultra-low temperature, district heating and cooling",10.1016/j.energy.2024.133589,A. Degelin; R. Tassenoy; E. Vieren; T. Demeester; I. T'Jollyn; M. De Paepe,2024-12,,https://api.elsevier.com/content/article/PII:S036054422403367X?httpAccept=text/xml,13.0
Valorisation of waste heat in existing and future district heating systems,10,2023,… from cooling processes in … of ultra-low heat sources because innovative integration strategies and operational changes in existing heating networks are necessary to use these heat …,https://www.mdpi.com/1996-1073/16/19/6796,,0,"ultra-low temperature, district heating and cooling",10.3390/en16196796,Ieva Pakere; Dagnija Blumberga; Anna Volkova; Kertu Lepiksaar; Agate Zirne,9/25/2023,"To recover thermal energy from different sources, its quality and possibilities for utilisation are essential. The wide range of engineering solutions includes a direct connection to the district heating (DH) system and the integration of low-quality heat using heat pumps to increase the temperature level of recoverable heat. Therefore, this article compares waste heat valorisation strategies for integration into existing DH networks, low-temperature DH, and ultra-low heat supply systems using the multi-criteria assessment method. In addition, a local scale assessment was performed to identify the waste heat role in existing RES-based DH systems. The results show that the highest waste heat valorisation rate could be reached when integrated into low-temperature DH systems due to high waste heat potential and suitable temperature conditions. However, a local scale assessment shows a significant impact on the already implemented solar technologies, as waste heat could cover around 70% of the summer heat load.",https://www.mdpi.com/1996-1073/16/19/6796/pdf,10.0
Enhancing demand-side flexibility for heat booster substations in ultra-low temperature district heating systems,3,2022,"… energy system, the present District Heating (DH) systems must undergo a radical change towards Ultra-Low Temperature District Heating (… of 4th Generation District Heating proposed in …",https://ieeexplore.ieee.org/abstract/document/9898497/,,0,"ultra-low temperature, district heating and cooling",10.1109/sest53650.2022.9898497,Aneesh Chandra Nunna; Yi Zong; Jan Eric Thorsen,9/5/2022,,http://xplorestaging.ieee.org/ielx7/9898142/9898402/09898497.pdf?arnumber=9898497,1.0
Switchable multistage absorption chiller for ultra-low-grade waste heat driven cooling in data centers,3,2025,… efficiency and heat recovery. This paper proposes a waste heat driven cooling scheme for DCs that … for enhancing energy efficiency and recovering waste heat in DC cooling systems. …,https://www.sciencedirect.com/science/article/pii/S0306261925011377,,0,"ultra-low temperature, district heating and cooling",10.1016/j.apenergy.2025.126407,Zhaopeng Cui; Shuai Du; Ruzhu Wang,2025-11,,https://api.elsevier.com/content/article/PII:S0306261925011377?httpAccept=text/xml,3.0
Cool ways of using low grade Heat Sources from Cooling and Surplus Heat for heating of Energy Efficient Buildings with new Low Temperature District Heating,2,2023,… a booster Heat Pump (HP) to implement an Ultra-Low District Heating (u-LTDH) system to provide … Main economic parameters of implementation of Low and ultra-Low Temperature DH …,http://www.cooldh.eu/wp-content/uploads/2023/03/D5.2-Monitoring-report-for-Lund-inkl-KPIs.pdf,http://www.cooldh.eu/wp-content/uploads/2023/03/D5.2-Monitoring-report-for-Lund-inkl-KPIs.pdf,0,"ultra-low temperature, district heating and cooling",10.1016/j.energy.2023.127938,A. Huicochea,2023-9,,https://api.elsevier.com/content/article/PII:S0360544223013324?httpAccept=text/xml,14.0
A methodology for selecting a sustainable development strategy for connecting low heat density consumers to a district heating system by cascading of heat,24,2021,"… heat pumps (HP), solar photovoltaic (PV) system, and low-temperature regime into an existing district heating … The research is based on a case study of an autonomous district heating …",https://www.sciencedirect.com/science/article/pii/S0360544221010240,,0,"ultra-low temperature, district thermal",10.1016/j.energy.2021.120776,Jelena Ziemele; Normunds Talcis; Ugis Osis; Elina Dace,2021-9,,https://api.elsevier.com/content/article/PII:S0360544221010240?httpAccept=text/xml,20.0
Justifying network reconstruction when switching to low temperature district heating,8,2022,"… low temperature district heating (… heat demands and supply/return temperatures closer to operational values. To sum up, operational data including network and outdoor temperatures, …",https://www.sciencedirect.com/science/article/pii/S0360544222005217,,0,"ultra-low temperature, district thermal",10.1016/j.energy.2022.123618,Stanislav Chicherin; Aleksander Starikov; Andrey Zhuikov,2022-6,,https://api.elsevier.com/content/article/PII:S0360544222005217?httpAccept=text/xml,8.0
"Heat mapping, a method for enhancing the sustainability of the smart district heat networks",9,2021,"… may use 4G distribution networks with annual mean temperatures of 50 and 20 C … ‘ultra-low temperature networks’ with the temperature below 50 C. In this method, high-efficiency heat …",https://www.mdpi.com/1996-1073/14/17/5462,,0,"ultra-low temperature, thermal network",10.3390/en14175462,Salah Vaisi; Saleh Mohammadi; Kyoumars Habibi,9/2/2021,"District heating (DH) has a major potential to increase the efficiency, security, and sustainability of energy management at the community scale. However, there is a huge challenge for decision makers due to the lack of knowledge about thermal energy demand during a year. Thermal energy demand is strongly dependent on the outdoor temperature, building area, and activities. In this context, this paper presents an innovative monthly thermal energy mapping method to calculate and visualize heat demand accurately for various types of buildings. The method includes three consecutive phases: (i) calculating energy loss, (ii) completing a dataset that includes energy and building information, and (iii) generating the monthly heat demand maps for the community. Determining the amount of demand and the best location for energy generators from the perspective of energy efficiency in a DH system in an urban context is one of the important applications of heat maps. Exploring heat demand characteristics and visualizing them on maps is the foundation of smart DHs.",https://www.mdpi.com/1996-1073/14/17/5462/pdf,6.0
