title,num_citations,year,excerpt,url,url_pdf,indicator,key_words,doi,authors,issued,abstract,link,is_referenced_by_count
Moving Towards Fourth-Generation District Heating as a Power-to-Heat Strategy: Techno-Economic Issues,5,2025,"… limit values for making waste heat integration in district heating systems a cost-effective … role of fourth-generation district heating (4GDH) networks for space heating decarbonization, …",https://www.mdpi.com/2071-1050/17/8/3675,,0,"4th generation, district heating and cooling",10.3390/su17083675,Axel Riccardo Massulli; Fosca Carolina Rosa; Gianluigi Lo Basso,4/18/2025,"About 50% of Italian households’ overall energy consumption is satisfied by natural gas, mainly for space heating, leading to substantial CO2 emissions. In Italy’s mild climate, fourth-generation district heating (4GDH) networks coupled with renewable energy sources (RESs) could represent a viable option for reaching the ambitious space heating decarbonization objectives set by the EU. In this paper, such a decarbonization pathway, consisting in a centralized heat pump (HP)-powered 4GDH network, with and without the addition of a distributed PV plant, is assessed and compared with the individual natural gas boilers-based Italian reference scenario. A cluster of buildings, comprising 200 dwellings, representative of common households in Rome, has been chosen as the case study. Starting from the cluster’s hourly space heating demand, a semi-dynamic MATLAB/Simulink model has been developed to size the technological components and evaluate their performance with respect to outdoor environmental conditions. The scenario comparison is carried out by means of techno-economic and environmental indicators: the levelized cost of heat (LCOHE), CO2 emissions, and carbon avoidance cost (CAC). Moreover, a sensitivity analysis has been carried out to address the uncertainty regarding the main economic parameters, namely the electricity and natural gas price and the HP and DH investment cost. The results show that 4GDH-based layouts significantly reduce CO2 emissions, at the expense of the LCOHE. The sensitivity analysis highlights how a significant reduction in both the electricity price and the DH network capital cost are required for achieving price parity with the fossil-fuel based scenario.",https://www.mdpi.com/2071-1050/17/8/3675/pdf,3
Techno-Economic Analysis of Operating Temperature Variations in a 4th Generation District Heating Grid—A German Case Study,1,2025,"… neighborhoods or cities, herein generally considered districts [4]. Another approach is the … generations of district heating (DH) [5] or through renovation measures to improve the thermal …",https://www.mdpi.com/2071-1050/17/9/3985,,0,"4th generation, district thermal",10.3390/su17093985,Karl Specht; Max Berger; Thomas Bruckner,4/28/2025,"The decarbonization of the heat supply is crucial for the German energy transition. Integrating Power-to-Heat technologies like heat pumps (HPs) into district heating grids (DHGs) can support this process. The efficiency of HPs can be increased through temperature reduction in the DHG, though decentralized reheating may be required to supply sufficient heat for the end consumers. In order to investigate the associated trade-off, this study evaluates the economic, ecological, and technical effects of temperature reduction in DHGs using the software tool nPro. In a three-step process heat demand, the DHG design and operation are modeled. Three operating temperature scenarios are considered: 60 °C, 50 °C, and an ambient dependent flow temperature varying between 40 and 50 °C. As the temperatures decrease, the balance shifts between centrally produced HP heat and decentralized heat from instantaneous electric water heaters (IEWHs). The initial temperature reduction leads to reduced CO2 emissions, primary energy demand, heat losses, and total annual cost (TAC). However, with a further reduction in the operating temperature, an increase in these parameters occurs. While the necessary cost and primary energy for central components decrease, an increase in the decentralized heat generation is necessary to properly supply the heat demand. This leads to higher TAC and CO2 emissions overall.",https://www.mdpi.com/2071-1050/17/9/3985/pdf,1
Conversion to Fourth-Generation District Heating (4GDH): Heat Accumulation Within Building Envelopes,1,2025,"… the impact of building thermal performance characteristics, … By analyzing the thermal response of various building types … potential for leveraging building thermal inertia to enhance the …",https://www.mdpi.com/1996-1073/18/9/2307,,0,"4th generation, district thermal",10.3390/en18092307,Stanislav Chicherin,4/30/2025,"This study investigates improving district heating (DH) systems by analyzing the effects of low-temperature operation on network efficiency, heat losses, and indoor temperature stability. A mathematical model is developed to simulate building heat performance under different supply temperatures, substation connection types, and envelope materials. The methodology involves detailed hourly heat load simulations and optimization techniques to assess the impact of temperature flexibility and heat accumulation within buildings. The results reveal that a 10 °C reduction in supply temperature leads to a heat loss decrease of up to 20%, significantly improving system efficiency. Moreover, buildings with higher thermal inertia and indirect substation connections exhibit better resilience to short-term temperature fluctuations, ensuring more stable indoor conditions. The analysis also demonstrates that optimizing temperature control can reduce operational costs by 19%, primarily by minimizing excessive heat supply and utilizing stored thermal energy effectively. Despite slight temperature fluctuations in extreme conditions, the system maintains indoor comfort levels within acceptable limits. This study concludes that transitioning to a lower-temperature DH system is feasible without compromising reliability, provided heat accumulation effects and supply flexibility are carefully managed. These findings offer a replicable approach for improving DH efficiency in networks with diverse building configurations.",https://www.mdpi.com/1996-1073/18/9/2307/pdf,1
A Comparative study of district heating and cooling networks of 4th and 5th generation based on shallow geothermal energy: modelling and analysis using …,0,2025,"… , fourth-generation (4G) and fifth-generation (5G) district-heating-… (4G) and fifth-generation (5G) district heating and cooling (DHC) … Regarding the thermal balance of the borefield, across …",https://upcommons.upc.edu/entities/publication/b3544513-7a07-4dd6-9456-de738089c8ae,,0,"4th generation, district thermal",10.3997/1365-2397.fb2025081,Rami Niemi; Harun Bitlis; Erika Salmenvaara; Valtteri Viitala,10/1/2025,,,0
Design and flexible operation study of a bidirectional thermal substation based on building thermal battery model in fifth generation heating and cooling …,0,2025,… The new generation of district heating systems allows excess heat generated by thermal … This work presented a novel bidirectional thermal substation model featuring three distinct …,https://www.sciencedirect.com/science/article/pii/S135943112503409X,,0,"4th generation, district thermal",10.1016/j.applthermaleng.2025.128817,Yurun Guo; Jihong Wang; Shugang Wang; Wenji Song; Zhenjun Ma; Shuang Jiang,2025-12,,https://api.elsevier.com/content/article/PII:S135943112503409X?httpAccept=text/xml,0
5th generation district heating and cooling for holistic energy system decarbonisation: Novel system designs and detailed techno-economic assessment,3,2025,… 5th Generation District Heating and Cooling (5GDHC) … thermal supply options. CATHeaPS is also made open access. … performs worse than 4th Generation District Heating (4GDH) for …,https://theses.gla.ac.uk/id/eprint/84916,,0,"4th generation, district thermal",10.1016/j.energy.2025.136639,Stanislav Chicherin,2025-8,,https://api.elsevier.com/content/article/PII:S0360544225022819?httpAccept=text/xml,3
Life cycle cost assessment of a positive energy district featuring a 5th-generation heating and cooling network: An Italian residential and light commercial case …,0,2025,"… Districts are drawing broad interest as they represent areas … In this context, 5th-generation district heating and cooling … cycle cost of two district system technologies compared with …",https://www.sciencedirect.com/science/article/pii/S0378778825010291,,0,"4th generation, district thermal",10.1016/j.enbuild.2025.116299,Giorgio Villa; Jacopo Famiglietti; Alice Dénarié; Marcello Aprile; Mario Motta,2025-11,,https://api.elsevier.com/content/article/PII:S0378778825010291?httpAccept=text/xml,0
Top-down GIS-driven method for configuring the network layout of a 5th generation district heating and cooling (5GDHC) system,4,2025,Top-down GIS-driven method for configuring the network layout of a 5th generation district … Top-down GIS-driven method for configuring the network layout of a 5 th generation district …,https://www.sciencedirect.com/science/article/pii/S0360544225022819,,0,"4th generation, district thermal",10.1016/j.energy.2025.136639,Stanislav Chicherin,2025-8,,https://api.elsevier.com/content/article/PII:S0360544225022819?httpAccept=text/xml,3
Learning-based Hybrid Models for Operating 4th Generation District Heating Systems,0,2025,"… This thesis contributes to the tasks of state estimation and control under uncertain thermal demands in 4th generation DHSs. We propose to use ”hybrid models”, which combine …",https://tuprints.ulb.tu-darmstadt.de/29437,,0,"4th generation, district thermal",10.1016/j.energy.2025.134661,Andreas Bott; Mario Beykirch; Florian Steinke,2025-3,,https://api.elsevier.com/content/article/PII:S0360544225003032?httpAccept=text/xml,2
Evaluating Waste Heat Potential for Fifth Generation District Heating and Cooling (5GDHC): Analysis Across 26 Building Types and Recovery Strategies,1,2025,"… district solutions, the role of building envelope performance becomes crucial. Reference [6] on 4GDH emphasizes the thermal … active thermal elements rather than passive recipients. …",https://www.mdpi.com/2227-9717/13/6/1730,,0,"4th generation, district thermal",10.3390/pr13061730,Stanislav Chicherin,5/31/2025,"Efficient cooling and heat recovery systems are becoming increasingly critical in large-scale commercial and industrial facilities, especially with the rising demand for sustainable energy solutions. Traditional air-conditioning and refrigeration systems often dissipate significant amounts of waste heat, which remains underutilized. This study addresses the challenge of harnessing low-potential waste heat from such systems to support fifth-generation district heating and cooling (5GDHC) networks, particularly in moderate-temperate regions like Flanders, Belgium. To evaluate the technical and economic feasibility of waste heat recovery, a methodology is developed that integrates established performance metrics—such as the energy efficiency ratio (EER), power usage effectiveness (PUE), and specific cooling demand (kW/t)—with capital (CapEx) and operational expenditure (OpEx) assessments. Empirical correlations, including regression analysis based on manufacturer data and operational case studies, are used to estimate equipment sizing and system performance across three operational modes. The study includes detailed modeling of data centers, cold storage facilities, and large supermarkets, taking into account climatic conditions, load factors, and thermal capacities. Results indicate that average cooling loads typically reach 58% of peak demand, with seasonal coefficient of performance (SCOP) values ranging from 6.1 to a maximum of 10.3. Waste heat recovery potential varies significantly across building types, with conversion rates from 33% to 68%, averaging at 59%. In data centers using water-to-water heat pumps, energy production reaches 10.1 GWh/year in heat pump mode and 8.6 GWh/year in heat exchanger mode. Despite variations in system complexity and building characteristics, OpEx and CapEx values converge closely (within 2.5%), demonstrating a well-balanced configuration. Simulations also confirm that large buildings operating above a 55% capacity factor provide the most favorable conditions for integrating waste heat into 5GDHC systems. In conclusion, the proposed approach enables the scalable and efficient integration of low-grade waste heat into district energy networks. While climatic and technical constraints exist, especially concerning temperature thresholds and equipment design, the results show strong potential for energy savings up to 40% in well-optimized systems. This highlights the viability of retrofitting large-scale cooling systems for dual-purpose operation, offering both environmental and economic benefits.",https://www.mdpi.com/2227-9717/13/6/1730/pdf,1
Optimisation of 5th Generation District Heating and Cooling Networks for different Flow Configurations,2,2025,"… An 8-month MPC simulation is conducted for both approaches in Scenario A, minimizing the total energy use of heat pumps and thermal discomfort in a base-case district with low …",https://hrcak.srce.hr/clanak/481594,,0,"4th generation, district thermal",10.13044/j.sdewes.d13.0577,Anna Dell\'Isola; Louis Hermans; Lieve Helsen,2025-6,,http://www.sdewes.org/jsdewes/dpfc18e8522d5bf9851007f43e9d09f89fa081fc40,1
Analyzing the Integration of Low-Emission Heat Sources into Fourth-Generation District Heating Networks,0,,"… district heating networks and incorporating thermal storage, and conducting regulatory analyses aligned with Dutch policy frameworks and incentives. Additionally, developing high-…",https://research.tue.nl/files/367970063/2029383-MasterThesisReport.pdf,http://scholar.google.com/https://research.tue.nl/files/367970063/2029383-MasterThesisReport.pdf,0,"4th generation, district thermal",10.2139/ssrn.4536330,Thomas Cowley; Timothy Hutty; Joseph Hammond; Solomon Brown,2023,,,0
Efficient training of learning-based thermal power flow for 4th generation district heating grids,3,2025,… generation. We show with simulations for test settings with typical features of 4th generation district … the new approach can reduce training set generation times by one to two orders of …,https://www.sciencedirect.com/science/article/pii/S0360544225003032,,0,"4th generation, district thermal",10.1016/j.energy.2025.134661,Andreas Bott; Mario Beykirch; Florian Steinke,2025-3,,https://api.elsevier.com/content/article/PII:S0360544225003032?httpAccept=text/xml,2
Critical Review of Applications of Semantic Modeling for Scalable Deployment of Data-Driven Services in 4-5th Generation District Heating and Cooling Systems,0,,"… and media of thermal energy from the district network into the building system. Furthermore, Brick … Hvelplund, BV Mathiesen, 4th generation district heating (4gdh): Integrating smart …",https://papers.ssrn.com/sol3/papers.cfm?abstract_id=5163003,,0,"4th generation, district thermal",10.2139/ssrn.5163003,Zeng Peng; Thomas  Ohlson Timoudas; Qian Wang,2025,,,0
Data center waste heat for district heating networks: A review,11,2025,"This paper investigates the integration of data center waste heat into district heating networks, evaluating its potential from technical, energy, economic, and environmental perspectives. …",https://www.sciencedirect.com/science/article/pii/S1364032125005362,,0,"4th generation, district thermal",10.1016/j.rser.2025.115863,Xiaolei Yuan; Jiayi Liu; Sijia Sun; Xiaojie Lin; Xiaojun Fan; Weixin Zhao; Risto Kosonen,2025-9,,https://api.elsevier.com/content/article/PII:S1364032125005362?httpAccept=text/xml,7
District heating in clean energy systems,5,2025,"… Electricity generation in thermal power plants generates heat losses of 51–85%, which can … used to operate the thermal networks. Thus, in DH countries, power generation has moved …",https://www.nature.com/articles/s44359-025-00076-8,,0,"4th generation, district thermal",10.1038/s44359-025-00076-8,Henrik Lund; Poul Alberg Østergaard; Peter Sorknæs; Steffen Nielsen; Iva Ridjan Skov; Meng Yuan; Jakob Zinck Thellufsen; Brian Vad Mathiesen; Sally M. Benson; Andrej Jentsch; Xiliang Zhang; Sven Werner; Robin Wiltshire; Bernd Möller; Neven Duic,6/11/2025,,https://www.nature.com/articles/s44359-025-00076-8.pdf,3
Towards sustainable urban energy solutions: A multi-dimensional assessment framework for fifth-generation district heating and cooling systems,7,2025,"… , with heat pumps and decentralised generation playing key roles. This transition poses … This study evaluates whether fifth-generation district heating and cooling (5GDHC) systems …",https://www.sciencedirect.com/science/article/pii/S0378778824011873,,0,"4th generation, district thermal",10.1016/j.enbuild.2024.115071,Kristian Gjoka; Behzad Rismanchi; Robert H. Crawford,2025-1,,https://api.elsevier.com/content/article/PII:S0378778824011873?httpAccept=text/xml,5
"Energy, exergy, economic, and environmental (4E) assessment of an experimental moderately-high-temperature heat pump for district heating and cooling …",11,2025,Developing district heating and cooling networks (DHCNs) requires new heat pumps (HPs) technologies to improve energy efficiency and replace fossil fuel boilers. This study presents …,https://www.sciencedirect.com/science/article/pii/S0196890424012871,,0,"4th generation, district thermal",10.1016/j.enconman.2024.119346,Ghad Alarnaot-Alarnaout; Joaquín Navarro-Esbrí; Ángel Barragán-Cervera; Adrián Mota-Babiloni,2025-2,,https://api.elsevier.com/content/article/PII:S0196890424012871?httpAccept=text/xml,8
Testing of a prototype substation for a 5th generation district heating and cooling network,0,2025,"… DH, which has evolved to the 4th generation [5], an innovative generation of DH is being … A review of borehole thermal energy storage and its integration into district heating systems. …",https://iopscience.iop.org/article/10.1088/1742-6596/2940/1/012023/meta,,0,"4th generation, district thermal",10.1088/1742-6596/2940/1/012023,G Martinazzoli; D Pasinelli; A M Lezzi; M Pilotelli,1/1/2025,"Abstract
               5th generation district heating (5GDH) networks can be an effective way to increase the penetration of renewable energy and achieve decarbonisation in the heating and cooling sector. This article describes 5GDH networks by focusing on network substations, the complexity of which increases compared to a conventional district heating substation due to the presence of a decentralised heat pump and a bidirectional pumping system. The purpose of the article is to show the components and layout of a prototype substation and a pilot network, realised to recover low-temperature waste heat and cover the heating and cooling demand of a building. The results present the performance and energy consumption of the prototype during the first heating season in which the prototype is in operation. The prototype was tested through two kinds of tests: tests under design and off-design conditions. In tests under design conditions, the average COP of the heat pump is between 3.3 and 4.2, while the values drop to 2.6 – 3.1 considering the overall COP. The off-design tests were performed to define the performance of the heat pump for a wider temperature range. For these tests, the COP is between 2.9 and 6.1.",https://iopscience.iop.org/article/10.1088/1742-6596/2940/1/012023,0
Low-Temperature District Heating Operations Using Heat Cost Allocators in Apartment Buildings,0,2025,"In the transition to Fourth-Generation District Heating (4GDH), buildings play a key role in determining the operating temperatures. Existing heating systems have the potential to operate …",https://www.sciencedirect.com/science/article/pii/S0360132325015616,,0,"4th generation, district thermal",10.1016/j.applthermaleng.2024.125363,Sung Woo Ryu; Kwang Ho Lee,2025-3,,https://api.elsevier.com/content/article/PII:S135943112403031X?httpAccept=text/xml,6
The plan4. energy approach for planning support for positive energy districts,2,2025,"… Energy Districts (PEDs), highlighting the challenges of interdisciplinary planning and stakeholder involvement. The development of the software tool, plan4.energy, … .energy facilitates …",https://dl.acm.org/doi/abs/10.1145/3717413.3717423,,0,"4th generation, district energy",10.1016/j.renene.2025.123785,Le Ding; Zhonghua Gou,2025-12,,https://api.elsevier.com/content/article/PII:S0960148125014478?httpAccept=text/xml,0
Quantitative assessment and optimal scheduling of flexible resources in building district energy systems: A mega-scale real-world case study of 6 million …,0,2025,"… district energy systems offer considerable dispatchable potential with aggregated loads and integrated energy … of a 6 million m 2 building district energy system including office buildings, …",https://www.sciencedirect.com/science/article/pii/S2352710225024428,,0,"4th generation, district energy",10.1016/j.jobe.2025.114205,Yi Zhong; Yuji Du; Ji Li; Huijin Qian; Fei Lu; Zhu Jiang; Xiaosong Zhang; Shifang Huang,2025-11,,https://api.elsevier.com/content/article/PII:S2352710225024428?httpAccept=text/xml,0
"Techno-economic analysis of integrated biomass gasification and alkaline electrolysis for 5th generation district energy networks in Quebec, Canada",0,2025,"This study presents a technical, thermo-economic, and environmental analysis of a biomass-based polygeneration system. This system is for fifth-generation district heating and cooling (…",https://www.sciencedirect.com/science/article/pii/S0360544225038782,,0,"4th generation, district energy",10.2139/ssrn.5357221,Jimmy Barco-Burgos; Joan Carles Bruno; Deivi Garcia; Alberto Saldaña-Robles; Aravind Ganesan; Luca Cimmino; Diego Joya-Cárdenas; José Delgado Monroy; José Colombo; Clara Isabel Ortiz Valdez,2025,,,0
A Future Perspective on the Digitalization of the District Energy Systems,0,2025,"… [3] Similarly, the 4th Generation District Cooling (4GDC) … of district energy systems through the ""Efficient District Heating"" framework, aiming to increase the share of renewable energy …",https://orbit.dtu.dk/en/publications/a-future-perspective-on-the-digitalization-of-the-district-energy,,0,"4th generation, district energy",10.2139/ssrn.5167660,Dietrich Schmidt; Michele Tunzi; Mathieu Vallée; Dirk Vanhoudt; Pakdad Langroudi; Edmund Widl; Markus Gölles,2025,,,0
5th Generation District Heating and Cooling (5GDHC) Systems: Improving the Efficiency of a Booster Heat Pump,0,2025,… integration of heat pumps within district energy networks to recover waste heat and improve … The benefits of 4th generation district heating and energy efficient datacentres. Energy 2022:…,https://sciendo.com/pdf/10.2478/rtuect-2025-0018,,0,"4th generation, district energy",10.2478/rtuect-2025-0018,Stanislav Chicherin; Jonathan Hachez; Afraz Mehmood Chaudhry; Svend Bram,1/1/2025,"Abstract
                  This study addresses the limitations of booster heat pumps in achieving high secondary supply temperatures, which are constrained by declining Carnot efficiency. The research investigates the performance and economic feasibility of integrating booster water-to-water heat pumps into a 5th generation district heating and cooling (5GDHC) system, particularly for a newly built office building in a moderate climate zone with an average winter supply temperature of 50 °C. The methodological framework assumes idealized system behavior without part-load penalties, and models heat pump performance based on Carnot cycle efficiency corrected by a typical Carnot scaling factor (η = 0.6). Key assumptions include fixed building envelope characteristics, specific energy consumption based on energy performance certificates, and cost parameters for standard and advanced heat pumps (1.5× and 5× higher variable and fixed costs, respectively). The model incorporates pinch temperatures to reflect practical heat exchange limitations and applies a simultaneity factor for accurate heat pump sizing across multiple buildings. Results show that despite a 50 % increase in capital expenditures (CapEx), operational expenditures (OpEx) decrease significantly, resulting in an overall cost reduction of 11 %. Advanced heat pumps with 22 % higher efficiency compared to mass-market units demonstrate notable improvements in seasonal COP (SCOP) by 22 % and electricity consumption by 18 %. Maximum COPs of 6.0 in winter and 12.0 in transitional periods are observed. A peak heat demand of 12 MW is covered by 25 booster units averaging 478 kW each, activated when secondary supply temperatures exceed the network temperature. The findings support the strategic deployment of efficient, electricity-driven booster heat pumps in 5GDHC systems. Improved thermal integration and the use of renewable energy sources further reduce energy costs and carbon emissions, enhancing both the energetic and economic performance of the system.",https://www.sciendo.com/pdf/10.2478/rtuect-2025-0018,0
"… , exergy, economic, and environmental (4E) assessment of an experimental moderately-high-temperature heat pump for district heating and cooling networks",11,2025,Developing district heating and cooling networks (DHCNs) requires new heat pumps (HPs) technologies to improve energy efficiency and replace fossil fuel boilers. This study presents …,https://www.sciencedirect.com/science/article/pii/S0196890424012871,,0,"4th generation, district heat pump",10.1016/j.enconman.2024.119346,Ghad Alarnaot-Alarnaout; Joaquín Navarro-Esbrí; Ángel Barragán-Cervera; Adrián Mota-Babiloni,2025-2,,https://api.elsevier.com/content/article/PII:S0196890424012871?httpAccept=text/xml,8
Research on the Implementation of a Heat Pump in a District Heating System Operating with Gas Boiler and CHP Unit,2,2025,"… In an analysis on the transition from the third to the fourth generation of DH system, Požgaj … Volkova [4] theoretically evaluated three heating scenarios for a newly developed urban area …",https://www.mdpi.com/2076-3417/15/13/7280,,0,"4th generation, district heat pump",10.3390/app15137280,Damir Požgaj; Boris Delač; Branimir Pavković; Vedran Medica-Viola,6/27/2025,"Given the widespread use of gas-fired boilers and combined heat and power (CHP) units in existing district heating (DH) systems, this study investigates the integration of medium-scale heat pumps (HPs) into such configurations. Fifteen DH system variants were analysed, differing in installed HP capacity, operational strategies, and the synchronisation of heat and electricity production with thermal demand. A dynamic simulation model incorporating real-world equipment performance was developed to assess energy efficiency, environmental impact, and economic viability under three distinct energy price scenarios. The results demonstrate that an HP sized to 17% of the total heating capacity of the DH system achieves a 54% decrease in primary energy consumption and a 68% decrease in emissions compared to the base system. Larger HP capacities enhance environmental performance and increase the share of renewable energy but also entail higher investment. An economic analysis reveals that electricity-to-gas price ratios strongly influence the cost-effectiveness of HP integration. Under favourable electricity pricing conditions, systems with HP operational priority achieve the lowest levelized cost of heating. The most economically viable configuration consists of 600 kW HP and achieves a payback period of 4.7 years. The findings highlight the potential for HPs to decarbonize DH systems while emphasising the importance of market conditions and system design in ensuring economic feasibility.",https://www.mdpi.com/2076-3417/15/13/7280/pdf,1
Heat exchanger design and performance evaluation for a high-temperature heat pump system under different two-phase correlations: 4E analysis,7,2025,"… district heat and assisting the integration of renewable electricity, high-temperature heat pump … However, existing studies on high-temperature heat pump performance prediction are …",https://centaur.reading.ac.uk/121811,,0,"4th generation, district heat pump",10.1016/j.apenergy.2025.125492,Ding Wu; Bo Ma; Xiaohui Huang; Xian Wu; Yan Yang; Chuang Wen; Ji Zhang,2025-4,,https://api.elsevier.com/content/article/PII:S0306261925002223?httpAccept=text/xml,7
Cost-optimal control for a small energy community heated with dual source heat pump and district heating,4,2025,… heated with a hybrid heating system. The system comprises a low-temperature heating network powered by a dual source heat pump and a district heating network. The control …,https://www.sciencedirect.com/science/article/pii/S0378778825003524,,0,"4th generation, district heat pump",10.2139/ssrn.5095846,Yangmin Wang; Ruqian Zhang; Altti Meriläinen; Antti Kosonen; Juha Jokisalo; Risto Kosonen,2025,,,0
Power-to-heat systems for district heating: A comparative analysis of air source and ground source heat pumps,2,2025,"… In contrast to the preceding generations, the creation of 4th Generation District Heating (4GDH) involves achieving a balance between energy conservation and energy supply, thereby …",https://www.doria.fi/handle/10024/190784,,0,"4th generation, district heat pump",10.5194/egusphere-egu24-8009,Lazaros Aresti; Christos Makarounas; Paul Christodoulides,1/20/2025,"Following the European Union (EU) targets towards the &amp;#8220;Fit for 55&amp;#8221;, the heat pump (HP) sales have seen an increase. The recent increasing demand in the utilization of HP towards space heating and cooling, underscores the pivotal role of Shallow Geothermal Energy (SGE) systems and the Ground Source Heat Pumps (GSHPs). Although GSHPs exhibit higher performance compared to Air Source Heat Pumps (ASHPs), the high initial cost and the consequent long payback period has been a preventive factor for the GSHP systems. The GSHP systems however also benefit for additional CO2 reduction. The evolving efficiency of ASHP systems in recent studies challenge the perceived advantages associated with GSHPs, particularly in light of the continual refinement of ASHP systems.This research embarks upon a comprehensive analysis to compare the environmental impacts, in terms of CO2 emissions, between ASHP and GSHP systems using different case studies. High insulation profile case studies were considered, following the nearly Zero Energy Buildings (nZEB) technical characteristics, as well as retrofitting at older dwellings with a low insulation profile. The current study engages a Life Cycle Analysis (LCA) with the OpenLCA software in conjunction with the Ecoinvent database, and the employment of the ReCipe impact method, both from a midpoint and an endpoint perspective. The findings derived from this investigation demonstrates a favorable performance of the GSHP systems where there is an increasing demanding in heating such as in the retrofitting cases. This research highlights the important environmental implications of employing the GSHPs over the use of ASHPs.",,0
"Design, construction, and commissioning of a 500 kW high-temperature heat pump plant for the district heating network of Bochum, Germany",5,2025,"… the technical use of high-temperature heat pumps (HTHPs) with seasonal mine thermal energy storages (MTESs), as a heat source, to supply conventional district heating grids (DHGs), …",https://www.sciencedirect.com/science/article/pii/S2352484724008011,,0,"4th generation, district heat pump",10.1016/j.egyr.2024.11.080,Arianna Passamonti; Frank Sachse; Paola Bombarda; Rolf Bracke,2025-6,,https://api.elsevier.com/content/article/PII:S2352484724008011?httpAccept=text/xml,5
Performance study of ultra-low temperature district heating system based on double-loop booster heat pump control strategy,3,2025,… further reduce the heat loss in the district heating network. … heat pump (DLBHP) system used for terminal heating is proposed to improve the uniformity of temperature difference and heat …,https://www.sciencedirect.com/science/article/pii/S1359431125006751,,0,"4th generation, district heat pump",10.1016/j.applthermaleng.2025.126084,Yuexuan Gong; Guoyuan Ma; Yu Song; Lei Wang; Junrui Nie; Lu Wang,2025-6,,https://api.elsevier.com/content/article/PII:S1359431125006751?httpAccept=text/xml,3
Thermal behavior prediction of the spindle-bearing system based on the adaptive thermal network modeling method,9,2025,… thermal network modeling approaches. This leads to variations in simulation results of thermal … To eliminate this epistemic uncertainty and determine the optimal thermal network model …,https://www.sciencedirect.com/science/article/pii/S095219762500199X,,0,"4th generation, thermal network",10.1016/j.engappai.2025.110199,Ziquan Zhan; Shaoke Wan; Xiaohu Li; Bin Fang,2025-4,,https://api.elsevier.com/content/article/PII:S095219762500199X?httpAccept=text/xml,10
Next-Generation Thermal Network Computation: Implementing Generalized 3D Resistance Modeling with Random Forest Predictors in Pebble Bed Reactor …,0,2025,… a novel and precise thermal resistance network model. Nodes … thermal resistances between nodes derived from a rigorous analytical solution for generalized multidimensional thermal …,https://www.academia.edu/download/124612895/Next_Generation_Thermal_Network_.pdf,http://scholar.google.com/https://www.academia.edu/download/124612895/Next_Generation_Thermal_Network_.pdf,0,"4th generation, thermal network",10.2139/ssrn.5850512,Minho Lee; Giacomo Busco; Seth Cadell; Nader Satvat,2025,,,0
Development of Heat Transfer Correlations for Outer Surface of Transformer Bushing Porcelain Shell for Thermal Network Modeling,0,2025,… the application of the thermal network model in transformer bushing. … rod obtained from the thermal network model are consistent … This paper promotes the application of thermal network …,https://onlinelibrary.wiley.com/doi/abs/10.1002/tee.70222,,0,"4th generation, thermal network",10.1002/tee.70222,Shuai Yuan; Min Wang; Zheng Zhou,11/16/2025,"Bushing is the critical component of the transformer, and accurate acquirement of its temperature distribution during operation is essential to ensure its safety. The thermal network model is a widely used method for temperature distribution calculation, which has the advantages of accuracy and efficiency, but requires accurate convection heat transfer coefficients as input conditions. However, the outer surface of the porcelain shell is a complex structure composed of multiple weather‐sheds of different sizes, so there is currently no equation for its convection heat transfer coefficient calculation, which hinders the application of the thermal network model in transformer bushing. This paper proposed a set of novel Nusselt number correlations for the calculation of convection heat transfer intensity of the outer surface of bushing porcelain shell based on computational fluid dynamics and genetic programming, and the model validation was performed with an experimental setup. The temperature distribution results of the conducting rod obtained from the thermal network model are consistent with the experimental values, with an average relative error of 4.081% and a maximum relative error of 6.634%. This paper promotes the application of thermal network models in transformer bushing, providing a more efficient tool for its optimal design and lifespan evaluation. © 2025 Institute of Electrical Engineers of Japan and Wiley Periodicals LLC.",https://onlinelibrary.wiley.com/doi/pdf/10.1002/tee.70222,0
Research on the Recovery of Integrated Energy System Considering SOP and Thermal Network Reconstruction,0,2025,"… CASE STUDY For the system recovery process, this paper uses the improved 33-node distribution network and thermal network for verification, and restores the integrated energy …",https://ieeexplore.ieee.org/abstract/document/11047312/,,0,"4th generation, thermal network",10.1016/j.epsr.2025.111607,Yongqiang Kang; Gang Lu; Meng Chen; Xinglong Li; Shuaibing Li,2025-8,,https://api.elsevier.com/content/article/PII:S0378779625001993?httpAccept=text/xml,4
Smart Controllers Enable Innovative and Sustainable Residential Thermal Network Design and Operation,0,2025,… Smart controlled thermal networks offer a promising pathway to sustainable residential … collective thermal energy systems. The results reveal that a smart controlled two-pipe network …,https://lirias.kuleuven.be/handle/20.500.12942/773097,,0,"4th generation, thermal network",10.38124/ijisrt/25nov1058,B. Kishore; S. Vishwa Teja; N. Ramakrishna; S. Umesh; B. Sharath; B. Varshith,11/29/2025,"Modern power systems face increasing challenges in maintaining voltage stability, improving power transfer
capacity, and reducing transmission losses due to growing electricity demand and limited infrastructure expansion. Reactive
power management has emerged as a critical factor in addressing these challenges, as uncontrolled reactive power leads to
voltage fluctuations, reduced equipment utilization, increased line losses, and potential system instability. This paper
presents a comprehensive examination of reactive power compensation techniques utilizing Flexible AC Transmission
System (FACTS) controllers, which represent a paradigm shift from conventional mechanical compensation methods to
advanced power electronic-based solutions. FACTS controllers provide dynamic, fast-acting control of transmission system
parameters through power electronic switching devices, enabling real-time reactive power compensation without the
limitations of traditional mechanical systems. This paper investigates various FACTS controller topologies including Static
VAR Compensator (SVC), Static Synchronous Compensator (STATCOM), Thyristor Controlled Series Compensator
(TCSC), Static Synchronous Series Compensator (SSSC), and Unified Power Flow Controller (UPFC), analyzing their
operational principles, control strategies, and performance characteristics in both shunt and series compensation
configurations. The study demonstrates how FACTS controllers enhance power system stability by maintaining voltage
profiles within acceptable limits, damping power oscillations, improving power factor, and increasing the load ability of
existing transmission corridors without requiring costly infrastructure expansion. Through theoretical analysis and system
modeling, this paper evaluates the effectiveness of different FACTS devices in various power system scenarios, comparing
their technical benefits, economic viability, and application suitability. The findings indicate that strategic deployment of
FACTS controllers offers significant advantages in terms of improved system efficiency, enhanced reliability, and deferred
capital investment in new transmission facilities, making them essential components of modern smart grid infrastructure.",,0
"Clean Energy Technology Observatory: Smart Thermal Networks in the European Union-2025 Status Report on Technology Development, Trends, Value Chains and …",0,,"… (DHC) networks, referred to as smart thermal networks in this … temperatures and the thermal generation mix, thereby … 4th generation district heating and cooling system compared …",https://publications.jrc.ec.europa.eu/repository/handle/JRC144163,,0,"4th generation, thermal network",10.58641/cest,,,,,0
Adjustable Mesh-based Thermal Network Modeling Approach for PMSM Drive System,0,2025,"… , which needs a generalized thermal model for both junction … thermal network modeling (TNM) method for PMSM drive systems, which enables accurate, efficient and scalable thermal …",https://ieeexplore.ieee.org/abstract/document/11203258/,,0,"4th generation, thermal network",10.1109/tpel.2025.3621338,Donghui Cao; Yan Zhu; Yuteng Yan; Christopher H. T. Lee,2025,,http://xplorestaging.ieee.org/ielx8/63/4359240/11203258.pdf?arnumber=11203258,0
Multi-energy systems fast optimization: A new formulation in linear programming for temperatures and magnitudes of thermal power flows in heating systems,4,2025,"… This formulation is more complete for optimizing low-temperature DHN, as it accounts for the sensitivity of equipment performance to network temperatures, considering the availability …",https://www.sciencedirect.com/science/article/pii/S0378778825003482,,0,"4th generation, thermal network",10.1016/j.enbuild.2025.115618,Jonathan Hachez; Arnaud Latiers; Benjamin Berger; Svend Bram,2025-6,,https://api.elsevier.com/content/article/PII:S0378778825003482?httpAccept=text/xml,4
In-situ constructing efficient three-dimensional thermal network in MXene@ TA-Ag/BC (MTAB) composite films via vacuum-assisted self assembly: Role of …,0,2025,"Addressing the demand for high-thermal-conductivity composites in flexible electronics thermal management, this study designed a bioinspired composite film based on bacterial …",https://www.sciencedirect.com/science/article/pii/S2468519425006135,,0,"4th generation, thermal network",10.1016/j.mtchem.2025.103123,Ting Zhang; Ruyi Zhao; Bin Yang; Jiaojiao Sang; Zhengzhi Zheng; Tianyu Lu; Xinyu Li; Zihao Xu; Rui Hu; Zihao Lv; Ru Xia; Jiasheng Qian; Ning Jia,2025-12,,https://api.elsevier.com/content/article/PII:S2468519425006135?httpAccept=text/xml,0
Development and Validation of Thermal Network-Based Transient Heat Pipe Analysis Code Incorporating Melting/Solidification Effects,0,2025,"… This study introduces SNUHTP, a transient heat pipe analysis code developed based on a thermal resistance network model. The melting/solidification effect of the working fluid, which …",https://www.sciencedirect.com/science/article/pii/S1738573325005698,,0,"4th generation, thermal network",10.1016/j.applthermaleng.2025.125525,Yong Wang; Naibin Jiang,2025-4,,https://api.elsevier.com/content/article/PII:S1359431125001164?httpAccept=text/xml,2
Next‐Generation Fin‐Structured PCM Solutions for Effective Thermal Management of Li‐Ion Batteries,5,2025,… Numerical investigations using ANSYS Fluent reveal that incorporating metallic fins significantly improves heat transfer by creating a multichannel thermal network. The modified BTMS …,https://onlinelibrary.wiley.com/doi/abs/10.1002/htj.23307,,0,"4th generation, thermal network",10.1002/htj.23307,S. M. D. Shehabaz; S. K. Gugulothu; Raju Muthyala; Praveen Barmavatu,2/26/2025,"ABSTRACTThe efficiency and effectiveness of a battery thermal management system (BTMS) primarily depend on the limited heat dissipation capacity of the phase change material (PCM). In this study, a novel extended‐surface PCM composite is designed to enhance the thermal management of lithium‐ion batteries. Numerical investigations using ANSYS Fluent reveal that incorporating metallic fins significantly improves heat transfer by creating a multichannel thermal network. The modified BTMS demonstrates a 92.5% increase in operational duration compared with conventional PCM systems. Additionally, increasing the fin length from 6 to 14 mm improves operational time by 13.62%, while uniform fin placement enhances thermal performance by 9.25%. At higher ambient temperatures (20°C–50°C), the system achieved a 1.96‐fold increase in operational duration compared with traditional setups. Furthermore, the optimized BTMS maintained the battery temperature below 60°C for 41%–93% longer durations across varying configurations, outperforming existing systems in high‐temperature environments. These findings validate the effectiveness of extended‐surface PCM composites in overcoming the limitations of conventional BTMSs, enhancing both battery performance and longevity.",https://onlinelibrary.wiley.com/doi/pdf/10.1002/htj.23307,0
Innovative hybrid 4th generation geothermal system for zero-carbon hotel buildings in cold climate,4,2025,"This research investigates the energy efficiency, economic viability, and environmental impact of a hotel building in Ottawa, Canada, utilizing dynamic annual energy simulations. The …",https://www.sciencedirect.com/science/article/pii/S0378778825000350,,0,"4th generation, thermal grid",10.1016/j.enbuild.2025.115305,Mohamed G. Ghorab; Antonio Rosato,2025-2,,https://api.elsevier.com/content/article/PII:S0378778825000350?httpAccept=text/xml,2
"Evaluating grid stress and reliability in future electricity grids across a range of demand, generation mix, and weather trends",0,2025,"… , generation mixes, and weather conditions. Our results show future grids with high percentage of non-renewable generation … electricity grids across uncertainties in generation mixes. …",https://www.sciencedirect.com/science/article/pii/S2666792425000435,,0,"4th generation, thermal grid",10.1016/j.adapen.2025.100249,Kerem Ziya Akdemir; Kendall Mongird; Cameron Bracken; Casey D. Burleyson; Jordan D. Kern; Konstantinos Oikonomou; Travis B. Thurber; Chris R. Vernon; Nathalie Voisin; Mengqi Zhao; Jennie S. Rice,2025-12,,https://api.elsevier.com/content/article/PII:S2666792425000435?httpAccept=text/xml,0
Reducing pumping energy in thermal grids: A study on hydraulic modeling and design approaches,0,2025,"This study investigates the hydraulic modeling of district heating and cooling systems to reduce pumping energy consumption. Key parameters such as head loss, pumping power, …",https://www.sciencedirect.com/science/article/pii/S0360544225020523,,0,"4th generation, thermal grid",10.2139/ssrn.5126882,Mohammad-Reza Kolahi; Jonathan Chambers; Stefan Mennel; Martin Patel,2025,,,0
Energy-efficient pumping and decarbonization in thermal grids through advanced hydraulic modeling,0,2025,"… Accordingly, this study focuses on the application of distributed pumping in thermal grids, and it evaluates the decarbonization rate in the pumping section of the district heating systems …",https://iopscience.iop.org/article/10.1088/1742-6596/3140/2/022006/meta,,0,"4th generation, thermal grid",10.1088/1742-6596/3140/2/022006,Mohammad-Reza Kolahi; Stefan Mennel; Jonathan Chambers; Martin K. Patel,11/1/2025,"Abstract
                  This study investigates energy-efficient pumping strategies and the decarbonization potential in the pumping section of district heating networks using advanced hydraulic modeling. Leveraging the TESSA tool, the research compares single-pipe and double-pipe configurations under three defined worst-case scenarios to assess system performance, flow behavior, and energy consumption. The study highlights the advantages of Distributed Variable Speed Pumping (DVSP) over Conventional Central Circulating Pumping (CCCP), demonstrating substantial reductions in pumping power and improved decarbonization outcomes. Results indicate that while single-pipe systems exhibit slightly higher electrothermal amplification and energy savings, double-pipe configurations offer operational benefits such as reduced reliance on heat sources and fewer required pumps. Overall, among the three scenarios, Worst-Case Scenario 1 (WCS1) emerged as the most balanced and suitable scenario for pipe sizing. In WCS1, each substation’s load is scaled relative to the district-wide peak demand, assuming all buildings reach peak load simultaneously. It consistently maintained flow velocities within the allowable range, striking a strong balance between avoiding water hammer and minimizing fouling risks.",https://iopscience.iop.org/article/10.1088/1742-6596/3140/2/022006,0
"Design of a"" 3.5 th generation"" photon counting detector CT architecture for higher spatial resolution and decreased ring artifact",0,2025,"… 4th generation CT, such as 3x greater detector area and incompatibility with the conventional anti-scatter grid, … to graft the mechanism of 4th generation CT onto 3rd generation PCD CT, …",https://www.spiedigitallibrary.org/conference-proceedings-of-spie/13405/134050I/Design-of-a-35th-generation-photon-counting-detector-CT-architecture/10.1117/12.3045834.short,,0,"4th generation, thermal grid",10.1117/12.3045834,Scott S. Hsieh,4/8/2025,,,0
Economic Nonlinear Model Predictive Control of Prosumer District Heating Networks,1,2025,"… features of 4th-generation DHNs, such as multiple producers, prosumers, bidirectional flows, and … Lund et al., “4th generation district heating (4GDH): Integrating smart thermal grids into …",https://ieeexplore.ieee.org/abstract/document/10981678/,,0,"4th generation, thermal grid",10.1109/tcst.2025.3561501,Max Sibeijn; Saeed Ahmed; Mohammad Khosravi; Tamás Keviczky,2025-9,,http://xplorestaging.ieee.org/ielx8/87/11134587/10981678.pdf?arnumber=10981678,2
A new framework for evaluating and enhancing the performance of district heating systems integrated with data centres using short-term thermal energy …,9,2025,This paper proposes a new framework to assess and enhance the performance of district heating (DH) systems integrated with data centres (DCs). This framework utilizes six key …,https://www.sciencedirect.com/science/article/pii/S0360544225005766,,0,"4th generation, thermal grid",10.1016/j.energy.2025.134934,Han Du; Xinlei Zhou; Natasa Nord; Yale Carden; Ping Cui; Zhenjun Ma,2025-3,,https://api.elsevier.com/content/article/PII:S0360544225005766?httpAccept=text/xml,6
Achieving climate neutrality in district heating: The impact of system temperature levels on the supply mix of EU-27 in 2050,6,2025,District heating (DH) systems are a critical component of the EU's strategy to achieve climate neutrality in the heating sector by 2050. Lowering the system temperature levels in district …,https://www.sciencedirect.com/science/article/pii/S0360544225000131,,0,"4th generation, thermal grid",10.1016/j.energy.2025.134371,Ali Kök; Anna Billerbeck; Pia Manz; Lukas Kranzl,2025-1,,https://api.elsevier.com/content/article/PII:S0360544225000131?httpAccept=text/xml,4
Explainable district heating load forecasting by means of a reservoir computing deep learning architecture,12,2025,"… forecasting for district heating and cooling systems becomes increasingly significant, especially in the low temperature grids introduced with the 5th generation district heating system. …",https://www.sciencedirect.com/science/article/pii/S036054422500283X,,0,"4th generation, thermal grid",10.1016/j.energy.2025.134641,Adrià Serra; Alberto Ortiz; Pau Joan Cortés; Vincent Canals,2025-3,,https://api.elsevier.com/content/article/PII:S036054422500283X?httpAccept=text/xml,12
Evaluating the impact of thermal energy storage on grid flexibility in district thermal source networks,0,2025,"… Thermal Source Networks (TSNs), based on decentralised heat pump substations, offer untapped potential to support grid flexibility through coordinated operation and thermal energy …",https://iopscience.iop.org/article/10.1088/1742-6596/3140/6/062003/meta,,0,"4th generation, thermal grid",10.1088/1742-6596/3140/6/062003,Alireza Etemad; Arthur Trousseau; Donal Finn; John O’Shea; Alessandro Maccarini; Alireza Afshari; James O’Donnell,11/1/2025,"Abstract
                  
                    The growing share of variable renewable electricity increases the need for flexible demand-side resources, particularly in the heating sector. Thermal Source Networks (TSNs), based on decentralised heat pump substations, offer untapped potential to support grid flexibility through coordinated operation and thermal energy storage (TES). However, most existing planning frameworks prioritise heat cost minimisation and overlook flexibility opportunities. This paper presents an analytical framework that models the operational behaviour of TSNs with distributed TES in response to real-time electricity market signals. The framework captures the dynamic interaction between heat demand, TES operation, and balancing market prices, while accounting for technical constraints such as storage efficiency, heat pump performance, and time-of-use tariffs. A rule-based control strategy modulates heat pump operation to minimise electricity costs and exploit market-based flexibility. The framework is applied to a representative district in Dublin, Ireland. Results show that TES integration enables load shifting and reduces operational CO
                    2
                    emissions by 22% compared to a baseline without storage. Participation in the balancing market generated €112,350 in flexibility revenue, covering 67.8% of the €165,753 electricity cost. Although current market conditions do not support full cost recovery, the study demonstrates the value of TES-enabled flexibility and provides a foundation for future optimisation and multi-market participation.
                  ",https://iopscience.iop.org/article/10.1088/1742-6596/3140/6/062003,0
"Sustainability assessment of blue hydrogen production through biomass gasification: A comparative analysis of thermal, solar, and wind energy sources",12,2025,"This study evaluated three blue hydrogen production processes − solar-grid powered, wind-powered, and thermal power grid (TPG) − considering the context of Hong Kong, SAR, China…",https://www.sciencedirect.com/science/article/pii/S0960852424015025,,0,"4th generation, thermal grid",10.1016/j.biortech.2024.131798,Yousaf Ayub; Jianzhao Zhou; Tao Shi; Sara Toniolo; Jingzheng Ren,2025-2,,https://api.elsevier.com/content/article/PII:S0960852424015025?httpAccept=text/xml,10
A zero-carbon integrated energy system energized by CSP+ PV: A real case of isolated grid,9,2025,"… For reliability enhancement, our analysis reveals that a thermal storage duration to solar … However, attaining reliability levels comparable to conventional urban power grids would …",https://www.sciencedirect.com/science/article/pii/S0038092X25002038,,0,"4th generation, thermal grid",10.1016/j.solener.2025.113440,Xiaoyu Zeng; Haipeng Xie; Xuri Chen; Qi Cao; Zhaohong Bie,2025-5,,https://api.elsevier.com/content/article/PII:S0038092X25002038?httpAccept=text/xml,10
Gray box-thermal grid evaluation for a spindle cooling unit based on axial-radial heat transfer separation with its structural impact,0,2025,"… unit, this paper introduced the gray box and thermal grid for the first time to describe the heat … box-thermal network model with axial-radial heat transfer separation to evaluate its thermal …",https://www.emerald.com/hff/article/doi/10.1108/HFF-03-2025-0206/1298253,,0,"4th generation, thermal grid",10.1108/hff-03-2025-0206,De-Xing Zheng; Weifang Chen; Genfu Xiao; Qingyang Zheng,9/16/2025,"
                    Purpose
                    A full and accurate heat model, especially the thermal resistance network with a high engineering application value to describe the cooling channel impact on spindle temperature is still absent so far. For a precise role description on a cooling unit in spindle heating, this paper aims to integrate the gray-box modeling theory to develop a novel semi-empirical thermal resistance network model of a spindle cooling system with its structural constraint influence.
                  
                  
                    Design/methodology/approach
                    The structural characteristics and thermal exchange of a cooling passage were first analyzed. A gray-box description for the heat dissipation of a spindle coolant unit was subsequently implemented, and meanwhile the thermal resistance theory was introduced to perform the specific modeling tasks. In this process, the thermal equivalent resistance of a rectangular spiral channel was derived based on the formula constructed by Dittus and Boelter, and accordingly the axial and radial heat dissipation resistances of a cooling unit also were formulated separately with the influence of the coolant channel itself and its external structural constraints. The thermal network of a motorized spindle was next planned to verify our work, in which the proposed thermal resistances based on gray-box and axial-radial heat transfer separation for the spiral coolant channel were employed, the spindle segmentation factor considering the structural constraint effect was referred for modeling simplification, and furthermore the multi-node model of bearings was also revised to correct the double counting on the heat exchanged by oil-air. Finally the above-proposed work was validated by experiments. The temperature prediction based on the latest model, in addition, was added and contrasted with this newly designed grid for further verification.
                  
                  
                    Findings
                    The validation result indicates that the thermal forecasting is more accurate as the developed gray-box thermal resistance model of a cooling system is applied to assess spindle heating. Clearly, this paper provides a more proper model on the thermal assessment of a spindle cooling unit.
                  
                  
                    Research limitations/implications
                    This work is very suitable for the thermal prediction on the helical coolant unit with a rectangular/circular cross-section, especially the rectangular/circular cross-section spiral cooling system of a spindle.
                  
                  
                    Originality/value
                    Considering the structural characteristics of a coolant unit, this paper introduced the gray box and thermal grid for the first time to describe the heat transfer of a spindle coolant system, and accordingly proposed an efficient and precise semi-empirical gray box-thermal network model with axial-radial heat transfer separation to evaluate its thermal dissipation.
                  ",https://www.emerald.com/hff/article-pdf/35/11/4248/10287722/hff-03-2025-0206en.pdf,0
A data-based comparison of methods for reducing the peak flow rate in a district heating system,4,2025,"… This work concerns reduction of the peak flow rate of a district heating grid, a key system … supply temperatures when transitioning to the 4th generation of district heating. We evaluate a …",https://www.sciencedirect.com/science/article/pii/S2666955224000388,,0,"4th generation, thermal grid",10.1016/j.segy.2024.100168,Felix Agner; Ulrich Trabert; Anders Rantzer; Janybek Orozaliev,2025-2,,https://api.elsevier.com/content/article/PII:S2666955224000388?httpAccept=text/xml,1
"Increasing the efficiency of district heating systems through analysis, development and integration of innovative low temperature heat recovery methods",0,2025,"… substation for 5th generation district heating and cooling networks. … 5th generation district heating networks, installed in a pilot network and capable of covering the heating and cooling …",https://tesidottorato.depositolegale.it/handle/20.500.14242/218342,,0,"5th generation, district heating and cooling",10.3390/su17135870,Pengying Wang; Hangyu Zhou,6/26/2025,"District heating systems in northern China predominantly rely on coal-fired heat sources, necessitating sustainable alternatives to reduce carbon emissions. This study investigates a biomass combined heat and power (CHP) system integrated with cascaded absorption heat pump (AHP) technology to recover waste heat from semi-dry flue gas desulfurization exhaust and turbine condenser cooling water. A multi-source operational framework is developed, coordinating biomass CHP units with coal-fired boilers for peak-load regulation. The proposed system employs a two-stage heat recovery methodology: preliminary sensible heat extraction from non-saturated flue gas (elevating primary heating loop (PHL) return water from 50 °C to 55 °C), followed by serial AHPs utilizing turbine extraction steam to upgrade waste heat from circulating cooling water (further heating PHL water to 85 °C). Parametric analyses demonstrate that the cascaded AHP system reduces turbine steam extraction by 4.4 to 8.8 t/h compared to conventional steam-driven heating, enabling 3235 MWh of annual additional power generation. Environmental benefits include an annual CO2 reduction of 1821 tonnes, calculated using regional grid emission factors. The integration of waste heat recovery and multi-source coordination achieves synergistic improvements in energy efficiency and operational flexibility, advancing low-carbon transitions in district heating systems.",https://www.mdpi.com/2071-1050/17/13/5870/pdf,0
A detailed simulation model for fifth generation district heating and cooling networks with seasonal latent storage evaluated on field data,0,2025,"… Existing models from previous heating network generations can only be used to a limited extent, as the fifth generation has different requirements for the models in certain cases, such …",https://arxiv.org/abs/2506.18528,,0,"5th generation, district heating and cooling",10.1016/j.apenergy.2025.126757,Manuel Kollmar; Adrian Bürger; Markus Bohlayer; Angelika Altmann-Dieses; Marco Braun; Moritz Diehl,2025-12,,https://api.elsevier.com/content/article/PII:S0306261925014874?httpAccept=text/xml,0
Study of Prospecting NPP Cogeneration as District Heating and Cooling in Indonesia,0,2025,"… The simulation employed nPro Tools, focusing on a Fifth Generation District Heating and Cooling (5GDHC) network with a design temperature range of 0–35C. Notably, the system …",https://iopscience.iop.org/article/10.1088/1757-899X/1330/1/012007/meta,,0,"5th generation, district heating and cooling",10.1088/1757-899x/1330/1/012007,A Muksin Aji Setiawan; Sidik Permana; Topan Setiadipura,7/1/2025,"Abstract
               Metropolitan areas like Jakarta are often associated with dense populations and significant energy consumption challenges. During working hours, the city sees the movement of up to 4 million people, creating a distinct energy demand pattern compared to surrounding satellite areas. Energy usage peaks during the summer months due to the high demand for air conditioning, highlighting the need for a stable electricity supply. Jakarta’s current reliance on coal as its primary energy source becomes problematic when supply chains are disrupted or coal becomes economically unsustainable. Moreover, coal usage contributes to long-term environmental degradation. In alignment with the government’s target of achieving net-zero carbon emissions, there is a growing urgency to adopt renewable energy alternatives. Nuclear power presents itself as a viable solution for Indonesia, given its high energy output. The cogeneration capability of Nuclear Power Plants (NPPs) can be utilized for district heating and cooling (DHC), decreasing the city’s reliance on fossil fuels, particularly for cooling. This shift could significantly cut down on air pollution caused by fossil fuel combustion, thus enhancing air quality in Jakarta. This study explores the feasibility of integrating NPPs in major Indonesian cities, factoring in geographical, demographic, economic, and environmental aspects. Ultimately, the initiative aims to help Jakarta progress toward a cleaner and more sustainable urban environment.",https://iopscience.iop.org/article/10.1088/1757-899X/1330/1/012007,0
5th Generation District Heating and Cooling with TESSA–pilot project in a UNESCO world heritage site,0,2025,"… A notable innovation in this field is the fifth-generation district heating and cooling (5GDHC). … of fifth generation district heating and cooling coupled with borehole thermal energy storage,…",https://iopscience.iop.org/article/10.1088/1742-6596/3140/6/062019/meta,,0,"5th generation, district heating and cooling",10.1088/1742-6596/3140/6/062019,J D Chambers; M Boegli; T Soderstrom,11/1/2025,"Abstract
                  District heating systems, particularly fifth-generation district heating and cooling (5GDHC), are emerging as a key solution for decarbonizing space heating and domestic hot water using renewable energy and waste heat. 5GDHC operates on an “anergy network,” a low-temperature, uninsulated pipe system that delivers both heating and cooling energy to buildings via heat pumps. This system is especially beneficial for small villages with limited space for large heat production units. When combined with long-term thermal storage solutions like shallow geothermal boreholes, 5GDHC can meet the growing demand for space cooling. However, designing these systems is data-intensive and computationally expensive due to uncertainties in energy demand, renewable resource availability, and costs. The lack of adequate design and simulation tools is a major barrier to widespread adoption. Planeto’s software TESSA addresses this by providing design automation, engineering simulations, and integrated datasets for engineers. A pilot project in Grandvaux, Switzerland, assessed the feasibility of a 5GDHC system. The village has 67 buildings with a total heat demand of 2,300 MWh/year. The study evaluated the technical and economic feasibility of integrating decentralized energy production via heat pumps and geothermal boreholes. The 5GDHC system is suitable for villages with fewer than 2,000 inhabitants and low energy density, where traditional systems are economically unattractive. With 1,191 such municipalities in Switzerland alone, this technology holds significant potential.",https://iopscience.iop.org/article/10.1088/1742-6596/3140/6/062019,0
GIS-Driven Methods for Scouting Sources of Waste Heat for Fifth-Generation District Heating and Cooling (5GDHC) Systems: Railway/Highway Tunnels,0,2025,… This study provides a novel and impactful contribution to renewable energy and district heating and cooling systems by integrating GIS-driven methods and energy modeling aspects. …,https://www.mdpi.com/2227-9717/13/1/165,,0,"5th generation, district heating and cooling",10.3390/pr13010165,Stanislav Chicherin,1/9/2025,"This paper explores the innovative application of Geographic Information Systems (GISs) to identify and utilize waste heat sources from railway and highway tunnels for fifth-generation district heating and cooling (5GDHC) systems. Increasing the number of prosumers—entities that produce and consume energy—within 5GDHC networks enhances their efficiency and sustainability. While potential sources of waste heat vary widely, this study focuses on underground car/railway tunnels, which typically have a temperature range of 20 °C to 40 °C. Using GIS software, we comprehensively analyzed tunnel locations and their potential as heat sources in Belgium. This study incorporates data from various sources, including OpenStreetMap and the European Waste Heat Map, and applies a two-dimensional heat transfer model to estimate the heat recovery potential. The results indicate that railway tunnels, especially in the southern regions of Belgium, show significant promise for waste heat recovery, potentially contributing between 0.8 and 2.9 GWh annually. The integration of blockchain technology for peer-to-peer energy exchange within 5GDHC systems is also discussed, highlighting its potential to enhance energy management and billing. This research contributes to the growing body of knowledge on sustainable energy systems and presents a novel approach to leveraging existing district heating and cooling infrastructure.",https://www.mdpi.com/2227-9717/13/1/165/pdf,0
An Open-Source Tool for Early-Stage Design of Fifth-Generation Heating and Cooling Networks,0,2025,"… heating but also to integrate sustainable and efficient cooling solutions. In this regard, 5th generation district heating and cooling (… energy flows, they can simultaneously provide heating …",https://repositum.tuwien.at/handle/20.500.12708/222099,,0,"5th generation, district heating and cooling",10.26868/25222708.2025.1610,Matteo Bilardo; Enrico Prataviera; Mohamad Hasan Khajedehi; Enrico Fabrizio; Michele De Carli,8/24/2025,,,0
Enhancing Grid Flexibility with 5th Generation District Heating and Cooling Systems: Energy Management Strategies for User Substations,0,2025,"… As urban energy systems face growing demands for efficiency and grid stability, the integration of 5th generation district heating and cooling (5GDHC) systems offers substantial …",https://www.iris.unina.it/handle/11588/1013395,,0,"5th generation, district heating and cooling",10.1016/j.energy.2025.136639,Stanislav Chicherin,2025-8,,https://api.elsevier.com/content/article/PII:S0360544225022819?httpAccept=text/xml,3
A 5th generation district heating cooling network integrated with a phase change material thermal energy storage: A dynamic thermoeconomic analysis,5,2025,"… This research proposes a novel layout of a 5th generation district heating and cooling network, integrated with a thermal energy storage consisting of phase change materials. The …",https://www.sciencedirect.com/science/article/pii/S0306261925004180,,0,"5th generation, district heating and cooling",10.1016/j.apenergy.2025.125688,F. Calise; F.L. Cappiello; L. Cimmino; F.P. Cuomo; M. Vicidomini,2025-7,,https://api.elsevier.com/content/article/PII:S0306261925004180?httpAccept=text/xml,5
Modeling and Integration of Photovoltaic Thermal (PVT) Hybrid Solar Collectors in A Fifth-Generation District Heating and Cooling (5GDHC) Network,0,,… approach to enhancing overall energy efficiency and sustainability in district energy systems. This … the energy efficiency and cost benefits of the PVT-5GDHC district energy system. …,https://www.researchgate.net/profile/Guowen-Li-5/publication/398023963_Modeling_and_integration_of_photovoltaic_thermal_PVT_hybrid_solar_collectors_in_a_fifth-generation_district_heating_and_cooling_network_5GDHC/links/692dd5a60e91876082c045c1/Modeling-and-integration-of-photovoltaic-thermal-PVT-hybrid-solar-collectors-in-a-fifth-generation-district-heating-and-cooling-network-5GDHC.pdf,http://scholar.google.com/https://www.researchgate.net/profile/Guowen-Li-5/publication/398023963_Modeling_and_integration_of_photovoltaic_thermal_PVT_hybrid_solar_collectors_in_a_fifth-generation_district_heating_and_cooling_network_5GDHC/links/692dd5a60e91876082c045c1/Modeling-and-integration-of-photovoltaic-thermal-PVT-hybrid-solar-collectors-in-a-fifth-generation-district-heating-and-cooling-network-5GDHC.pdf,0,"5th generation, district energy",10.26868/25222708.2025.1393,Guowen Li; Yuhang Zhang; Mingzhe Liu; Zheng O'Neill; Li Song; Gang Wang; Jie Cai; Xingru Wu,8/24/2025,,,0
… and flexible operation study of a bidirectional thermal substation based on building thermal battery model in fifth generation heating and cooling systems,0,2025,… The new generation of district heating systems allows excess heat generated by thermal … to fulfill building heating/cooling demands through heat pump deployment and surplus energy …,https://www.sciencedirect.com/science/article/pii/S135943112503409X,,0,"5th generation, district heat pump",10.1016/j.applthermaleng.2025.128817,Yurun Guo; Jihong Wang; Shugang Wang; Wenji Song; Zhenjun Ma; Shuang Jiang,2025-12,,https://api.elsevier.com/content/article/PII:S135943112503409X?httpAccept=text/xml,0
A large temperature difference absorption heat pump system with multi-step heat exchangers for district heating applications,5,2025,"… the system in new urban district heating installations, cost savings of USD … heat transport distances over 1.1 km, the absorption heat pump system proved advantageous over plate heat …",https://www.sciencedirect.com/science/article/pii/S0360544225022388,,0,"5th generation, district heat pump",10.1016/j.energy.2025.136596,Doseong Yun; Hyung Won Choi; Sejun Park; Wansoo Lee; Seongkook Park; Hyunuk Cho; Yong Tae Kang,2025-8,,https://api.elsevier.com/content/article/PII:S0360544225022388?httpAccept=text/xml,3
A review on thermal management and heat dissipation strategies for 5G and 6G base stations: Challenges and solutions,8,2025,"… With the emergence of 5G networks, thermal management has become a critical aspect of device design; this is especially the case when it comes to the ongoing increase in the density …",https://www.mdpi.com/1996-1073/18/6/1355,,0,"5th generation, thermal network",10.3390/en18061355,Talib Dbouk; Oumar Mourad,3/10/2025,"A literature review is presented on energy consumption and heat transfer in recent fifth-generation (5G) antennas in network base stations. The review emphasizes on the role of computational science in addressing emerging design challenges for the coming 6G technology, such as reducing energy consumption and enhancing equipment thermal management in more compact designs. It examines the contributions of (i) advanced modeling and simulation sciences, including antenna modeling and design, the use of (ii) computational fluid dynamics (CFD) and heat transfer, and (iii) the application of artificial intelligence (AI) in these settings. The scientific interactions and collaborations between these scientific multidisciplinary approaches are vital in the effort to develop innovative 6G thermal equipment designs. This is essential if we are to overcome the current scientific barriers and challenges faced by this evolving technology, where the rapid transition from 5G to 6G will shape the expanding fields of deploying smaller satellites into lower orbits in outer space.",https://www.mdpi.com/1996-1073/18/6/1355/pdf,4
A Tool for the Optimal Design of Climate Resilient Thermal Energy Networks. Part 2: District Heating and Cooling Network Model,0,2025,"… 5], and the node method, that is a version of the plug flow approach [13]. In this paper, a detailed model of the network … thermal model with an implicit Euler method, for what concerns the …",https://link.springer.com/chapter/10.1007/978-3-032-06806-4_30,,0,"5th generation, thermal network",10.1007/978-3-032-06806-4_30,Giorgio Villa; Adriana Angelotti; Marcello Aprile,11/23/2025,,https://link.springer.com/content/pdf/10.1007/978-3-032-06806-4_30,0
GIS-Based Assessment of 5th Generation District Heating and Cooling (5GDHC) Systems with Seasonal Thermal Energy Storage,0,2025,"… exchange feasibility, and configure network layouts. The study … , to ensure accurate and efficient network design. A high linear … up to 60 different network configurations per location. The …",https://ect-journals.rtu.lv/conect/article/view/CONECT.2025.010,,0,"5th generation, thermal network",10.7250/conect.2025.010,Stanislav Chicherin; Jonathan Hachez; Afraz Mehmood Chaudhry; Svend Bram,5/9/2025,"The transition to sustainable energy solutions necessitates innovative approaches to district heating and cooling (DHC) systems. Fifth-generation district heating and cooling (5GDHC) systems, integrated with seasonal thermal energy storage (TES), offer a promising pathway to enhancing energy efficiency while reducing environmental impact. This study, conducted within the OPTIMESH project (OPtimized Thermal prosumer Integration in a Multi-Energy System), explores the robust design of 5GDHC systems tailored for business parks in Flanders through Geographic Information System (GIS) assessment. OPTIMESH aims to optimize the integration of thermal prosumers – buildings that act as both consumers and producers of thermal energy – within multi-energy systems. By leveraging GIS-based methodologies, we identify and analyse potential locations, evaluate energy exchange feasibility, and configure network layouts. The study incorporates multiple data sources, including operational data on waste heat availability, building models, and HVAC system data, to ensure accurate and efficient network design. A high linear heat density is essential for 5GDHC system viability, necessitating a rigorous assessment of more than 40 potential locations across Flanders. GIS tools are employed to assign EPC labels, detect waste heat sources, and map underground utilities such as cables, gas, and water pipelines. We systematically compare three standalone heating solutions – natural gas boilers, air-source heat pumps, and ground-source heat pumps – to assess the relative benefits of 5GDHC deployment. To achieve an optimal configuration, our methodology evaluates up to 60 different network configurations per location. The integration of GIS-generated spatial data with graph-theory-driven simulations allows for a comprehensive assessment of potential layouts, ensuring efficiency in both thermal energy distribution and seasonal storage utilization. The results of these simulations are exported, post-processed, and visualized for further analysis. Key methodologies presented in this study include GIS assessment, thermographic imaging, image recognition, exergy analysis, and steadystate simulations. Our findings highlight the critical role of high-resolution data in designing effective 5GDHC networks. The results cover various aspects, including input assumptions, location selection, network configurations, energy exchange dynamics, and feasibility metrics. This research underscores the economic and ecological advantages of 5GDHC systems, particularly in business parks where simultaneous heating and cooling demands can be efficiently met. By systematically integrating diverse data sources and advanced simulation techniques, this study provides a robust framework for the development of next generation DHC systems, contributing to a more sustainable and resilient energy infrastructure.",https://ect-journals.rtu.lv/conect/article/download/CONECT.2025.010/272,0
Horizontal Borehole Heat Exchangers as a Drilling Engineering Solution for Fifth-Generation Heating Networks,0,,… 5th generation district heating and cooling systems: A review of existing cases in Europe… 5th generation district heating cooling network integrated with a phase change material thermal …,https://papers.ssrn.com/sol3/papers.cfm?abstract_id=5340436,,0,"5th generation, thermal network",10.2139/ssrn.5340436,Tomasz Sliwa; Remigiusz Kunasz,2025,,,0
"Grid-level impacts of renewable energy on thermal generation: efficiency, emissions and flexibility",2,2025,"… particularly for coal plants in renewable-heavy grids [14, 15]. These inefficiencies underscore the challenges of integrating renewables into grids reliant on inflexible thermal generation. …",https://arxiv.org/abs/2501.01954,,0,"5th generation, thermal grid",10.2139/ssrn.5157779,Dhruv Suri; Jacques de Chalendar; Ines Azevedo,2025,,,0
Zero Emissions Analysis for a Hybrid System with Photovoltaic and Thermal Energy in the Balearic Islands University,0,2025,"… grid export limit. Furthermore, the potential of demand-side electrification, implemented via a centralized HVAC plant and a 4th–5th generation … on grid electricity during non-generation …",https://www.mdpi.com/2673-9941/5/3/31,,0,"5th generation, thermal grid",10.3390/solar5030031,Pere Antoni Bibiloni-Mulet; Andreu Moià-Pol; Jacinto Vidal-Noguera; Iván Alonso; Víctor Martínez-Moll; Yamile Díaz Torres; Vicent Canals; Benito Mas; Carles Mulet-Forteza,7/4/2025,"The University of the Balearic Islands is undertaking a significant energy transition toward a zero-emissions model, motivated by escalating energy costs and strong institutional commitments to climate neutrality. This study investigates the technical and operational feasibility of deploying 7.1 MWp of photovoltaic capacity across the campus, integrated with Li-FePO4 battery systems and thermal energy storage. Through a detailed analysis of hourly energy demand, PV generation profiles, and storage constraints, the research evaluates how these technologies can be optimized to meet campus needs. A linear optimization model is applied to assess system performance under the constraint of a 3 MW grid export limit. Furthermore, the potential of demand-side electrification, implemented via a centralized HVAC plant and a 4th–5th generation district heating and cooling network, is analyzed in terms of its ability to maximize on-site PV self-consumption and reduce reliance on grid electricity during non-generation periods.",https://www.mdpi.com/2673-9941/5/3/31/pdf,0
Multi-scale modelling of battery cooling systems for grid frequency regulation with high C-rate amplitude and non-uniform cell heat generation,4,2025,"… energy sources into the grid. However, operating the … thermal gradients within the cells. This study investigates the electro-thermal characteristics and non-uniform heat generation of a …",https://www.nature.com/articles/s41598-025-91142-5,,0,"5th generation, thermal grid",10.1038/s41598-025-91142-5,Wenjiong Cao; Yuanyuan Zhou; Zilun Kuang; Wenxing Sun; Hongyao Wu; Ti Dong,2/22/2025,,https://www.nature.com/articles/s41598-025-91142-5.pdf,4
Mitigation strategies can alleviate power system vulnerability to climate change and extreme weather: a case study on the Italian grid,6,2025,"This study explores compounding impacts of climate change on power system's load and generation, emphasising the need to integrate adaptation and mitigation strategies into …",https://iopscience.iop.org/article/10.1088/2634-4505/ada308/meta,,0,"5th generation, thermal grid",10.1088/2634-4505/ada308,Alice Di Bella; Francesco Pietro Colelli,1/13/2025,"Abstract
               This study explores compounding impacts of climate change on power system’s load and generation, emphasising the need to integrate adaptation and mitigation strategies into investment planning. We combine existing and novel empirical evidence to model impacts on: (i) air-conditioning demand; (ii) thermal power outages; (iii) hydro-power generation shortages. Using a power dispatch and capacity expansion model, we analyse the Italian power system’s response to these climate impacts in 2030, integrating mitigation targets and optimising for cost-efficiency at an hourly resolution. We outline different meteorological scenarios to explore the impacts of both average climatic changes and the intensification of extreme weather events. We find that addressing extreme weather in power system planning will require an extra 5–8 GW of photovoltaic (PV) capacity, on top of the 50 GW of the additional solar PV capacity required by the mitigation target alone. Despite the higher initial investments, we find that the adoption of renewable technologies, especially PV, alleviates the power system’s vulnerability to climate change and extreme weather events. In fact, renewable energy sources are generally less vulnerable to the impacts of climate change, such as rising temperatures and shifting precipitation patterns, compared to thermal power and hydropower generation. Furthermore, enhancing short-term storage with lithium-ion batteries is crucial to counterbalance the reduced availability of dispatchable hydro generation.",https://iopscience.iop.org/article/10.1088/2634-4505/ada308,1
Multi-objective optimization for the operation of district heating systems considering flexibility and economy,9,2025,… operation and scheduling of the next-generation district heating system (DHS) is achieving flexible dynamic matching of thermal energy supply and demand whilst reducing operational …,https://www.sciencedirect.com/science/article/pii/S1359431124030631,,0,"5th generation, thermal grid",10.1016/j.applthermaleng.2024.125395,Jiaying Chen; Hongkun Lv; Liwei Ding; Gang Wu; Kang Zhang; Chenglong Hou; Zhenya Lai,2025-3,,https://api.elsevier.com/content/article/PII:S1359431124030631?httpAccept=text/xml,6
Research on Harmonic Characteristics of Renewable Energy Grid Connection,0,2025,"… in the power grid are becoming increasingly prominent. This paper establishes models for wind power generation, photovoltaic power generation, and thermal power generation. It …",https://ieeexplore.ieee.org/abstract/document/11155853/,,0,"5th generation, thermal grid",10.1109/icesep66633.2025.11155853,Jian Fang; Zheping Lin; Junjie Mo; Junxuan Li; Zhihui Li; Xixiu Wu,6/20/2025,,http://xplorestaging.ieee.org/ielx8/11155222/11155228/11155853.pdf?arnumber=11155853,0
Shifting gears in thermal power: Displacement efficiency and environmental impact of wind and solar generation in China,13,2025,"… These findings indicate a transition of thermal power from baseload to dispatchable, emphasizing … of wind and solar and the necessity of alternative measures to enhance grid flexibility. …",https://www.sciencedirect.com/science/article/pii/S0921344924005093,,0,"5th generation, thermal grid",10.1016/j.resconrec.2024.107916,Ziao Zhu; Zhongwen Xu; Bing Zhang; Xiaoliang Li,2025-1,,https://api.elsevier.com/content/article/PII:S0921344924005093?httpAccept=text/xml,10
Possible Benefits of Thermal Load for Energy Flexibility in Off-Grid Power Systems Energy Service,0,2025,… settlement with an emphasis on the use of thermal energy storage as a way to increase the … heating with Thermal energy storages and the ability to regulate the heat load for 5% of …,https://ieeexplore.ieee.org/abstract/document/10971105/,,0,"5th generation, thermal grid",10.1109/reepe63962.2025.10971105,Sofya Yu. Badamshina; Alexander V. Klokov,4/8/2025,,http://xplorestaging.ieee.org/ielx8/10970775/10970758/10971105.pdf?arnumber=10971105,1
Simulation-driven design and optimisation of fifth-generation district heating and cooling networks integrated into renewable-based collaborative energy …,1,2025,… Fifth-generation district heating and cooling (5GDHC) systems offer a key solution to … renewable integration and energy sharing. This study addresses the need for energy-flexible …,https://www.sciencedirect.com/science/article/pii/S0196890425007563,,0,"fifth generation, district heating and cooling",10.1016/j.enconman.2025.120232,Annamaria Buonomano; Cesare Forzano; Giovanni Francesco Giuzio; Giuseppe Langella; Robert Maka; Adolfo Palombo; Giuseppe Russo,2025-11,,https://api.elsevier.com/content/article/PII:S0196890425007563?httpAccept=text/xml,1
Assessing the economic feasibility of renewable integration in district heating and cooling networks for sustainable urban development,0,2025,"… heating and cooling technologies to more modern, low-carbon ones in cities. In particular, it looks at fifth-generation district heating and cooling (… energy exchange to cut down on energy …",https://www.sciencedirect.com/science/article/pii/S0360544225044561,,0,"fifth generation, district heating and cooling",10.1016/j.energy.2025.138814,Wei Li; Muhammad Abu bakr,2025-12,,https://api.elsevier.com/content/article/PII:S0360544225044561?httpAccept=text/xml,0
Evaluating the efficiency of fifth-generation district heating and cooling using sector-coupled co-simulation,0,,"… 5th generation district heating and cooling systems: A review of existing cases in Europe. Renewable and Sustainable Energy Reviews 104 (2019), 504–522. doi:10.1016/j.rser.2018.12.…",https://www.researchgate.net/profile/Dominik-Vereno/publication/395535826_Evaluating_the_efficiency_of_fifth-generation_district_heating_and_cooling_using_sector-coupled_co-simulation/links/68c9687c4eef4b024b8bcf3f/Evaluating-the-efficiency-of-fifth-generation-district-heating-and-cooling-using-sector-coupled-co-simulation.pdf,http://scholar.google.com/https://www.researchgate.net/profile/Dominik-Vereno/publication/395535826_Evaluating_the_efficiency_of_fifth-generation_district_heating_and_cooling_using_sector-coupled_co-simulation/links/68c9687c4eef4b024b8bcf3f/Evaluating-the-efficiency-of-fifth-generation-district-heating-and-cooling-using-sector-coupled-co-simulation.pdf,0,"fifth generation, district heating and cooling",10.3030/649820,,7/1/2015,,,
Photovoltaic thermal system design including aquifer thermal energy storage in a fifth generation district heating network in Hilversum,3,2025,… heating alternatives have been proposed to combine heat pumps and thermal energy … thermal systems (PVT) with aquifer thermal energy storage (ATES) within a fifth-generation district …,https://www.sciencedirect.com/science/article/pii/S2214157X25001145,,0,"fifth generation, district thermal",10.1016/j.csite.2025.105854,Ties Beijneveld; Joel Alpízar-Castillo; Laura Ramírez-Elizondo,2025-4,,https://api.elsevier.com/content/article/PII:S2214157X25001145?httpAccept=text/xml,1
Ensuring Energy Security in Ukraine: The Role of Cogeneration and Sustainable Funding for District Heating Systems,1,2025,… Abstract: This article examines how to enhance energy security in Ukraine via increased efficiency and sustainability of district heating systems (DHS). It explores the role of combined …,https://orbit.dtu.dk/en/publications/ensuring-energy-security-in-ukraine-the-role-of-cogeneration-and-,,0,"fifth generation, district energy",10.54740/ros.2025.016,Vitalii Khodakivskyi; Dmytro Karpenko; Inna Bilous; Romanas Savickas,4/2/2025,"This article examines how to enhance energy security in Ukraine via increased efficiency and sustainability of district heating systems (DHS). It explores the role of combined heat and power (CHP) from a technical perspective and the sustainability of the funding from a financial standpoint, plays in securing energy security. Unlike specific technical/economic studies, this provides a comprehensive overview of technologies, funding, and policies for resilient Ukrainian DHS. The study highlights the critical impact of the ongoing conflict on Ukraine's thermal energy infrastructure and the need for modernization. Preventing system collapse is cheaper and faster than rebuilding. Moreover, small but strategic investments in DHS and CHP during critical periods ensure energy system survival, preventing irreversible damage and enabling long-term recovery. The article provides an overview analysis of existing heating technologies and assesses the feasibility of integrating modern solutions such as Power-to-Heat, Waste-to-Energy and explores distributed generation (biogas/biohydrogen and hydrogen fuel) for resilient energy production in Ukraine's DHS. It further explores funding mechanisms, highlighting the importance of international financing institutions (IFI), international partnerships, state support, non-governmental organizations (NGO), and humanitarian aid roles in advancing modernization efforts. Future research assesses cogeneration effectiveness under grant funding during crises and explores distributed generation for resilience. The study highlights the CHP's potential for increasing energy efficiency, reducing emissions, and enhancing energy security. It provides policy recommendations for market liberalization and infrastructure modernization, providing a framework for Ukraine's DHS transition toward renewable energy integration and energy system sustainability. The article concludes that a strategic approach – encompassing technological, economic, regulatory, and sustainable funding advancements – is essential for the long-term sustainability of energy systems in crisis.",,1
A comprehensive techno-economic analysis of solar energy integration in low-temperature district heating and cooling systems,5,2025,This study investigates the integration of solar technologies and energy storage at the individual building level within fifth-generation district heating and cooling (5GDHC) networks. …,https://www.sciencedirect.com/science/article/pii/S0960148125016817,,0,"fifth generation, district energy",10.1016/j.energy.2025.136583,Ulrich Trabert; Felix Pag; Janybek Orozaliev; Ulrike Jordan; Klaus Vajen,2025-9,,https://api.elsevier.com/content/article/PII:S036054422502225X?httpAccept=text/xml,2
… optimization of a novel multi-energy coupled low temperature district heating system based on distributed absorption and compression heat pumps,4,2025,"… heating substations, the half-effect absorption and electric compression heat pumps integrated with heat exchangers are used to lower return temperature of the primary heating network…",https://www.sciencedirect.com/science/article/pii/S0360544225026398,,0,"fifth generation, district heat pump",10.2139/ssrn.5120266,Fangtian Sun; Zhicheng Wang; Wanqing Xu; Baogeng Chen,2025,,,0
Vine-inspired 3D self-supporting spiral networks enable all-polymer composites advanced dielectric properties and isotropic thermal management,3,2025,"… thermal conductivity (λ) in laminated all-polymer composites, which are essential for signal transmission and heat dissipation in fifth-generation … (UHMWPE) spiral network is created in …",https://www.sciencedirect.com/science/article/pii/S1359836824007546,,0,"fifth generation, thermal network",10.1016/j.compositesb.2024.111942,Qibin Xu; Shengchang Zhang; Yingying Zhao; KaiXiang Wang; Shuheng Liang; Yuanyuan Yu; Yan Jiang; Baolong Xue; Mengjin Jiang; Pengqing Liu,2025-1,,https://api.elsevier.com/content/article/PII:S1359836824007546?httpAccept=text/xml,4
MATLAB Implementation of Effects of Fifth Generation on Free Space,0,2025,"… In this research, the architecture of the 5G cellular network as well as certain breakthrough technologies that have the potential to improve the design and meet the demands of users …",https://journals.ajsrp.com/index.php/ajsrp/article/view/8716,,0,"fifth generation, thermal network",10.26389/ajsrp.e111024,Rayan Abdelazeem Haboub; Khalid Hamid Bilal,3/15/2025,"Given that there is a widespread demand for quick internet access, all of the main telecommunications providers throughout the world are working hard to improve their speed on the internet. Internet connectivity that is dependable is becoming more in demand across the whole economy, including the home market, the watch market, the mobile phone market, and the auto-mobile market. The creation of 5G technology is a response to a society that is defined by rapidly changing conditions and increasing expectations for technological advancement. Increasing capacity, improving data rates, decreasing latency, and enhancing service quality are some of the main goals that should be pursued in the future, especially in an environment that is post-4G infrastructure. In order to accomplish these goals, the architecture of 5G cellular has to undergo substantial changes. In this research, the architecture of the 5G cellular network as well as certain breakthrough technologies that have the potential to improve the design and meet the demands of users are the primary topics of discussion and how it effects in free space.",https://journals.ajsrp.com/index.php/ajsrp/article/download/8716/7659,0
Unmanned Aerial Vehicle Localization for Device-to-Device Communication in Fifth Generation Networks using Modified Various Search Optimization (MVSO),0,2025,"… the current information exchange, and fifth-generation (5G) networks are one of the vital … each other without passing through the core network to gain spectral efficiency, reduce latency …",https://grjnst.net/index.php/view/article/view/121,,0,"fifth generation, thermal network",10.1108/ijius-11-2024-0321,,12/10/2025,,https://www.emerald.com/ijius/article-pdf/13/5/207/10997943/ijius-11-2024-0321en.pdf,0
Production and utilization of hydrogen enriched fifth generation biofuel in LTC engines with reformed EGR,6,2025,"… Among the tested fuels, the H40 blend demonstrated the highest brake thermal efficiency (BTE), surpassing that of conventional diesel. Emission analysis showed notable reductions in …",https://www.nature.com/articles/s41598-025-08259-w,,0,"fifth generation, thermal network",10.1038/s41598-025-08259-w,Krishnamoorthy Ramalingam; Mohd. Zulkifly Abdullah; P. V. Elumalai; M. Venkateswar Reddy; Yan Yafang; S. Prabhakar; K. Kamakshi Priya,7/17/2025,,https://www.nature.com/articles/s41598-025-08259-w.pdf,3
Resolution-corrected White Dwarf Gravitational Redshifts Validate Fifth-generation Sloan Digital Sky Survey Wavelength Calibration and Enable Accurate Mass …,0,2025,… We note that measuring low-resolution radial velocities using a grid of 1D NLTE model atmospheres (PM Kowalski & D. Saumon 2006; PE Tremblay & P. Bergeron 2009; PE Tremblay …,https://iopscience.iop.org/article/10.3847/1538-4357/adf8dd/meta,,0,"fifth generation, thermal grid",10.3847/1538-4357/adf8dd,Stefan M. Arseneau; J. J. Hermes; Nadia L. Zakamska; Kareem El-Badry; Nicole R. Crumpler; Vedant Chandra; Gautham Adamane Pallathadka; Carles Badenes; Boris T. Gänsicke; Nicola Gentile Fusillo,9/26/2025,"Abstract
               Leveraging the large sample size of low-resolution spectroscopic surveys to constrain white dwarf stellar structure requires an accurate understanding of the shapes of hydrogen absorption lines, which are pressure broadened by the Stark effect. Using data from both the Sloan Digital Sky Survey (SDSS) and the Type Ia Supernova Progenitor Survey, we show that substantial biases (5–15 km s−1) exist in radial velocity measurements made from observations at low spectral resolution relative to similar measurements from high-resolution spectra. Our results indicate that the physics of line formation in high-density plasmas, especially in the wings of the lines, are not fully accounted for in state-of-the-art white dwarf model atmospheres. We provide corrections to account for these resolution-induced redshifts in a way that is independent of an assumed mass–radius relation, and we demonstrate that statistical measurements of gravitational redshift with these corrections yield improved agreement with theoretical mass–radius relations. Our results provide a set of best practices for white dwarf radial velocity measurements from low-resolution spectroscopy, including those from SDSS, the Dark Energy Spectroscopic Instrument, the 4 m Multi-Object Spectroscopic Telescope, and the Wide-Field Multiplexed Spectroscopic Facility.",https://iopscience.iop.org/article/10.3847/1538-4357/adf8dd,0
Energy assessment of thermal solar-powered heating and cooling networks for a cluster of buildings in Mediterranean climate,6,2025,"The urgent need to cut carbon dioxide emissions in buildings is pushing towards efficient, eco-friendly solutions for meeting heating and cooling demands such as renewable-based …",https://www.sciencedirect.com/science/article/pii/S0960148125010596,,0,"fifth generation, thermal grid",10.1016/j.renene.2025.123397,Tancredi Testasecca; Pietro Catrini; Maurizio La Villetta; Marco Beccali; Antonio Piacentino,2025-10,,https://api.elsevier.com/content/article/PII:S0960148125010596?httpAccept=text/xml,6
Geothermal Networks Can Aid Decarbonization Through Repurposed Hydrocarbon Wells,0,2025,… the fourth generation and low temperature in the fifth generation. … paves the way for recovery and integration into the heat grid … The fifth generation of DH addresses the challenge. …,https://onepetro.org/JPT/article/77/03/79/643568,,0,"fifth generation, thermal grid",10.2118/0325-0079-jpt,Chris Carpenter,3/1/2025,"
                  _
                  This article, written by JPT Technology Editor Chris Carpenter, contains highlights of paper SPE 220014, “Decarbonizing the Residential Sector With Geothermal District-Heating Networks: The Contribution of Hydrocarbon Wells,” by Claudio Alimonti, SPE, Sapienza University of Rome and Istituto di Geologia Ambientale e Geoingegneria, and Davide Scrocca, Istituto di Geologia Ambientale e Geoingegneria. The paper has not been peer reviewed.
               
               
                  _
                  This study highlights how the recovery and reuse of existing hydrocarbon infrastructure can contribute to the diffusion of district-heating (DH) projects that implement principles of circular economy. The complete paper presents two examples of reusing hydrocarbon wells to satisfy the energy demand for heating residential buildings through locally available geothermal renewable energy sources.
               
               
                  Background
                  The mature phase of oil and gas reservoirs usually is characterized by the production of formation waters together with hydrocarbons. The volume of the produced water generally increases as fields mature until hydrocarbon production becomes uneconomical and wells are cemented and closed.
                  Reservoir fluids could have temperatures high enough to support geothermal exploitation depending on the geothermal gradient. Therefore, when hydrocarbon wells are approaching the end of their productive life, and where geothermal potential exists, conversion to geothermal wells could be a reasonable alternative to closure.
                  The authors’ results show how the repurposing of hydrocarbon wells into geothermal wells constitutes an excellent opportunity to access geothermal resources, reducing investment and mining risks and improving project economics.
                  Considering that the temperature of reservoir fluids accessible through existing active wells generally is lower than 100–110°C, one of the more suitable applications for the harvested heat is to power new-generation DH systems that can operate with delivery temperatures even lower than 60°C.
               
               
                  Data and Results
                  Geothermal Potential of Using Hydrocarbon Wells in Italy.
                  Data regarding hydrocarbon production concessions and active hydrocarbon wells are made available by the Italian Ministry of Environment and Energy Security. Further data are provided by the Visibility of Petroleum Exploration Data in Italy project.
                  In Italy, 1,561 active wells are distributed in 183 hydrocarbon concessions. In 111 onshore hydrocarbon production concessions, 847 active wells have different operational statuses, including 436 productive wells and 399 potentially productive wells.
                  A first selection of onshore fields hosting the most-promising productive or potentially productive wells was performed through comparison of the well location and total depth with the known subsurface temperature field. In that study, the reference thermal data were temperature maps at depths of 1000, 2000, and 3000 m below ground level. In one approach proposed in the literature, given that the focus was on space-heating applications, the minimum production temperature was set to 70°C. On this basis, 42 fields have been identified with depths greater than 2000–3000 m and with temperatures greater than 60–70 °C. However, heat recoverable from even-lower-temperature reservoir fluids could have potential uses with the most-recent generations of DH systems and with direct heat.
               ",https://onepetro.org/JPT/article-pdf/77/03/79/4600779/spe-0325-0079-jpt.pdf,0
Energy and AI,0,,"… fifthgeneration … grids, and utilized for electricity and heat generation. Subsequent sections provide a detailed review of ML techniques, focusing on their application in smart thermal grids …",https://www.researchgate.net/profile/Navid-Mahdavi-3/publication/389772247_Review_of_machine_learning_techniques_for_energy_sharing_and_biomass_waste_gasification_pathways_in_integrating_solar_greenhouses_into_smart_energy_systems/links/67fc5ab7bd3f1930dd5d6c0c/Review-of-machine-learning-techniques-for-energy-sharing-and-biomass-waste-gasification-pathways-in-integrating-solar-greenhouses-into-smart-energy-systems.pdf,http://scholar.google.com/https://www.researchgate.net/profile/Navid-Mahdavi-3/publication/389772247_Review_of_machine_learning_techniques_for_energy_sharing_and_biomass_waste_gasification_pathways_in_integrating_solar_greenhouses_into_smart_energy_systems/links/67fc5ab7bd3f1930dd5d6c0c/Review-of-machine-learning-techniques-for-energy-sharing-and-biomass-waste-gasification-pathways-in-integrating-solar-greenhouses-into-smart-energy-systems.pdf,0,"fifth generation, thermal grid",10.1016/j.egyai.2020.100001,Adrian Bejan,2020-8,,https://api.elsevier.com/content/article/PII:S266654682030001X?httpAccept=text/xml,19
District heating and cooling,2,2025,"… individual heat pumps or boilers in each building, for example, a larger central heat pump … , improving efficiencies, reducing overall energy consumption and greenhouse gas emissions, …",https://www.sciencedirect.com/science/article/pii/B9780443218934000179,,0,"fourth generation, district heating and cooling",10.1016/b978-0-323-90496-4.00007-9,Daniel Favrat; Malick Kane,2025,,https://api.elsevier.com/content/article/PII:B9780323904964000079?httpAccept=text/xml,0
A review of sustainable development in the harnessing geothermal and solar energy for approaching the residual heat utilization in refrigeration and district cooling …,2,2025,"… On the other hand, Sulzer et al. focus more on the challenges and innovations related to the fourth generation of district heating and cooling systems (4GDHC). They emphasize the …",https://link.springer.com/article/10.1007/s43621-025-01138-4,,0,"fourth generation, district heating and cooling",10.1007/s43621-025-01138-4,A. Francisco-Hernandez; S. L. Moya-Acosta; A. Aragón-Aguilar; L. G. Carreto-Hernandez,6/5/2025,,https://link.springer.com/content/pdf/10.1007/s43621-025-01138-4.pdf,2
Strategic integration of urban excess heat sources in a district heating system: A Spatio-temporal optimisation methodology,1,2025,"… Heating and cooling activities account for nearly half of the European Union's total energy use, yet only 23 % of this demand is met by renewable sources. As reliance on fossil fuels …",https://www.sciencedirect.com/science/article/pii/S0306261925009663,,0,"fourth generation, district heating and cooling",10.1016/j.apenergy.2025.126236,Shravan Kumar; Ali Kök; Johan Dalgren; Jagruti Thakur; Viktoria Martin; Francesco Gardumi,2025-10,,https://api.elsevier.com/content/article/PII:S0306261925009663?httpAccept=text/xml,0
Power-to-Heat and Seasonal Thermal Energy Storage: Pathways Toward a Low-Carbon Future for District Heating,1,2025,Power-to-Heat and Seasonal Thermal Energy Storage are emerging technologies that facilitate the integration of variable renewable energy sources into building and district energy …,https://www.mdpi.com/1996-1073/18/21/5577,,0,"fourth generation, district thermal",10.3390/en18215577,Krzysztof Sornek; Maksymilian Homa; Flaviu Mihai Frigura-Iliasa; Mihaela Frigura-Iliasa; Marcin Jankowski; Karolina Papis-Frączek; Jakub Katerla; Jakub Janus,10/23/2025,"Power-to-Heat and Seasonal Thermal Energy Storage are emerging technologies that facilitate the integration of variable renewable energy sources into building and district energy systems. This review synthesizes recent advancements in technologies, integration strategies, and case studies, with a particular focus on nearly zero-energy buildings and nearly zero-energy districts. A structured literature survey, prioritizing sources from 2020 to 2025, was conducted to map available options. The analysis includes Power-to-Heat systems, primarily electric boilers and heat pumps, as well as various seasonal thermal energy storage configurations, including Aquifer Thermal Energy Storage, Borehole Thermal Energy Storage, Pit Thermal Energy Storage, Tank Thermal Energy Storage, and Packed Bed Thermal Energy Storage. The findings indicate that coupling renewable energy with Power-to-Heat and seasonal thermal energy storage can significantly enhance the flexibility of buildings and district systems, reducing the curtailment of renewable sources by utilizing surplus electricity from renewable generation, particularly during periods of low demand, and lowering the environmental impact of buildings and district heating networks.",https://www.mdpi.com/1996-1073/18/21/5577/pdf,1
Balanced operation strategies of district heating systems based on dynamic hydraulic-thermal modeling,9,2025,"… Consequently, the primary side control in the current district heating system … -thermal model and performs a balanced operation strategies optimization based on the hydraulic-thermal …",https://www.sciencedirect.com/science/article/pii/S2666123324000114,,0,"fourth generation, district thermal",10.1016/j.enbenv.2024.01.005,Xiaojie Lin; Ning Zhang; Zheng Luo; Encheng Feng; Wei Zhong,2025-6,,https://api.elsevier.com/content/article/PII:S2666123324000114?httpAccept=text/xml,5
"Solar Powered Transcritical CO2 Cogeneration Plant for the Union Territory of Ladakh, India",1,2025,… Chloride-based salt is proposed as the thermal energy … In addition to power generation utilizing a simple recuperated … for space heating using a fourth-generation district heating plant. …,https://www.sciencedirect.com/science/article/pii/S2772940025000190,,0,"fourth generation, district thermal",10.1016/j.solcom.2025.100124,Vivek Kumar; Khalid Parra; Uday Raj Singh; Satya Sekhar Bhogilla,2025-6,,https://api.elsevier.com/content/article/PII:S2772940025000190?httpAccept=text/xml,0
Hydraulic Balancing of District Heating Systems and Improving Thermal Comfort in Buildings.,1,2025,"… fourth generation district heating (4GDH), which decreases operation and maintenance costs by utilizing the efficiency of low temperature district … -and-power (CHP) generation. The key …",https://search.ebscohost.com/login.aspx?direct=true&profile=ehost&scope=site&authtype=crawler&jrnl=19961073&AN=183646465&h=IFgwP22mst4gPWm0CEFWSgrMK781ZNhFOX2hL1W175S%2BhlbnEgLHdwulw92oPjwTW3%2B89eG%2BREhRsi%2BHiPyJ0A%3D%3D&crl=c,,0,"fourth generation, district thermal",10.3390/en18051259,Stanislav Chicherin,3/4/2025,"The relevance is introducing fourth generation district heating (4GDH), which decreases operation and maintenance costs by utilizing the efficiency of low temperature district heating (LTDH). The aim is to develop a methodology allowing for a more flexible heat demand model and accurate function describing the relationship between outdoor temperature and heat demand. It is represented by a black-box model based on historical data collected from heating, ventilation, and air conditioning (HVAC) systems. Energy delivery/consumption is analyzed with the help of a set of statistical and regression formulas. The analysis of operational data is then transformed to methodology to regulate heat supply with combined heat-and-power (CHP) generation. The key features are that the model takes into account thermal capacity and type of substation; the district heating (DH) plant is not assumed to have a fixed return temperature and generation profile. The novelty is an emphasis on DH operation and introduction of statistics into a dynamic simulation model. With no abnormal buildings, higher accuracy of modeling is achieved. Most of the consumers are pretty similar in thermal response, even though specific energy demand and heated volume may differ. Heat demand of an old building is better simulated with discrete regression, while those with pump-equipped substations are modeled with linear regression.",https://www.mdpi.com/1996-1073/18/5/1259/pdf,2
"Electrical and Thermal Load Impacts of Three District Heating and Cooling Designs for an Existing Community in Washington, DC",0,2025,… a fourth generation (4G) district heating and cooling system that provides hot and chilled water from a central plant directly to each prosumer and a fifth generation (5G) district heating …,https://docs.nrel.gov/docs/fy26osti/95498.pdf,http://scholar.google.com/https://docs.nrel.gov/docs/fy26osti/95498.pdf,0,"fourth generation, district thermal",10.1016/j.applthermaleng.2025.127555,Alet van den Brink; Rick Kramer,2025-11,,https://api.elsevier.com/content/article/PII:S1359431125021477?httpAccept=text/xml,0
Using extreme value theory to take better account of peak demand when generating typical periods by clustering for district heating networks design …,2,2025,"… and countries worldwide, and fourth-generation district heating networks can be a key part of achieving this goal. However, optimising district heating networks has become more and …",https://www.sciencedirect.com/science/article/pii/S0360544225001641,,0,"fourth generation, district thermal",10.1016/j.energy.2025.134522,Gabriele Leoncini; François Rousset; Benjamin Bertin; Hamza Mettali; Eric Bideaux; Marc Clausse,2025-2,,https://api.elsevier.com/content/article/PII:S0360544225001641?httpAccept=text/xml,1
Influence of Key Structural Parameters on Total Heat Loss and Heat Transfer Between Tubes,0,2025,"… Based on the characteristics of low temperature operation and 100% renewable waste energy supply of the fourth generation district heating system, this paper uses renewable low-…",https://link.springer.com/chapter/10.1007/978-981-96-1120-1_9,,0,"fourth generation, district energy",10.1007/978-981-96-1120-1_9,Qian Xu,2025,,https://link.springer.com/content/pdf/10.1007/978-981-96-1120-1_9,0
Two-stage stochastic optimization of district energy systems: a case study from the United States,1,2025,… ] focused on the integration of high-temperature heat pumps in district heating and cooling networks and noted that most common district energy systems are third and fourth generation. …,https://repositum.tuwien.at/handle/20.500.12708/213803,,0,"fourth generation, district energy",10.1016/j.epsr.2024.111253,Huhu Zheng; Jianhua Ye; Fengzhang Luo,2025-2,,https://api.elsevier.com/content/article/PII:S0378779624011398?httpAccept=text/xml,9
Heat Decarbonisation: A Solution for the Future Smart Compact Cities in Japan,1,2025,"… Now, it is getting into the fourth generation to … The fourth generation district heating focuses on energy efficiency, flexibility, and integrating all available renewable and surplus energy …",https://www.taylorfrancis.com/chapters/edit/10.4324/9781003471448-8/heat-decarbonisation-makoto-tajima,,0,"fourth generation, district energy",10.4324/9781003471448-8,Makoto Tajima,3/25/2025,,,0
In-situ research of a district heating system to assess its capability to operate at reduced flow temperatures,0,2025,… the energy efficiency of district heating systems. This was achieved by using the heat flow surplus of the district heating system and the reduction in heat demand of buildings resulting …,https://www.sciencedirect.com/science/article/pii/S0360544225042732,,0,"fourth generation, district heat pump",10.2139/ssrn.5204306,Robert Sekret; Janusz Kotowicz,2025,,,0
Energy and economic evaluation of a moderately-high-temperature heat pump with R-1234ze (E) in district heating and cooling networks,0,,… explore the different scenarios when combined with DHCNs (fourth generation (4G) and fifth generation (5G) scenarios) and investigates the maximization of efficiency with an internal …,https://www.researchgate.net/profile/Ghad-Alarnaot/publication/396386982_Energy_and_economic_evaluation_of_a_moderately-high-temperature_heat_pump_with_R-1234zeE_in_district_heating_and_cooling_networks/links/68e8d6ba02d6215259ba97f8/Energy-and-economic-evaluation-of-a-moderately-high-temperature-heat-pump-with-R-1234zeE-in-district-heating-and-cooling-networks.pdf,http://scholar.google.com/https://www.researchgate.net/profile/Ghad-Alarnaot/publication/396386982_Energy_and_economic_evaluation_of_a_moderately-high-temperature_heat_pump_with_R-1234zeE_in_district_heating_and_cooling_networks/links/68e8d6ba02d6215259ba97f8/Energy-and-economic-evaluation-of-a-moderately-high-temperature-heat-pump-with-R-1234zeE-in-district-heating-and-cooling-networks.pdf,0,"fourth generation, district heat pump",10.1016/j.enconman.2024.119346,Ghad Alarnaot-Alarnaout; Joaquín Navarro-Esbrí; Ángel Barragán-Cervera; Adrián Mota-Babiloni,2025-2,,https://api.elsevier.com/content/article/PII:S0196890424012871?httpAccept=text/xml,8
Modeling and optimization of planar induction electromagnetic pump based on genetic algorithm mixed with parameter sweep,2,2025,"… A thermal network is a must and is also introduced. After the optimization, a one pole pair pump with a pole length of 66 cm and 40 mm depth is obtained. It has a pumping capacity with …",https://www.sciencedirect.com/science/article/pii/S0306454925003135,,0,"fourth generation, thermal network",10.1016/j.anucene.2025.111496,Wenxiao Wu; Jien Ma; Keming Bi; Xin Yan; Youtong Fang,2025-9,,https://api.elsevier.com/content/article/PII:S0306454925003135?httpAccept=text/xml,2
Low-cycle and thermal–mechanical fatigue of the fourth-generation single crystal superalloy: correlation of deformation mechanisms and life prediction …,1,2025,Low-cycle fatigue (LCF) and thermal–mechanical fatigue (TMF) have long been recognized as critical to the service reliability of single crystal (SX) turbine blades. Comparative …,https://www.sciencedirect.com/science/article/pii/S0142112325004979,,0,"fourth generation, thermal network",10.1016/j.scriptamat.2025.116935,Zihao Tan; Chenglu Zou; Xinguang Wang; Jianchao Pang; Yongmei Li; Jingjing Liang; Jide Liu; Jinlai Liu; Jinguo Li; Zhefeng Zhang; Xiaofeng Sun; Yizhou Zhou,2025-12,,https://api.elsevier.com/content/article/PII:S1359646225003975?httpAccept=text/xml,1
Influence of Long-Term Aging on the Microstructure Evolution of Fourth-Generation Nickel-Based Single Crystal Superalloy,0,,"… The effect of long-term aging on the microstructure evolution of a fourth-generation nickel … aging process, a relatively complex dislocation network forms at the alloy interface to release …",https://papers.ssrn.com/sol3/papers.cfm?abstract_id=5371463,,0,"fourth generation, thermal network",10.2139/ssrn.5371463,Xiaolin Wei; Dongqin Li; Chiyuhao Huang; Xin He; Qian Zhou; Lu Wang; Qiang Zeng; Weiwei Chen,2025,,,0
Transient thermal network development and evaluation of rotational oil-spray cooled in-wheel module for electric vehicles under drive cycle conditions,5,2025,"Effective thermal management is essential for enhancing the performance and efficiency of in-wheel motors. In this study, a transient lumped parameter thermal network (LPTN) model …",https://www.sciencedirect.com/science/article/pii/S1359431124028795,,0,"fourth generation, thermal network",10.1016/j.applthermaleng.2024.125211,Ed Joshua Manalac; Myeong Hyeon Park; Sung Chul Kim,2025-3,,https://api.elsevier.com/content/article/PII:S1359431124028795?httpAccept=text/xml,4
Review of the CERMET fuels for the fourth-generation nuclear reactors: Materials and properties,0,,"… in fourthgeneration reactors, fusion devices, and space nuclear power systems. Cermet fuels, as an important candidate for the fourth-generation … ) forming effective thermal networks. …",https://papers.ssrn.com/sol3/papers.cfm?abstract_id=5639220,,0,"fourth generation, thermal network",10.2139/ssrn.5639220,Sujuan Liu; Yong He; Zhengang Duan; Qinglong Wen; Qiang Li,2025,,,0
Thermal fatigue behavior of a fourth-generation Ni-based single crystal superalloy at 1000° C,0,2025,… gap existed regarding the thermal fatigue behavior of fourth-generation SX superalloys. … the thermal fatigue crack initiation and propagation behavior in a fourthgeneration Ni-based …,https://www.sciencedirect.com/science/article/pii/S1044580325009714,,0,"fourth generation, thermal network",10.1016/j.matchar.2025.115682,Rongyi Na; Zihao Tan; Shulin Dong; Zhaoyang Liang; Haoyu Guo; Yingdong Qu; Xinguang Wang; Jinguo Li; Xiaofeng Sun; Yizhou Zhou,2025-12,,https://api.elsevier.com/content/article/PII:S1044580325009714?httpAccept=text/xml,0
Low cycle fatigue behaviors and deformation mechanisms of the [011] oriented fourth-generation Nickel-based single crystal superalloy at 1000° C,2,2025,"The fourth-generation single crystal superalloy has excellent service performance at high temperature. In this work, the low cycle fatigue behaviors and deformation mechanisms of the […",https://www.sciencedirect.com/science/article/pii/S0966979525001736,,0,"fourth generation, thermal network",10.1016/j.intermet.2025.108808,Shida Huo; Yuhang Dai; Xinguang Wang; Zihao Tan; Zhaoyang Liang; Yanfei Liu; Yongmei Li; Xipeng Tao; Yan Tao; Chunhua Zhang; Song Zhang; Jinguo Li; Yizhou Zhou; Xiaofeng Sun,2025-8,,https://api.elsevier.com/content/article/PII:S0966979525001736?httpAccept=text/xml,3
Study on plastic deformation mechanism of a fourth-generation nickel-based single crystal superalloy: In-situ SEM characterization and dislocation density …,11,2025,"The mechanical properties of nickel-based single-crystal (SX) superalloys exhibit a profound dependence on both temperature and crystallographic orientation. However, correlating …",https://www.sciencedirect.com/science/article/pii/S0921509325003508,,0,"fourth generation, thermal network",10.1016/j.msea.2025.148132,Wenqiang Zhang; Shuang Chen; Guanghao Guo; Xuan Liu; Bin Zhang; Xianjue Ye; Jin Wang; Yuefei Zhang; Xinbao Zhao; Ze Zhang,2025-5,,https://api.elsevier.com/content/article/PII:S0921509325003508?httpAccept=text/xml,9
Insights into the microstructure and high temperature creep mechanism of Hafnium doped fourth-generation single crystal superalloy,1,2025,The influence of minor Hf on the microstructure and creep deformation mechanism at 1100 ºC/150 MPa was systematically investigated in a fourth-generation single crystal superalloy. …,https://www.sciencedirect.com/science/article/pii/S0925838825050509,,0,"fourth generation, thermal network",10.1016/j.jallcom.2025.183489,Qiang Wang; Wenchao Yang; Jiarun Qin; Chen Liu; Haitao Fu; Zhao Xin; Haijun Su; Lin Liu,2025-9,,https://api.elsevier.com/content/article/PII:S0925838825050509?httpAccept=text/xml,1
Exergy analysis of a sustainable system with a fourth-generation nuclear power plant based on radial basis function kernel support vector regression method,2,2025,The present study proposes how to efficiently transform a landlocked city into a sustainable city by integrating a 250 MW Modular Helium Reactor with a Cu–Cl thermochemical cycle to …,https://www.sciencedirect.com/science/article/pii/S0360319924051103,,0,"fourth generation, thermal network",10.1016/j.ijhydene.2024.11.414,Muhammet Mert Dincer; Merve Ozturk Kirkar,2025-7,,https://api.elsevier.com/content/article/PII:S0360319924051103?httpAccept=text/xml,1
Evaporation Heat Transfer Characteristics of Fourth-Generation Refrigerants in Nano/Microchannels,0,2025,… of fourth-generation refrigerants for ultrahigh heat flux cooling and their potential to supplant third-generation refrigerants in electronic device thermal … of fourth-generation refrigerants in …,https://pubs.acs.org/doi/abs/10.1021/acs.langmuir.5c04010,,0,"fourth generation, thermal network",10.1021/acs.langmuir.5c04010,Yawen Ding; Shasha Ma; Shuai Gong,10/16/2025,,https://pubs.acs.org/doi/pdf/10.1021/acs.langmuir.5c04010,0
Effect of orientation on the stress rupture properties of a Ru-containing fourth-generation single crystal superalloy at 1140℃,1,2025,"Abstracts The stress rupture behaviors of a Ru-containing fourth-generation Ni-based single crystal (SX) superalloy with < 001 > , < 011 > and < 111 > orientations were investigated …",https://www.sciencedirect.com/science/article/pii/S2352492825009304,,0,"fourth generation, thermal network",10.1016/j.mtcomm.2025.112418,Q.Y. Guan; Y.M. Li; X.G. Wang; Z.H. Tan; Y. Mu; X.P. Tao; C.H. Zhang; S. Zhang; J.D. Liu; J.G. Li; Y.Z. Zhou; X.F. Sun,2025-4,,https://api.elsevier.com/content/article/PII:S2352492825009304?httpAccept=text/xml,0
Thermal error compensation method for CNC machine tools based on unit adaptive thermal networks,2,2025,… of thermal nodes at small temperature gradients cannot be eliminated. This study first establishes a universal unit adaptive thermal network model for dynamic mobile thermal … of thermal …,https://link.springer.com/article/10.1007/s00170-025-15934-9,,0,"fourth generation, thermal network",10.1007/s00170-025-15934-9,Tie-jun Li; Jing Luo; Shu-guo Guo; Chun-yu Zhao,6/18/2025,,https://link.springer.com/content/pdf/10.1007/s00170-025-15934-9.pdf,1
In-situ study the low-cycle fatigue deformation behavior of a fourth-generation Nickel-based single crystal superalloy at 1100° C,0,2025,"An in-situ fatigue testing device, equipped in scanning electron microscope (SEM) and designed for long-time high temperature and complex stress testing conditions, was developed. …",https://www.sciencedirect.com/science/article/pii/S2238785425013195,,0,"fourth generation, thermal network",10.1016/j.jmrt.2025.05.163,Yongfeng Wang; Wenqiang Zhang; Jutian Chen; Shuang Chen; Junxia Lu; Yuefei Zhang; Ze Zhang,2025-5,,https://api.elsevier.com/content/article/PII:S2238785425013195?httpAccept=text/xml,0
Economic and ecological investigation of heat grid scenarios in a German suburban area,1,2025,… generation … heat grid scenarios are also compared to climate neutral decentralized supply solutions and a scenario with no changes (status quo) in the heat supply. In this study the grid …,https://www.sciencedirect.com/science/article/pii/S0360544225035960,,0,"fourth generation, thermal grid",10.1016/j.energy.2025.137954,Gerrid Brockmann; Shixin Ni; Janis Bergmann; Tidian Baerens; Ingrid Kreiser-Saunders; Amin Darbandi; Karim Shawky; Martin Möhring; Martin Kriegel,2025-11,,https://api.elsevier.com/content/article/PII:S0360544225035960?httpAccept=text/xml,1
Steady and transient analysis on thermal hydraulic characteristic of helical coiled once-through steam generator of liquid metal fast reactor,1,2025,… model for thermal–hydraulic characteristics of helical coiled once-through steam generator (HCOTSG) of liquid metal fast reactor was established based on global discrete grid method. …,https://www.sciencedirect.com/science/article/pii/S0306454924005401,,0,"fourth generation, thermal grid",10.1016/j.anucene.2024.110877,Jialun Liu; Huixiong Li; Shuguang Liu; Yihang Tian; Linghong Tang,2025-1,,https://api.elsevier.com/content/article/PII:S0306454924005401?httpAccept=text/xml,1
Design and evaluation of control strategies and control methods for supercritical CO2 Brayton cycle directly cooled reactor system,7,2025,"… with conventional power plants and fourth-generation nuclear reactors yields promising energy … variation ±5 %FP/minute, minor grid fluctuations, and abrupt load variations is performed …",https://www.sciencedirect.com/science/article/pii/S1359431125001024,,0,"fourth generation, thermal grid",10.1016/j.applthermaleng.2025.125511,Ghulam Jillani; Jianqiang Shan; Qi Xue; Weihua Liu; Pan Wu,2025-4,,https://api.elsevier.com/content/article/PII:S1359431125001024?httpAccept=text/xml,7
A review of thermal-hydraulic characteristics of petal-shaped fuel rod assembly,1,2025,"This review examines the petal-shaped fuel elements’ thermal-hydraulic characteristics, a novel design gaining significant attention in nuclear reactor research. Petal-shaped fuel …",https://www.sciencedirect.com/science/article/pii/S0149197025003014,,0,"fourth generation, thermal grid",10.1016/j.pnucene.2025.105903,Xinyan Zhang; Zhenhong Liu; Songbai Cheng; Bing Tan; Rulei Sun,2025-10,,https://api.elsevier.com/content/article/PII:S0149197025003014?httpAccept=text/xml,1
SHADOW4: the popular ray tracing revived for evolving synchrotron sources in fourth-generation storage rings,6,2025,"… The new tool has been designed and implemented preparing the future needs both in computing (cloud computing, AI integration) and in the transit to fourth generation sources and …",https://iopscience.iop.org/article/10.1088/1742-6596/3010/1/012071/meta,,0,"fourth generation, thermal grid",10.1088/1742-6596/3010/1/012071,Manuel Sanchez del Rio; Juan Reyes-Herrera; Xianbo Shi; Luca Rebuffi,5/1/2025,"Abstract
               We present SHADOW4, a new version of the popular ray tracing code. The SHADOW kernel has been completely rewritten in Python applying modern concepts of software engineering. A new user interface is available in the OASYS ecosystem. The new tool has been designed and implemented preparing the future needs both in computing (cloud computing, AI integration) and in the transit to fourth generation sources and beyond.",https://iopscience.iop.org/article/10.1088/1742-6596/3010/1/012071,3
Study on the thermal-mechanical performance of supercritical carbon dioxide cooling in horizontal tube under ocean rolling condition,1,2025,Accurate prediction of heat transfer performance of the S-CO 2 under ocean rolling condition is crucial for the fourth-generation Brayton cycle system design of floating nuclear power …,https://www.sciencedirect.com/science/article/pii/S0360544225030270,,0,"fourth generation, thermal grid",10.1016/j.energy.2025.137385,Huaishuang Shao; Yibo Wang; Kailong Deng; Chao Li; Shifeng Deng; Zhiyuan Liang; Qinxin Zhao,2025-10,,https://api.elsevier.com/content/article/PII:S0360544225030270?httpAccept=text/xml,0
Parallelization and application of SACOS-LMR for whole-core pin-by-pin thermal-hydraulic analysis in LMFRs,4,2025,"… design for the fourth generation of advanced reactors, owing to its inherent safety features, high power density, extended refueling intervals, and compactness. Thermal-hydraulic …",https://www.sciencedirect.com/science/article/pii/S0306454924008405,,0,"fourth generation, thermal grid",10.1016/j.anucene.2024.111177,Jinshun Wang; Ronghua Chen; Sicong Xiao; Xinyang Zhu; Minyang Gui; Wenxi Tian; Suizheng Qiu,2025-5,,https://api.elsevier.com/content/article/PII:S0306454924008405?httpAccept=text/xml,4
Next Generation of District Cooling Systems for Tropics,0,2025,"… [20] proposed the concept of a future fourth generation of DC systems, which they defined … , and gas grids. This definition serves as a basis for exploring this new generation. In line with …",https://www.worldscientific.com/doi/abs/10.1142/9789811285134_0001,,0,"fourth generation, thermal grid",10.2139/ssrn.5397026,Muhammad Badar,2025,,,0
Two-layer energy scheduling of electrical and thermal smart grids with energy hubs including renewable and storage units considering energy markets,5,2025,… of hubs within electrical and thermal smart grids. These energy … the hub operator and the grid operator. The framework follows a … the energy cost of smart grids while adhering to optimal …,https://www.nature.com/articles/s41598-025-09960-6,,0,"fourth generation, thermal grid",10.1038/s41598-025-09960-6,Walid Aich; Ali Basem; Narinderjit Singh Sawaran Singh; Kuwar Mausam; Zahraa Abed Hussein; Saurav Dixit; Naim Ben Ali; Lotfi Ben Said; Wajdi Rajhi; Loghman Mostafazadeh,7/11/2025,,https://www.nature.com/articles/s41598-025-09960-6.pdf,4
Numerical simulation of energy-mass transport in high-pressure liquid CO2 injected into high-temperature liquid lead–bismuth eutectic pool,2,2025,"The supercritical carbon dioxide (SCO 2 ) Brayton cycle represents a significant advancement for fourth-generation heavy metal-cooled fast reactors, where potential carbon dioxide …",https://www.sciencedirect.com/science/article/pii/S1359431125003977,,0,"fourth generation, thermal grid",10.1016/j.applthermaleng.2025.125806,Junjie Yuan; Li Liu; Ruiqi Bao; Haotian Luo; Zheng Jia; Shuo Chen; Hanyang Gu,2025-5,,https://api.elsevier.com/content/article/PII:S1359431125003977?httpAccept=text/xml,2
Hybrid Solar Transcritical CO2 and Green Hydrogen Loop for Sustainable Off-Grid Energy: Performance Analysis and Techno-Economic Optimization,0,2025,This study evaluates an innovative approach to harness solar resources by directly integrating concentrated solar power into a transcritical carbon dioxide (tCO 2 ) power cycle and a …,https://www.sciencedirect.com/science/article/pii/S0960148125024115,,0,"fourth generation, thermal grid",10.2139/ssrn.5219110,Behgol Bagheri; Hiromu Kumagai; Michio Hashimoto; Masakazu Sugiyama,2025,,,1
Shallow geothermal energy in district heating and cooling: a potential solution for decarbonising heating and cooling,0,,"… energy system. While numerous studies have explored the potential … district heating to decarbonise building heating demand, insufficient attention has been directed to growing cooling …",https://access.archive-ouverte.unige.ch/access/metadata/eb3b046b-cb40-4be0-8658-3f826ed0dd18/download,,0,"bi-directional, district heating and cooling",10.1002/9781119181002.ch5,,11/18/2016,,https://api.wiley.com/onlinelibrary/tdm/v1/articles/10.1002%2F9781119181002.ch5,0
Decarbonisation of District Heating System: Case District Heating System in the City of Vaasa,0,2025,… the district heating network by combining heating and cooling solutions into bidirectional district heating and demand response in heating. … networks allowing bi-directional heat delivery. …,https://osuva.uwasa.fi/handle/10024/19446,,0,"bi-directional, district heating and cooling",10.1016/j.energy.2025.138242,Mieczysław Dzierzgowski; Adam Cenian,2025-9,,https://api.elsevier.com/content/article/PII:S0360544225038848?httpAccept=text/xml,0
Techno-economic feasibility of prosumers in urban district heating systems utilising low-temperature industrial excess heat,2,2025,"… incorporating a heat pump, cold and heat storage, and allowing for bi-directional heat transfer … Subsequent optimisation minimised the levelised cost of heating and cooling (LCOHC) at …",https://www.sciencedirect.com/science/article/pii/S036054422502225X,,0,"bi-directional, district heating and cooling",10.2139/ssrn.5080165,Ulrich Trabert; Felix Pag; Janybek Orozaliev; Ulrike Jordan; Klaus Vajen,2025,,,0
Sustainable bi-directional thermoregulation fabric for clothing microclimate,6,2025,… temperature difference of only 2.3 C and a cooling temperature difference of 2.6 C when going through the heating and cooling cycles. Due to its exceptional personal thermoregulation …,https://www.nature.com/articles/s41467-025-62049-6,,0,"bi-directional, district heating and cooling",10.1038/s41467-025-62049-6,Yanyan Lin; Chengran Qu; Xueqin Li; Chengfeng Ding; Xianfeng Wang; Jianyong Yu; Bin Ding,7/22/2025,,https://www.nature.com/articles/s41467-025-62049-6.pdf,4
Bi-directional scanning strategies for residual stress management by tailoring microstructural evolution in directed energy deposition of 9Cr-1Mo steel,0,2025,… The transient heating and cooling cycles in arc-based directed energy deposition (DED) … along the build direction following optimized bi-directional scanning strategies. Thermodynamic …,https://www.sciencedirect.com/science/article/pii/S0924013625001967,,0,"bi-directional, district heating and cooling",10.1016/j.jmatprotec.2025.118906,Amritesh Kumar; Swarup Bag; V.C. Srivastava,2025-7,,https://api.elsevier.com/content/article/PII:S0924013625001967?httpAccept=text/xml,0
Effect of mineral filler on low velocity impact behaviour of bi-directional glass fibre/epoxy composites exposed to varied temperature conditions,1,2025,"… velocity impact (LVI) behaviour of bi-directional glass fibre reinforced with epoxy thermosets (… for 3 different temperature conditions of continuous heating and cooling cycles at +50 0 c, −…",https://journals.plos.org/plosone/article?id=10.1371/journal.pone.0322208,,0,"bi-directional, district heating and cooling",10.1371/journal.pone.0322208,K.S Lokesh; C G Ramachandra; Shrinivasa Mayya.D; T Varuna; Praveen Kumar Kanti; Abhinav Kumar; Melkamu Biyana Regasa,6/9/2025,"Fibre reinforced plastics are predominantly used in automotive, aerospace applications due to their promising features of low cost, easy of processing and durability, however these composites are more susceptible to varied temperature conditions under different loading conditions. One such problem where these composites vary greatly in their performance is due to impact loading conditions. The objective of present research is to determine the effect of calcium inosilicate (also termed as wollastonite) powder which is used as a filler on low velocity impact (LVI) behaviour of bi-directional glass fibre reinforced with epoxy thermosets (GFRP) for different loading percentage of 1%,3%,5% and 7%. Composites were prepared through manual lay-up route and prepared samples were exposed for 3 different temperature conditions of continuous heating and cooling cycles at +500c, −50C including room temperature conditions for 168hrs. Aged samples were tested for low velocity impact(LVI) testing by keeping constant energy of 30J. Results revealed that addition up to 3% filler influence largely on LVI response of GFRP composites for all the temperature conditions, addition to this polynomial regression of 9th order was performed and the results were best fit with experimental values. Fractography study revealed the severity of damage modes upon LVI testing.",https://dx.plos.org/10.1371/journal.pone.0322208,1
Decentralized Energy Hub Management in Networked Microgrids With Bi‐Directional Energy Trading: An RO‐IGDT Approach,1,2025,"… Every entity in this study is equipped with an energy hub that includes renewable energy sources, gas-network-connected units, energy storage, and heating and cooling facilities. The …",https://ietresearch.onlinelibrary.wiley.com/doi/abs/10.1049/gtd2.70085,,0,"bi-directional, district heating and cooling",10.1049/gtd2.70085,Meisam Moradi; Asghar Akbari Foroud,2025-1,"ABSTRACT
                  The advancement of technologies in combined cooling, heat, and power (CCHP) systems has significantly driven the development of energy hubs (EHs), offering an efficient platform to integrate diverse energy carriers. This study proposes a comprehensive framework for interconnected energy hubs within networked microgrids (NMGs), aiming to improve the efficiency of multi‐carrier energy systems through optimal coordination among the involved entities. In the proposed model, both microgrids and the distribution network are treated as autonomous agents, each managing its own local scheduling challenges. To achieve seamless coordination between these entities, a distributed approach based on the alternating direction method of multipliers (ADMM) is utilised to mitigate power exchange conflicts between multiple microgrids and the distribution network. Additionally, energy systems often operate under uncertain conditions due to the integration of renewable energy sources (RES) and their interactions with the electricity market. To address these uncertainties, this study introduces a novel decentralised optimisation framework that integrates robust optimization (RO) with information gap decision theory (IGDT). The proposed model is evaluated on multi‐carrier energy systems within networked microgrids, and the results demonstrate its low computational complexity and guaranteed convergence of the distributed algorithm.",https://ietresearch.onlinelibrary.wiley.com/doi/pdf/10.1049/gtd2.70085,0
Optimizing solar energy integration in Tallinn's district heating and cooling systems,8,2025,… important to tap solar heat to the fullest. The seasonal match between load and generation contributed to higher share of solar energy for district cooling than district heating. This study …,https://www.sciencedirect.com/science/article/pii/S2666955224000364,,0,"bi-directional, district heating and cooling",10.1016/j.segy.2024.100166,K. Lepiksaar; G.-M. Kajandi; S. Sukumaran; I. Krupenski; T. Kirs; A. Volkova,2025-2,,https://api.elsevier.com/content/article/PII:S2666955224000364?httpAccept=text/xml,8
An integrated laboratory and axisymmetric numerical study of convection in a rotating annulus with bi-directional thermal forcings,1,2025,… spot heating and uniform cooling. The effects of Taylor (\(\textit{Ta}\)) and Rayleigh (\(\textit{Ra}\)) numbers on flow dynamics and heat transport were investigated under constant heat …,https://link.springer.com/chapter/10.1007/978-981-96-8508-0_3,,0,"bi-directional, district heating and cooling",10.1007/978-981-96-8508-0_3,Ayan Kumar Banerjee,11/8/2025,,https://link.springer.com/content/pdf/10.1007/978-981-96-8508-0_3,0
Temperature evolution prediction for laser directed energy deposition enabled by finite element modelling and bi-directional gated recurrent unit,11,2025,… These studies highlighted that the bi-directional structure capability of the Bi-GRU model could … The heating and cooling rates vary considerably depending on the distance from the heat …,https://link.springer.com/article/10.1007/s40436-024-00511-2,,0,"bi-directional, district heating and cooling",10.1109/icdcece65353.2025.11035759,Mustafa Eisa Misri,4/25/2025,,http://xplorestaging.ieee.org/ielx8/11034709/11034787/11035759.pdf?arnumber=11035759,0
Causality and extrapolation ability of bi-directional knowledge share model for HVAC systems,0,2025,… simulation models can be enhanced through bi-directional knowledge share. Rather than … the cooling load of the zone. The existing manual control leads to inefficient energy use (Ra et. …,https://s-space.snu.ac.kr/handle/10371/228472,,0,"bi-directional, district heating and cooling",10.1016/j.knosys.2025.113756,Rubaya Khatun; Arup Sarkar,2025-8,,https://api.elsevier.com/content/article/PII:S0950705125008020?httpAccept=text/xml,0
Optimization of heat transfer in bi-directional flow of sodium alginate-based ternary hybrid nanofluid over an extending heated surface with velocity slip conditions,5,2025,"… heat transfer capabilities, make them suitable for uses in high-performance cooling systems, heat exchangers, and energy … efficient heat management is critical, like in electronics cooling…",https://link.springer.com/article/10.1007/s10973-024-13872-4,,0,"bi-directional, district heating and cooling",10.1007/s10973-024-13872-4,Showkat Ahmad Lone; Laila A. AL-Essa; Fuad S. Alduais; Afrah Al-Bossly; Abdullah Dawar; Anwar Saeed,1/11/2025,,https://link.springer.com/content/pdf/10.1007/s10973-024-13872-4.pdf,1
"… ternary hybrid nanofluid flow on bi-directional stretching sheet subject to Cattaneo–Christov mass/heat flux phenomena, variable porosity and exponential heat …",6,2025,"… and optimization of heat exchangers, cooling systems in … as it flows through the bi-directional elongating porous medium. In … the scenario of a non-bi-directional elongating sheet. In this …",https://www.worldscientific.com/doi/abs/10.1142/S0217984924504967,,0,"bi-directional, district heating and cooling",10.1002/eng2.70291/v2/review1,,5/20/2025,,,0
… transient thermal analysis of 316 L stainless steel/C18400 copper alloy powder layers deployed with multi-track and bi-directional laser based powder bed …,0,2025,"… The micro-laser beam scans multi-layer, bi-directional multi-track and multi-materials to enhance the in-depth understanding of this L-PBF process to find significant parameters. It is …",https://www.sciencedirect.com/science/article/pii/S2352492825029174,,0,"bi-directional, district heating and cooling",10.1002/srin.202500057,Ismat Ara; Dilpreet Bajwa; Peter Lucon; Stephen Sofie,5/14/2025,"Comparative microstructural analysis of the three planes (aligned with the principal axes) of additively manufactured 316 L stainless steel, focusing on anisotropy, is examined. Alloy fabrication utilizes a unique scan rotation angle of 53° and processing parameters recommended by the manufacturer. Variations in porosity content and grain size across the three planes are linked to differences in residual stress resulting from lattice strain. These disparities are attributed to changes in dislocation density and mechanical behavior, primarily governed by the grain boundary strengthening mechanism.",https://onlinelibrary.wiley.com/doi/pdf/10.1002/srin.202500057,0
Thermal-hydraulic modelling of a flexible substation layout for low-temperature waste heat recovery into district heating,8,2025,"This study investigates a thermal substation designed for low-temperature waste heat recovery in district heating networks, where the served user has both heating and cooling demands…",https://www.sciencedirect.com/science/article/pii/S0360544225020286,,0,"bi-directional, district heating and cooling",10.1016/j.energy.2025.136386,D. Anania; G. Russo; A. Palombo; F. Orizio; R. Fedrizzi; M. Cozzini,2025-8,,https://api.elsevier.com/content/article/PII:S0360544225020286?httpAccept=text/xml,7
Bi‐Directional Assembly of Boron Nitride µ‐Platelets by Micro‐Molding for Advanced Thermal Interface Materials,1,2025,"… To assess the thermal management performance with the developed TIM targeting for practical applications, we performed heating (Figure 3c) and cooling tests (Figure 3d) of a sample …",https://advanced.onlinelibrary.wiley.com/doi/abs/10.1002/adfm.202421607,,0,"bi-directional, district heating and cooling",10.1002/adfm.202421607,Young Gil Kim; In‐Young Jung; Yujin Mun; Joo Hwan Shin; Sang Gil Lee; Gyan Raj Koirala; Taewoo Kang; Jehyung Ok; Hyesu Choi; Jiwon Kim; Youngkwang Shin; Seok Joon Kwon; Tae‐il Kim,4/21/2025,"AbstractWith dramatically growing demand for highly complicated, high power‐consumed 3D stacked integrated circuit electronics, the advancement of effective thermal management has become a key technology to secure both performance and stability. To ensure better heat management of integrated microelectronics, especially pursuing unconventional devices assembled on a sheet of paper or plastics, more feasible and effective heat management is inevitable. In this study, the mechanically robust and bi‐directionally thermal conductive material are presented by micro‐molding with boron‐nitride (BN) microscale platelets (µ‐platelets) dispersed in the polymeric matrix. Micro‐pattern‐induced bifurcation of assembly orientation of the BN µ‐platelets and bi‐directionality of heat conduction characteristics are observed. The bifurcated orientations of the BN µ‐platelets are optimized by the geometry of the micro‐pattern and unit size of the platelets with the assistance of particle‐fluid simulation. Indeed, exceptionally enhanced thermal conductivities through both directions: 6.9 W m−1 K−1 in the through‐plane and 7.4 W m−1 K−1 in the in‐plane, respectively are achieved. It also exhibits flexibility with a minimum radius of curvature ≈1 mm and the capability of conformal contact to diverse morphologies to stably secure heat flow even in mechanically deformed device structures. The developed TIM can be applied to high‐power, high‐temperature, and mechanically deformable application environments of 3D‐integrated electronics.",https://advanced.onlinelibrary.wiley.com/doi/pdf/10.1002/adfm.202421607,0
Sizing procedure of low-enthalpy district heating and cooling heat pump plants: A case study of the Balearic Islands university campus,0,2025,This study introduces a sizing procedure of low-enthalpy district heating and cooling heat pump plants to improve operational efficiency and prevent oversizing. The approach integrates …,https://www.sciencedirect.com/science/article/pii/S037877882501312X,,0,"bi-directional, district heating and cooling",10.2139/ssrn.5184695,Pere  Antoni Bibiloni-Mulet; Yamile Díaz Torres; Iván Alonso; Jacinto Vidal-Noguera; Andreu Moià-Pol; Vincent Canals; Víctor Martínez-Moll,2025,,,0
An experimental investigation of fatigue performance and damage distribution mechanism in Bi-Directional GFRP composites,5,2025,This study presents an experimental investigation of the fatigue performance and damage distribution mechanism of bi-directional GFRP composites. Uniaxial fatigue tests have been …,https://www.sciencedirect.com/science/article/pii/S0142112324005942,,0,"bi-directional, district heating and cooling",10.1016/j.ijfatigue.2024.108735,Ateeb Ahmad Khan; Indra Vir Singh; Bhanu Kumar Mishra; Ramadas Chennamsetti,2025-4,,https://api.elsevier.com/content/article/PII:S0142112324005942?httpAccept=text/xml,5
Research on an Hourly Heat Load Forecasting Model for District Heating Systems Based on Heterogeneous Model Fusion,0,2025,"… been widely used for DHS thermal load forecasting, their capacity … that struggle with long-term thermal inertia modeling, the … This model can provide high-precision guidance for thermal …",https://www.sciencedirect.com/science/article/pii/S2214157X25007609,,0,"bi-directional, district thermal",10.2139/ssrn.5243220,Tieliu Jiang; Wenyue Liu; Jianqing Lin; Xu Jin; Zhongyan Liu,2025,,,0
A Bi-directional Missing Data Imputation Scheme Based on CNN and Short-term Window Sliding for Thermal Power Units Data,1,2025,"… development trend, the thermal power generation industry … High-quality data recording of thermal power units is crucial … -depth research in the field of thermal power units, which mainly …",https://ieeexplore.ieee.org/abstract/document/10942345/,,0,"bi-directional, district thermal",10.1109/access.2025.3554843,Xiaoying Zhang; Yaqi Zhang; Hong Liu; Hua Li,2025,,http://xplorestaging.ieee.org/ielx8/6287639/10820123/10942345.pdf?arnumber=10942345,1
A Modelling-Based Parametric Assessment of sTES Design and Operation Within a Thermal Source Network,0,,"… thermal energy storage (sTES) within conventional high-temperature (> 70 C) district heating networks, often overlooking unique challenges of TSNs, such as managing bi-directional …",https://www.researchgate.net/profile/Abdulrahman-Dahash/publication/398009276_A_modelling-based_parametric_assessment_of_sTES_design_and_operation_within_a_thermal_source_network/links/692abc1ff4878b75fc7a7d17/A-modelling-based-parametric-assessment-of-sTES-design-and-operation-within-a-thermal-source-network.pdf,http://scholar.google.com/https://www.researchgate.net/profile/Abdulrahman-Dahash/publication/398009276_A_modelling-based_parametric_assessment_of_sTES_design_and_operation_within_a_thermal_source_network/links/692abc1ff4878b75fc7a7d17/A-modelling-based-parametric-assessment-of-sTES-design-and-operation-within-a-thermal-source-network.pdf,0,"bi-directional, district thermal",10.26868/25222708.2025.1708,Shariq Akbar; Simon Müller; Abdulrahman Dahash; Christoph Bott; David Schmitt; Christoph Trinkl; Peter Bayer; Tobias Schrag,8/24/2025,,,0
Hybrid thermal load prediction model for the regional built environment based on random forest feature screening,1,2025,… Accurate thermal load prediction in the built environment is essential for optimizing heating … (RF) feature screening as input variables and the bi-directional long short-term memory (Bi-…,https://www.sciencedirect.com/science/article/pii/S0378778825007170,,0,"bi-directional, district thermal",10.2139/ssrn.5189690,Jiangxing Zhu; Tonghua Zou; Dongxia Wu; Yongchun Feng; Tianlei Wang; Jiarui Huang; Baomin Dai; Chendong Wang; Jiaming Gao,2025,,,0
Analysis and Application of BIM-Based District Heating,0,2024,"… bi-directional interaction, this study proposes a basic framework for a BIM-based district … This paper aims to summarize the complexity of current thermal pipeline construction and …","https://books.google.com/books?hl=en&lr=&id=lExLEQAAQBAJ&oi=fnd&pg=PA436&dq=bi-directional,+district+thermal&ots=aHRHfgHOEx&sig=lX09qOa2HLDPXrl6GXl1DaeuXyo",,0,"bi-directional, district thermal",10.15199/9.2024.5.5,AGNIESZKA PALMOWSKA,5/24/2024,,https://sigma-not.pl/publikacja-148713-2024-5.html,0
Thermal Analysis of Cylindrical Permanent Magnet Governor with Demagnetization Effect,0,2025,"… -thermal coupling simulation of a 350 kW CPMG are carried out, which include bi-directional … The influence of effective coupling ratio and slip rate on the thermal heating of CPMG are …",https://journals.sagepub.com/doi/abs/10.1177/13835416251319193,,0,"bi-directional, district thermal",10.1177/13835416251319193,Aolong Jin; Yonglong Zhu; Hai Wang; Henian Li; Chunlai Yang; Jingsong Gui; Ronghua Fu,2025-3,"Severe heating caused by long-term operation of the cylindrical permanent magnet governor (CPMG) may lead to failure of equipment. The electromagnetic-thermal coupling simulation of a 350 kW CPMG are carried out, which include bi-directional and unidirectional coupling model. The demagnetization of permanent magnets in the CPMG during the temperature rise is considered in the numerical model. The influence of effective coupling ratio and slip rate on the thermal heating of CPMG are studied. The temperature rise during the operation of the CPMG is measured through an experimental platform, which is consistent with the simulation results. Experimental results show that bi-directional coupling model is more reliable compared with unidirectional coupling mode, which can keep the errors within 5%.",https://journals.sagepub.com/doi/pdf/10.1177/13835416251319193,0
Annual Hourly E-Mobility Modelling and Assessment in Climate Neutral Positive Energy Districts,1,2025,"… fleet in a district through mono- and bi-directional charging and … Bi-Directional charging can cut annual grid electricity by up … of modern buildings constructed to code (thermal hull, etc.), …",https://ieeexplore.ieee.org/abstract/document/11169136/,,0,"bi-directional, district thermal",10.1109/eeeic/icpseurope64998.2025.11169136,Simon Schneider; José Baptista,7/15/2025,,http://xplorestaging.ieee.org/ielx8/11168980/11168981/11169136.pdf?arnumber=11169136,1
Simulation and analysis of a geothermal energy network: A technical and societal perspective on modern energy infrastructure,0,2025,"… by modern district networks, which facilitate bi-directional … -grade thermal sources and energy sharing between buildings. … and business models of modern district thermal networks. The …",https://lup.lub.lu.se/search/files/233898412/Kappa.pdf,http://scholar.google.com/https://lup.lub.lu.se/search/files/233898412/Kappa.pdf,0,"bi-directional, district thermal",10.1007/978-3-031-81920-9_12,Anna Pellizzone; Agnes Allansdottir; Adele Manzella,2025,,https://link.springer.com/content/pdf/10.1007/978-3-031-81920-9_12,0
"A Smart Approach to Maintenance of Sustainable District Heating Systems: Techniques, Challenges, and Future Directions",0,2025,"… , district heating systems are essential for the effective distribution of energy derived from renewable sources, such as geothermal and solar thermal … energies for district heating and …",https://www.sciencedirect.com/science/article/pii/S2950345025000314,,0,"bi-directional, district thermal",10.1016/j.meaene.2025.100064,Parham Barzegaran Hosseini; Mousa Mohammadpourfard; Gülden Gökçen Akkurt; Mostafa Mohammadpourfard,2025-12,,https://api.elsevier.com/content/article/PII:S2950345025000314?httpAccept=text/xml,0
Online Pre-Diagnosis of Multiple Faults in Proton Exchange Membrane Fuel Cells by Convolutional Neural Network Based Bi-Directional Long Short-Term …,1,2025,"… at both the fuel cell inlet and outlet were obtained using BME280 sensors, while surface temperature monitoring on the fuel cell casing employed an MLX90640 infrared thermal imaging …",https://www.mdpi.com/1996-1073/18/10/2669,,0,"bi-directional, district thermal",10.3390/en18102669,Junyi Chen; Huijun Ran; Ziyang Chen; Trevor Hocksun Kwan; Qinghe Yao,5/21/2025,"Proton exchange membrane fuel cell (PEMFC) fault diagnosis faces two critical limitations: conventional offline methods lack real-time predictive capability, while existing prediction approaches are confined to single fault types. To address these gaps, this study proposes an online multi-fault prediction framework integrating three novel contributions: (1) a sensor fusion strategy leveraging existing thermal/electrochemical measurements (voltage, current, temperature, humidity, and pressure) without requiring embedded stack sensors; (2) a real-time sliding window mechanism enabling dynamic prediction updates every 1 s under variable load conditions; and (3) a modified CNN-based Bi-LSTM parallel model with attention mechanism (ConvBLSTM-PMwA) architecture featuring multi-input multi-output (MIMO) capability for simultaneous flooding/air-starvation detection. Through comparative analysis of different neural architectures using experimental datasets, the optimized ConvBLSTM-PMwA achieved 96.49% accuracy in predicting dual faults 64.63 s pre-occurrence, outperforming conventional LSTM models in both temporal resolution and long-term forecast reliability.",https://www.mdpi.com/1996-1073/18/10/2669/pdf,1
Stakeholder-centric model for efficient district heating: Networks interconnection and industrial waste heat in north-eastern Italy,0,2025,… district heating networks as a solution to enhance energy efficiency and accelerate the decarbonisation of thermal … integration of two independent district heating networks located within …,https://www.sciencedirect.com/science/article/pii/S2213138825002620,,0,"bi-directional, district thermal",10.2139/ssrn.5115687,Mattia Cottes; Antonella Meneghetti; Patrizia Simeoni,2025,,,0
The benefits and challenges of soft-linking investment and operational energy system models,2,2025,"… of soft-linking through assessment of a bi-directional soft-linking framework for an integrated, … The frameworks Balmorel and Antares are chosen as components in the bi-directional soft-…",https://www.sciencedirect.com/science/article/pii/S0306261925002429,,0,"bi-directional, district thermal",10.1016/j.apenergy.2025.125512,M. Rosendal; J. Janin; T. Heggarty; D. Pisinger; R. Bramstoft; M. Münster,2025-5,,https://api.elsevier.com/content/article/PII:S0306261925002429?httpAccept=text/xml,0
District heating system analysis and design optimization,6,2025,District heating systems have a crucial role in promoting energy efficiency and reducing greenhouse gas emissions. The purpose of this research paper is to present an algorithm for the …,https://www.sciencedirect.com/science/article/pii/S0360544225019917,,0,"bi-directional, district thermal",10.1016/j.energy.2025.136349,Panteleimon Tzouganakis; Maria Fotopoulou; Dimitrios Rakopoulos; Dmytro Romanchenko; Nikolaos Nikolopoulos,2025-7,,https://api.elsevier.com/content/article/PII:S0360544225019917?httpAccept=text/xml,4
Impact Analysis of Optimal EV Bi-directional Charging with Spatial-temporal Constraints,1,2025,"… We consider both unidirectional and bi-directional charging. For uni-directional charging we replace (2) with 0 ≤ pi,t ≤ p+. For bi-directional charging, we allow discharging energy …",https://arxiv.org/abs/2507.12877,,0,"bi-directional, district energy",10.1109/pesgm52009.2025.11225056,Xian-Long Lee; Adel N. Toosi; Peter Pudney; Ian McLeod; Muhammad Aamir Cheema; Hao Wang,7/27/2025,,http://xplorestaging.ieee.org/ielx8/11224957/11224958/11225056.pdf?arnumber=11225056,0
Enhancing Wind Energy Systems With Bi-directional Dc-dc Voltage Converters and Dynamic Wind Pattern Prediction Algorithm,0,2025,"… the bi-directional DC-DC voltage converter design and analysis for the wind energy system. … Wind Generator (AFPMWG), and a bi-directional DC to DC voltage converter. Dynamic Wind …",https://www.researchsquare.com/article/rs-7747422/latest,,0,"bi-directional, district energy",10.21203/rs.3.rs-7747422/v1,Keerthana K; Jaya N,11/27/2025,"Abstract
                
                  This research discussed the bi-directional DC-DC voltage converter design and analysis for the wind energy system. This system is made up of batteries, an Axial Flux Permanent Magnet Wind Generator (AFPMWG), and a bi-directional DC to DC voltage converter. Dynamic Wind Pattern Prediction
                  (
                  DWPP)
                  
                  incorporates a sophisticated algorithm used for mitigating voltage fluctuation and also ensures continuous and smooth power supply for all operating conditions. DWPP algorithm utilizes historical wind data and real-time environmental factors to predict wind patterns in the near future. By forecasting wind speeds and directions, the DWPP algorithm enables the MPPT method enhanced with PSO controller to proactively adjust the turbine's operating parameters, optimizing energy extraction even before the wind conditions change. The bi-directional DC to DC voltage converter has buck and boost converters which are connected to cascade and results in bidirectional power flow. These innovations focused on enhancing the efficiency and reliability of wind energy systems. By integrating advanced control algorithms and real-time monitoring capabilities, these converters dynamically adjust the operating conditions of wind turbines to maximize power extraction from the wind. This predictive capability allows the energy management system to preemptively adjust operational parameters, thus optimizing energy capture and distribution.  MATLAB simulation result was analyzed with comparison to real-life data for better understanding.
                ",https://www.researchsquare.com/article/rs-7747422/v1,0
Bi-directional quantum long short-term memory for photovoltaic power prediction,0,2025,"… urgent need for green energy, this study delivers a powerful, forward-thinking solution to one of the most pressing challenges in renewable energy: accurately forecasting photovoltaic (…",https://iopscience.iop.org/article/10.1088/1742-6596/3144/1/012039/meta,,0,"bi-directional, district energy",10.1088/1742-6596/3144/1/012039,G C Liao; B T Liao; S H Kuo; R C Wu,11/1/2025,"Abstract
                  Effective energy policies and measures are critical in advancing a country’s sustainable development and enhancing the quality of life. This is especially important in today’s world, where the greenhouse effect poses a significant threat. Countries across the globe are striving to improve energy efficiency, and Taiwan is no exception. Among the most pressing challenges are reducing carbon emissions and accelerating the adoption of green, renewable energy. A key solution lies in increasing the power output of photovoltaic systems. However, meteorological conditions and environmental factors heavily influence photovoltaic power generation, leading to high variability and intermittency. These characteristics pose challenges to the safe and stable operation of the power grid. To address these issues, accurately predicting photovoltaic power generation is essential. This can help mitigate the negative impacts of integrating photovoltaics into the grid and support the stable operation of the power system. This paper introduces an innovative and effective solution to this problem by developing a short-term photovoltaic power prediction model. The model Bi-directional Quantum Long Short-term Memory (Bi-QLSTM) is a QLSTM neural network capable of processing sequence data in both directions. The model is applied to short-term photovoltaic power prediction, and real-world examples demonstrate its ability to enhance prediction accuracy significantly. This makes it highly suitable for deployment and scaling within Taiwan’s domestic power system.",https://iopscience.iop.org/article/10.1088/1742-6596/3144/1/012039,0
Analysis and Application of BIM-Based District Heating Pipeline Network Digital Twin System,0,2024,"… carbon emissions and energy consumption. Therefore, enhancing the intelligence of urban … bi-directional interaction, this study proposes a basic framework for a BIM-based district …",https://www.atlantis-press.com/proceedings/icache-24/126008865,,0,"bi-directional, district energy",10.1109/ciced63421.2024.10754272,Bin Wang; Chaoqun Li; Zhiwei You,9/12/2024,,http://xplorestaging.ieee.org/ielx8/10753643/10753652/10754272.pdf?arnumber=10754272,0
Global-local attention-enabled multiple decoder Transformer for multi-energy load forecasting in user-level integrated energy system,6,2025,"… energy load forecasting (MELF) is crucial for reliable and cost-effective operation of integrated energy … Second, as a local modeling method, a residual bi-directional temporal convolution…",https://www.sciencedirect.com/science/article/pii/S0306261925009857,,0,"bi-directional, district energy",10.1016/j.apenergy.2025.126255,Hyung Joon Kim; Dongwoo Kim; Hyunwoo Tak; Jae Yong Lee,2025-10,,https://api.elsevier.com/content/article/PII:S0306261925009857?httpAccept=text/xml,2
… residential decarbonisation: How stakeholder decision-making and socio-economic dynamics affect multi-decadal district heating network expansion,2,2025,"… Through the quantification of temporal dynamics and multi-stakeholder interactions, this study offers insights for urban energy transition strategies. These findings can inform policies …",https://www.sciencedirect.com/science/article/pii/S0360544225019462,,0,"bi-directional, district energy",10.2139/ssrn.5172765,Thomas Cowley; Timothy Hutty; Joseph Hammond; Solomon Brown,2025,,,0
11 Bi-Directional Boundaries,0,2025,"… space in which they exist] and, through its own self-referential process, maintains itself” while being structurally open in physical space to operate with regards to materiality and energy (…","https://books.google.com/books?hl=en&lr=&id=DHGLEQAAQBAJ&oi=fnd&pg=RA1-PT136&dq=bi-directional,+district+energy&ots=t7e_xJOFrM&sig=XNA0QHIzBup-qcylETuiypwDoYM",,0,"bi-directional, district energy",10.4324/9781003701521_ch11,Robert Mugerauer,9/18/2025,,,0
Optimizing Residential Energy Costs: A Novel Machine Learning Approach for Solar PV and EV Integration through Heuristic Price Signal Dispatch,3,2025,… This study develops an efficient “PV+EV” household energy management model by implementing a bi-directional energy metering solution in SAM. The system oversees energy …,https://ieeexplore.ieee.org/abstract/document/10859190/,,0,"bi-directional, district energy",10.1109/tia.2025.3537072,Muhammad Irfan; Tayyab Tahir; Shujuan Huang; Sara Deilami; Binesh Puthen Veettil,2025-5,,http://xplorestaging.ieee.org/ielx8/28/11007739/10859190.pdf?arnumber=10859190,2
A bi-directional flow weighted regression for interpreting social media sentiment identified by large language models,0,2025,"… To address this limitation, this study uses the bi-directional flow weight matrix to enhance the standard Global Moran’s I, providing a more accurate assessment of spatial correlations …",https://www.tandfonline.com/doi/abs/10.1080/13658816.2025.2555582,,0,"bi-directional, district energy",10.1080/13658816.2025.2555582,Anqi Lin; Hengyuan Liu; Hao Wu,9/8/2025,,https://www.tandfonline.com/doi/pdf/10.1080/13658816.2025.2555582,1
Bild: Bi-directional logits difference loss for large language model distillation,9,2025,"… To address these, we propose the Bi-directional Logits Difference (BiLD) loss. The BiLD loss filters out the longtail noise by utilizing top-k teacher and student logits, and leverages the …",https://aclanthology.org/2025.coling-main.78/,,0,"bi-directional, district energy",10.21437/mlcslm.2025-8,Yizhou Peng; Hexin Liu; Eng Siong Chng,8/22/2025,,,0
Integrating Digital Twins and Positive Energy Districts: A Framework for Scalable Urban Energy Transformation,0,2025,"… Its energy assets include 200 kWp of rooftop PV, a 500 kWh/250 kW communal lithium-ion battery (BESS), 20 bi-directional EV chargers, and buildings … Simulates district energy …",https://www.e3s-conferences.org/articles/e3sconf/abs/2025/54/e3sconf_esc2025_04007/e3sconf_esc2025_04007.html,,0,"bi-directional, district energy",10.1051/e3sconf/202565404007,Xiufeng Liu; Xiaobing Zhang; Ramazan Sari; Per Sieverts Nielsen,2025,"Positive Energy Districts (PEDs) offer a path to urban climate neutrality but present significant management complexity. Digital Twins (DTs), dynamic virtual replicas, provide powerful tools for monitoring, simulation, and control needed for PEDs. This paper proposes a structured conceptual and architectural framework for DT-PED integration, delineating functional layers (Data Acquisition, Virtual Modeling, Analytics Engine, Control, Stakeholder Interface) and their interdependencies. This framework provides a blueprint to leverage DTs for managing heterogeneous systems and data streams inherent in PEDs. Addressing key challenges in data, modeling, interoperability, and scalability, identified herein, is crucial for realizing robust, integrated DT-PED solutions needed to accelerate sustainable urban energy transformation.",https://www.e3s-conferences.org/10.1051/e3sconf/202565404007/pdf,0
"Combined latent heat and cold storage and supply enabled by a heat pump− The why, how, and what",10,2025,"… In this paper, a simultaneous heat and cold production … The heat pump for simultaneous heat and cold production in … temperature difference of 75 ℃ between heat and cold, resulting in …",https://www.sciencedirect.com/science/article/pii/S0196890425000020,,0,"bi-directional, district heat pump",10.1016/j.enconman.2025.119479,Xiaoxue Kou; Pau Giménez-Prades; Yixiu Dong; Hongzhi Yan; Zhenyuan Xu; Ruzhu Wang,2025-2,,https://api.elsevier.com/content/article/PII:S0196890425000020?httpAccept=text/xml,8
Anomaly detection using convolutional autoencoder with residual gated recurrent unit and weak supervision for photovoltaic thermal heat pump system,10,2025,… with Residual Bi-Directional Gated Recurrent Unit bottleneck offers an advanced approach for detecting anomalies in heat pumps. Given the importance of heat pumps in achieving …,https://www.sciencedirect.com/science/article/pii/S2352710224032625,,0,"bi-directional, district heat pump",10.1016/j.jobe.2024.111694,Lukudu Samuel John; Sungmin Yoon; Jiteng Li; Peng Wang,2025-4,,https://api.elsevier.com/content/article/PII:S2352710224032625?httpAccept=text/xml,7
TWO PATHWAYS,0,2025,"… , ground-source heat pumps are a better option than air-source heat pumps, due to their … : electrification via air-source heat pumps and centralized district energy systems. The analysis …",https://canadiancor.com/wp-content/uploads/2025/11/Two_Pathways.pdf,http://scholar.google.com/https://canadiancor.com/wp-content/uploads/2025/11/Two_Pathways.pdf,0,"bi-directional, district heat pump",10.1038/s41598-025-16135-w,Tomer Barak; Yonatan Loewenstein,8/21/2025,"Abstract
          When individuals encounter observations that violate their expectations, when will they adjust their expectations and when will they maintain them despite these observations? For example, when individuals expect objects of type A to be smaller than objects B, but observe the opposite, when will they adjust their expectation about the relationship between the two objects (to A being larger than B)? Naively, one would predict that the larger the violation, the greater the adaptation. However, experiments reveal that when violations are extreme, individuals are more likely to hold on to their prior expectations rather than adjust them. To address this puzzle, we tested the adaptation of artificial neural networks (ANNs) capable of relational learning and found a similar phenomenon: Standard learning dynamics dictates that small violations would lead to adjustments of expected relations while larger ones would be resolved using a different mechanism—a change in object representation that bypasses the need for adaptation of the relational expectations. These results suggest that the experimentally-observed stability of prior expectations when facing large expectation violations is a natural consequence of learning dynamics and does not require any additional mechanisms. We conclude by discussing the effect of intermediate adaptation steps on this stability.",https://www.nature.com/articles/s41598-025-16135-w.pdf,1
Accelerating residential decarbonisation: How stakeholder decision-making and socio-economic dynamics affect multi-decadal district heating network …,2,2025,… District heating networks (DHNs) are essential for decarbonising urban heating but face adoption … The model projects that adoption in the studied urban area could reach 30.4 ± 2% of …,https://www.sciencedirect.com/science/article/pii/S0360544225019462,,0,"bi-directional, district heat pump",10.2139/ssrn.5172765,Thomas Cowley; Timothy Hutty; Joseph Hammond; Solomon Brown,2025,,,0
Fractal and multifractal characterization of wear surface dynamics for tribopairs in bi-directional seawater pump,0,2025,"… for tribopairs in bidirectional seawater pump. This study employs … conditions of the bidirectional seawater pump, ball-on-disk … strategies for the tribopairs in bi-directional seawater pump. …",https://www.sciencedirect.com/science/article/pii/S0263224125011224,,0,"bi-directional, district heat pump",10.1016/j.measurement.2025.117763,Songlin Nie; Li Shi; Hao He; Hui Ji; Fanglong Yin; Zhonghai Ma,2025-9,,https://api.elsevier.com/content/article/PII:S0263224125011224?httpAccept=text/xml,0
Users' perspectives of bi-directional charging in public environments,0,2025,"… Potential Outcomes was assessed by 10 items that aimed at capturing beliefs about the outcomes of bi-directional charging technology related to a more efficient use of resources (eg ""I …",https://www.diva-portal.org/smash/record.jsf?pid=diva2:1989007,,0,"bi-directional, district heat pump",10.4324/9781003701521_ch11,Robert Mugerauer,9/18/2025,,,0
The value of smart charging at home and its impact on EV market shares–A German case study,7,2025,"… in households, especially electric vehicles and heat pumps, as well as the rising solar … –€1200 per year for households with heat pumps, photovoltaics, and electric vehicles, depending …",https://www.sciencedirect.com/science/article/pii/S030626192402381X,,0,"bi-directional, district heat pump",10.1016/j.apenergy.2024.124997,Till Gnann; Songmin Yu; Judith Stute; Matthias Kühnbach,2025-2,,https://api.elsevier.com/content/article/PII:S030626192402381X?httpAccept=text/xml,6
Enhancing Bi-directional thermal conductivity: A novel tri-layer graphene-liquid metal composite for advanced thermal management,3,2025,The rapid advancement of electronic devices demands the development of high-performance thermal conductive materials for efficient thermal management. This study presents a …,https://www.sciencedirect.com/science/article/pii/S2452213925000725,,0,"bi-directional, district heat pump",10.1016/j.coco.2025.102319,Jie Zhang; Sijin Yan; Qingbo An; Tongshun Wu; Luyi Zou,2025-4,,https://api.elsevier.com/content/article/PII:S2452213925000725?httpAccept=text/xml,4
District Heating in Lomża–How a Polish City responded to EU Energy Measures towards Decarbonisation of Economy,0,2025,This paper deals with important issues of district heating (DH) decarbonisation and related DH efficiency. It demonstrates that assessment of several hundred thermo-modernised …,https://www.sciencedirect.com/science/article/pii/S0360544225038848,,0,"bi-directional, district heat pump",10.1016/j.energy.2025.138242,Mieczysław Dzierzgowski; Adam Cenian,2025-9,,https://api.elsevier.com/content/article/PII:S0360544225038848?httpAccept=text/xml,0
Bi-directionally high thermal conductive phase change composites with radially aligned aluminum nitride skeletons prepared by freeze casting combined with …,0,2025,"… To address the critical problems of low thermal conductivity and leakage … bi-directional structure by freeze-casting combined with combustion synthesis, which are used as highly thermal …",https://www.sciencedirect.com/science/article/pii/S1359431125021271,,0,"bi-directional, thermal network",10.1016/j.applthermaleng.2025.127535,Yunfei Li; Min Deng; Fan Chen; Yan Yan Farm; Ade Kurniawan; Peizhong Feng; Nan Sheng; Chunyu Zhu,2025-11,,https://api.elsevier.com/content/article/PII:S1359431125021271?httpAccept=text/xml,0
A novel CFRP composite with bi-directional high thermal conductivity via quantum dots modified filler and electrodeposited Cu modified carbon fiber,8,2025,"… constructing continuous thermal conductive networks in the … The preparation of CFRP composite with bi-directional high … is utilized to construct 3D thermal conductive networks, CDs is …",https://www.sciencedirect.com/science/article/pii/S000862232500538X,,0,"bi-directional, thermal network",10.1016/j.carbon.2025.120522,Junqi Ning; Zhe Wang; Ting Ma; Yue Zhang; Xinyue Xu; Zexi Shao; Jiaxian Du; Haodi Wang; Ali Abdullah; Di Bao; Yanji Zhu; Huaiyuan Wang,2025-8,,https://api.elsevier.com/content/article/PII:S000862232500538X?httpAccept=text/xml,7
Research on Magnetic–Thermal Coupling Calculation of Outer Rotor Permanent Magnet Motor Based on Magnetic Circuit Method and Thermal Network Method.,1,2025,"… Ding [25] proposed a bi-directional magneto-thermal coupling method based on Maxwell, … Wang [26] proposed an improved bi-directional coupled electromagnetic–thermal field …",https://search.ebscohost.com/login.aspx?direct=true&profile=ehost&scope=site&authtype=crawler&jrnl=19961073&AN=184754942&h=GU396DiTnZ4VR1rlLCfDG4Jcqy7FcA7CMvo3Z%2FQfk2RQZKO3OTGHSXu73BtPG8NTy5q6Y1YvVi%2FTh8lSD4WHRw%3D%3D&crl=c,,0,"bi-directional, thermal network",10.3390/en18081891,Zhike Xu; Yewei Wang; Long Jin; Hongbin Zhang; Jun Hong,4/8/2025,"In this paper, a thermal analysis method of electric motor based on the magnetic equivalent circuit method and the ensemble thermal network method is proposed, which is convenient for modelling, fast for calculation, and is able to obtain the accurate temperature distribution of the motor quickly. Firstly, on the basis of the proposed unitary magnetic circuit model, all kinds of losses of the electric motor are analyzed and calculated. Subsequently, a thermal network model is established, and multilayered modelling is carried out on the rotor and the stator part in order to obtain more accurate calculation results. In the thermal network solution, the two cases of temperature affecting only the copper resistance and temperature affecting the working performance of permanent magnets at the same time are considered, respectively, and the calculation results in the two cases are compared with the finite element temperature field calculation results, which verifies the validity of the calculation method proposed in this paper.",https://www.mdpi.com/1996-1073/18/8/1891/pdf,1
Global cross-scale simulation and experiment of supercritical CO2 boiler tube wall temperature based on bidirectional fluid-thermal coupling,1,2025,"… sCO 2 cycle power generation, with wide thermal source applicability and flexible … This study is important for avoiding thermal fatigue of heat exchanger tubes under variable …",https://www.sciencedirect.com/science/article/pii/S1359431125004843,,0,"bi-directional, thermal network",10.1016/j.applthermaleng.2025.125893,Xuan Wang; Jiabao Chen; Yuanxun Ding; Ping Yuan; Jingwen Yan; Ligeng Li; Hua Tian; Gequn Shu,2025-6,,https://api.elsevier.com/content/article/PII:S1359431125004843?httpAccept=text/xml,1
Constructing Highly Ordered Hybrid Carbon Networks in SR Composites to Achieve Excellent Bi‑directional Thermal Conduction,0,,"… Besides providing a new perspective for achieving excellent bi‑directional thermal conduction, this work suggests a new idea for the design and preparation of high-performance TIMs. …",https://papers.ssrn.com/sol3/papers.cfm?abstract_id=5709040,,0,"bi-directional, thermal network",10.2139/ssrn.5709040,Jialong Jiang; Shida Han; Yuan Ji; Hong Wu; Shaoyun Guo,2025,,,0
Feasibility Study of Carbon Nanotube Winding for Permanent Magnet Synchronous Generator Considering Coupled Electromagnetic-Thermal Aspects,1,2025,"… to enhance power density, thermal management, and efficiency … with a lumped parameter thermal network. Two Cu-CNT … uses a bi-directional coupled electromagneticthermal analysis …",https://ieeexplore.ieee.org/abstract/document/10948436/,,0,"bi-directional, thermal network",10.1109/access.2025.3557500,Vu-Khanh Tran; Thanh-Tuan Nguyen; Tung Nguyen; Jae-Beom Kang; Ji-Young Lee; Yon-do Chun,2025,,http://xplorestaging.ieee.org/ielx8/6287639/10820123/10948436.pdf?arnumber=10948436,1
Impact of cubic autocatalysis and infinite shear rate characteristics in MHD Carreau fluid over radiated bi-directional sheet; ANN-based computational scheme,4,2025,"… , which is crucial in modern thermal management systems. Artificial neural network (ANN) … in Carreau fluid over a bi-directional stretching sheet, featuring magnetohydrodynamics (…",https://journals.co.za/doi/abs/10.1016/j.sajce.2025.01.001,,0,"bi-directional, thermal network",10.1016/j.sajce.2025.01.001,Adil Darvesh; Luis Jaime Collantes Santisteban; Fethi Mohamed Maiz; Manuel Sánchez-Chero; Hamiden Abd El-Wahed Khalifa; William Rolando Miranda Zamora; Hakim AL Garalleh; William Atalaya-Urrutia,2025-4,,https://api.elsevier.com/content/article/PII:S1026918525000010?httpAccept=text/xml,3
Efficient thermal management of electronic devices by constructing interlayer phonon bridges,1,2025,"… and interlayer BNNS bridging network create efficient bi-directional thermal conduction pathways, … Overall, the findings of this work provide valuable guidance in bi-directional thermal …",https://www.nature.com/articles/s41467-025-65554-w,,0,"bi-directional, thermal network",10.1038/s41467-025-65554-w,Gaojie Han; Hongli Cheng; Yuezhan Feng; Shiliang Zhang; Jingwen Dong; Bing Zhou; Xianhu Liu; Chuntai Liu; Guangming Tao; Changyu Shen,11/26/2025,,https://www.nature.com/articles/s41467-025-65554-w.pdf,1
Thermal management strategy for motorized spindle systems: graphite coating thermal path reconstruction and hybrid predictive modeling,0,2025,"… % reduction in thermal bending angles. Secondly, to address unmeasurable thermal errors, … Optimization with a Temporal Convolutional Network, Bi-directional Gated Recurrent Unit, …",https://www.sciencedirect.com/science/article/pii/S1359431125026638,,0,"bi-directional, thermal network",10.2139/ssrn.5297439,Ye Dai; Shiqiang Zhan; Yongjia Huang; Gang Wang; xiao Liu; Wenyin Qu; Cheng Yang,2025,,,0
Multi-step fusion model for predicting indoor temperature in residential buildings based on attention mechanism and neural network,3,2025,"… Indoor temperature prediction is vital in HVAC system control, ensuring thermal comfort and … by a convolutional neural network (CNN) and bi-directional long short-term memory network. …",https://www.sciencedirect.com/science/article/pii/S2352710225002931,,0,"bi-directional, thermal network",10.1016/j.jobe.2025.112057,Guozhong Zheng; Ruilin Jia; Wenwen Yi; Xinru Yue,2025-5,,https://api.elsevier.com/content/article/PII:S2352710225002931?httpAccept=text/xml,0
Coupled electromagnetic-thermal analysis of propulsion motor for fully electric ships with system-level design approach,8,2025,"… Analysis (FEA) and thermal networks is developed, and its … , — requires a coupled bi-directional analysis. Conventional … a bi-directional coupled electromagnetic-thermal analysis of …",https://ieeexplore.ieee.org/abstract/document/10854541/,,0,"bi-directional, thermal network",10.1109/tte.2025.3534575,Vu-Khanh Tran; Sarbajit Paul; Jae-Gil Lee; Pil-Wan Han; Jae-Hak Choi; Yon-Do Chun,2025-6,,http://xplorestaging.ieee.org/ielx8/6687316/11008803/10854541.pdf?arnumber=10854541,5
A Distributed Dispatch of Bi-Directional Power and Hydrogen Systems for Enhancing the Renewable Energy Integration in Grid-Connected Microgrids,0,2025,"… In this paper, we formulate the coordinated dispatch of a grid-connected bi-directional power-hydrogen system (BDPHS). The proposed model, which is formulated as a mixed-integer …",https://ieeexplore.ieee.org/abstract/document/10977964/,,0,"bi-directional, thermal grid",10.1109/tste.2025.3564652,Longfei Li; Chenhui Lin; Ye Guo; Wenchuan Wu; Mohammad Shahidehpour,2025-10,,http://xplorestaging.ieee.org/ielx8/5165391/11156149/10977964.pdf?arnumber=10977964,0
Vibration Analysis of Bi-Directional Heated Functionally Graded Circular Nanoplates With Variable Thickness Using Generalized Differential Quadrature Method …,1,2025,… Chebyshev-Gauss-Lobatto grid distribution. The material properties … Thermal Profile: The continuous bi-directional heating applied to the FG nanoplates introduces a significant thermal …,https://www.worldscientific.com/doi/abs/10.1142/S0219455426502147?srsltid=AfmBOoqRxoXiCtHLPo8p97e0VYBA5XSQVdrsUEfPu5xp249O6egO4V5T,,0,"bi-directional, thermal grid",10.1142/s0219455426502147,Rahul Saini,4/21/2025," The computational efficiency of the numerical solutions for structural analysis is always a concern for researchers. In the present work, the author incorporated a parallel computing algorithm and MAPLE in MATLAB to investigate the axisymmetric vibrations of bi-directional functionally graded circular plates with variable thickness under a thermal environment. The adopted approach reduced the computational cost significantly while using the generalized differential quadrature method with Chebyshev-Gauss-Lobatto grid distribution. The material properties and temperature profile are assumed to vary in radial and thickness directions. The mechanical properties of the material are assumed to be temperature-dependent. Being functionally graded material, the contribution of the physical neural surface has also been included. The thickness of the plate is assumed to vary linearly and parabolically in the radial direction. The governing equations for the defined problem are deduced using Hamiton’s energy principle by employing Mindlin’s plate theory and Eringen’s nonlocal theory. Further, the modified boundary conditions are obtained for simply-supported and free peripheral conditions that include the size-dependency in the boundary conditions. These equations are discretized by the generalized differential quadrature method to compute the normalized value of the frequency parameter. Silicon nitride (Si3N4) and aluminium alloy (6061-T6Al) are adopted as ceramic and metal, respectively. The inclusion of MAPLE and a parallel computing algorithm for symbolic computation has drastically reduced the computational cost of the analysis. The investigation of the effect of nonlocal parameter, nonuniformity parameters, graded indexes and temperature profile on the frequency parameter has also been presented. ",https://www.worldscientific.com/doi/pdf/10.1142/S0219455426502147,1
Chaotic grey wolf optimized DC-DC bi-directional converter for a single-phase grid-tied PV-BES system,1,2025,… BES system is connected to DC bus via a bi-directional DC-DC converter (BDC) that regulates DC bus voltage (𝐕𝐝𝐜) and BESS current (𝐈𝐛𝐚𝐭). CGWO-tuned fractional order PI (FOPI) …,https://ieeexplore.ieee.org/abstract/document/11142717/,,0,"bi-directional, thermal grid",10.1109/tia.2025.3603513,Mukul Chankaya; Masiha Aijaz; Mrutunjaya Panda; Ikhlaq Hussain; Bhim Singh,2025,,http://xplorestaging.ieee.org/ielx8/28/4957013/11142717.pdf?arnumber=11142717,1
Bi-Directional Power Control in Grid-Connected Electric Vehicle On-Board Chargers using Spider Wasp Optimization,0,2025,… further complication of thermal management through greater … ) for enhancing stability in bi-directional power control in EV … and smoother operation of bi-directional power control in EV on…,https://ieeexplore.ieee.org/abstract/document/10988214/,,0,"bi-directional, thermal grid",10.1109/ictmim65579.2025.10988214,Cuddapah Anitha; G Vipashi Kansal; Swapnil Uttamrao Deokar; Kamal Sutaria; Ravi Kumar V; Natrayan L,4/7/2025,,http://xplorestaging.ieee.org/ielx8/10985934/10987907/10988214.pdf?arnumber=10988214,0
A Multi-Temporal Regulation Strategy for EV Aggregators Enabling Bi-Directional Energy Interactions in Ancillary Service Markets for Sustainable Grid …,0,2025,"… load mitigation and alleviating grid stress while reducing … revenue while enhancing grid sustainability and is solved via … returns, grid flexibility, and sustainable energy management. …",https://www.mdpi.com/2071-1050/17/16/7315,,0,"bi-directional, thermal grid",10.3390/su17167315,Xin Ma; Yubing Liu; Chongyi Tian; Bo Peng,8/13/2025,"Amid rising load volatility and uncertainty, demand-side resources with regulation capabilities are increasingly engaged at scale in ancillary service markets, facilitating sustainable peak load mitigation and alleviating grid stress while reducing reliance on carbon-intensive peaking plants. This study examines the integration of electric vehicles (EVs) in peak regulation, proposing a multi-stage operational strategy framework grounded in the analysis of EV power and energy response constraints to promote both economic efficiency and environmental sustainability. The model holistically accounts for temporal charging and discharging behaviors under diverse incentive mechanisms, incorporating user response heterogeneity alongside multi-period market peak regulation demands while supporting clean transportation adoption. An optimization model is formulated to maximize aggregator revenue while enhancing grid sustainability and is solved via MATLAB(2021b) and CPLEX(20.1.0). The simulation outcomes reveal that the discharge-based demand response (DBDR) strategy elevates aggregator revenue by 42.6% and enhances peak regulation margins by 19.2% relative to the conventional charge-based demand response (CBDR). The hybridization of CBDR and DBDR yields a threefold revenue increase and a 28.7% improvement in peak regulation capacity, underscoring the efficacy of a joint-response approach in augmenting economic returns, grid flexibility, and sustainable energy management.",https://www.mdpi.com/2071-1050/17/16/7315/pdf,0
Design and Analysis of a Bi-Directional Solid-State Battery Protection System for Solid-State Transformer Based Grid Supporting Ev Charging Systems,0,2025,"… increase the burden on thermal management components [7-… switching transitions, and improved thermal tolerance. These … of SST-enabled smart grids, particularly in the context of EV …",https://ieeexplore.ieee.org/abstract/document/11098155/,,0,"bi-directional, thermal grid",10.1109/itec63604.2025.11098155,Kushan Tharuka Lulbadda; Ruvini De Seram; V.S.R.V. Oruganti; Tarlochan Sidhu; Sheldon S. Williamson,6/18/2025,,http://xplorestaging.ieee.org/ielx8/11097905/11097906/11098155.pdf?arnumber=11098155,0
Grid-Scale Battery Systems for VAR Support in Con Edison Distribution Substations via Bi-Directional Smart Inverters,1,2025,… a pivotal role in enhancing the grid’s reliability by integrating … control for DER applications and grid have been examined in … 7.5MW/30MWh BESS connected to the grid at a Con Edison …,https://ieeexplore.ieee.org/abstract/document/10839371/,,0,"bi-directional, thermal grid",10.1109/access.2025.3528931,Mohamed K. Kamaludeen; Yusef Esa; Kirn Zafar; Elihu Nyemah; Ahmed Ali A. Mohamed; Tamer Ibrahim; Simon Odie,2025,,http://xplorestaging.ieee.org/ielx8/6287639/10820123/10839371.pdf?arnumber=10839371,1
A High Frequency Switched Gallium Nitride Based Bi-directional EV Supply Equipment for Vehicle-to-Home Applications,0,2025,"… grid, which helps in stabilizing voltage fluctuations, supporting renewable energy integration, and improve grid re… -effective solutions, advanced thermal management techniques, robust …",https://ieeexplore.ieee.org/abstract/document/11076541/,,0,"bi-directional, thermal grid",10.1109/pectea61788.2025.11076541,V Udaya Sagar; C V Vishnu; S Akshara; S R Jisha; S Amal; V Chandrasekar,6/18/2025,,http://xplorestaging.ieee.org/ielx8/11076106/11076109/11076541.pdf?arnumber=11076541,0
Optimized Bi-Directional Buck-Boost Converter for Hybrid V2G Storage,0,2025,"… power flow to and from a DC electrical grid. The bi-directional buck-boost enables us to switch … protect against overvoltage, overcurrent, and thermal incidents. This architecture improves …",https://ieeexplore.ieee.org/abstract/document/11182374/,,0,"bi-directional, thermal grid",10.1109/cmss66566.2025.11182374,S. Gomathi; P. Tamilvani; P. Loganathan; M. Shyamalagowri,8/12/2025,,http://xplorestaging.ieee.org/ielx8/11182305/11182297/11182374.pdf?arnumber=11182374,0
Predictive control for mode-switching of reversible solid oxide cells in microgrids based on hydrogen and electricity markets,5,2025,"… The use of reversible solid oxide cells (rSOC) as bi-directional Power… thermal effects, and safety constraints to avoid undesired mode switching. The study was conducted in a scaled grid…",https://www.sciencedirect.com/science/article/pii/S0360319924057161,,0,"bi-directional, thermal grid",10.1016/j.ijhydene.2024.12.497,Hector del Pozo Gonzalez; Fernando D. Bianchi; Marc Torrell; Lucile Bernadet; Josh Eichman; Albert Tarancón; Jose Luis Dominguez-Garcia; Oriol Gomis-Bellmunt,2025-2,,https://api.elsevier.com/content/article/PII:S0360319924057161?httpAccept=text/xml,4
A Novel Multi-Port Bi-Directional Converter for Renewable Energy Integration in EV Off-Board Charging Stations,0,2025,"… In this study, a novel multi-port bi-directional converter is proposed to be utilized as an off-board EV charging station. Four modes of operation, high gain, and three input/output ports are …",https://link.springer.com/article/10.1007/s40866-025-00310-z,,0,"bi-directional, thermal grid",10.1007/s40866-025-00310-z,Hazem H. Mostafa; Amr M. Ibrahim; Fathy Z. Amer; Eman F. Sawires,12/5/2025,,https://link.springer.com/content/pdf/10.1007/s40866-025-00310-z.pdf,0
Investigation on forecast of offshore wind power generation hybrid attention mechanism and bi-directional long short-term memory based on deep learning,2,2025,"… Accurate forecasting of wind power is critical for efficient grid integration, resource optimization, and … tool for facilitating renewable energy integration and sustainable grid management. …",https://www.sciencedirect.com/science/article/pii/S0964569125003461,,0,"bi-directional, thermal grid",10.1016/j.ocecoaman.2025.107884,Yichi Zhang; Yuxin Ma; Hui Fang; Hongqing Wang,2025-11,,https://api.elsevier.com/content/article/PII:S0964569125003461?httpAccept=text/xml,2
Smart Grid DC Ultra-Fast Charging Stations for Automotive and Industrial Inverters,0,,"… bi-directional resonant converter showing this project is intended for use in bi-directional … and concentrating solar-thermal power technologies, electrical grid systems integration, and the …",https://mamse.in/PTV/C3/3.2.1/7/2023-2024/31%20with%20sign.pdf,http://scholar.google.com/https://mamse.in/PTV/C3/3.2.1/7/2023-2024/31%20with%20sign.pdf,0,"bi-directional, thermal grid",10.1049/iet-stg.2018.0006,Danielle Meyer; Jiankang Wang,2018-4,"Plug‐in electric vehicles (PEVs) have become a key factor driving towards smart cities, which allow for higher energy efficiency and lower environmental impact across urban sectors. Industry vision for future PEV includes the ability to recharge a vehicle at a speed comparable to traditional gas refuelling, i.e. &lt;3 min. per vehicle. Such a technology, referred to as ultra‐fast charging (UFC), has drawn much interest from research and industry. However, UFC poses unprecedented challenges to existing electricity supply infrastructure due to its large power density, impulsive, and stochastic load characteristics. Planning the locations and electric capacities of UFC stations is critical to preventing detrimental impacts. In particular, efforts must be made of mitigate grid asset depreciation, grid instabilities, and deteriorated power quality. The authors first review planning methods for conventional charging stations. Next, they discuss outlooks for UFC planning solutions by drawing an analogy with renewable energy (RE) source planning. This analogy is based on the similar power density and stochastic characteristics of RE and UFC. While this study mainly focuses on UFC planning from the power grid perspective, other urban aspects, including traffic flow and end‐user behaviour, are examined for feasible UFC integration within smart cities.",https://onlinelibrary.wiley.com/doi/pdf/10.1049/iet-stg.2018.0006,84
Thermo-mechanically coupled nonlinear bending analysis of rotating bi-directional functionally graded discs under transient frictional heating: A continuum modeling …,0,2025,… mechanical response of rotating bi-directional functionally graded (BD… thermal shock behavior to ensure the structural integrity and longevity of components exposed to transient thermal …,https://link.springer.com/article/10.1007/s00161-025-01413-9,,0,"bi-directional, thermal grid",10.1007/s00161-025-01413-9,Dawood Salman Fadel Al-Jorani; Jalil Jamali; Mohsen Jabbari,10/24/2025,,https://link.springer.com/content/pdf/10.1007/s00161-025-01413-9.pdf,0
… approach and numerical modeling to retrofit existing substations for bidirectional operation: Enabling thermal prosumer participation in District Heating …,1,2025,"… for an existing substation in a district heating network in Italy, … the numerical model of the bidirectional substation, and multi-… 6.2 % in summer), the bidirectional setup enabled 94 % of the …",https://www.sciencedirect.com/science/article/pii/S030626192501428X,,0,"bidirectional, district heating and cooling",10.1016/j.apenergy.2025.126698,Federico Gianaroli; Mattia Ricci; Paolo Sdringola; Mauro Pipiciello; Diego Menegon; Francesco Melino,2025-12,,https://api.elsevier.com/content/article/PII:S030626192501428X?httpAccept=text/xml,1
Prosumers and district heating: Experimental validation of strategies to improve thermal energy production and consumption,4,2025,… District Heating Networks with thermal prosumers and bidirectional substations are critical to decarbonize the heating sector by integrating renewable energy sources. The paper …,https://www.sciencedirect.com/science/article/pii/S0378778825004438,,0,"bidirectional, district heating and cooling",10.1016/j.enbuild.2025.115713,Paolo Sdringola; Mauro Pipiciello; Mattia Ricci; Federico Gianaroli; Diego Menegon; Federico Trentin; Francesco Turrin; Biagio Di Pietra,2025-7,,https://api.elsevier.com/content/article/PII:S0378778825004438?httpAccept=text/xml,4
Design and Flexible Operation Study of a Bidirectional Heating Substation Based on Building Thermal Battery Model in 5gdhc Systems,0,,"… [14] created a bidirectional substation for active district heating that also exchanges heat … the network, has been solved, and bidirectional heat transfer is made possible by the hydraulic …",https://papers.ssrn.com/sol3/papers.cfm?abstract_id=5226973,,0,"bidirectional, district heating and cooling",10.2139/ssrn.5226973,Yurun Guo; Jihong Wang; Shugang Wang; Shuang Jiang; Wenji Song; Zhenjun Ma,2025,,,0
A techno-economic analysis of a high vacuum solar system integrated into a prosumer-based district heating network,5,2025,"… heat to the network, thus becoming “prosumers”. Through a validated model of a bidirectional district heating … connected to a district heating network in Mediterranean regions. The …",https://www.sciencedirect.com/science/article/pii/S0360544225024855,,0,"bidirectional, district heating and cooling",10.1016/j.energy.2025.136843,Giuseppe Edoardo Dino; Pietro Catrini; Maurizio La Villetta; Antonio Piacentino,2025-9,,https://api.elsevier.com/content/article/PII:S0360544225024855?httpAccept=text/xml,5
The Geothermal District Heating Market: Challenges and Opportunities in Europe,2,2025,"… issues in analyzing the present and future of geothermal district heating and cooling. … energy trading within bidirectional district heating grids, whereby buildings could share surplus …",https://pangea.stanford.edu/ERE/db/GeoConf/papers/SGW/2025/Toth.pdf,http://scholar.google.com/https://pangea.stanford.edu/ERE/db/GeoConf/papers/SGW/2025/Toth.pdf,0,"bidirectional, district heating and cooling",10.5194/egusphere-egu25-12969,Johannes Miocic,3/18/2025,"Achieving net-zero emissions and combating climate change necessitate the adoption of negative emission technologies. Direct Air Capture (DAC), which removes CO2 directly from ambient air, shows great promise but requires significant energy, particularly in the form of heat. Geothermal doublets are traditionally used to supply heat for district heating networks, which operate at lower temperatures than those required for DAC. This study explores integrating geothermal heat from a doublet with DAC using a heat pump, while repurposing waste heat from the DAC process to support district heating. We propose multiple operational configurations for this system and conduct a life cycle emissions analysis, demonstrating the potential to capture tens to hundreds of thousands of tonnes of CO2 over its lifetime. The results show that higher geothermal fluid temperatures and flow rates substantially lower the cost per tonne of CO2 captured. Conversely, higher fluid temperatures combined with lower flow rates reduce overall system costs. These findings highlight the critical role of optimal subsurface conditions in maximizing system efficiency.",,0
Robust Scheduling of Integrated Electricity-Heat-Hydrogen System Considering Bidirectional Heat Exchange between Alkaline Electrolyzers and District Heating …,0,2025,… the bidirectional heat exchange (BHE) between AELs and district heating networks (DHNs). … not only enables the waste heat recovery for district heating but also accelerates the thermal …,https://ieeexplore.ieee.org/abstract/document/10851866/,,0,"bidirectional, district heating and cooling",10.3390/en18092249,Zhuan Zhou; Weifang Lin; Jiayu Bian; Xuan Ren,4/28/2025,"Within the framework of “dual carbon”, intending to enhance the use of green energies and minimize the emissions of carbon from energy systems, this study suggests a cost-effective low-carbon scheduling model that accounts for stepwise carbon trading for an integrated electricity, heat, gas, cooling, and hydrogen energy system. Firstly, given the clean and low-carbon attributes of hydrogen energy, a refined two-step operational framework for electricity-to-gas conversion is proposed. Building upon this foundation, a hydrogen fuel cell is integrated to formulate a multi-energy complementary coupling network. Second, a phased carbon trading approach is established to further explore the mechanism’s carbon footprint potential. And then, an environmentally conscious and economically viable power dispatch model is developed to minimize total operating costs while maintaining ecological sustainability. This objective optimization framework is effectively implemented and solved using the CPLEX solver. Through a comparative analysis involving multiple case studies, the findings demonstrate that integrating electric-hydrogen coupling with phased carbon trading effectively enhances wind and solar energy utilization rates. This approach concurrently reduces the system’s carbon emissions by 34.4% and lowers operating costs by 58.6%.",https://www.mdpi.com/1996-1073/18/9/2249/pdf,0
Aquifer thermal energy storage for decarbonising heating and cooling energy supply in southern Europe: A dynamic environmental impact assessment,2,2025,… cities in Southern Europe by providing sustainable heating and cooling for buildings. This work … electric-driven heat pumps activating a small-scale district heating and cooling network in …,https://www.sciencedirect.com/science/article/pii/S0306261925008359,,0,"bidirectional, district heating and cooling",10.1016/j.apenergy.2025.126105,Giovanna Pallotta; Elisa Marrasso; Chiara Martone; Nicola Luciano; Gabriela Squarzoni; Carlo Roselli; Maurizio Sasso,2025-9,,https://api.elsevier.com/content/article/PII:S0306261925008359?httpAccept=text/xml,2
Innovative approach and numerical modeling to retrofit existing substations for bidirectional operation: Enabling thermal prosumer participation in District …,1,2025,"… have primarily focused on thermal production plants, decentralized … of thermal prosumers. This study presents a non-invasive retrofit design for an existing substation in a district heating …",https://www.sciencedirect.com/science/article/pii/S030626192501428X,,0,"bidirectional, district thermal",10.1016/j.apenergy.2025.126698,Federico Gianaroli; Mattia Ricci; Paolo Sdringola; Mauro Pipiciello; Diego Menegon; Francesco Melino,2025-12,,https://api.elsevier.com/content/article/PII:S030626192501428X?httpAccept=text/xml,1
Retrofit design and numerical modeling of bidirectional substations for the empowerment of thermal prosumers in district heating networks,2,2004,"… Thermal prosumers can be integrated into district heating networks through bidirectional thermal substations, allowing excess thermal … , such as solar thermal systems, or recovered from …",https://bia.unibz.it/esploro/outputs/conferenceProceeding/Retrofit-design-and-numerical-modeling-of/991007065477701241,,0,"bidirectional, district thermal",10.1615/ichmt.2004.intthermscisemin.1140,E. Fuad Kent; Sedef Kent,2004,,http://www.dl.begellhouse.com/download/article/6b9c56a754f7c64b/,0
Mechanism-guided short-term heat load prediction of district heating system based on a hybrid data-driven model,1,2025,"Accurate heat load prediction provides an effective basis for parameter adjustment to ensure the stable operation of district heating system (DHS) and on-demand heat supply. However, …",https://www.sciencedirect.com/science/article/pii/S135943112502705X,,0,"bidirectional, district thermal",10.2139/ssrn.5260365,Xuelei Zhang; Hailong Luo; Yixi Pei; Kang Ma,2025,,,0
Hydraulic–thermal dynamic model of meshed district heating network based on discrete event simulation,0,2025,… Online planning and optimization of district heating (DH) … This study develops a versatile dynamic hydraulic–thermal model … The thermal computational cost is linearly correlated with the …,https://www.sciencedirect.com/science/article/pii/S0360544225045372,,0,"bidirectional, district thermal",10.1016/j.energy.2025.138895,Zichan Xie; Haichao Wang; Pengmin Hua; Risto Lahdelma,2025-12,,https://api.elsevier.com/content/article/PII:S0360544225045372?httpAccept=text/xml,0
Physics-data dual-driven temperature prediction for district heating systems,0,2025,… The secondary return water temperature serves as a key indicator in district heating system (DHS… The model employs a bidirectional encoder and residual decoder to enhance long-term …,https://www.sciencedirect.com/science/article/pii/S1359431125038141,,0,"bidirectional, district thermal",10.2139/ssrn.5442714,Run Zheng; Lei Lei,2025,,,0
A day-ahead operational regulation method for solar district heating systems based on model predictive control,19,2025,"… Solar district heating systems are widely used in solar-rich … and demand, and district heating systems have delayed … operation regulation method for solar district heating systems. A …",https://www.sciencedirect.com/science/article/pii/S0306261924020026,,0,"bidirectional, district thermal",10.1016/j.apenergy.2024.124619,Xin Xin; Yanfeng Liu; Zhihao Zhang; Huifan Zheng; Yong Zhou,2025-1,,https://api.elsevier.com/content/article/PII:S0306261924020026?httpAccept=text/xml,17
Modeling and Performance Evaluation of a District Heating Network with Integration of a Thermal Prosumer: A Case Study in Italy,0,2025,"… generation systems, such as solar thermal or waste-heat recovery units. This analysis does not delve into the configuration of the bidirectional substation or its operating modes. The …",https://www.mdpi.com/1996-1073/18/22/5977,,0,"bidirectional, district thermal",10.3390/en18225977,Giulia Bonelli; Martina Capone; Vittorio Verda; Elisa Guelpa,11/14/2025,"The decarbonization of the heating sector requires the progressive transformation of district heating systems toward low-temperature and renewable-based configurations. In this context, the integration of thermal prosumers, capable of both consuming and producing heat, represents a promising solution to increase network flexibility and support sector coupling through technologies such as heat pumps. This work presents a thermo-fluid dynamic modeling framework developed to analyze the integration of a heat pump-based prosumer into an existing large-scale district heating network in Italy. The model adopts a graph-based, thermo-fluid dynamic model, combining a steady-state hydraulic formulation with a transient thermal analysis, and is complemented by a set of Key Performance Indicators for the evaluation of energy exchanges and self-sufficiency at user and network levels. Different operational configurations are analyzed, including local sharing within the distribution network and heat export to the main transport network, with and without local thermal storage. The study focuses on summer operation, when the network supplies only domestic hot water, a condition in which distributed renewable generation can play a major role in reducing central plant operation. The results highlight the potential of thermal prosumers to enhance energy autonomy and flexibility in existing district heating networks, paving the way for their evolution toward fully renewable and bidirectional systems.",https://www.mdpi.com/1996-1073/18/22/5977/pdf,0
Pathways to positive energy districts: A comprehensive techno-economic and environmental analysis using multi-objective optimization,5,2025,"… balance [10], defined as the difference between energy … compare energy flows among different energy carriers within a district [7]. To accurately calculate the energy balance, all energy …",https://www.mdpi.com/1996-1073/18/5/1134,,0,"bidirectional, district energy",10.3390/en18051134,Guangxuan Wang; Olivier Gilmont; Julien Blondeau,2/25/2025,"Transitioning to Positive Energy Districts (PEDs) is essential for achieving carbon neutrality in urban areas by 2050. This study presents a multi-objective optimization framework that balances energy, environmental, and economic performance, addressing the diverse priorities of multiple stakeholders. The framework enhances PED design by systematically evaluating technical solutions, including renewable-based electrification, demand-side management (DSM), energy storage, and retrofitting. The framework is applied to the Usquare district in Brussels, Belgium, as a case study. The results indicate that expanding photovoltaic (PV) capacity is crucial for achieving PED targets, with renewable-based electrification potentially reducing carbon emissions by up to 79%. The incorporation of demand-side management (DSM) and battery storage improves system flexibility, reduces grid dependency, and enhances cost-effectiveness. Although slightly more costly, retrofitting existing buildings provides the most balanced approach, offering the lowest CO2 emissions and the highest self-consumption ratio. This study presents a comprehensive decision-making support framework for optimizing PED design and operation, offering practical guidance for urban energy planning and contributing to global efforts toward carbon neutrality.",https://www.mdpi.com/1996-1073/18/5/1134/pdf,6
Investigation of building load prediction models based on integration of mechanism methods and data-driven models,2,2025,"In the district energy systems, the quality of data often proves inferior, resulting in that the historical building data may be partially or entirely absent. The traditional data-driven models …",https://www.sciencedirect.com/science/article/pii/S0360544225015750,,0,"bidirectional, district energy",10.1016/j.energy.2025.135933,Xiaojie Lin; Ning Zhang; Liuliu Du-Ikonen; Xiaolei Yuan; Wei Zhong,2025-6,,https://api.elsevier.com/content/article/PII:S0360544225015750?httpAccept=text/xml,2
"communication networks 6, 48–9 communication scheme 129 Community Advisory Committee (CAC) 178 Community Choice Energy",0,,"… electric vehicles (EVs) 46, 147 energy allocation process 66 energy balance using Vickrey vs. Dutch auction 70 energy efficiency (EE) 11, 44, 49 energy management (EM) 4, 147 …",https://digital-library.theiet.org/doi/pdf/10.1049/PBPO264G_bm,,0,"bidirectional, district energy",10.4324/9780429505850-6,Julia Menard-Warwick,12/12/2018,,,0
Performance study of ultra-low temperature district heating system based on mechanical subcooling heat pump,0,2025,"… district heating (ULTDH) technology faces challenges due to low heat source temperatures, which degrade heat pump … of the MS system in the district heating is researched. The results …",https://www.sciencedirect.com/science/article/pii/S073519332500795X,,0,"bidirectional, district heat pump",10.1016/j.icheatmasstransfer.2025.109369,Yuexuan Gong; Guoyuan Ma; Lei Wang; Yuepeng Jiang; Junrui Nie; Xiang Li,2025-9,,https://api.elsevier.com/content/article/PII:S073519332500795X?httpAccept=text/xml,0
… and numerical modeling to retrofit existing substations for bidirectional operation: Enabling thermal prosumer participation in District Heating Network,1,2025,"… for an existing substation in a district heating network in Italy, aimed at preserving the … model of the bidirectional substation, and multi-domain simulations based on real thermal load and …",https://www.sciencedirect.com/science/article/pii/S030626192501428X,,0,"bidirectional, thermal network",10.1016/j.apenergy.2025.126698,Federico Gianaroli; Mattia Ricci; Paolo Sdringola; Mauro Pipiciello; Diego Menegon; Francesco Melino,2025-12,,https://api.elsevier.com/content/article/PII:S030626192501428X?httpAccept=text/xml,1
24‐h Bidirectional Thermal Energy Harvesting: From Light to Darkness,0,2025,"… fillers inhibit the establishment of continuous thermal networks. Alternative metallic foams[28… the bidirectional energy harvesting mechanism of ginkgo leaves, we present a 24-h thermal …",https://advanced.onlinelibrary.wiley.com/doi/abs/10.1002/adma.202516756,,0,"bidirectional, thermal network",10.1002/adma.202516756,Jianguo Wang; Meng Chen; Xiangkun Elvis Cao; Xianglei Liu; Peidong Wei; Qiao Xu; Haichen Yao; Enda Ci; Qingfeng Zhang; Shushan Lv; Yang Tian; Yongliang Li,11/2/2025,"Abstract
                  
                    Thermal energy, encompassing both heating and cooling demands, accounts for the largest share of global energy consumption. Harvesting thermal energy from the environment, including the Sun and darkness, holds promise for decarbonizing thermal sectors, but suffers from low efficiency and intermittency. Here, inspired by ginkgo leaves featuring wax‐coated vertical palisade cells, a 24‐h bidirectional thermal energy harvesting approach is developed by integrating spectrally selective aerogels with anisotropic composite phase change materials (CPCMs). During daytime, sunlight is captured, converted into heat, and stored in anisotropic CPCMs with high axial thermal conductivity (24.16 W·m
                    −1
                    ·K
                    −1
                    ) and an anisotropy ratio of 3.7. Under one‐sun irradiation, a high solar thermal energy storage efficiency of 87.5% with a peak temperature of 382.3 K is achieved by leveraging spectrally selective aerogels exhibiting “greenhouse effects”. At night, a maximum radiative cooling power of 118.8 W·m
                    −2
                    is attained, enabling cold energy storage at a temperature 4.0 K below ambient. The proposed leaf‐inspired device operates continuously over 24 h, delivering annual thermal energy savings of 5321.4 MJ·m
                    −2
                    ·yr
                    −1
                    , outperforming standalone solar thermal and radiative cooling systems by 44.8% and 223.3%, respectively. This bioinspired bidirectional energy harvesting strategy employing both solar and outer space resources, establishes a promising approach toward a carbon‐neutral thermal energy supply.
                  ",https://advanced.onlinelibrary.wiley.com/doi/pdf/10.1002/adma.202516756,0
A Novel magnetic-thermal bidirectional coupled model of permanent magnet motors based on subdomain methods and 3D thermal network,0,2025,"… bidirectional coupled (MTBC) phenomenon in permanent magnet motors, based on the electromagnetic subdomain method and three dimensional (3D) thermal … and thermal fields …",https://digital-library.theiet.org/doi/abs/10.1049/icp.2025.3030,,0,"bidirectional, thermal network",10.1049/icp.2025.3030,Fei Liu; Luyao Yu; Wei Cai; Xinjun Zhang,2025-10,,,0
Case study on flywheel energy storage systems: LPTN-based transient thermal analysis,3,2025,"… thermal network model for vertical flywheel energy storage systems, considering three critical gaps in conventional thermal … energy storage system thermal management technologies, …",https://www.sciencedirect.com/science/article/pii/S2352152X25010321,,0,"bidirectional, thermal network",10.1016/j.est.2025.116319,Yuanyuan Jiao; Xingjian Dai; Yifei Wang; Lu Wei; Hualiang Zhang; Haisheng Chen,2025-6,,https://api.elsevier.com/content/article/PII:S2352152X25010321?httpAccept=text/xml,3
… on thermal error compensation modeling for the machine tool integrated drive system based on energy consumption big data and an optimized bidirectional network,6,2025,… thermal error compensation modeling techniques often fail to account for the influence of multiple thermal … research introduces a novel bidirectional spatiotemporal network model (IKSM)…,https://www.sciencedirect.com/science/article/pii/S0141635925000704,,0,"bidirectional, thermal network",10.1016/j.precisioneng.2025.02.024,Guo-hua Chen; Bo Zhou; Tao Li; Jie Mao; Bo Li; Zhen-xin Fu,2025-6,,https://api.elsevier.com/content/article/PII:S0141635925000704?httpAccept=text/xml,3
In-situ polymerization of multifunctional heat-resisting SiC-induced graphene/polyimide bidirectional thermally conductive film for battery thermal management,7,2025,"… efficacious thermal transport network. The composite films exhibit markedly enhanced thermal conductivity (In-plane thermal conductivity is 16.6, and out-of-plane thermal conductivity is …",https://www.sciencedirect.com/science/article/pii/S1359835X25004725,,0,"bidirectional, thermal network",10.1016/j.compositesa.2025.109178,Zhengying Tu; Zuoxiang Xie; Qinhua Zhou; Jing He; Yuyang Dong; Chengzhe Huang; Fei Zhang; Qingbin Zheng; Yinhang Zhang,2025-12,,https://api.elsevier.com/content/article/PII:S1359835X25004725?httpAccept=text/xml,6
Design and optimization of a cryogenic energy storage heat exchanger using a novel bidirectional thermal conduction regulation method,0,2025,"… based on a novel bidirectional thermal conduction regulation … solid waste with regulated thermal properties is employed as … charging efficiency of 88.12 %, thermal efficiency of 97.73 %, …",https://www.sciencedirect.com/science/article/pii/S135943112503056X,,0,"bidirectional, thermal network",10.1016/j.applthermaleng.2025.128464,Lei Li; Xiaohui She; Xingyu Wang; Xiaofen Ren; Yifan Wang; Yongliang Li; Chen Wang,2025-12,,https://api.elsevier.com/content/article/PII:S135943112503056X?httpAccept=text/xml,0
A Digital Twin Approach for Bidirectional Buck-Boost Converter's Key Parameters Identifying Based on Electrothermal Mechanism Model,0,2025,"For the vast majority of digital twin modeling methods, since the digital model is not a perfect replica of the physical model, it is a huge challenge to achieve high-precision parameter …",https://ieeexplore.ieee.org/abstract/document/11179691/,,0,"bidirectional, thermal network",10.23919/ccc64809.2025.11179691,Yinuo Zhong; Hui Ge; Jikun Sha; Caiyu Guo; Yang Song,7/28/2025,,http://xplorestaging.ieee.org/ielx8/11178279/11178246/11179691.pdf?arnumber=11179691,0
Engineering practical thermal evaluation method of wrap-around liquid-cooled motor,0,2025,"… motors, this paper establishes a multi physics bidirectional coupling calculation model of magnetic network and thermal network. In order to accurately describe this coupling effect, a …",https://journals.pan.pl/dlibra/show-content?id=134373,,0,"bidirectional, thermal network",10.24425/aee.2025.153909,Qiang Hou; Yuejun An; Ming Li; Hui An; Yanjun Lu; Ning Sun; Changlin Liu,3/17/2025,"To meet the increasingly rigorous operational demands in motor applications, enhancing the torque output capacity has become a crucial area of focus for advancing industry growth. Given the limitations imposed by thermal constraints on a motor's torque output, this paper presents a wrap-around liquid-cooled thermal management system as an efficient solution, using a 40 kW permanent magnet synchronous motor (PMSM) as a case study. Additionally, to enable fast and accurate temperature distribution analysis of each motor component during the design phase, a magneto-thermal coupling model is developed based on a three-dimensional thermal network. This model incorporates both electromagnetic loss, node temperature, and thermal parameters while also accounting for the temperature-dependent characteristics of materials and thermal properties. The finite element analysis method and mock-up experiments verify the accuracy of the thermal evaluation model and cooling efficiency of the wrap-around liquid-cooled motor. The proposal of the wrap-around liquid-cooled scheme further improves the thermal management efficiency of the motor, with a 44.5% increase compared to the indirect casing cooling scheme. The establishment of a coupled model not only improves the accuracy of analysis, but also significantly reduces the cycle of thermal evaluation, which has important guiding significance for the design and optimization of motors in engineering practice.",https://journals.pan.pl/Content/134373/PDF/10.pdf,0
Loss calculation and temperature prediction method for High-Speed amorphous alloy PMSM considering the coupling effect of Multi-Physical field factors,1,2025,… 3D lumped-parameter thermal network model to generate bidirectional iterative coupling … A steady-state temperature rise result from Maxwell-Fluent bidirectional magnetothermal …,https://www.sciencedirect.com/science/article/pii/S0304885324009806,,0,"bidirectional, thermal network",10.1016/j.jmmm.2024.172689,Xueping Xu; Tao Zhu; Zhenkai Zhao; Wei Liu,2025-2,,https://api.elsevier.com/content/article/PII:S0304885324009806?httpAccept=text/xml,1
Unlocking Dual-Mode Thermal Regulation and Electromagnetic Protection Strategy in Extreme Conditions via Bidirectional Janus Design,4,2025,… bidirectional Janus structure (ACuAg films) integrating synergistically dual mode passive/active radiation heating for adaptive personal thermal … and emission network were constructed (…,https://pubs.rsc.org/en/content/articlehtml/2025/ta/d5ta02716k,,0,"bidirectional, thermal network",10.1039/d5ta02716k,Fuhao Yu; Pengfei Jia; Bibo Wang; Lei Song; Yuan Hu,2025,"Thermal regulation plays a significant role in maintaining human physiological homeostasis, yet conventional thermal management systems face limitations due to their unidirectional operation and insufficient adaptability in extreme environments.",http://pubs.rsc.org/en/content/articlepdf/2025/TA/D5TA02716K,3
Multimodal temperature prediction for lithium-ion battery thermal runaway using multi-scale gated fusion and bidirectional cross-attention mechanisms,0,2025,"… Specifically, the model utilizes time-series two-dimensional (2D) thermal images and one-… Neural Network (CNN) is used to effectively encode the sample data, while a bidirectional …",https://www.sciencedirect.com/science/article/pii/S2352152X25008114,,0,"bidirectional, thermal network",10.1016/j.est.2025.116098,Xiaoyu Li; Chiton Gwan; Shen Zhao; Xiao Gao; Yanli Zhu,2025-4,,https://api.elsevier.com/content/article/PII:S2352152X25008114?httpAccept=text/xml,2
Deep learning-based prediction of thermal-hydraulic and exergy performance in a novel bidirectional wavy absorber solar air heater,0,2025,"… the thermal and exergy performance of a novel bidirectional … accelerated by a trained deep neural network (DNN) model of … and eco-friendly solar thermal systems, further driving global …",https://www.sciencedirect.com/science/article/pii/S0960148125018567,,0,"bidirectional, thermal network",10.1016/j.solener.2025.113954,Soumya Ghosh; Suvanjan Bhattacharyya; Biswajit Halder; Nirmalendu Biswas; Samrat Biswas,2025-11,,https://api.elsevier.com/content/article/PII:S0038092X25007170?httpAccept=text/xml,0
Bidirectional Dynamic Adaptation: Mutual Learning with Cross-Network Feature Rectification for Urban Segmentation,1,2025,"… Specifically, this study designs a modality-aware network (MANet) that uses DFIM to fuse RGB and thermal infrared features adaptively. This enhances intra-class semantic consistency …",https://www.mdpi.com/2076-3417/15/18/10000,,0,"bidirectional, thermal network",10.3390/app151810000,Jiawen Zhang; Ning Chen,9/12/2025,"Semantic segmentation of urban scenes from red–green–blue and thermal infrared imagery enables per-pixel categorization, delivering precise environmental understanding for autonomous driving and urban planning. However, existing methods suffer from inefficient fusion and insufficient boundary accuracy due to modal differences. To address these challenges, we propose a bidirectional dynamic adaptation framework with two complementary networks. The modality-aware network uses dual attention and multi-scale feature integration to balance modal contributions adaptively, improving intra-class semantic consistency and reducing modal disparities. The edge-texture guidance network applies pixel-level and feature-level weighting with Sobel and Gabor filters to enhance inter-class boundary discrimination, improving detail and boundary precision. Furthermore, the framework redefines multi-modal synergy using an adaptive cross-modal mutual learning mechanism. This mechanism employs information-driven dynamic alignment and probability-guided semantic consistency to overcome the fixed constraints of traditional mutual learning. This cohesive orchestration enhances multi-modal fusion efficiency and boundary delineation accuracy. Extensive experiments on the MFNet and PST900 datasets demonstrate the framework’s superior performance in urban road, vehicle, and pedestrian segmentation, surpassing state-of-the-art approaches.",https://www.mdpi.com/2076-3417/15/18/10000/pdf,0
Cracking analysis of combustor liners using a bidirectional fluid-structure-thermal coupled model,1,2025,Combustor cracking in aeroengines and gas turbines poses significant challenges when ensuring engine reliability. This study explores the cracking mechanisms in a can-annular …,https://www.sciencedirect.com/science/article/pii/S127096382500820X,,0,"bidirectional, thermal grid",10.1016/j.engfracmech.2025.111101,Yue Zhang; Licheng Wang,2025-5,,https://api.elsevier.com/content/article/PII:S0013794425003029?httpAccept=text/xml,10
Insights into lithium plating characteristics enable plating-free heating strategy for bidirectional pulse utilizing a refined physics-based model,4,2025,"… Bidirectional pulse heating, known … thermal runaway. Here, we introduce a refined physics-based model to explore, for the first time, the lithium plating behavior during the bidirectional …",https://www.sciencedirect.com/science/article/pii/S0017931024012687,,0,"bidirectional, thermal grid",10.1016/j.ijheatmasstransfer.2024.126440,Weizhuo Li; Zhiming Bao; Qingchen Gao; Jiaqi Wang; Qing Du; Kui Jiao,2025-3,,https://api.elsevier.com/content/article/PII:S0017931024012687?httpAccept=text/xml,3
Scenario-adaptive preheating path optimization for bidirectional pulses and lithium deposition prevention in high-SOC lithium-ion batteries,0,2025,… Bidirectional pulse heating has garnered interest among electric vehicle manufacturers due to its … This innovative strategy enhances the heating performance of bidirectional pulse and …,https://www.sciencedirect.com/science/article/pii/S0735193325011819,,0,"bidirectional, thermal grid",10.1016/j.icheatmasstransfer.2025.109755,Weizhuo Li; Dingjian Wang; Zhiming Bao,2025-12,,https://api.elsevier.com/content/article/PII:S0735193325011819?httpAccept=text/xml,0
Ultra-Fast Response Bidirectional SiC-SSCB for Fault Protection in 800V DC Aircraft Grids,0,2025,"… By structuring the power module in this way, the SSCB achieves efficient bidirectional current interruption while maintaining a compact and thermally optimized design. …",https://ieeexplore.ieee.org/abstract/document/11053569/,,0,"bidirectional, thermal grid",10.1109/powertech59965.2025.11180682,Herman Jiope; Michael Kurrat; Michael Terörde,6/29/2025,,http://xplorestaging.ieee.org/ielx8/11180108/11180185/11180682.pdf?arnumber=11180682,0
Enabling Grid Services with Bidirectional EV Chargers: A Comparative Analysis of CCS2 and CHAdeMO Response Dynamics,0,2025,"… of bidirectional charging systems (EVCS), focusing on response dynamics and controllability delays critical for grid … and deploying bidirectional EVCS in fast-response grid services. …",https://www.mdpi.com/2032-6653/16/11/636,,0,"bidirectional, thermal grid",10.20944/preprints202510.2162.v1,Kristoffer Laust Pedersen; Rasmus Meier Knudsen; Mattia Marinelli; Mattia Secchi; Kristian Sevdari,10/29/2025,"Bidirectional electric vehicle (EV) charging represents an opportunity to leverage EVs as flexible energy assets within the power system. By enabling controlled power flow in both directions, bidirectional charging unlocks a wide range of grid services, thereby enhancing grid stability as the energy sector decarbonizes. This paper presents a comprehensive experimental evaluation of bidirectional charging systems (EVCS), focusing on response dynamics and controllability delays critical for grid services. Tests were conducted with a real ISO 15118-20-enabled EV and an EV emulator across configurations, using the Watt &amp;amp; Well 20 kW bidirectional charging bay. The study compares CCS2 and CHAdeMO protocols under varying configuration conditions. Results show that modern chargers achieve sub-second responsiveness, with local communication delays typically below 0.4 seconds and ramping times around 0.5 s. However, power flow reversals introduce an additional delay of approximately 1 s. These updated controllability metrics are essential for validating bidirectional charging in time-critical applications such as primary frequency regulation. The findings highlight the influence of voltage level and modular configuration on dynamic performance, underscoring the need to integrate external control path delays for full-stack validation. This work provides a foundation for modeling and deploying bidirectional EVCS in fast-response grid services.",,0
Design and Implementation of a Bidirectional Fast Charging Station for Electric Vehicles using Grid-Tied Power Converters,0,2025,… Product thermal safety depends on continuous temperature monitoring because thermal runaway prevention is vital during high-power charging operations. Galvanic isolation protects …,https://ieeexplore.ieee.org/abstract/document/11140699/,,0,"bidirectional, thermal grid",10.1109/iccmc65190.2025.11140699,S. Sathish Kumar; P. Balamurugan; S.E. Murthy; S. Hariprasath; S. Senthil Kumar; Thiyagarajan Jayaraman,7/23/2025,,http://xplorestaging.ieee.org/ielx8/11139126/11139366/11140699.pdf?arnumber=11140699,0
Control and Implementation of a Solar‐Powered Off‐Board EV Charging System Using a Bidirectional Multilevel Converter for Power Quality Enhancement,0,2025,… commonly associated with bidirectional solar photovoltaic (PV)- grid- EV systems. To … using the thermal resistance and ambient conditions. This analysis helps identify thermally stressed …,https://onlinelibrary.wiley.com/doi/abs/10.1002/cta.70129,,0,"bidirectional, thermal grid",10.1002/cta.70129,Lingamaiah Malle; Arvind Mittal; Shailendra Kumar,8/29/2025,"ABSTRACTElectric vehicle (EV) charging infrastructure in India is witnessing rapid expansion. However, it predominantly supports unidirectional power flow, thereby restricting functionalities such as vehicle‐to‐grid (V2G) integration. This work addresses critical technical challenges including power quality enhancement, voltage stability, and coordinated energy management commonly associated with bidirectional solar photovoltaic (PV)‐grid‐EV systems. To mitigate these limitations, a five‐level bidirectional multilevel converter (FL‐BDMC) is proposed, facilitating optimized power exchange among SPV, utility grid, and EV. The proposed converter supports both G2V and V2G modes, allowing two‐way power flow, lowering voltage stress, and improving system efficiency. A cascaded PI‐PR (proportional‐integral and proportional‐resonant) control method is developed for precise regulation of DC‐link voltage and grid current. Comparative analysis with existing five‐level converter topologies reveals that the FL‐BDMC achieves a high efficiency of 98.46% and a total harmonic distortion (THD) of 2.3%. Furthermore, thermal performance and switching losses are analyzed using PLECS software to assess operational reliability. The proposed system is confirmed through MATLAB/Simulink and real‐time hardware‐in‐the‐loop (HIL) OPAL‐RT (OP4520) platform under varying irradiance and bidirectional charging conditions. The results confirm the converter's effectiveness for medium‐power EV charging applications with enhanced energy efficiency and renewable energy compatibility.",https://onlinelibrary.wiley.com/doi/pdf/10.1002/cta.70129,0
A Combined MPC and PI Control Strategy for Bidirectional Interleaved Totem Pole PFC Converters in Electric Vehicle G2V and V2G Applications,3,2025,"… This design also enhances thermal … Interleaved bidirectional PFC converters are particularly valuable in EV chargers due to their bidirectional power flow capability, supporting both Grid-…",https://www.e3s-conferences.org/articles/e3sconf/abs/2025/01/e3sconf_icegc2024_00050/e3sconf_icegc2024_00050.html,,0,"bidirectional, thermal grid",10.1051/e3sconf/202560100050,Abdellah Lassioui; Abdelaziz Kabba; Marouane El Ancary; Anwar Hasni; Yassine El Asri; Zakariae El Idrissi; Hassan El Fadil,2025,"This paper presents an optimized control strategy for a bidirectional interleaved totem pole Power Factor Correction (PFC) converter, employing a combination of Model Predictive Control (MPC) and a Proportional-Integral (PI) controller. The converter’s mathematical model is used to implement the MPC, which ensures a unit power factor during both Grid-to-Vehicle (G2V) and Vehicle-to-Grid (V2G) operations. Meanwhile, the PI controller regulates the DC-side voltage. It is worth noting that the MPC’s design eliminates the need for a comparator to generate the Pulse Width Modulation (PWM) signal, simplifying the control architecture. The proposed control technique’s effectiveness is validated through various simulation scenarios in both G2V and V2G power transfer modes, demonstrating satisfactory performance. This integrated approach provides a robust solution for efficient energy management and high-quality power conversion in bidirectional PFC converters.",https://www.e3s-conferences.org/10.1051/e3sconf/202560100050/pdf,3
Unit commitment with bidirectional ramping constraints of flexibility retrofit thermal power unit,0,2025,… of the proposed bidirectional ramping models on the IEEE 118-bus system and a real-world Ningxia Power Grid system. Results demonstrate that bidirectional ramping models more …,https://www.sciencedirect.com/science/article/pii/S0142061525002601,,0,"bidirectional, thermal grid",10.1016/j.ijepes.2025.110709,Jingxiao Jiang; Yanran Zhu; Ying Wang; Xiaorui Guo; Jianhu Lv; Jianxiang Qin; Xingyun Yan; Kaifeng Zhang,2025-7,,https://api.elsevier.com/content/article/PII:S0142061525002601?httpAccept=text/xml,0
Bidirectional Rapid‐Charging Architecture Using Single‐Ended Zeta (SEZE) Converter With Fuzzy Control for Grid‐Integrated Electric Vehicles,0,2025,"… As a result, the PID controller supports better grid compliance and reduces thermal stress on system components. Significantly, the introduction of a FLC further enhances the current …",https://onlinelibrary.wiley.com/doi/abs/10.1155/etep/7649923,,0,"bidirectional, thermal grid",10.1155/etep/7649923,Nuramalina Bohari; Geno Peter; Dishore Shunmugham Vanaja; Vivekananda Ganji,2025-1,"This paper addresses a novel single‐ended Zeta (SEZE) converter topology for bidirectional power flow in grids, enabling both vehicle‐to‐grid (V2G) and grid‐to‐vehicle (G2V) operations. The primary challenge tackled is the reduction of total harmonic distortion (THD) and improvement of power quality in grid‐connected charging systems. The SEZE topology distinguishes itself with a modular structure, fewer switching devices, and enhanced energy transfer efficiency, directly addressing conventional limitations related to size, complexity, and harmonic performance. The SEZE framework uses the fuzzy logic controller (FLC) for operating the converter in V2G and G2V modes. During the V2G operation, the FLC controller provides the lowest current THD of 3.51% whereas the PID and PI controllers provide a THD of 4.83% and 10.83%. Moreover, in the G2V mode, the FLC controller provides the lowest current THD of 3.02% whereas the PID and PI controllers provide a THD of 5.02% and 6.64%. From the results, it is identified that the FLC works better than the conventional PID and PI controllers. The proposed converter also shows an efficiency of 97.1% and grid compliance than existing charging architectures. The SEZE converter, with fuzzy control, greatly improves power quality and makes sure that power can be transferred efficiently from V2G and G2V.",https://onlinelibrary.wiley.com/doi/pdf/10.1155/etep/7649923,0
Grid-Connected Bidirectional Off-Board Electric Vehicle Fast-Charging System,0,2025,"… thermal management concerns [13]. Consequently, for the high-power levels necessary for effective grid … bidirectional operation, making it the cornerstone of practical implementation for …",https://www.mdpi.com/1996-1073/18/22/5913,,0,"bidirectional, thermal grid",10.3390/en18225913,Abdullah Haidar; John Macaulay; Zhongfu Zhou,11/10/2025,"The widespread adoption of electric vehicles (EVs) is contingent on high-power fast-charging infrastructure that can also provide grid stabilization services through bidirectional power flow. While the constituent power stages of such off-board chargers are well-known, a critical research gap exists in their system-level integration, where sub-optimal dynamic interaction between independently controlled stages often leads to DC-link instability and poor transient performance. This paper presents a rigorous, system-level study to address this gap by developing and optimizing a unified control framework for a high-power bidirectional EV fast-charging system. The system integrates a three-phase active front-end rectifier with an LCL filter and a four-phase interleaved bidirectional DC/DC converter. The methodology involves a holistic dynamic modeling of the coupled system, the design of a hierarchical control strategy augmented with a battery current feedforward scheme, and the system-wide optimization of all Proportional–Integral (PI) controller gains using the Artificial Bee Colony (ABC) algorithm. Comprehensive simulation results demonstrate that the proposed optimized control framework achieves a critically damped response, significantly outperforming a conventionally tuned baseline. Specifically, it reduces the DC-link voltage settling time during charging-to-discharging transitions by 74% (from 920 ms to 238 ms) and eliminates voltage undershoot, while maintaining excellent steady-state performance with grid current total harmonic distortion below 1.2%. The study concludes that system-wide metaheuristic optimization, rather than isolated component-level design, is key to unlocking the robust, high-performance operation required for next-generation EV fast-charging infrastructure, providing a validated blueprint for future industrial development.",https://www.mdpi.com/1996-1073/18/22/5913/pdf,0
Performance Study of High Power IGBT Thermal Management System Based on Bidirectional Gradual Honeycomb Structure,0,2025,"… thermal management system demonstrated in this paper can significantly reduce the maximum temperature, and alleviate the thermal … The final grid cell size is 1.5 mm as shown in …",https://ieeexplore.ieee.org/abstract/document/11155408/,,0,"bidirectional, thermal grid",10.1109/icesep66633.2025.11155408,Hu Chen; Weiyi Wang,6/20/2025,,http://xplorestaging.ieee.org/ielx8/11155222/11155228/11155408.pdf?arnumber=11155408,0
Feasibility of district heating in a mild climate: A comparison of warm and cold temperature networks in Bilbao,2,2025,… -effective heating and cooling solution for urban areas requires investigation. This research models and compares cold and warm district energy systems with other heating and cooling …,https://www.sciencedirect.com/science/article/pii/S0306261924017677,,0,"low temperature, district heating and cooling",10.1016/j.apenergy.2024.124384,Luis Sánchez-García; Helge Averfalk; Nekane Hermoso-Martínez; Patxi Hernández-Iñarra; Erik Möllerström; Urban Persson,2025-1,,https://api.elsevier.com/content/article/PII:S0306261924017677?httpAccept=text/xml,1
An integrated design model for ambient temperature district heating and cooling networks,0,2025,"… for dimensioning low temperature grids of uninsulated pipes providing heating and cooling. Based on topological information about the grid, soil properties, and heating and cooling …",https://www.tandfonline.com/doi/abs/10.1080/23744731.2025.2523198,,0,"low temperature, district heating and cooling",10.1080/23744731.2025.2523198,Søren Erbs Poulsen; Karl Tordrup,7/9/2025,,https://www.tandfonline.com/doi/pdf/10.1080/23744731.2025.2523198,0
Enhancing District Heating System Efficiency: A Review of Return Temperature Reduction Strategies,5,2025,"… return temperature reduction strategies in district heating systems… of district heating networks, enhancing energy efficiency and … transition to low-temperature district heating schemes and …",https://www.mdpi.com/2076-3417/15/6/2982,,0,"low temperature, district heating and cooling",10.3390/app15062982,Hakan İbrahim Tol; Habtamu Bayera Madessa,3/10/2025,"This review paper provides a comprehensive examination of current strategies and technical considerations for reducing return temperatures in district heating (DH) systems, aiming to enhance the utilization of available thermal energy. Return temperature, a parameter indirectly influenced by various system-level factors, cannot be adjusted directly but requires careful management throughout the design, commissioning, operation, and control phases. This paper explores several key factors affecting return temperature, including DH network, heat storage, and control strategies as well as the return temperature effect on the heat source. This paper also considers the influence of non-technical aspects, such as pricing strategies and maintenance practices, on system performance. The discussion extends to the complex interplay between low return temperatures and temperature differences, and between operational temperature schemes and economic considerations. Concluding remarks emphasize the importance of adopting a holistic approach that integrates technical, operational, and economic factors to improve DH system efficiency. This review highlights the need for comprehensive system-level optimization, effective management of system components, and consideration of unique heat production characteristics. By addressing these aspects, this study provides a framework for advancing DH system performance through optimized return temperature management.",https://www.mdpi.com/2076-3417/15/6/2982/pdf,3
Identification of District Heating and Cooling System Archetypes: a Novel Approach Applied to a Case Study in Switzerland,0,2025,… District Heating and Cooling (DHC) systems are central to the decarbonisation of thermal energy supply. For efficient development and assessment of decarbonisation strategies …,https://www.sciencedirect.com/science/article/pii/S0360544225028014,,0,"low temperature, district heating and cooling",10.1016/j.energy.2025.137159,Luca Brauchli; Núria Duran Adroher; Willy Villasmil; Markus Auer; Edward Lucas; Philipp Schuetz; Jörg Worlitschek,2025-10,,https://api.elsevier.com/content/article/PII:S0360544225028014?httpAccept=text/xml,0
District cooling optimal operation to decarbonize urban cold energy supply,1,2025,"… District Energy Systems have seen growing attention for heat supply while, for meeting the cooling … Given that, the deployment of district cooling systems has still many barriers, requires …",https://www.sciencedirect.com/science/article/pii/S0196890425005436,,0,"low temperature, district heating and cooling",10.1016/j.enconman.2025.120019,Stefano Mazzoni; Benedetto Nastasi,2025-10,,https://api.elsevier.com/content/article/PII:S0196890425005436?httpAccept=text/xml,1
Pragmatic design solution to decarbonize building industry through a low temperature district network,1,2025,… 1 was followed to study the low temperature network. This section describes the design and operation of the low temperature district heating and cooling network installed to serve the …,https://www.sciencedirect.com/science/article/pii/S0378778825006930,,0,"low temperature, district heating and cooling",10.1016/j.enbuild.2025.115963,Nischal Chaulagain; Erik Everbring; Ulla Janson; Dennis Johansson,2025-10,,https://api.elsevier.com/content/article/PII:S0378778825006930?httpAccept=text/xml,0
Business and pricing models for district heating and cooling: A review,0,2025,"… tied to specific contexts of district heating, there is the need for … and pricing models for district heating and cooling. In this work… flexible energy consumption in district heating and cooling, …",https://www.sciencedirect.com/science/article/pii/S2352484725004330,,0,"low temperature, district heating and cooling",10.1016/j.egyr.2025.06.049,Fabio Lilliu; Marco Calderoni; Diego Reforgiato Recupero,2025-12,,https://api.elsevier.com/content/article/PII:S2352484725004330?httpAccept=text/xml,0
"… low-temperature district heating with decentralized substations in Korean apartment buildings: Analysis of heat loss, energy efficiency, and return temperature …",4,2025,This study investigates the feasibility and potential benefits of implementing low-temperature district heating (LTDH) with decentralized substations (DS) in Korean apartment buildings. …,https://www.sciencedirect.com/science/article/pii/S135943112403031X,,0,"low temperature, district thermal",10.1016/j.applthermaleng.2024.125363,Sung Woo Ryu; Kwang Ho Lee,2025-3,,https://api.elsevier.com/content/article/PII:S135943112403031X?httpAccept=text/xml,6
Evaluation of thermal performance and efficiency enhancement potential of low-temperature operation strategies in solar district heating systems,4,2025,"… In the context of solar district heating systems, adopting low-temperature operation is … low-temperature operation strategies, including reductions in supply and return temperatures, …",https://www.sciencedirect.com/science/article/pii/S135943112500571X,,0,"low temperature, district thermal",10.1016/j.applthermaleng.2025.125980,Ruichao Zhang; Dengjia Wang; Zhelong Mo; Qingtai Jiao; Xia Liu; Meng Gao; Jianhua Fan,2025-6,,https://api.elsevier.com/content/article/PII:S135943112500571X?httpAccept=text/xml,4
District heating system assisted by thermochemical sorption heat storage,1,2025,… low … district heating. The integrated heating system based on thermochemical resorption heat storage regulation is initially proposed in this work. The mathematical model of the district …,https://www.sciencedirect.com/science/article/pii/S2666123325000662,,0,"low temperature, district thermal",10.1016/j.enbenv.2025.08.002,Yongxiang Zhu; Kun Song; Jiake Wu; Yuxuan Zhang; Wenyun Zhang; Kamon Thinsurat; Long Jiang,2025-8,,https://api.elsevier.com/content/article/PII:S2666123325000662?httpAccept=text/xml,0
"Effects of thermal histories on human thermal adaptation to district heating environments: A cross-sectional investigation in the severe cold zone, China",1,2025,"… indoor environments, their thermal neutral temperature rises, and … thermal history require up to 1 year to adapt to district … The thermal neutral temperature of the un-adapted subjects was …",https://www.sciencedirect.com/science/article/pii/S0360132324011776,,0,"low temperature, district thermal",10.1016/j.buildenv.2024.112335,Yuxin Yang; Zhaojun Wang; Fanzhuo Zhou; Juan Yu; Chang Liu,2025-1,,https://api.elsevier.com/content/article/PII:S0360132324011776?httpAccept=text/xml,1
Techno-economic performance and optimization of a large solar district heating system with pit storage under Tibetan Plateau climate conditions,24,2025,"… However, solar energy has a significant mismatch with energy demand, for which a pit for seasonal thermal storage is utilized by the large solar district heating system proposed in this …",https://www.sciencedirect.com/science/article/pii/S036054422500091X,,0,"low temperature, district thermal",10.1016/j.energy.2025.134449,Qinglu Zeng; Luyao Li; Xie Chen; Zhiyong Tian; Hongzhi Mao; Yongqiang Luo; Chaohui Zhou; Jianhua Fan,2025-1,,https://api.elsevier.com/content/article/PII:S036054422500091X?httpAccept=text/xml,22
A techno-economic assessment framework for district-scale thermal source networks serving existing buildings,1,2025,"… Temperature (SHWT) at the building level, including their costs and potential to achieve lower … heat electrification scenarios, including centralised district heating with Ground-Source …",https://www.sciencedirect.com/science/article/pii/S0378778825004670,,0,"low temperature, district thermal",10.1016/j.enbuild.2025.115737,Alireza Etemad; Alessandro Maccarini; Donal Finn; Alireza Afshari; Divyanshu Sood; James O’Donnell,2025-7,,https://api.elsevier.com/content/article/PII:S0378778825004670?httpAccept=text/xml,2
Design of solar district heating system with seasonal thermal energy storage in northern China and its economic analysis,2,2025,"… The monthly heating load demonstrates an inverse correlation with the average temperature, where lower temperatures coincide with higher heating demands. As heating commences, …",https://asmedigitalcollection.asme.org/thermalscienceapplication/article/17/12/121001/1219890,,0,"low temperature, district thermal",10.1115/1.4069284,Bo Huang; Mingfei He; Bo Song,9/1/2025,"Abstract
               District heating is particularly significant in China, accounting for approximately one-third of the total building heat consumption. Utilizing clean, renewable energy for heating is a critical strategy to transform the national energy landscape, with district solar heating playing a pivotal role. This study presents a design methodology for a solar seasonal heating system, exemplified by a project from a heating company in Xi'an. The system includes a solar flat-plate collector field area of 12,400 m2 and a seasonal thermal storage volume of 52,125 m3, achieving a solar fraction of 36.32% and an annual heat supply of 48,378 GJ. Furthermore, the economic feasibility is assessed using cash flow analysis, revealing a net present value rate of 5.37% and a static investment payback period of 13.0 years. Sensitivity analysis identifies the heating price as the most significant factor affecting the project's feasibility, followed by construction investment and heating costs. The study proposes optimizing economic returns by increasing the heating price by 8.63%, reducing construction investment by 15.62%, or adopting a design with a 29.10% solar fraction. The study emphasizes economic and environmental benefits, recommending tailored economic targets, especially in regions with abundant solar resources or policy subsidy support.",https://asmedigitalcollection.asme.org/thermalscienceapplication/article-pdf/17/12/121001/7524243/tsea-25-1295.pdf,1
Decarbonization of district heating: A systematic review of carbon footprint and key mitigation strategies,14,2025,"… lowest emissions, ranging from −0.001 to 0.0909 kg CO 2 e/MJ of heat, with waste heat and geothermal at the lower end and solar thermal … Low temperature district heating (4GDH and …",https://www.sciencedirect.com/science/article/pii/S1364032125002758,,0,"low temperature, district thermal",10.1016/j.rser.2025.115602,Xenia Malcher; Francis Catherine Tenorio-Rodriguez; Matthias Finkbeiner; Miguel Gonzalez-Salazar,2025-6,,https://api.elsevier.com/content/article/PII:S1364032125002758?httpAccept=text/xml,10
Integration of pit thermal energy storages into district heating networks–a techno-economic case study,4,2025,"… charged with thermal generation units such as solar thermal, the … To address this, the present study used the district heating … Also, reducing the PTES charging temperature from 90 C to …",https://www.sciencedirect.com/science/article/pii/S1359431125023622,,0,"low temperature, district thermal",10.1016/j.applthermaleng.2025.127770,Ioannis Sifnaios; Jianhua Fan; Adam R. Jensen,2025-11,,https://api.elsevier.com/content/article/PII:S1359431125023622?httpAccept=text/xml,3
Numerical analysis of spectrally selective photovoltaic-thermal collectors coupled with pit thermal energy storage in solar district heating systems,6,2025,… a solar district heating system that combines a PVT collector field with a large pit thermal … that exhibit less radiative loss due to lower emissivity. Simulation results indicate that the solar …,https://www.sciencedirect.com/science/article/pii/S1359431124029077,,0,"low temperature, district thermal",10.1016/j.applthermaleng.2024.125239,Junjie Chen; Ken Chen; Bin Zhao; Jie Yu; Maobin Hu; Gang Pei,2025-3,,https://api.elsevier.com/content/article/PII:S1359431124029077?httpAccept=text/xml,6
Configuration optimization of a novel multi-energy coupled low temperature district heating system based on distributed absorption and compression heat …,4,2025,"… low-temperature hydro-geothermal heat for district heating contributes to reducing carbon emission, but low … a novel multi-energy coupled low-temperature district heating system based …",https://www.sciencedirect.com/science/article/pii/S0360544225026398,,0,"low temperature, district energy",10.2139/ssrn.5120266,Fangtian Sun; Zhicheng Wang; Wanqing Xu; Baogeng Chen,2025,,,0
Dynamic temperature supply to boost the integration of renewable energy into existing district heating networks,2,2025,"… In this study, the implementation of a dynamic temperature … of renewable energy and the transition to low temperature … and deliver hot water at lower temperature level than those of the …",https://www.sciencedirect.com/science/article/pii/S0960148125019792,,0,"low temperature, district energy",10.1016/j.energy.2025.136781,Juhani Kotilainen; Jarmo Hellstedt; Henrik Tolvanen,2025-8,,https://api.elsevier.com/content/article/PII:S0360544225024235?httpAccept=text/xml,1
Designing Energy-Resilient Communities: A School-Centric Approach to Positive Energy Districts with Integrated Storage System,0,2025,"… —hold untapped potential to enhance energy resilience through demand flexibility and solar … -centered energy systems, integrating battery storage and surplus energy management to …",https://www.sciencedirect.com/science/article/pii/S0960148125014478,,0,"low temperature, district energy",10.1016/j.renene.2025.123785,Le Ding; Zhonghua Gou,2025-12,,https://api.elsevier.com/content/article/PII:S0960148125014478?httpAccept=text/xml,0
Stochastic optimization of photovoltaic-integrated data centers with hybrid cooling and waste heat recovery for district energy supply,0,2025,"A novel photovoltaic-integrated data center system combining hybrid free-mechanical cooling and waste heat recovery for district energy supply is proposed, addressing the multi-…",https://www.sciencedirect.com/science/article/pii/S0960148125019123,,0,"low temperature, district energy",10.1016/j.energy.2025.135838,Feng Zhou; Xuwen Tian; Yu Song; Guoyuan Ma,2025-5,,https://api.elsevier.com/content/article/PII:S036054422501480X?httpAccept=text/xml,9
Energy dialogue between district heating networks,0,2025,"This study evaluates the RA project, an innovative district heating system in Udine, Italy, which harnesses waste heat from a steelmaker, in alignment with the European Road Map 2050…",https://www.sciencedirect.com/science/article/pii/S0959652625017287,,0,"low temperature, district energy",10.1016/j.jclepro.2025.146378,Beatrice Marchi; Gioacchino Nardin; Anna Barazzutti; Gellio Ciotti; Simone Zanoni; Lucio E. Zavanella,2025-9,,https://api.elsevier.com/content/article/PII:S0959652625017287?httpAccept=text/xml,0
New low-temperature heat sources to develop competitive low-carbon district heating systems in Finland,0,2025,"… emissions, but it also increased energy efficiency due to the use of a lower temperature for the supply side [28]. The 3rd generation of DHSs is still in use in many countries around the …",https://aaltodoc.aalto.fi/items/63fe34fe-ce70-4c3d-84b9-b32f95c0b06c,,0,"low temperature, district energy",10.2139/ssrn.5218012,Josip Miškić; Tomislav Pukšec,2025,,,0
Tracking decarbonisation: Scalable and interpretable data-driven methods for district energy systems,2,2025,"… energy consumption patterns at both building and district … a modelling workflow to track energy performance on a dynamic … for electricity, district heating, and natural gas across a district, …",https://www.sciencedirect.com/science/article/pii/S0306261925006130,,0,"low temperature, district energy",10.1016/j.apenergy.2025.125883,Massimiliano Manfren; Karla M. Gonzalez-Carreon,2025-8,,https://api.elsevier.com/content/article/PII:S0306261925006130?httpAccept=text/xml,2
"Optimizing the integration of power-to-heat technologies in district energy infrastructures in Turku, Finland, using an MILP formulation",0,2025,"… decarbonize district thermal energy … district thermal energy networks in the city of Turku, Finland. Large heat pumps capable of producing district heating and cooling, high-temperature …",https://www.sciencedirect.com/science/article/pii/S2352484725006006,,0,"low temperature, district energy",10.1016/j.egyr.2025.10.031,Kim Högnabba; Frank Pettersson; Ron Zevenhoven,2025-12,,https://api.elsevier.com/content/article/PII:S2352484725006006?httpAccept=text/xml,0
Experimental study on the performance of quasi-two-stage compression heat pump with R32/R1270 for district heating in cold regions,0,2025,"… The promotion of heat pump heating technology is one of the important means to … heat pump (QCHP) test device, and its potential to replace R410A in the QCHP for producing heating …",https://www.sciencedirect.com/science/article/pii/S1359431125034258,,0,"low temperature, district heat pump",10.2298/tsci250818213j,Fujun Ju; Haoran Wang; Xiaowei Fan; Qinglei Liu; Xurong Wang; Chengjie Xiao; Weihang Wu; Yang Liu,2025,"The effect of refrigerant charge on the system performance of quasi-two-stage compression heat pump (QCHP) with replacement refrigerant of R32/R1270 (15/85 wt%) (B for short) for district heating was studied under nominal conditions based on the self-designed QCHP test system and the feasibility of replacing R22 with B was discussed under variable evaporation temperature conditions. The results indicated that the refrigerant charge showed distinct impact on the COPh, heating capacity and discharge temperature of the system using B. The system with B at the optimal charge of 1.2 kg (Bopt for short) achieved the maximum heating capacity of 7.455 kW and the maximum COPh of 3.35 at nominal conditions. The COPh and heating capacity of both systems with Bopt and R22 had similar trends with the change in evaporating temperature, while their discharge temperatures showed different changes from the heating capacity. Compared to those of R22 system, Bopt system showed improvement in COPh and heating capacity of 9.73%~17.54% and 50.84%~53.40% respectively in the evaporating temperature of -15~-5 ?, with the distinctly lower discharge temperature. Thus, Bopt has remarkable replacement advantages in the QCHP. The lower discharge temperature highlights the outstanding benefits of Bopt system in the reliable heating at lower ambient temperature and longer service life. This study provides reliable reference data for refrigerant replacement in heat pumps and low-carbon heating.",,0
Evaluating low-temperature heat sources for large-scale heat pump integration: A method using open-source data and indicators,5,2025,"… heat sourcescan be utilized through large-scale heat pumps and other conversion techniques to supply district heating … Therefore, all local municipal heat sources need to be assessed …",https://www.sciencedirect.com/science/article/pii/S0306261924018701,,0,"low temperature, district heat pump",10.1016/j.apenergy.2024.124487,Nicolas Fuchs; Guillermo Yanez; Bertrand Nkongdem; Jessica Thomsen,2025-1,,https://api.elsevier.com/content/article/PII:S0306261924018701?httpAccept=text/xml,3
Modeling hybrid energy systems integrating heat pumps and district heating: A systematic review,7,2025,"… and cost-efficiency challenges of the conventional central District Heating (DH) systems, there is a shift towards hybrid solutions. The demand for small-scale Heat Pumps (HPs), integral …",https://www.sciencedirect.com/science/article/pii/S0378778824013690,,0,"low temperature, district heat pump",10.1016/j.enbuild.2024.115253,Ali Soleimani; Paul Davidsson; Reza Malekian; Romina Spalazzese,2025-2,,https://api.elsevier.com/content/article/PII:S0378778824013690?httpAccept=text/xml,9
"Positive energy districts in Sweden: The impact from heat Pumps, photovoltaic Systems, and energy recovery from district heating return pipe",6,2025,"The present study addresses the implications of positive energy district metrics, comparing heat pump and district heating solutions combined with PV systems. A methodology was …",https://www.sciencedirect.com/science/article/pii/S0378778825002014,,0,"low temperature, district heat pump",10.1016/j.enbuild.2025.115471,Vartan Ahrens Kayayan; Diogo Cabral; Karin Israelsson; Mattias Gustafsson,2025-5,,https://api.elsevier.com/content/article/PII:S0378778825002014?httpAccept=text/xml,3
Separate thermal network (STN): Rapid temperature field prediction network for electronic devices with multiple physical variables in thermal management,0,2025,"… , temperature contour maps and their temperature extrema are generated by separate sub-networks in the Separated Thermal Network … for chip temperatures and 90.4 % for temperature …",https://www.sciencedirect.com/science/article/pii/S0735193325011406,,0,"low temperature, thermal network",10.1016/j.icheatmasstransfer.2025.109714,Shu Yang; Shaoqi Zhang; Lanzhi Liang; Yingxi Xie; Longsheng Lu,2025-12,,https://api.elsevier.com/content/article/PII:S0735193325011406?httpAccept=text/xml,0
Self-adaptive physics-informed neural networks (SA-PINN) coupled with thermal network model (TNM) for cross-scale temperature field modeling of wet …,3,2025,"… In particular, accurately modeling the temperature … network (SA-PINN) with a thermal network model (TNM). At the microscale, the SA-PINN accurately solves the transient temperature …",https://www.sciencedirect.com/science/article/pii/S0301679X25007030,,0,"low temperature, thermal network",10.2139/ssrn.5354206,Amèvi TONGNE,2025,,,0
Component temperature analysis in power modules: Coupling with power loss evaluation and thermal network models considering thermal diffusion effects,4,2025,"… a novel temperature analysis approach that integrates power loss assessment and thermal network modeling, with the consideration of thermal … a thermal network model for temperature …",https://www.sciencedirect.com/science/article/pii/S0735193324011175,,0,"low temperature, thermal network",10.1016/j.icheatmasstransfer.2024.108355,Guangsheng Wu; Yinmo Xie; Bing Liu; Yingze Meng; Peihui Jiang; Xiaoyue Zhang; Jianyu Tan; Junming Zhao,2025-1,,https://api.elsevier.com/content/article/PII:S0735193324011175?httpAccept=text/xml,3
In-Situ Parameter Identification Method for Thermal Network Models of Power Modules,2,2025,… temperatures estimated by the preset thermal network model. This paper proposes a thermal network model for longterm junction temperature … conditions and thermal coupling between …,https://ieeexplore.ieee.org/abstract/document/10963690/,,0,"low temperature, thermal network",10.1109/tpel.2025.3560030,Chao Zhang; Bochao Du; Ke Qiao; Shumei Cui,2025-9,,http://xplorestaging.ieee.org/ielx8/63/11051075/10963690.pdf?arnumber=10963690,2
Thermal error modeling method for direct drive feed system based on dynamic thermal network,6,2025,"… traditional thermal error models inapplicable. This study presents a dynamic thermal network … Firstly, the temperature field of the linear motor is established, which comprehensively …",https://www.sciencedirect.com/science/article/pii/S1359431125005836,,0,"low temperature, thermal network",10.1016/j.applthermaleng.2025.125992,Nong Li; Sitong Xiang; Hainan Zhang; Jianguo Yang,2025-6,,https://api.elsevier.com/content/article/PII:S1359431125005836?httpAccept=text/xml,6
Bioinspired nacre-layered ANF/B-BNNS composite films with GN-bridged 3D thermal networks via scalable sol-gel fabrication,1,2025,"… A simple and environmentally friendly low-temperature synthesis system was employed to … ,” together forming a three-dimensional thermal conductive network with a nacre-like structure. …",https://www.sciencedirect.com/science/article/pii/S0925838825040903,,0,"low temperature, thermal network",10.1016/j.jallcom.2025.182529,Jing Zhang; Chang Lu; Jianxin He,2025-8,,https://api.elsevier.com/content/article/PII:S0925838825040903?httpAccept=text/xml,1
Cryogenic Lumped-Parameter Thermal Network for Superconducting Electrical Machine Design,2,2025,"… thermal analysis remains largely unaddressed. In particular, there is no consensus on the feasible operating temperature … -parameter thermal network (LPTN) to quantify the temperature …",https://ieeexplore.ieee.org/abstract/document/10949669/,,0,"low temperature, thermal network",10.36227/techrxiv.172684118.85656035/v2,Casper Klop; Runar Mellerud; Christian Hartmann; Jonas Noeland,4/9/2025,,,0
Fault location method of wind turbine transmission chain system based on lumped parameter thermal network model,1,2025,"… The heat generation power and thermal resistance of transmission chain system are calculated, and the solution formula of transient thermodynamic equation of node temperature is …",https://www.sciencedirect.com/science/article/pii/S014206152400663X,,0,"low temperature, thermal network",10.1016/j.ijepes.2024.110439,Shiyu Lin; Hongshan Zhao; Chengyan Sun; Weixin Yang; Xibei Li,2025-3,,https://api.elsevier.com/content/article/PII:S014206152400663X?httpAccept=text/xml,0
Junction Temperature Prediction for Multi-chip IGBT Modules Based on an Improved 3D Thermal Network Model and Experimental Results,3,2025,… modules significantly complicate accurate junction temperature prediction. To address this … (3D) thermal network model. The model employs the finite element method to extract thermal …,https://www.sciencedirect.com/science/article/pii/S2590123025021449,,0,"low temperature, thermal network",10.1016/j.rineng.2025.106072,Chendong Guo; Yuxuan Zhu; Liang Tong,2025-9,,https://api.elsevier.com/content/article/PII:S2590123025021449?httpAccept=text/xml,2
High-efficiency extraction method for thermal network model of advanced electronic packages,2,2025,"… developed the creation procedure of the thermal network models for mono-chip … thermal network model. In particular, Lasance [13] studied the extraction procedure of thermal network …",https://ieeexplore.ieee.org/abstract/document/10908880/,,0,"low temperature, thermal network",10.1109/tcpmt.2025.3547229,Ian Hu; Yu-Chih Kuo; Tian-Shiang Yang,2025-4,,http://xplorestaging.ieee.org/ielx8/5503870/10964034/10908880.pdf?arnumber=10908880,1
Fast Correction Method for Thermal Network Models of Multi‐Chip Parallel Power Modules,0,2025,"… However, the conventional thermal network model exhibits a large computational error … to the thermal network model. First, materials of each layer in the thermal network model are …",https://ietresearch.onlinelibrary.wiley.com/doi/abs/10.1049/pel2.70035,,0,"low temperature, thermal network",10.1049/pel2.70035,Qian Luo; Yi Li; Bin Zhao; Peng Sun; Zhibin Zhao; Yumeng Cai; Xuebao Li,2025-1,"ABSTRACT
                  To precisely obtain the chip junction temperature in multi‐chip, parallel power modules, a thermal network model that incorporates transverse thermal diffusion and thermal coupling is to be established. The conventional thermal network model, built using the thermal diffusion angle, offers the advantages of simplicity and high computational speed. However, the conventional thermal network model exhibits a large computational error when the effective convective heat transfer area cannot be equivalent to a complete circle, necessitating enhancements to the thermal network model. First, materials of each layer in the thermal network model are theoretically modeled in this paper, followed by an analysis of the root causes of errors in the conventional model. Second, a fast correction method is introduced for the equivalent thermal network model of the power module. The method rectifies the thermal network model of a chip whose effective convective heat transfer area exceeds the edge of the heat sink substrate by substituting it with the corresponding value from the thermal network model of an adjacent chip. The calculation accuracy of the thermal network model is significantly improved postcorrection. Finally, a buck experimental platform has been constructed, and the effectiveness of the proposed correction method has been validated experimentally.",https://ietresearch.onlinelibrary.wiley.com/doi/pdf/10.1049/pel2.70035,0
A Novel Thermal Network Model and Electro-Thermal Coupling Study for NSFETs and CFETs Considering Thermal Crosstalk,0,2025,"… thermal characteristics of logic gates, etc. In this work, a thermal network model considering the thermal … accurately calculate the self-heating and thermal crosstalk. The electrical and …",https://arxiv.org/abs/2506.12264,,0,"low temperature, thermal network",10.1016/j.micrna.2025.208322,Tianci Miao; Qihang Zheng; Yangyang Hu; Xiaoyu Cheng; Jie Liang; Liang Chen; Aiying Guo; Jingjing Liu; Kailin Ren; Jianhua Zhang,2025-12,,https://api.elsevier.com/content/article/PII:S2773012325002511?httpAccept=text/xml,0
Pressure and thermal network modeling of undirected disc-type windings in ON transformers,0,2025,… and thermal network model is established to solve the hot-spot temperature iteratively. … to verify the accuracy of the pressure and thermal network model. The maximum relative error of …,https://www.sciencedirect.com/science/article/pii/S0378779625003979,,0,"low temperature, thermal network",10.1016/j.epsr.2025.111806,Xiang Su; Hua Li; Yudong Jiang; Fuchang Lin,2025-10,,https://api.elsevier.com/content/article/PII:S0378779625003979?httpAccept=text/xml,1
High-Precision GaN-Based SenseFET Design Based on a Lumped Parameter Electro-Thermal Network Model,0,2025,… THERMAL MODEL A lumped parameter thermal network (LPTN) method is used for the thermal … The thermal network model is developed and simulated using Matlab/Simulink. …,https://ieeexplore.ieee.org/abstract/document/10974612/,,0,"low temperature, thermal network",10.1109/jeds.2025.3563644,Xiaotian Tang; Qimeng Jiang; Sen Huang; Xinhua Wang; Xinyu Liu,2025,,http://xplorestaging.ieee.org/ielx8/6245494/10834603/10974612.pdf?arnumber=10974612,0
Fault prediction of wind turbine transmission chain system based on lumped parameter thermal network model and dual-scale adaptive threshold,2,2025,"… thermal network (LPTN) model [28]-[30]. However, most of the current research work only stays in component-level thermal … This method can effectively reflect the thermal distribution of …",https://ieeexplore.ieee.org/abstract/document/10904848/,,0,"low temperature, thermal network",10.1109/tim.2025.3545876,Shiyu Lin; Hongshan Zhao; Weixin Yang; Xibei Li; Chengyan Sun,2025,,http://xplorestaging.ieee.org/ielx8/19/10764799/10904848.pdf?arnumber=10904848,2
"The Hybrid Pathway to Flexible Power Turbines: Part IV, Automated Construction of Mesh Derived Thermal Network Models for Fast Full-Machine Thermal Analysis",3,2025,… At the core of the methodology sits a conjugate thermal network model and is the focus of this paper. A new software automatically derives the network by adapting a high fidelity mesh …,https://asmedigitalcollection.asme.org/gasturbinespower/article-abstract/147/10/101006/1212907,,0,"low temperature, thermal network",10.1115/1.4067992,Mark Baker; Budimir Rosic,3/18/2025,"Abstract
               The global drive toward renewable energy is imposing challenging operating requirements on power turbines. Flexible load-leveling applications must accept more frequent and demanding start-stop cycles. Full transient analyses are too computationally expensive for real-time simulation across all operating regimes so monitoring relies on sparse physical measurements. Alone, these sparse data lack the fidelity for real-time prediction of a complex thermal field. A new hybrid methodology is proposed, coupling data across a range of fidelities to bridge the limitations in the individual analyses. Combining several fidelity methods in parallel: low-order models, corrected by real-time physical measurements, are calibrated with high-fidelity simulations. The multifaceted hybrid approach enables the real-time speed of low-order analysis at high resolution. This paper series develops the critical enabling features of the hybrid method. Fast three-dimensional thermal simulation is fundamental to the methodology. Low-order network models enable the real-time thermal calculation of regions inaccessible to monitoring and facilitate clearance and stress simulation necessary for flexible turbine operation. A novel automated construction method is presented, allowing complex full turbine thermal networks to be built with ease. Developed in Tensorflow, the thermal networks directly support graphics processing unit acceleration and neural network integration for seamless data transfer within the hybrid system. Capturing flow and material physics from high fidelity data, the hybrid network method demonstrates comparable accuracy at greatly reduced computational cost. The method is validated using real-machine data capturing a period of flexible transient operation.",https://asmedigitalcollection.asme.org/gasturbinespower/article-pdf/147/10/101006/7447898/gtp_147_10_101006.pdf,1
Transient thermal network model for rapid multi-objective optimization of plate-fin latent heat thermal energy storage unit,3,2025,"… In this work, we propose a three-dimensional transient thermal network model (TNM) that simplifies the complex transient heat transfer equations into a system of linear equations. TNM …",https://www.sciencedirect.com/science/article/pii/S2352152X25008096,,0,"low temperature, thermal network",10.1016/j.est.2025.116096,Jiawei Li; Qiao Xu; Xianglei Liu; Yan Wang; Xianlin Wu; Ling Chen; Yu Jin; Fankong Meng,2025-4,,https://api.elsevier.com/content/article/PII:S2352152X25008096?httpAccept=text/xml,2
"Nanocellulose-mediated"" point-plane"" hetero-structured fillers enhance thermal conductivity in poly (vinyl alcohol) composites via thermal network formation",1,2025,… To overcome the limitation that it is difficult to construct an efficient network of thermal to enhance the thermal conductivity of the polymer matrix with a one-dimensional thermally …,https://www.sciencedirect.com/science/article/pii/S2352492825016228,,0,"low temperature, thermal network",10.1016/j.mtcomm.2025.113110,Lei Ma; Shuyan Xu; Honghao Zheng,2025-7,,https://api.elsevier.com/content/article/PII:S2352492825016228?httpAccept=text/xml,0
Experimental study on grid-patterned low thermal conductivity coatings for fast chill-down of flat plate in liquid nitrogen pool,4,2025,This study investigates a fast chill-down technology utilizing grid-patterned low-thermal-conductivity (low-k) coatings. Experiments were conducted on the transient pool boiling of liquid …,https://www.sciencedirect.com/science/article/pii/S1359431124021616,,0,"low temperature, thermal grid",10.1016/j.applthermaleng.2024.124493,Haechan Kim; Le-Duy Nguyen; Kyu Hyung Do; Taehoon Kim; Minsub Jeong; Byung-Il Choi; Myungbae Kim; Aejung Yoon,2025-1,,https://api.elsevier.com/content/article/PII:S1359431124021616?httpAccept=text/xml,4
"A review of Geological Thermal Energy Storage for seasonal, grid-scale dispatching",8,2025,"… and valuable grid services. GeoTES utilizes subsurface reservoirs to store thermal energy for … This approach significantly enhances the use of low-temperature reservoirs, which would …",https://www.sciencedirect.com/science/article/pii/S1364032125004344,,0,"low temperature, thermal grid",10.1016/j.rser.2025.115761,Erik Witter; Patrick Dobson; Dayo Akindipe; Joshua McTigue; Trevor Atkinson; Ram Kumar; Eric Sonnenthal; Guangdong Zhu,2025-8,,https://api.elsevier.com/content/article/PII:S1364032125004344?httpAccept=text/xml,9
Large Area Near‐Field Thermophotovoltaics for Low Temperature Applications,9,2025,"… However, as no rapid changes in cell or emitter side temperature were … thermal contact between the two (ie, the emitter touching the grids) the lower limit for the gap size is 100 nm (grid …",https://advanced.onlinelibrary.wiley.com/doi/abs/10.1002/adma.202411524,,0,"low temperature, thermal grid",10.1117/12.3052396,Jennifer Selvidge; Ryan M. France; John Goldsmith; Parth Solanki; Myles A. Steiner; Eric J. Tervo,3/19/2025,,,0
High-efficiency solar-thermal phase change storage driven by virtual boundary grid,0,2025,… This study presents a novel low-temperature phase change … grid structure that enhances solar-thermal storage performance. We propose two new metrics — normalized temperature (T*…,https://www.sciencedirect.com/science/article/pii/S0960148125025984,,0,"low temperature, thermal grid",10.71443/9789349552654-02,Nitin Dattatray Nikam,6/27/2025,"The rapid evolution of solar energy technologies necessitates equally advanced solutions for efficient thermal energy storage (TES). Nano-enhanced phase change materials (NePCMs) have emerged as a promising class of materials capable of significantly improving thermal conductivity, energy density, and phase stability in TES systems. The realizing their full potential demands intelligent control, adaptability, and real-time responsiveness to environmental and operational dynamics. This chapter presents a comprehensive framework that integrates algorithmic intelligence with NePCM-based TES to achieve highly efficient, self-regulating thermal storage solutions for solar energy applications.

The incorporation of artificial intelligence (AI), including machine learning algorithms, predictive analytics, and real-time data processing, enables dynamic monitoring, adaptive control, and performance optimization of TES units. The synergistic deployment of sensor networks, Internet of Things (IoT) architectures, and digital twin platforms ensures seamless data acquisition and system modeling, facilitating informed decision-making and autonomous management. This chapter underscores the critical importance of embedding social pedagogy and ethical considerations into the development and deployment of smart TES systems. By doing so, it addresses the need for public engagement, regulatory coherence, and equitable access in the context of advanced energy technologies.

Future trajectories discussed include the development of multifunctional and stimuli-responsive NePCMs, AI-powered thermal self-healing mechanisms, and scalable deployment strategies within smart cities and decentralized energy grids. The proposed interdisciplinary framework bridges the gap between material innovation, intelligent systems engineering, and human-centric policy design—laying the foundation for the next generation of sustainable energy infrastructure.",,0
Carnot Batteries for Grid-Scale Energy Storage: Technologies and the Potential Valorization of Biomass Ash as Thermal Storage Media,1,2025,"… Systems: BA might be more suitable for CBs operating at lower temperatures (eg, <500 C), where issues related to sintering and melting of alkali salts are less severe. This could align …",https://www.mdpi.com/1996-1073/18/16/4235,,0,"low temperature, thermal grid",10.3390/en18164235,Leonel J. R. Nunes,8/8/2025,"The transition towards renewable energy necessitates large-scale, cost-effective energy storage solutions. Carnot Batteries (CBs), which store electricity as thermal energy, offer potential advantages for medium-to-long-duration storage, including geographical flexibility and lower energy capacity costs compared to electrochemical batteries. This article examines the evolution and current state-of-the-art of CB technologies, including Pumped Thermal Energy Storage (PTES) and Liquid Air Energy Storage (LAES), discussing their performance metrics, techno-economics, and development challenges. Concurrently, the increasing generation of biomass ash (BA) from bioenergy production presents a waste valorization challenge. This article critically evaluates the potential of using BA, particularly from woody biomass, as an ultra-low-cost thermal energy storage (TES) medium within CBs systems. We analyze BA’s typical composition (SiO2, CaO, K2O, etc.) and relevant thermal properties, highlighting significant variability. Key challenges identified include BA’s likely low thermal conductivity, which impedes heat transfer, and poor thermal stability (low ash fusion temperatures, sintering, corrosion) due to alkali and chlorine content, especially problematic for high-temperature CBs. While the low cost is attractive, these technical hurdles suggest direct use of raw BA is challenging. Potential niches in lower-temperature systems or as part of composite materials warrant further investigation, requiring detailed experimental characterization of specific ash types.",https://www.mdpi.com/1996-1073/18/16/4235/pdf,1
Low-temperature-crosstalk humidity fiber sensor based on a thermal expansion-resistant Fabry-Perot interferometer,6,2025,"… thermal expansion, thereby achieving low temperature … temperature cross-sensitivity as low as 0.0047 % RH/C. This article provided a novel solution for achieving low temperature …",https://www.sciencedirect.com/science/article/pii/S0263224124021870,,0,"low temperature, thermal grid",10.1016/j.measurement.2024.116302,Haiming Qiu; Mengxuan Zhu; Shuji Mo; Ying Gao; Yong Yao; Yongkang Dong; Jiajun Tian,2025-1,,https://api.elsevier.com/content/article/PII:S0263224124021870?httpAccept=text/xml,5
Low‐Temperature N2 Annealing Enabling Front Junction MoOx/Si Heterojunction Solar Cell With Screen‐Printed Metal Grids,0,2025,"… However, the thermal instability of MoOx during the curing … grids are printed on the MoOx side of MoOx SCH solar cells, and the influence of annealing atmosphere and temperature on …",https://onlinelibrary.wiley.com/doi/abs/10.1002/pip.70027,,0,"low temperature, thermal grid",10.1002/pip.70027,Bowen Ding; Shuhan Li; Wanwu Guo; Bomei Zhang; Yan Hu; Yurong Zhou; Fengchao Li; Yuqin Zhou; Fengzhen Liu,11/16/2025,"ABSTRACT
                  
                    Transition metal oxides (TMOs) such as MoO
                    x
                    , featuring a high work function and a wide optical bandgap, are competitive alternatives to p‐type a‐Si:H or nano crystalline silicon in silicon heterojunction solar cells to form silicon compound heterojunction (SCH) solar cells. However, the thermal instability of MoO
                    x
                    during the curing process of screen‐printing restrains its massive production in industry. In this work, silver grids are printed on the MoO
                    x
                    side of MoO
                    x
                    SCH solar cells, and the influence of annealing atmosphere and temperature on the performance of the solar cells is investigated. After annealing in O
                    2
                    or air, the device performance is significantly degraded, while it remains almost unchanged after annealing in N
                    2
                    at 136°C. A conversion efficiency of 22.40% is achieved on the SCH solar cells with screen‐printed Ag grids when annealed at 136°C for 40 min in N
                    2
                    atmosphere, which is equivalent to that of the solar cells with thermally evaporated grids. To reveal the annealing effect, systematic research is conducted on changes in optoelectronic property, contact resistivity, and compositional distribution of MoO
                    x
                    , brought about by annealing in N
                    2
                    , O
                    2
                    , and air at different temperatures. Oxygen vacancies and conductivity both increase after annealing in N
                    2
                    , contributing to more efficient hole carrier collection through defect state‐assisted band‐to‐band transition. However, dipoles formed at the c‐Si/MoO
                    x
                    interface during N
                    2
                    annealing, proposed according to the calculation of differential charge density, might hinder the hole transportation from c‐Si to MoO
                    x
                    . A 1‐nm Al
                    2
                    O
                    3
                    layer inserted between a‐Si:H(i) and MoO
                    x
                    is found to be effective for mitigating the
                    V
                    oc
                    drop after annealing in air. The approaches exhibit great potential for implementing screen‐printing on MoO
                    x
                    SCH solar cells, rendering industrial production of MoO
                    x
                    SCH solar cells feasible.
                  ",https://onlinelibrary.wiley.com/doi/pdf/10.1002/pip.70027,0
"Fuel cell technology review: Types, economy, applications, and vehicle-to-grid scheme",29,2025,"… to its low operating temperature and durability. Meanwhile, high temperature fuel cells such as MCFC and SOFC currently remain the best choice for utility and grid related applications. …",https://www.sciencedirect.com/science/article/pii/S2213138825000608,,0,"low temperature, thermal grid",10.1016/j.seta.2025.104229,Danny Manzo; Ryan Thai; Ha Thu Le; Ganesh Kumar Venayagamoorthy,2025-3,,https://api.elsevier.com/content/article/PII:S2213138825000608?httpAccept=text/xml,9
CO2 thermochemical sorption battery driven by low temperature heat source for plus energy building application,5,2025,"In recent, plus energy building has been extensively paid attention to reduce the grid energy consumption of buildings. The plus energy building is defined as the building that …",https://www.sciencedirect.com/science/article/pii/S0306261924017847,,0,"low temperature, thermal grid",10.1016/j.apenergy.2024.124401,Geun Jeong Lee; Jae Won Lee; Hyung Won Choi; Seonggon Kim; Yong Tae Kang,2025-1,,https://api.elsevier.com/content/article/PII:S0306261924017847?httpAccept=text/xml,4
Study on the retrofit of coupled Carnot battery in retired coal-fired power units for grid energy storage transformation,3,2025,This study investigates the retrofitting of decommissioned coal-fired power plants into long-duration energy storage systems by integrating a Carnot battery. The proposed system …,https://www.sciencedirect.com/science/article/pii/S0306261925015260,,0,"low temperature, thermal grid",10.1016/j.apenergy.2025.126796,Binghui Li; Wen Qian; Xiaoze Du,2025-12,,https://api.elsevier.com/content/article/PII:S0306261925015260?httpAccept=text/xml,2
Review of Electrochemical Systems for Grid Scale Power Generation and Conversion: Low-and High-Temperature Fuel Cells and Electrolysis Processes,3,2025,"… -temperature systems, however, and stack materials that will function in this lower temperature range are still under development. Low-temperature SOFCs, capable of operation at …",https://www.mdpi.com/1996-1073/18/10/2493,,0,"low temperature, thermal grid",10.3390/en18102493,Tingke Fang; Annette von Jouanne; Alex Yokochi,5/12/2025,"This review paper presents an overview of fuel cell electrochemical systems that can be used for clean large-scale power generation and energy storage as global energy concerns regarding emissions and greenhouse gases escalate. The fundamental thermochemical and operational principles of fuel cell power generation and electrolyzer technologies are discussed with a focus on high-temperature solid oxide fuel cells (SOFCs) and solid oxide electrolysis cells (SOECs) that are best suited for grid scale energy generation. SOFCs and SOECs share similar promising characteristics and have the potential to revolutionize energy conversion and storage due to improved energy efficiency and reduced carbon emissions. Electrochemical and thermodynamic foundations are presented while exploring energy conversion mechanisms, electric parameters, and efficiency in comparison with conventional power generation systems. Methods of converting hydrocarbon fuels to chemicals that can serve as fuel cell fuels are also presented. Key fuel cell challenges are also discussed, including degradation, thermal cycling, and long-term stability. The latest advancements, including in materials selection research, design, and manufacturing methods, are also presented, as they are essential for unlocking the full potential of these technologies and achieving a sustainable, near zero-emission energy future.",https://www.mdpi.com/1996-1073/18/10/2493/pdf,2
Employment of molten salt thermal energy storage coupled to coal-fired power unit for power grid peak shaving: A thermodynamic study,3,2025,"… of power grids in China. This can be realized through the coupling of thermal energy … In this study, an electric heater linked to four molten salt thermal energy storage systems are …",https://www.sciencedirect.com/science/article/pii/S2352152X25022169,,0,"low temperature, thermal grid",10.1016/j.est.2025.117503,Fei Sun; Jiaxing Ji; Guang Zeng; Jialin Li; Gaosheng Wei,2025-9,,https://api.elsevier.com/content/article/PII:S2352152X25022169?httpAccept=text/xml,3
Systematic Characterization of Lithium-Ion Cells for Electric Mobility and Grid Storage: A Case Study on Samsung INR21700-50G,1,2025,"… temperatures generally enhance lithium-ion mobility and reduce resistive losses, resulting in lower … battery’s performance and efficiency at low temperatures. The SOC also affects the …",https://www.mdpi.com/2313-0105/11/8/313,,0,"low temperature, thermal grid",10.3390/batteries11080313,Saroj Paudel; Jiangfeng Zhang; Beshah Ayalew; Rajendra Singh,8/16/2025,"Accurate parametric modeling of lithium-ion batteries is essential for battery management system (BMS) design in electric vehicles and broader energy storage applications, enabling reliable state estimation and effective thermal control under diverse operating conditions. This study presents a detailed characterization of lithium-ion cells to support advanced BMS in electric vehicles and stationary storage. A second-order equivalent circuit model is developed to capture instantaneous and dynamic voltage behavior, with parameters extracted through Hybrid Pulse Power Characterization over a broad range of temperatures (−10 °C to 45 °C) and state-of-charge levels. The method includes multi-duration pulse testing and separates ohmic and transient responses using two resistor–capacitor branches, with parameters tied to physical processes like charge transfer and diffusion. A weakly coupled electro-thermal model is presented to support real-time BMS applications, enabling accurate voltage, temperature, and heat generation prediction. This study also evaluates open-circuit voltage and direct current internal resistance across pulse durations, leading to power capability maps (“fish charts”) that capture discharge and regenerative performance across SOC and temperature. The analysis highlights performance asymmetries between charging and discharging and confirms model accuracy through curve fitting across test conditions. These contributions enhance model realism, thermal control, and power estimation for real-world lithium-ion battery applications.",https://www.mdpi.com/2313-0105/11/8/313/pdf,1
Thermo-economic analysis of a geothermal-driven district heating network: Comparison between a water-based and a CO2-based grid,0,2025,"… liquid and vapor, at relatively low temperatures (0 C to 30 C), and heat is provided to final users by compressing vapor to reach the required outlet temperature. This makes the system …",https://www.sciencedirect.com/science/article/pii/S1359431125033861,,0,"low temperature, thermal grid",10.1016/j.applthermaleng.2025.128794,Daniele Fiaschi; Pietro Ungar; Federico Gigliotti; Andrés Meana-Fernández,2025-12,,https://api.elsevier.com/content/article/PII:S1359431125033861?httpAccept=text/xml,0
Optimizing Energy Storage Solutions for Grid Resilience: A Comprehensive Overview,5,2025,"… This involves a cooling process to maintain the coil at low temperatures and reduce energy losses. When discharging, SMES releases the stored energy through a power converter …",https://www.intechopen.com/online-first/1192415,,0,"low temperature, thermal grid",10.5772/intechopen.1006499,Sina Samadi Gharehveran; Kimia Shirini; Arya Abdolahi,1/14/2025,"The evolving energy landscape, driven by increasing demands and the growing integration of renewables, necessitates a dynamic adjustment of the energy grid. To enhance the grid’s resilience and accommodate the surging influx of green energy. Energy storage solutions have emerged as crucial components. Despite considerable research, there remains a notable gap in systematically assessing the suitability of different storage devices across diverse stationary applications. This review endeavors to bridge this gap by thoroughly examining the current landscape of energy storage and discerning its aptness for various grid support applications. Through an exploration of technical, economic, and environmental considerations, the study aims to elucidate the optimal storage technologies for different contexts. Among electrochemical storage options, lithium-ion batteries emerge as optimal choices for both low- and medium-scale applications, owing to their robust power and energy densities. Meanwhile, capacitors, supercapacitors, and superconductive magnetic energy storages exhibit promise for high-power demands within the electrical storage domain. Additionally, thermal energy storage presents a viable solution for seasonal and bulk energy requirements. This review suggests using a mix of technologies in hybrid solutions to better meet the unique needs of different applications.",https://intech-files.s3.amazonaws.com/a043Y000011YN3AQAW/a09Tc000000rveTIAQ/Final-Optimizing%20Energy%20Storage%20Solutions%20for%20Grid%20Resil%20%282025-04-23%2008%3A11%3A48%29.pdf,1
Quantifying Landscape Effects on Urban Park Thermal Environments Using ENVI-Met and 3D Grid Profile Analysis,5,2025,"… upper and lower temperature limits, indicating an unstable thermal environment, likely influenced by sun exposure or the presence of hard surfaces that cause significant temperature …",https://www.mdpi.com/1999-4907/16/7/1085,,0,"low temperature, thermal grid",10.3390/f16071085,Dongyang Yan; Liang Xu; Qifan Wang; Jing Feng; Xixi Wu,6/30/2025,"Blue–green infrastructure is widely recognized for mitigating the urban heat island effect. However, most existing ENVI-met 5.6.1 studies focus on average thermal conditions and overlook fine-scale spatial gradients. This study investigates the urban park in Luoyang City by integrating high-resolution 3D ENVI-met simulations, multi-source data, and field measurements to quantify thermal gradients between park interiors and surrounding built-up areas. A midline cut-off approach was applied to extract horizontal and vertical thermal profiles. The results show that (1) temperature and physiological equivalent temperature (PET) differences are most pronounced at park edges and transition zones, where vegetation and water bodies serve as natural cooling buffers; (2) urban form indicators, especially the building coverage and open space ratio, significantly impact wind speed and the PET, with greenery improving thermal comfort via shading and evapotranspiration, while impervious surfaces intensify heat stress; (3) the park exhibits a distinct cold island effect, with the average PET in the core area up to 12.3 °C lower than in adjacent built-up zones. The effective cooling distance, which is identified through buffer-based zonal statistics, rapidly attenuates within approximately 200 m from the park boundary. These findings offer a novel spatial perspective on thermal regulation mechanisms of urban landscapes and provide quantitative evidence to guide the design of climate-resilient green infrastructure.",https://www.mdpi.com/1999-4907/16/7/1085/pdf,5
Evaluating the integration of apartment building heating systems with low-temperature district heating networks,0,2025,"… ) face the challenge of growing relative heat losses in the system. High … heat from lowtemperature sources difficult. Currently, more than 80% of heat is produced from renewable energy …",https://journals.vilniustech.lt/index.php/MLA/article/view/23939,,0,"low-temperature, district heating and cooling",10.3846/mla.2025.23939,Giedrė Streckienė; Juozas Bielskus; Artur Rogoža; Vilūnė Lapinskienė; Violeta Misevičiūtė,9/12/2025,"Any renovation of apartment buildings by replacing or keeping their heating devices usually means that high temperatures of the heat carrier are maintained, which restricts boosting the efficiency of a central heating supply system. This also limits the scope for a switch to more efficient systems such as low-temperature district heating systems. To assess the impact of reducing the heat carrier temperature on indoor heating with a constant radiator area, the article investigates several alternatives alongside a base case scenario. In one scenario, the modernization of a building is examined, either by retaining the current heating devices or by substituting them with devices of equal size. Another scenario explores the modernization of a building by exchanging the heating devices and adjusting the building’s heating system to accommodate ultra-low temperatures. The possibility to reduce the temperature of the heat carrier in the heating system without any renovation of the building has been addressed as well. This led to seven alternatives. The analysis of the hourly data of the heating system model for two typical months in a heating season has revealed that when the building retains its existing area of heating devices post-renovation, the temperature can be brought down to 60/40/20 °C. It was also discovered that lowering the heat transfer temperature to ultra-low parameters (45/25/20 °C) cannot be achieved by refurbishing the buildings without increasing the number of radiators, as the heating devices will fail to deliver adequate heat for space heating.",https://journals.vilniustech.lt/index.php/MLA/article/view/23939/13054,0
"Feasibility of low-temperature district heating with decentralized substations in Korean apartment buildings: Analysis of heat loss, energy efficiency, and return …",4,2025,This study investigates the feasibility and potential benefits of implementing low-temperature district heating (LTDH) with decentralized substations (DS) in Korean apartment buildings. …,https://www.sciencedirect.com/science/article/pii/S135943112403031X,,0,"low-temperature, district thermal",10.1016/j.applthermaleng.2024.125363,Sung Woo Ryu; Kwang Ho Lee,2025-3,,https://api.elsevier.com/content/article/PII:S135943112403031X?httpAccept=text/xml,6
Risk Assessment of Urban Low-Temperature Vulnerability: Climate Resilience and Strategic Adaptations,1,2025,… This study introduced evaluation indicators tailored to low-temperature conditions and established a comprehensive assessment framework. Compared with existing urban thermal risk …,https://www.mdpi.com/2071-1050/17/13/5705,,0,"low-temperature, district thermal",10.3390/su17135705,Yiwen Zhai; Hong Jiao,6/20/2025,"In recent years, the increasing frequency and intensity of climate-related disasters have underscored the urgent need for resilient urban development. In cold-region cities, low temperatures pose a distinct and underexplored threat, with serious implications for human well-being, infrastructure performance, and ecological stability. Despite growing attention to climate resilience, existing urban risk assessments have largely focused on heatwaves and flooding, leaving a notable gap in research on cold-weather vulnerability. To address this gap, this study develops a fine-scale cold-climate vulnerability assessment framework grounded in the widely recognized “Exposure–Sensitivity–Adaptive Capacity” (ESA) model. Using subdistricts as the basic units of analysis, we integrate multi-source spatial data—including demographics, built environment, services, and ecological indicators—to construct a comprehensive evaluation system tailored to low-temperature conditions. The model is applied to the central urban area of Harbin, China, a representative cold-region city. The results reveal distinct spatial disparities in vulnerability: older urban districts exhibit higher vulnerability due to high population density and inadequate public services, while newly developed areas show relatively greater adaptive capacity. Further analysis identifies key drivers of vulnerability in different zones. Based on these insights, the study proposes differentiated, subdistrict-level planning strategies aimed at reducing exposure, mitigating sensitivity, and enhancing adaptive capacity. By extending the ESA model to cold-climate scenarios and operationalizing it at the subdistrict scale, this research contributes both methodologically and practically to the field of urban climate resilience. The findings offer actionable strategies for policymakers and provide a replicable framework applicable to other cold-region cities facing similar challenges.",https://www.mdpi.com/2071-1050/17/13/5705/pdf,1
Pegmatite lithium deposits formed within low-temperature country rocks,11,2025,… All pegmatite dikes were emplaced within the thermal aureole heated by their parent pluton … Jiajika 28 as well as thermal metamorphism in other pegmatite districts 55 . The farther away …,https://www.nature.com/articles/s41467-024-55793-8,,0,"low-temperature, district thermal",10.1038/s41467-024-55793-8,Jinsheng Zhou; Qiang Wang; He Wang; Jinlong Ma; Guanhong Zhu; Le Zhang,1/8/2025,"AbstractThe global climate crisis is likely to lead to a potential supply risk of lithium (Li) over the coming decades. More than half of the world’s production of Li is derived from Li-bearing pegmatites. Although pegmatites are widespread, only a small fraction host economically relevant Li mineralization. Revealing which factors cause some pegmatites to be enriched in Li and others to be barren is critical for understanding Li pegmatite formation and for guiding exploration for new Li resources. In this study, we used an approach involving the analysis of natural samples from the Jiajika pegmatite deposit (China), combined with thermal and diffusion modeling. Here we show that Li contents in pegmatites are controlled not only by the initial Li contents in pegmatite melts but also by the temperature of the surrounding country rocks at the time of pegmatite emplacement. Lithium-mineralized pegmatites form preferentially when Li-rich pegmatite melts intrude low-temperature country rocks.",https://www.nature.com/articles/s41467-024-55793-8.pdf,8
Low-carbon heating solutions using road thermal collectors and seasonal energy storage in mediterranean climates,2,2025,… energy for thermal applications. When combined with Borehole Thermal Energy Storage (… poses unique challenges and opportunities for seasonal thermal energy storage. The system’s …,https://www.sciencedirect.com/science/article/pii/S2590174525002995,,0,"low-temperature, district thermal",10.1016/j.ecmx.2025.101167,Stefania Guarino; Alessandro Buscemi; Marina Bonomolo; Marco Beccali; Valerio Lo Brano,2025-7,,https://api.elsevier.com/content/article/PII:S2590174525002995?httpAccept=text/xml,0
Fabrication and characterization of docosane–dodecanol composite phase change materials for low-temperature domain thermal energy storage and recovery,1,2025,… is larger than the low-temperature phase transition peak area during the exothermic process. This suggests its excellent applicability in low-temperature thermal energy storage. It is …,https://academic.oup.com/ijlct/article-abstract/doi/10.1093/ijlct/ctaf040/8087331,,0,"low-temperature, district thermal",10.1093/ijlct/ctaf040,Hongbing Chen; Chunyang Li; Fengjiao Yu; Men Li; Congcong Wang; Pingjun Nie,2025,"Abstract
               The docosane–dodecanol (DE-CP) binary phase change materials (PCMs) were prepared to improve the heat diffusion performance of the photovoltaic/thermal (PV/T) system in this work. The phase transition temperature of DE-CP matches photovoltaic heat dissipation requirements, with 60 wt% DE achieving optimal latent heat of 243.8 kJ/kg. Expandable graphite maximizes expansion at 900°C for 60 seconds, resulting in high pore volume and adsorption capacity. Incorporating expanded graphite into DE-CP increases thermal conductivity from 0.135 to 1.383 W/(m·K) and ensures excellent compatibility and cyclic stability. This paper provides a reference for further development and integration of composite PCMs in solar PV/T systems.",https://academic.oup.com/ijlct/article-pdf/doi/10.1093/ijlct/ctaf040/62464655/ctaf040.pdf,2
… novel cobalt-reinforced graphene aerogel composite phase change material with excellent energy storage capacity for low-temperature industrial waste heat …,15,2025,… The material also exhibits a high melting enthalpy (185.6 J/g) and good thermal stability. … for low temperature industrial waste heat recovery field due to its excellent thermal storage …,https://www.sciencedirect.com/science/article/pii/S2352152X24045067,,0,"low-temperature, district thermal",10.1016/j.est.2024.114920,Biaoping Zhang; Ya Chen; Yuan Mu; Bozhi Yang; Xin Li; Shaorou Ke; Xin Min; Ruiyu Mi; Xiaowen Wu; Yan'gai Liu; Zhaohui Huang; Minghao Fang,2025-1,,https://api.elsevier.com/content/article/PII:S2352152X24045067?httpAccept=text/xml,14
"Evaluating Retrofit Strategies and Decentralised Systems for the Transition to Low-Temperature District Heating: A Simulation-Based Case Study in Borlänge, Sweden",0,2025,"… Therefore, this research seeks to fill this gap by developing a calibrated district energy model using the City Energy Analyst (CEA) platform. The study integrates statistical building inputs…",https://www.diva-portal.org/smash/record.jsf?pid=diva2:1999628,,0,"low-temperature, district energy",10.1007/978-3-032-03101-3_6,Vignesh Pechiappan Ayyathurai; Abdelmomen Najmadin,11/1/2025,,https://link.springer.com/content/pdf/10.1007/978-3-032-03101-3_6,0
Optimization of district heating systems integrated with energy storage for enhanced economic performance,0,2025,"A possible carbon–neutral substitute for district heating systems (DHSs) that rely on fossil fuels is the idea of a heat-only small modular reactor (SMR). However, high capital …",https://www.sciencedirect.com/science/article/pii/S0029549325005709,,0,"low-temperature, district energy",10.1016/j.nucengdes.2025.114393,Ying Deng; XiaoLong Li; Shafa Guliyeva; Umriya Kenjayeva,2025-12,,https://api.elsevier.com/content/article/PII:S0029549325005709?httpAccept=text/xml,0
Optimizing low-grade waste-heat recovery for district heating: A case study of a steel plant in China,0,2025,"The steel industry accounts for almost 5% of the global energy consumption and is critical to achieving carbon reduction targets. In China, steel production is primarily conducted in the …",https://www.sciencedirect.com/science/article/pii/S0378778825013131,,0,"low-temperature, district energy",10.1016/j.enbuild.2025.116583,Zanyu Yang; Jianjun Xia,2025-12,,https://api.elsevier.com/content/article/PII:S0378778825013131?httpAccept=text/xml,0
"Transition pathways for a gas supplied district heating network to an ultra low carbon district heating network: A case study for Holywell Park, Loughborough …",0,2025,"The research work presented applies a novel model to simulate and understand options for how an existing gas-supplied district heating network (EGS-DHN) for Holywell Park, …",https://www.sciencedirect.com/science/article/pii/S0960148125015058,,0,"low-temperature, district energy",10.1016/j.renene.2025.123841,M.A. Pans; G. Claudio; P.C. Eames,2025-12,,https://api.elsevier.com/content/article/PII:S0960148125015058?httpAccept=text/xml,0
Low-temp performance study on solar-air integrated heat pump system with absorption coating,2,2025,"… heating technology, the attenuation of the heating performance under low-temperature conditions of air-source heat pump … expansion solar assisted air source heat pump (DX-SAASHP) …",https://www.sciencedirect.com/science/article/pii/S1359431125029229,,0,"low-temperature, district heat pump",10.1016/j.applthermaleng.2025.128330,Yuanyuan Liu; Yinjie Di; Liyuan Yin; Tianbao Li; Qi Tian; Meiping Wang; Wenxuan Wu,2025-12,,https://api.elsevier.com/content/article/PII:S1359431125029229?httpAccept=text/xml,0
Enhancing ultra-low-temperature heat pump performance for high-speed trains using mechanism-based model,0,2025,"… Heat pumps are a promising … the heating capacity and other performance characteristics of an economizer vapor-injection heat pump system, particularly under ultra-low-temperature …",https://www.sciencedirect.com/science/article/pii/S135943112500612X,,0,"low-temperature, district heat pump",10.1016/j.applthermaleng.2025.126021,Che Wang; Qihang Wu; Jie Zhang; Zibo Zhao; Hongyan Shi; Jianhua Wu,2025-6,,https://api.elsevier.com/content/article/PII:S135943112500612X?httpAccept=text/xml,0
… efficiency and economic performance of a low-temperature heating system combining double-layer pipe-embedded wall and ground source heat pump,7,2025,"… The energy efficiency of heat pump heating systems can be … wall heating system coupled to a ground source heat pump. … water produced by the heat pump to provide heating. Energy, …",https://www.sciencedirect.com/science/article/pii/S0960148124021554,,0,"low-temperature, district heat pump",10.1016/j.renene.2024.122087,Yaxin Zhao; Xianting Li,2025-2,,https://api.elsevier.com/content/article/PII:S0960148124021554?httpAccept=text/xml,8
Thermoeconomic performance evaluation and optimization of a geothermal heat pump system for greenhouse heating in low-temperature resources,0,2025,This study presents the design and thermoeconomic performance analysis of a geothermal-assisted heat pump system for greenhouse heating in regions with low-temperature …,https://www.sciencedirect.com/science/article/pii/S2213138825004059,,0,"low-temperature, district heat pump",10.1016/j.seta.2025.104574,Ceyhun Yilmaz; Muhammed Arslan; Nehir Tokgoz; Mehmet Kunt,2025-10,,https://api.elsevier.com/content/article/PII:S2213138825004059?httpAccept=text/xml,0
Large Temperature Difference Heat Pump System for Long-Distance Heat Transportation: Experimental Study and Feasibility Analysis,0,2025,"… The vapor compression heat pump is driven by electricity, compressing the low-temperature … vapor compression heat pumps in large temperature difference district heating systems. …",https://www.mdpi.com/1996-1073/18/16/4449,,0,"low-temperature, district heat pump",10.3390/en18164449,Qing Miao; Minxia Li; Chaobin Dang; Beiran Hou; Shigang Zhang,8/21/2025,"With the increasing depletion of fossil fuels, it is urgent to build an efficient regional heating scheme. Long-distance heating transportation schemes are important for the integration and utilization of low-grade heat resources. It is worth noting that when implementing the long-distance heating transportation scheme, a heat pump system with large temperature differences and high flexibility is required. However, the conventional vapor compression heat pump system is generally based on a single-stage cycle construction, which has the problems of poor heating capacity and a narrow operation range. In this study, a novel large temperature difference heat pump system is proposed. The heat transfer process of the novel heat pump system is serrated, and the pressure ratio of the compressor is similar under different working conditions. Through experimental study, the energy efficiency performance of the system is explored. Taking the conventional heat pump as the comparison object, the annual performance of the system is analyzed. The results show that the novel system can reduce carbon emissions and operation costs by more than 50%.",https://www.mdpi.com/1996-1073/18/16/4449/pdf,0
"Feasibility of shallow geothermal energy for industrial heating using high-temperature heat pumps in Sichuan Province, China",2,2025,… of low-temperature industrial heating … low-temperature industrial heating demand of approximately 116.3 million GJ (3.97 million tons of standard coal equivalent (tce)) in the study area. …,https://www.sciencedirect.com/science/article/pii/S0973082625001358,,0,"low-temperature, district heat pump",10.1016/j.esd.2025.101785,Jiaxin Zheng; Licheng Sun; Xin Xu; Xiting Long; Tianyi Gao; Entong Xia; Biao Li; Shuheng Li; Jun Wang; Zhengyu Mo; Min Du; Jie Wang; Haoran Wang; Heping Xie,2025-10,,https://api.elsevier.com/content/article/PII:S0973082625001358?httpAccept=text/xml,2
Low-temperature Gibbs states with tensor networks,3,2025,"… tensor network method for approximating thermal equilibrium … found with a standard tensor network approach. Motivated by … network ansatz, although it can be extended to other tensor …",https://link.aps.org/doi/10.1103/x2gx-wsp1,,0,"low-temperature, thermal network",10.1103/x2gx-wsp1,Denise Cocchiarella; Mari Carmen Bañuls,8/22/2025,"We introduce a tensor network method for approximating thermal equilibrium states of quantum many-body systems at low temperatures. Whereas the usual approach starts from infinite temperature and evolves the state in imaginary time (toward lower temperature), our ansatz is constructed from the zero-temperature limit, the ground state, which can be found with a standard tensor network approach. Motivated by properties of the ground state for conformal field theories, our ansatz is especially well suited near criticality. Moreover, it allows an efficient computation of thermodynamic quantities and entanglement properties. We demonstrate the performance of our approach with a tree tensor network ansatz, although it can be extended to other tensor networks, and present results illustrating its effectiveness in capturing the finite-temperature properties in one- and two-dimensional scenarios. In particular, in the critical one-dimensional case we show how the ansatz reproduces the finite temperature scaling of entanglement in a conformal field theory.",https://link.aps.org/article/10.1103/x2gx-wsp1,0
Temperature-Dependent Identification of Thermal Resistances in Lumped-Parameter Network for Permanent Magnet Synchronous Motors,0,2025,… The LPTN thermal model is based on energy balance … of the thermal network and heat flows are confined to the network … is featured by the steady low temperature of both the stator and …,https://ieeexplore.ieee.org/abstract/document/11032153/,,0,"low-temperature, thermal network",10.1109/tte.2025.3578976,Yuyang Liu; Li Chen,2025-10,,http://xplorestaging.ieee.org/ielx8/6687316/11172730/11032153.pdf?arnumber=11032153,0
… Flexible–Rigid Binary Complementary Network toward Mechanically Robust Elastomers Simultaneously Integrating Extreme Low-Temperature and High-Temperature …,12,2025,"… Therefore, we believe that a flexible–rigid binary complementary network is required … low-temperature resistance, and high-temperature resistance. The key characteristic of this network …",https://pubs.acs.org/doi/abs/10.1021/acs.macromol.4c02145,,0,"low-temperature, thermal network",10.1021/acs.macromol.4c02145,Yuqin Wang; Zilin Wang; Xiaohan Wang; Junqi Sun,1/11/2025,,https://pubs.acs.org/doi/pdf/10.1021/acs.macromol.4c02145,11
… and comprehensive evaluation of carbon coupled microcapsule phase change materials tailored for high thermal conductivity under low temperature …,3,2025,"… of low thermal conductivity and poor durability at low temperatures in most phase change materials (PCMs), we have developed a composite low-temperature microencapsulated PCM …",https://www.sciencedirect.com/science/article/pii/S0950061825008360,,0,"low-temperature, thermal network",10.1016/j.conbuildmat.2025.140688,Yaoqi Sun; Wen Qin; Yingjie Hou; Jiasheng Dai; Feng Ma,2025-4,,https://api.elsevier.com/content/article/PII:S0950061825008360?httpAccept=text/xml,2
Using Co-Simulation to Capture Sector Coupling Dynamics in Low-Temperature Anergy Systems,1,2025,… The core of this study focuses on the dynamic interactions between thermal and electrical networks. The anergy network is modeled using a pandapipes-based thermal network with a …,https://ieeexplore.ieee.org/abstract/document/10977582/,,0,"low-temperature, thermal network",10.1109/greentech62170.2025.10977582,Dominik Vereno; Maximilian Lugmair; Jounes-Alexander Gross; Markus Leeb; Christian Neureiter,3/26/2025,,http://xplorestaging.ieee.org/ielx8/10977060/10977574/10977582.pdf?arnumber=10977582,0
Boosting low-temperature thermal management performance and mechanical property of biomass brine gels by host-guest mutual promotion mechanism …,0,2025,"… Synchronously, KGM-XG network provides micro … the interface thermal resistance, enhancing bulk thermal conductivity of … to realize efficient low-temperature thermal management of …",https://www.sciencedirect.com/science/article/pii/S0360544225034681,,0,"low-temperature, thermal network",10.1016/j.energy.2025.137826,Ling Wang; Pengcheng Lin; Ying Chen,2025-10,,https://api.elsevier.com/content/article/PII:S0360544225034681?httpAccept=text/xml,0
Energy efficiency and economic performance of a low-temperature heating system combining double-layer pipe-embedded wall and ground source heat …,7,2025,Reducing heating energy consumption in buildings is a crucial step towards a low-carbon future. The energy efficiency of heat pump heating systems can be improved by reducing the …,https://www.sciencedirect.com/science/article/pii/S0960148124021554,,0,"low-temperature, thermal network",10.1016/j.renene.2024.122087,Yaxin Zhao; Xianting Li,2025-2,,https://api.elsevier.com/content/article/PII:S0960148124021554?httpAccept=text/xml,8
Exploring the effect of low-temperature thermal-alkaline pretreatment on struvite recovery from metals-phosphorus rich sludge,5,2025,… on comprehensively evaluating the effect of low-temperature thermal-alkaline pretreatment (… and predicted by back propagation artificial neural network (BPANN) model. It was revealed …,https://www.sciencedirect.com/science/article/pii/S2213343725004981,,0,"low-temperature, thermal network",10.1016/j.jece.2025.115803,Lin Wei; Junjie Ji; Tianqiu Hong; Yugang Dong; Qiang Zhang; Lei Luo; Ruolan Li; Ziyue Li; Yiming Tang,2025-4,,https://api.elsevier.com/content/article/PII:S2213343725004981?httpAccept=text/xml,3
Comparative analysis of robustness in data modeling under low-temperature versus high-temperature environments,0,2025,"… thermal error compensation. Through extensive long-term experimentation, this study reveals that thermal error models established from low-temperature … basis of thermal robustness …",https://www.sciencedirect.com/science/article/pii/S135943112503772X,,0,"low-temperature, thermal network",10.2139/ssrn.5387623,Yuntao Wang; Enming Miao; YuFeng Tang; Shuo Zhao; Jiangtao Chen,2025,,,0
Photo‐and Electro‐Responsive Super‐Slippery Oleogel Coating for Ultra‐Low Temperature Ice‐Phobic Applications,5,2025,"… and thermal networks within the porous interior (Figure S13, Supporting Information). Furthermore, multiple power switching experiments at 10 V showed that the peak equilibrium …",https://advanced.onlinelibrary.wiley.com/doi/abs/10.1002/adfm.202501530,,0,"low-temperature, thermal network",10.1002/adfm.202501530,Rui Zhang; Hanli Zhang; Shaowen Dong; Yongfeng Yang; Jinjin Li,4/21/2025,"AbstractPolar regions hold significant potential for energy and resource development, but extreme temperatures and persistent ice pose challenges to commercial shipping, resource exploration, and scientific research. Here, a super‐slippery oleogel ice‐phobic coating (CP_U80@L‐Ppy) with ultra‐low temperature applicability is developed using expanded lamellar graphite networks and temperature‐controlled deformed microspheres modified with linear polypyrrole. The ice adhesion strength at −30 °C is reduced to ≈ 3.76 kPa in the horizontal shear mode and remains below 10 kPa after 231 icing/shear detachment cycles. At ultra‐low temperatures (−100–−70 °C), the ice adhesion strength stays below 30 kPa due to the vertical modulus mismatch between the ice and coating, along with the tangential modulus mismatch between the surface components. The coating also exhibits photo‐ and electro‐responsive anti‐icing/ice‐phobic functionalities, broadening its potential for all‐weather applications. Under “1 sun” irradiation at −30 °C, rapid defrosting (1 min) and ice detachment (2.8 min) are achieved. Additionally, electro‐responsive defrosting and ice detachment periods of 1.4 and 2.6 min, respectively, are obtained using only two standard batteries in series (3.5 V) at −15 °C, demonstrating high energy efficiency. This work offers a promising strategy for developing efficient ice‐phobic technologies suited to ultra‐cold environments, with practical potential for polar applications.",https://advanced.onlinelibrary.wiley.com/doi/pdf/10.1002/adfm.202501530,1
Interpenetrating network hydrogels via low-temperature frontal polymerization and 3D printing,2,2025,"The development of hydrogels with energy-saving and versatile manufacturing, shaping and processing capabilities is highly desirable but challenging. Here, we report a hydrogel …",https://www.sciencedirect.com/science/article/pii/S1385894725056116,,0,"low-temperature, thermal network",10.1016/j.cej.2025.164775,Wei Zhao; Fucheng Li; Hao Li; Cai-Feng Wang; Jing Zhang; Su Chen,2025-9,,https://api.elsevier.com/content/article/PII:S1385894725056116?httpAccept=text/xml,2
Eutectic organic phase change materials integrated into inorganic geopolymer foam for low-temperature thermal energy storage in building applications,2,2025,"… to the intensive use of heating and cooling systems required to maintain indoor thermal comfort. In this area, thermal energy storage (TES) technology using phase change materials (…",https://www.sciencedirect.com/science/article/pii/S0957582025010171,,0,"low-temperature, thermal network",10.1016/j.psep.2025.107750,Kaoutar Moulakhnif; Zineb Moujoud; Abdelkoddouss El Majd; Hanane Ait Ousaleh; Abdessamad Faik; Said Sair; Abdeslam El Bouari,2025-10,,https://api.elsevier.com/content/article/PII:S0957582025010171?httpAccept=text/xml,2
Catalyst-free hydrogen generation from ethanol via low-temperature thermal decomposition: effects of heating power on outlet temperature and response …,1,2025,… ) confirmed a multiscale pore network that supports uniform heat distribution and stable liquid retention—critical factors for enabling consistent evaporation and thermal decomposition. …,https://www.sciencedirect.com/science/article/pii/S1359431125022276,,0,"low-temperature, thermal network",10.1016/j.applthermaleng.2025.127635,Mikako Tanaka; Yuriko Inoue; Naruhito Otsuka; Shoji Mori,2025-11,,https://api.elsevier.com/content/article/PII:S1359431125022276?httpAccept=text/xml,0
Decarbonization of existing heating networks through optimal producer retrofit and low-temperature operation,4,2025,"… District heating networks are considered crucial for enabling emission-free heat supply, yet many existing networks still rely heavily on fossil fuels. With network pipes often lasting over …",https://www.sciencedirect.com/science/article/pii/S0306261924021792,,0,"low-temperature, thermal network",10.1016/j.apenergy.2024.124796,Martin Sollich; Yannick Wack; Robbe Salenbien; Maarten Blommaert,2025-1,,https://api.elsevier.com/content/article/PII:S0306261924021792?httpAccept=text/xml,4
Simultaneous seawater desalination and electrical-power generation using low-temperature heat sources,1,2025,"The increasing demand for portable seawater desalination and power generation is particularly critical in remote and off-grid regions, where limited access to freshwater and electricity …",https://www.sciencedirect.com/science/article/pii/S1385894725034758,,0,"low-temperature, thermal grid",10.1016/j.cej.2025.162649,Dian Zhang; Yang Zi; Jinhong Dai; Lu Guo; Danling Tang; Xiao Su; Zhongyi Jiang; Fuming Chen,2025-6,,https://api.elsevier.com/content/article/PII:S1385894725034758?httpAccept=text/xml,1
Experimental study on battery thermal management of CPCM coupled with micro-grooves flat heat pipe at low temperature,6,2025,"… In the low temperature environment in winter, lithium-ion batteries will have significant … To prevent the low temperature of the batteries, a set of battery thermal management system (…",https://www.sciencedirect.com/science/article/pii/S135943112500715X,,0,"low-temperature, thermal grid",10.1016/j.applthermaleng.2025.126123,XianYu Zhu; ShouJun Zhou; ChiCheng Wang; QiangQiang Xiao; FuKun Ma; YongSheng Tian,2025-6,,https://api.elsevier.com/content/article/PII:S135943112500715X?httpAccept=text/xml,6
Development of New Prediction Model for Thermal–Electrical Characteristics of Lithium‐Ion Batteries Including Low‐Temperature Conditions,1,2025,"… In addition, the developed models only considered the characteristics of batteries near 25C and did not make predictions for batteries in low-temperature environments. Therefore, in …",https://onlinelibrary.wiley.com/doi/abs/10.1155/er/8154300,,0,"low-temperature, thermal grid",10.1155/er/8154300,Yongjoo Jun; Hongseok Choi; Sangwook Lee; Hoseong Lee,2025-1,"The development of an accurate and robust analytical model for battery thermal–electrical characteristics is crucial to ensuring stable and reliable operation. In this context, this study proposes a new prediction model that estimates the thermal–electrical characteristics of a lithium (Li)‐ion battery with high accuracy and low computational cost. Unlike existing models, the proposed thermal–electrical model (TEM) accurately predicts temperature and voltage for both static and dynamic cycles across a wide range of temperature conditions, requiring fewer initial parameters and equations. The proposed model demonstrated its ability to accurately predict the battery temperature under static discharge conditions with maximum errors of 0.8 and 1.6 K for batteries at 0 and −20°C, respectively. Additionally, it predicted battery voltage with an accuracy of 0.054 and 0.088 V for the two dynamic driving cycles of New European Driving Cycle (NEDC) and US06, respectively, with a maximum error of 0.054 V. Furthermore, the proposed model successfully predicted the battery temperature and voltage during driving cycle at −10°C. It was further extended to predict the battery temperature of a 4S1P module unit with an accuracy of up to 1.8 K, thereby demonstrating that it can replace existing models, even at the module level.",https://onlinelibrary.wiley.com/doi/pdf/10.1155/er/8154300,1
Numerical investigation of a hybrid latent-sensible thermal energy storage system for low temperature industrial applications,3,2025,Thermal energy storage (TES) systems are pivotal in enabling application of renewable heat technologies. The present study proposes a hybrid latent-sensible TES system for industrial …,https://www.sciencedirect.com/science/article/pii/S2352152X25014720,,0,"low-temperature, thermal grid",10.1016/j.est.2025.116759,Luckywell Seyitini; Basim Belgasim; Christopher Chintua Enweremadu,2025-7,,https://api.elsevier.com/content/article/PII:S2352152X25014720?httpAccept=text/xml,1
Enhancing thermal insulation and energy efficiency in low-temperature granaries using pipe-embedded envelopes,1,2025,"… Low-temperature granaries enable long-term, high-quality … This study investigates the thermal insulation performance of an … pipe-embedded systems in low-temperature granaries and …",https://www.sciencedirect.com/science/article/pii/S2214157X25007415,,0,"low-temperature, thermal grid",10.1016/j.csite.2025.106481,Liu Yang; Haidan Yao; Qianqian Zhang; Xi Chen; Yang Liu,2025-9,,https://api.elsevier.com/content/article/PII:S2214157X25007415?httpAccept=text/xml,1
Experimental study on the low-temperature preheating performance of positive-temperature-coefficient heating film in the prismatic power battery module,16,2025,"… thermal safety performance of the vehicle. Aiming at the improvement of thermal safety of lithium-ion batteries under low temperature … , a low-temperature heating thermal management …",https://www.sciencedirect.com/science/article/pii/S1359431124024669,,0,"low-temperature, thermal grid",10.1016/j.applthermaleng.2024.124798,Jiangyun Zhang; Ruiqi Hu; Hongni Huang; Ruli Zhang; Guoqing Zhang; Dan Shao; Xiaoyong Wang; Yuliang Wen; Jin Luo,2025-1,,https://api.elsevier.com/content/article/PII:S1359431124024669?httpAccept=text/xml,16
Performance analysis and optimization of pumped thermal energy storage system coupled with low temperature waste heat recovery,1,2025,… This paper proposes a full-time PTES system coupled with low-temperature waste heat recovery. This system introduces the waste heat released by the evaporator in the heat pump …,https://www.sciencedirect.com/science/article/pii/S2352152X25026817,,0,"low-temperature, thermal grid",10.2139/ssrn.5209445,Junsheng Feng; Yaru Yan; Liang Zhao; Hui Dong,2025,,,0
Increasing the flexibility and feasibility of concentrated solar power plants by the addition of a low temperature energy storage system,5,2025,"This paper aims at increasing the flexibility of concentrated solar power plants. For this, it analyses the introduction of a secondary thermal energy storage system into concentrating …",https://www.sciencedirect.com/science/article/pii/S2590123025002099,,0,"low-temperature, thermal grid",10.1016/j.rineng.2025.104121,Antonio Rovira; Antonio Jesús Subires; Rubén Barbero; Rubén Abbas,2025-3,,https://api.elsevier.com/content/article/PII:S2590123025002099?httpAccept=text/xml,5
Study of ammonia decomposition system for hydrogen production driven by medium–low temperature solar energy,0,2025,… Ammonia decomposition for hydrogen production powered by medium–low temperature … decomposition reactor driven by medium–low temperature solar energy is established. The …,https://www.sciencedirect.com/science/article/pii/S1359431125007641,,0,"low-temperature, thermal grid",10.1016/j.applthermaleng.2025.126172,Jilong Geng; Xiaotong Fan; Lizhuang Dou; Yunhao Li; Jiang Sun; Mingfei Mu,2025-6,,https://api.elsevier.com/content/article/PII:S1359431125007641?httpAccept=text/xml,0
Alkali-activated fly ash composite NaNO3 thermal energy storage materials: Low-temperature preparation and high-temperature stability,1,2025,"… novel low-temperature preparation method for SSPCMs using AAF, significantly improving the high-temperature stability of medium- to high-temperature phase change thermal storage …",https://www.sciencedirect.com/science/article/pii/S2352152X25011375,,0,"low-temperature, thermal grid",10.1016/j.est.2025.116424,Zhigang Qiao; Hui Li; Jiale Wang; Qing Wang; Zhiming Xu; Yuan Zhou; Wukui Zheng,2025-6,,https://api.elsevier.com/content/article/PII:S2352152X25011375?httpAccept=text/xml,0
Tailored phase change behavior of CaCl2· 6H2O-based hydrated salt for low-temperature thermal energy storage,3,2025,"Hydrated salts have significant potential as a low cost, high latent heat phase change material for energy storage in building thermal management. However, there are also problems of …",https://www.sciencedirect.com/science/article/pii/S2352152X25016391,,0,"low-temperature, thermal grid",10.1016/j.est.2025.116926,Shan Cong; Nan He; Qicheng Chen; Long Gao; Tianhao Han; Liang Yao; Nan An; Lizhong Yang,2025-7,,https://api.elsevier.com/content/article/PII:S2352152X25016391?httpAccept=text/xml,4
Switchable multistage absorption chiller for ultra-low-grade waste heat driven cooling in data centers,3,2025,… efficiency and heat recovery. This paper proposes a waste heat driven cooling scheme for DCs that … for enhancing energy efficiency and recovering waste heat in DC cooling systems. …,https://www.sciencedirect.com/science/article/pii/S0306261925011377,,0,"ultra-low temperature, district heating and cooling",10.1016/j.apenergy.2025.126407,Zhaopeng Cui; Shuai Du; Ruzhu Wang,2025-11,,https://api.elsevier.com/content/article/PII:S0306261925011377?httpAccept=text/xml,3
Day Ahead Market Clearing Model for Low-Temperature District Heating Systems Based on Urban Waste Heat,0,,"… The model offers a comprehensive assessment focusing on energy, economic, and environmental aspects of low-temperature district heating … Ultra-low temperature district heating UWH …",https://papers.ssrn.com/sol3/papers.cfm?abstract_id=5218012,,0,"ultra-low temperature, district heating and cooling",10.2139/ssrn.5218012,Josip Miškić; Tomislav Pukšec,2025,,,0
"Cooling Efficiency in Thermal Systems: Metrics, Drivers, and Pathways to Ultra-Low Energy Cooling",0,2025,"… In short, the extended analysis shows that the path to ultra-low energy cooling is not a narrow race for marginal compressor efficiency, but a systems journey that integrates physics, …",https://energyconversions.org/index.php/ecm/article/view/50,,0,"ultra-low temperature, district heating and cooling",10.55640/ijnget-v02i01-01,; Dr. Rico Fernandez,1/1/2025,"This article reviews the recent advancements in solar thermal cooling technologies, highlighting the significance of renewable energy for cooling applications, especially in regions with high cooling demand and abundant sunlight. Solar thermal cooling utilizes the heat from the sun to drive cooling processes, and this review explores the primary methods, including absorption chillers, adsorption chillers, and solar-assisted vapor compression systems. We also discuss the latest innovations, challenges, and the future outlook of solar thermal cooling in commercial and residential applications. The study further emphasizes the environmental and economic benefits of these technologies, particularly in reducing carbon footprints and operational costs.",,0
Simulation and classification optimization design of ultra-low temperature heat exchangers in dilution refrigerator using local thermal nonequilibrium model,0,2025,"… heat transfer area to the total heat transfer area of this stage ( f 1 = 0.35 , f 2 = 0.4 and f 3 = 0.45 ), the heat transfer efficiency of the three-stage step heat … of ultra-low temperature heat …",https://www.sciencedirect.com/science/article/pii/S0140700725000866,,0,"ultra-low temperature, district thermal",10.1016/j.ijrefrig.2025.03.002,Yian Lu; Jun Shen; Ya'nan Zhao; Danyang Liu,2025-6,,https://api.elsevier.com/content/article/PII:S0140700725000866?httpAccept=text/xml,0
Enhancing thermal response characteristics of ultra-low energy buildings with phase change material: A measured and numerical study,4,2025,Enhancing the thermal performance of ultra-low energy buildings (ULEBs) is a critical technical challenge in the pursuit of low-carbon construction. This study investigates the thermal …,https://www.sciencedirect.com/science/article/pii/S0378778825000921,,0,"ultra-low temperature, district thermal",10.1016/j.enbuild.2025.115362,Jiayin Zhu; Mengwei Yao; Peiji Lian; Xingtao Zhang; Joe R. Zhao; Weiying Chen; Cong Ren,2025-3,,https://api.elsevier.com/content/article/PII:S0378778825000921?httpAccept=text/xml,3
Experimental study and dynamic response analysis of thermal–hydraulic characteristics in zigzag PCHE at ultra-low temperature,4,2025,… The printed circuit heat exchanger (PCHE) demonstrates excellent thermal–hydraulic … thermal–hydraulic performance of a PCHE functioning as a vaporizer under ultra-low temperature …,https://www.sciencedirect.com/science/article/pii/S1359431125004880,,0,"ultra-low temperature, district thermal",10.1016/j.applthermaleng.2025.125897,Zhen Tian; Chenxu Wang; Tianyi Jiang; Bo Zhao; Weili Shen; Hao Peng,2025-6,,https://api.elsevier.com/content/article/PII:S1359431125004880?httpAccept=text/xml,4
A 120° C Operating Range TEC-Less Uncooled IRFPA with On-Chip Real-Time Ultra-Low Temperature Drift Compensation,0,2025,"… are designed to be thermally shortcircuited to the substrate to ensure that they sense only the substrate temperature Tsub and are not affected by selfheating and the target radiation, …",https://ieeexplore.ieee.org/abstract/document/10988521/,,0,"ultra-low temperature, district thermal",10.1109/jsen.2025.3565016,Shunlong He; Lintong Zhao; Jun Liu; Jialong Li; Longcheng Que; Yun Zhou; Jian Lv,6/15/2025,,http://xplorestaging.ieee.org/ielx8/7361/11037304/10988521.pdf?arnumber=10988521,1
A new strategy for preparing high strength diffusion-bonded Ni-based superalloy joints at ultra-low temperature via surface nanocrystallization and spark …,4,2025,The challenge of low temperature and rapid diffusion bonding of a Ni-based superalloy was hereby addressed by using a Ni nano-coating and a spark plasma sintering (SPS). It …,https://www.sciencedirect.com/science/article/pii/S1005030224011381,,0,"ultra-low temperature, district thermal",10.1016/j.jmst.2024.11.050,Tong Wu; Ce Wang; Yuyuan Liu; Qiuguang Zhang; Panpan Lin; Xin Yue; Tiesong Lin; Peng He,2025-8,,https://api.elsevier.com/content/article/PII:S1005030224011381?httpAccept=text/xml,5
Research on the ultra-low temperature tensile deformation mechanism of Al-Mg-Si alloys in different heat treatment states,17,2025,The susceptibility of Al-Mg-Si alloy to cracking during room temperature large plastic deformation poses a significant obstacle to its widespread application. Cryogenic temperature …,https://www.sciencedirect.com/science/article/pii/S0925838824037381,,0,"ultra-low temperature, district thermal",10.1016/j.jallcom.2024.177150,Yunfan Fu; Canyang Chen; Xuefeng Liu; Shiquan Huang; Juncheng Mao; Youping Yi,2025-1,,https://api.elsevier.com/content/article/PII:S0925838824037381?httpAccept=text/xml,11
A novel ultra-low temperature cascade refrigeration with dual auxiliary loop to enhance thermal performance,0,2025,… A novel kind of cascade refrigeration cycle for ultra-low temperature applications has been proposed in the present work to enhance thermal performance with reduced carbon footprints …,https://www.nature.com/articles/s41598-025-08462-9,,0,"ultra-low temperature, district thermal",10.1038/s41598-025-08462-9,Sachin Kumar; Pardeep Gahlot; Suresh Kumar; Aman Kumar,7/2/2025,,https://www.nature.com/articles/s41598-025-08462-9.pdf,1
Reactive Molecular Dynamics Study of Frictional Behavior of PTFE in Ultra-Low Temperature LO2 Environments,1,2025,This study employs reactive molecular dynamics (ReaxFF MD) simulations to investigate the tribological mechanisms of polytetrafluoroethylene (PTFE) under a liquid oxygen (LO2) …,https://www.sciencedirect.com/science/article/pii/S0301679X2500283X,,0,"ultra-low temperature, district thermal",10.1016/j.triboint.2025.110788,Yiyao Luo; Jindao Guo; Fei Chen; Ke Yan; Bin Fang; Jiannan Sun; Xinglong Zhang; Jun Hong,2025-10,,https://api.elsevier.com/content/article/PII:S0301679X2500283X?httpAccept=text/xml,1
"Experimental investigation on a novel, counter flow solid desiccant-coated fin tube heat exchanger driven by ultra-low-grade-heat source in humid conditions",2,2025,… wherein temperatures range from 26.7–32.2 C at a nominal relative humidity of 78 %. The proposed system uses an ultra-low-temperature heat source at an average temperature of 50 …,https://www.sciencedirect.com/science/article/pii/S1359431125022161,,0,"ultra-low temperature, district thermal",10.2139/ssrn.5184254,Gouse Ahammad Shaik; V. Prabakaran; Mrinal Ketan Jagirdar,2025,,,0
Development of a numerical model for frost formation on ultra-low temperature surfaces considering both desublimation and fog deposition,3,2025,"… On an ultra-low temperature plate (−170 C), the characteristic … temperature surfaces, from general-low temperatures where only desublimation is dominant to ultra-low temperatures …",https://www.sciencedirect.com/science/article/pii/S0017931024011505,,0,"ultra-low temperature, district thermal",10.1016/j.ijheatmasstransfer.2024.126321,Akihiro Hattori; Tetsuya Sato; Takehiro Himeno; Toshinori Watanabe,2025-1,,https://api.elsevier.com/content/article/PII:S0017931024011505?httpAccept=text/xml,4
Effect of microstructural homogeneity on ultra-low temperature impact fracture mechanism of high-strength 9% Ni steel,2,2025,"… homogeneity on the ultra-low temperature impact fracture mechanism of 9 %Ni steel was studied through microstructure characterization, ultra-low temperature impact toughness testing …",https://www.sciencedirect.com/science/article/pii/S0264127525007385,,0,"ultra-low temperature, district thermal",10.1016/j.matdes.2025.114318,Dazheng Zhang; Tingfeng Xu; Jiakai Xu; Weijuan Li; Hongliang Zhang; Jiaping Hou,2025-8,,https://api.elsevier.com/content/article/PII:S0264127525007385?httpAccept=text/xml,2
The Effect of Through-Silicon-Via Thermal Stress on Metal-Oxide-Semiconductor Field-Effect Transistor Properties Under Cooling to Ultra-Low Temperatures,2,2025,"… of 5 GHz is the ultra-low temperature of 20 mK [23]. … ultra-low temperatures, so the goal of this work is to fill this gap. Furthermore, Song et al. validated the impact of material temperature …",https://www.mdpi.com/2072-666X/16/2/221,,0,"ultra-low temperature, district thermal",10.3390/mi16020221,Wenting Xie; Xiaoting Chen; Liting Zhang; Xiangjun Lu; Bing Ding; An Xie,2/15/2025,"The thermal through-silicon-via (TTSV) has a serious thermal stress problem due to the mismatch of the coefficient of thermal expansion between the Si substrate and filler metal. At present, the thermal stress characteristics and strain mechanism of TTSV are mainly concerned with increases in temperature, and its temperature range is concentrated between 173 and 573 K. By employing finite element analysis and a device simulation method based on temperature-dependent material properties, the impact of TTSV thermal stress on metal-oxide-semiconductor field-effect transistor (MOSFET) properties is investigated under cooling down from room temperature to the ultra-low temperature (20 mK), where the magnitude of thermal stress in TTSV is closely associated with the TTSV diameter and results in significant tension near the Cu-Si interface and consequently increasing the likelihood of delamination and cracking. Considering the piezoresistive effect of the Si substrate, both the TTSV diameter and the distance between TTSV and MOSFET are found to have more pronounced effects on electron mobility along [100] crystal orientation and hole mobility along [110] crystal orientation. Applying a gate voltage of 3 V, the saturation current for the 45 nm-NMOS transistor oriented along channel [100] experiences a variation as high as 34.3%. Moreover, the TTSV with a diameter of 25 μm generates a change in MOSFET threshold voltage up to −56.65 mV at a distance as short as 20 μm. The influences exerted by the diameter and distance are consistent across carrier mobility, saturation current, and threshold voltage parameters.",https://www.mdpi.com/2072-666X/16/2/221/pdf,1
Calculation and Analysis of Carbon Emission of Ultra-low Energy Consumption Residential Buildings in Frigid Regions Based on the Emission Factor Approach,0,2025,"… ultra-low-energy residential buildings in severely cold regions through Software PHES, and calculates the energy-saving results of ultra-lowenergy … ultra-low temperature heat pump …",https://combinatorialpress.com/article/jcmcc/Volume%20127/127ap2/Calculation%20and%20Analysis%20of%20Carbon%20Emission%20of%20Ultra-low%20Energy%20Consumption%20Residential%20Buildings%20in%20Frigid%20Regions%20Based%20on%20the%20Emission%20Factor%20Approach.pdf,http://scholar.google.com/https://combinatorialpress.com/article/jcmcc/Volume%20127/127ap2/Calculation%20and%20Analysis%20of%20Carbon%20Emission%20of%20Ultra-low%20Energy%20Consumption%20Residential%20Buildings%20in%20Frigid%20Regions%20Based%20on%20the%20Emission%20Factor%20Approach.pdf,0,"ultra-low temperature, district energy",10.61091/jcmcc127a-444,,3/30/2025,,,0
Energy-Saving Design Strategies for Industrial Heritage in Northeast China Under the Concept of Ultra-Low Energy Consumption,5,2025,… This study focuses on ultra-low energy consumption and energy-saving to address the practical conditions of industrial heritage. We comprehensively consider sustainable development…,https://www.mdpi.com/1996-1073/18/5/1289,,0,"ultra-low temperature, district energy",10.3390/en18051289,Shiqi Yang; Hui Ma; Na Li; Sheng Xu; Fei Guo,3/6/2025,"Countries around the world have developed standards for ultra-low energy consumption building design and future plans. Unfortunately, these standards lack specific requirements for industrial heritage. As an important carrier of urban context, history, and the transmission of residents’ memories, industrial heritage cannot be overlooked in urban development. This study uses DesignBuilder energy simulation software to model industrial heritage (taking the Changchun Tractor Factory as an example) and compares the energy consumption before and after renovation strategies. The results show that in the Case 4 plan, after implementing the renovation strategy, heating energy consumption can be reduced by about 11,648 (kWh/m2) over the heating season, the total primary energy was reduced by about 4 million (kgce/tce), and total energy consumption decreases by approximately 95%. This demonstrates the effectiveness of the industrial heritage reuse design strategy proposed in this paper. It provides a new direction for reuse design under ultra-low energy consumption requirements in related case studies.",https://www.mdpi.com/1996-1073/18/5/1289/pdf,5
Analysis of the Operation Scheme of the Heat Pump System of Electric automobile under Low-temperature Conditions,0,2025,"… To inform the constant manipulation of the steam ejection circuit, we need to adjust the ejection super heat, especially under ultra-low temperature conditions. The reason is that the …",https://ieeexplore.ieee.org/abstract/document/11071193/,,0,"ultra-low temperature, district heat pump",10.1109/net-lc65482.2025.11071193,Xiaoxue Ma; Fei You; Xiaotong Wang; Xueqin Wang,5/9/2025,,http://xplorestaging.ieee.org/ielx8/11069376/11070327/11071193.pdf?arnumber=11071193,0
Dynamic performance of an integrated heat pump system coupled free cooling and waste heat recovery in data centers,7,2025,… heat for district heating is an effective strategy to enhance energy efficiency in data centers. To align data center waste heat recovery with heat … -integrated heat pump district heating …,https://www.sciencedirect.com/science/article/pii/S036054422501480X,,0,"ultra-low temperature, district heat pump",10.1016/j.energy.2025.135838,Feng Zhou; Xuwen Tian; Yu Song; Guoyuan Ma,2025-5,,https://api.elsevier.com/content/article/PII:S036054422501480X?httpAccept=text/xml,9
… for Oil and Gas Wells in Low-Temperature Environments: Operational Performance and Techno-Economic Assessment of Multi-Configuration Air-Source Heat Pump …,0,2025,… representative heat pump systems configurations during a typical low-temperature season. … Transcritical CO 2 Air Source Heat Pumps (TC-ASHP) belong to the ultra-low-temperature …,https://onepetro.org/SPEADIP/proceedings-abstract/25ADIP/25ADIP/792755,,0,"ultra-low temperature, district heat pump",10.2118/229161-ms,Baohua Zhao; Kelin Wang; Qianxing Deng; Weidong Zhao; Xuguang Li; Bailing Chen; Chunjian Huang; Guodong Jia; Guanggui Zou,11/3/2025,"Against the backdrop of an accelerating global low-carbon energy transition, oil and gas field enterprises as traditional energy producers are under immense pressure to reduce energy consumption and carbon emission intensity in their production operations. During hydrocarbon extraction, particularly in gathering, transportation, and treatment processes, continuous thermal energy input is essential to maintain fluid mobility, prevent freezing, and meet process requirements. The resultant energy consumption constitutes a significant component of both operational costs and carbon footprints. Consequently, effectively reducing energy consumption in gathering/processing systems while achieving clean heating alternatives has emerged as one of the key imperatives for oilfield enterprises pursuing green.
                  Western China's desert regions harbor abundant oil and gas resources, yet their extreme environmental conditions impose severe challenges on production equipment. Taking this oilfield as a representative case, its location deep within a typical desert basin subjects operations to ground temperature extremes ranging from −33.2°C to 70.6°C. Under such conditions, extracted fluids require continuous heating at well sites to ensure safe and uninterrupted transportation. Historically, gas-fired heaters and electromagnetic heaters have served as primary heating solutions, but the former suffers from fossil fuel consumption and direct carbon emissions, while the latter incurs prohibitively high electricity demands. To support China's dual-carbon goals and advance clean energy adoption at well sites, heat pump technology has emerged as a promising alternative due to its utilization of ambient thermal energy, high efficiency, and low carbon footprint.[1] Consequently, the oilfield has deployed nearly 100 heat pump units across multiple configurations, including single-stage, cascade, transcritical CO2, and solar collector-integrated systems, aiming to replace conventional heating methods. However, the actual operational performance and reliability of air-source heat pumps under frigid conditions remain inadequately validated.[2] The absence of systematic field data and in-depth analysis has created significant uncertainty, severely constraining large-scale implementation of this technology in similar harsh-environment oilfields.
                  To address this research gap and scientifically evaluate the applicability and energy efficiency of various heat pump systems under extreme cold conditions in actual well sites, this study implemented systematic field monitoring and analysis of seven representative heat pump systems configurations during a typical low-temperature season. The investigated systems encompassed single-stage, cascade, transcritical CO2, and flat-plate collector-integrated units. Throughout the winter operational period (November 2024 to March 2025), the research team collected 3000 high-resolution datasets capturing critical parameters including flow rates, inlet/outlet temperatures, partial composition and ambient conditions. Applying the first law of thermodynamics and standardized heat transfer models, we quantitatively evaluated three key performance indicators: actual heat delivery capacity, coefficient of performance (COP), Clean replacement rate. Through comprehensive techno-economic analysis considering capital expenditure and operational outcomes, this research identifies optimized solutions for clean thermal energy supply in hydrocarbon fields under analogous extreme environments.",https://onepetro.org/SPEADIP/proceedings-pdf/doi/10.2118/229161-MS/5283653/spe-229161-ms.pdf,0
Experimental study on a direct steam generation unit of high temperature air source heat pump,2,2025,"… perspectives for enhancing the performance of air source heat pump steam generation technology, presenting a high-efficiency, low-emission alternative for industrial steam heating. …",https://www.sciencedirect.com/science/article/pii/S0360544225025289,,0,"ultra-low temperature, district heat pump",10.1016/j.energy.2025.136886,Bin Hu; Liang Xu; Bo Xiang; Lijun Shi; Shuai Jiang; Jikang Jia; Yongji Lv; Maoxin Tan; Pengfei Si,2025-9,,https://api.elsevier.com/content/article/PII:S0360544225025289?httpAccept=text/xml,2
Assessment of the performance of ultralow‐GWP refrigerants in a two‐stage heat pump system using simulation and MCMD,0,2025,… injection heat pump operating at outdoor temperatures as low as ¿20 C and a condenser temperature … Advanced exergy analysis of ultra-low GWP reversible heat pumps for residential …,https://aiche.onlinelibrary.wiley.com/doi/abs/10.1002/ep.70132,,0,"ultra-low temperature, district heat pump",10.1002/ep.70132,Kuanrong Qiu; Martin Thomas,10/21/2025,"Abstract
                  
                    The Kigali Amendment's mandate to phase down high‐GWP refrigerants highlights the urgent need for sustainable alternatives in cold climate heat pumps, which are critical for delivering efficient heating in severely cold regions. This study evaluates ultralow‐GWP refrigerants—R‐290, R‐152a, R‐161, R‐1234yf, and R‐1234ze(E)—for application in a two‐stage vapor injection heat pump operating at outdoor temperatures as low as −20 °C and a condenser temperature of 52 °C. The methodology integrates modeling and simulation with thermodynamic and exergy analyses, total equivalent warming impact (TEWI) assessment, and a TOPSIS‐based multicriteria decision‐making (MCDM) approach. Results show that R‐152a achieves the highest COP (2.92) and the lowest TEWI (9078.78 kg CO
                    2
                    e), followed by R‐290 (COP = 2.81, TEWI = 9345.6 kg CO
                    2
                    e), while R‐161 shows the lowest COP (2.64). A trade‐off in volumetric heating capacity is observed: R‐152a delivers 3.2 MJ/m
                    3
                    versus 3.78 MJ/m
                    3
                    for R‐161. Exergy efficiency increases with ambient temperature; for example, R‐152a improves from 0.355 to 0.383 as temperature rises from −20 °C to 0 °C. The TOPSIS ranking confirms R‐152a as the top performer (score = 0.642), closely followed by R‐290 (0.637). All refrigerants evaluated show acceptable performance for cold‐climate use. Notably, R‐152a and R‐290 emerge as climate‐friendly, high‐performance candidates. Unlike prior studies that rely primarily on single‐criterion comparisons, this work introduces a novel integrated framework combining thermodynamic, exergy, environmental, and MCDM analyses to guide refrigerant selection for sustainable heating in cold climates.
                  ",https://aiche.onlinelibrary.wiley.com/doi/pdf/10.1002/ep.70132,0
Ultra-low heat loss photovoltaic/thermal collectors based on vacuum and low emissivity technology,0,2025,"… to generate sufficient thermal energy in winter. In this paper, a novel ultra-low heat loss PV/T … , effectively suppressing heat dissipation and enhancing thermal efficiency. Through …",https://www.sciencedirect.com/science/article/pii/S0360544225048637,,0,"ultra-low temperature, thermal network",10.1016/j.energy.2025.139221,Xue Li; Ken Chen; Qiongwan Yu; Kongfu Hu; Runze Wu; Lingfeng Shi; Yong Hao; Gang Pei,2025-12,,https://api.elsevier.com/content/article/PII:S0360544225048637?httpAccept=text/xml,0
Design of heat insulation mechanism for ultra-low temperature liquid level detection,0,2025,"… ultralow temperature liquid, and its liquid level is reflected by the float in the pipeline with the liquid level. A heat … normal temperature environment under the ultra-low temperature liquid …",https://www.spiedigitallibrary.org/conference-proceedings-of-spie/13513/135130X/Design-of-heat-insulation-mechanism-for-ultra-low-temperature-liquid/10.1117/12.3045424.short,,0,"ultra-low temperature, thermal network",10.1117/12.3045424,Senlin Cheng; xinyi xia; Xin Shi,1/15/2025,,,0
Hierarchical Sandwich-Structured Composites with Ultra-Low Density and Extreme High-Temperature Resistance for Thermal Protection Systems,0,2025,"… , and thermal insulation, attributed to the synergistic effects of the oxidation-resistant CMC layers and the hierarchical aerogel core with a three-dimensional fiber network. Although …",https://www.sciencedirect.com/science/article/pii/S0272884225049077,,0,"ultra-low temperature, thermal network",10.1016/j.ceramint.2025.10.063,Xiang Yang; Jiang Bin-zhi; Yao Sen; Cao Jian-ping; Wu Xu-hui; Li Hai-long,2025-11,,https://api.elsevier.com/content/article/PII:S0272884225049077?httpAccept=text/xml,0
Magnetic refrigerants for ultra-low temperatures: a mini-review,0,2025,"… entropy changes down to the lowest accessible temperatures. We analyze the interplay between volumetric entropy density, thermal conductivity, and magnetic ordering, offering …",https://iopscience.iop.org/article/10.1088/1674-1056/ae24f0/meta,,0,"ultra-low temperature, thermal network",10.1088/1674-1056/ae24f0,Ziyu W. Yang; Shuai Tang; Guangkai Zhang; Ciyu Qin; Maocai Pi; Xubin Ye; Zhao Pan; Yu-Jia Zeng; Youwen Long,11/27/2025,"Abstract
                  Accessing the millikelvin regime is essential for next-generation quantum technologies and deep-space observations. Among cooling techniques, adiabatic demagnetization refrigeration (ADR) stands out for its solid-state, vibration-free operation and gravity independence. This review provides a comprehensive materials-centered analysis of ADR refrigerants, tracing their evolution from classical thermodynamic principles to quantum many-body phenomena. Moving beyond traditional hydrated paramagnetic salts and dense rare-earth oxides, we focus on the emergence of quantum-engineered refrigerants, such as structurally disordered ceramics, geometrically frustrated magnets, and quantum-critical systems. In these advanced materials, the suppression of long-range order and the control of low-energy collective excitations enable large, reversible entropy changes down to the lowest accessible temperatures. We analyze the interplay between volumetric entropy density, thermal conductivity, and magnetic ordering, offering possible design principles for staged ADR architectures. This review illustrates a fundamental shift in cryogenic materials design: from minimizing interactions in ideal paramagnets toward actively harnessing quantum many-body fluctuations for enhanced cooling performance.",https://iopscience.iop.org/article/10.1088/1674-1056/ae24f0,0
Investigation on the synergistic effect mechanism of hydroxyl-terminated PES/Nano-SiO2 on the mechanical properties of epoxy resin at ultra-low temperatures,3,2025,"… in elongation at break at ultra-low temperatures. These enhancements are attributed to the … polymer network (SIPN) during the curing process, which strengthens the molecular network …",https://www.sciencedirect.com/science/article/pii/S2452213925001548,,0,"ultra-low temperature, thermal network",10.1016/j.coco.2025.102401,Jinghua Wang; Zhishen Yin; Jie Sun; Yeqing Liu; Ruoxi Fan; Jialiang Li; Duo Chen; Jia Yan; Shichao Li; Zhanjun Wu,2025-6,,https://api.elsevier.com/content/article/PII:S2452213925001548?httpAccept=text/xml,3
Surface-bulged graphene-lamellae networks with ultra-low thermal resistance,1,2025,"… the lamellae can reconstruct the networks by deformation to enhance the out-of-plane thermal conductivity. Thus, the SBGLN achieves an ultra-low total thermal resistance of 0.081 cm 2 …",https://www.sciencedirect.com/science/article/pii/S1005030225002774,,0,"ultra-low temperature, thermal network",10.1016/j.jmst.2025.03.009,Kun Huang; Songfeng Pei; Jiaqi Guo; Qing Zhang; Chaoqun Ma; Rui Liu; Hui-Ming Cheng; Wencai Ren,2025-11,,https://api.elsevier.com/content/article/PII:S1005030225002774?httpAccept=text/xml,1
Dynamically Crosslinking Bio‐Inspired Adhesives with High Bond Strength and Multi‐Environmental Adaptability for Ultra‐Low Temperature Adhesion,5,2025,"… After modification, the maximum thermal decomposition temperature of the emulsion … to 6.5%, indicating that the crosslinking network structure improved the thermal stability of ETGSO. …",https://advanced.onlinelibrary.wiley.com/doi/abs/10.1002/adfm.202511884,,0,"ultra-low temperature, thermal network",10.1002/adfm.202511884,Wei Gao; Ziming Fu; Wenyu Pan; Changyu Qin; Chuang Ning; Ming Liu; Zhiyong Qin; Zequan Li; Shuangliang Zhao,6/20/2025,"Abstract
                  Wood‐based composite materials exhibit significant potential for applications in complex environments such as polar house construction and offshore oil engineering. Excellent wood adhesives are crucial for the weather resistance, structural toughness, and environmental performance of wooden products. However, traditional adhesives suffer from poor water resistance, toxic residue, and reliance on high‐temperature press curing. Inspired by the crosslinking of bird nest proteins, this study modifies carboxylated styrene‐butadiene latex through in situ epoxidation, converting non‐polar double bonds into highly reactive groups. By combining multi‐amino prepolymers, modified silica, and epoxy‐modified emulsion, a dual physical‐chemical crosslinking system is constructed, resulting in the development of a cold‐press adhesive. The material demonstrates excellent dry/wet shear strength (4.03/1.96 MPa) and debonding work (2.47 J), with a minimal strength loss of less than 7% across extreme temperature ranges (−196 to 85 °C) and significantly improved low‐temperature brittleness (−196 °C strength retention at 3.67 MPa). Additionally, it exhibits long‐lasting solvent resistance (70% strength retention after 36 days of immersion) as well as flame‐retardant properties. Based on these excellent properties, wood adhesives designed for heat‐free bonding are expected to be used in a variety of complex environments, including polar house construction, deep‐sea oil extraction, and space applications.",https://advanced.onlinelibrary.wiley.com/doi/pdf/10.1002/adfm.202511884,3
Characteristics of lunar regolith solidified with low binder content: Influencing factors and high-temperature-ultra-low temperature cyclic deterioration behavior,1,2025,"… Given the extreme environmental conditions on the lunar surface, building materials must possess multiple properties, including resistance to both high and ultra-low temperatures. In …",https://www.sciencedirect.com/science/article/pii/S0950061825031332,,0,"ultra-low temperature, thermal network",10.1016/j.conbuildmat.2025.142982,Juanhong Liu; Huan Cheng; Xiaogang Liu; Jiyong Liang; Yang Zuo; Feiyang Qiang,2025-9,,https://api.elsevier.com/content/article/PII:S0950061825031332?httpAccept=text/xml,1
Evolution and Evaluation of Ultra‐Low Temperature Freezers: A Comprehensive Literature Review,1,2025,… Abstract: This review paper addresses the design and testing of Ultra-Low Temperature (ULT… an ultralow temperature cascade refrigeration freezer based on an artificial neural network. …,https://www.preprints.org/manuscript/202505.2338/download/final_file,,0,"ultra-low temperature, thermal network",10.20944/preprints202505.2338.v1,Christos Kypraiou; Theodoros Varzakas,5/29/2025,"This review paper addresses the design and testing of Ultra-Low Temperature (ULT) freezers, highlighting their critical functions in various industries, particularly foods, medicine and research. ULT freezers operating at temperatures of -86&amp;deg;C and lower have come a long-way with improvements in freezing technology, for instance, from traditional vapor compression systems to new multi-stage refrigeration technologies. This progress has added operational reliability and energy efficiency, essential for preserving delicate samples and facilitating groundbreaking research. The article deeply explores the contribution of refrigerants to ULT freezer efficiency and sustainability. With the use of chlorofluorocarbons (CFCs), previously reliant on them, being prohibited due to environmental concerns, the sector opted for environmentally friendly substitutes like hydrofluorocarbons (HFCs), natural refrigerants, and hydrofluoroolefins (HFOs). Regulatory compliance is ensured by rigid validation protocols to guarantee ULT freezers are safe and meet quality requirements without compromising the integrity of the stored material. In addition to their wide-ranging advantages, ULT freezers also have disadvantages such as energy efficiency, incorporating automation, the integration of IoT and AI for proactive maintenance, and developing environmentally sustainable refrigerants. Adequate management strategies, including regular employee training and advanced monitoring systems, are vital to counteract threats from temperature variations and reduce long-term diminished performance. Finally, subsequent innovations in ULT freezer technology will not only aid in research and medical initiatives but also support sustainable practices, ensuring their core role as beacons of innovation in preserving the quality of precious biological materials and increasing public health gains.",,0
Carboxymethyl chitosan-based form-stable phase change materials with ultra-low leakage and excellent low-temperature buffering performance,2,2025,"… Additionally, the FSPCM exhibited superior thermal stability and biocompatibility. This study provides new insight into an alternative package design for green and low-temperature …",https://www.sciencedirect.com/science/article/pii/S0144861725008173,,0,"ultra-low temperature, thermal network",10.1016/j.carbpol.2025.124033,Dengshuang Guo; Yuwei Zhang; Kuncong Chen; Shun Wang; Zhongfeng Tang; Baofeng Lin,2025-11,,https://api.elsevier.com/content/article/PII:S0144861725008173?httpAccept=text/xml,2
TiO2 nanowire aerogels with interlocking network structure: Achieving ultra-low density and superior strength for thermal insulation,7,2025,"… possess remarkable thermal insulation properties, maintaining mechanical stability across a broad temperature range from −196 to 800 C. Additionally, they feature an ultra-low thermal …",https://www.sciencedirect.com/science/article/pii/S1385894725012586,,0,"ultra-low temperature, thermal network",10.1016/j.cej.2025.160453,Yaxuan Luo; Yanwei Wang; Yalong Liao; Ruo Qiang; Ye Yuan; Yu Ma; Xianxian Sun; Huibin Xu; Enshuang Zhang; Yibin Li,2025-3,,https://api.elsevier.com/content/article/PII:S1385894725012586?httpAccept=text/xml,6
Hyperbranched polyurethane co-crosslinked with epoxy resin achieves strong bonding at both room temperature and ultra-low temperatures,2,2025,"… -linked network that balances … temperature reached 30.16 MPa, far exceeding the basic requirements for structural adhesives (>10 MPa). Moreover, even under ultra-low temperature (-…",https://www.sciencedirect.com/science/article/pii/S0927775724028139,,0,"ultra-low temperature, thermal network",10.1016/j.colsurfa.2024.135949,Peixin Niu; Zhiying Zhao; Diedie Xu; Jun Zhu; Ailing Sun; Liuhe Wei; Yuhan Li,2025-2,,https://api.elsevier.com/content/article/PII:S0927775724028139?httpAccept=text/xml,1
Parametric analysis of a three-stage cascade refrigeration system for ultra-low temperature applications and performance prediction using multilayer perceptron …,0,2025,… and artificial intelligence analyses performed for the three-stage cascade refrigeration system in this study will serve as a model for ultra-low temperature refrigeration system designs. …,https://www.tandfonline.com/doi/abs/10.1080/23744731.2025.2523204,,0,"ultra-low temperature, thermal network",10.1080/23744731.2025.2523204,Oguzhan Pektezel,6/30/2025,,https://www.tandfonline.com/doi/pdf/10.1080/23744731.2025.2523204,0
The ultra-low temperature resistance carbon fiber/epoxy composites and failure mechanism,0,2025,"… As the temperature rises to the vicinity of T p , PDMS is thermally activated to participate in the chain expansion reaction and form a mixed cross-linking network with EP/EMI, the dα/dt …",https://journals.sagepub.com/doi/abs/10.1177/07316844251337170,,0,"ultra-low temperature, thermal network",10.1177/07316844251337170,Xilong Huang; Linghong Zeng; Yongli Chen; Lu Wang; Wenyan Lv; Huixing Lin,4/22/2025,"
            Hydrogen embrittlement is a significant flaw in ultra-low temperature storage materials, leading to potential hydrogen leakage and subsequent explosions. In this study, an excellent cryogenic properties carbon fiber (T300) /epoxy composite (CFRP) is prepared by having diglycidyl 4-cyclohexene-1,2-dicarboxylate with excellent cryogenic properties as matrix material, bis(3-aminopropyl)-capped polydimethylsiloxane (M
            n
            = 1000) as a curing agent, and 2-ethyl-4-methylimidazole as an accelerator. The experimental results show that the tensile strength of the pure epoxy resin is increased to 37.97 MPa and the elongation at break is reduced to 4.71% when the mass ratio of curing agent to accelerator is 5:5 (EP55). The CFRP prepared based on EP55 has a tensile strength of 221.7 MPa and a flexural strength of 251.5 MPa at 77 K, which only reduces by 2.63% and 12.01% compared with the room temperature, respectively, proving that the excellent ultra-low temperature resistance properties. In addition, scanning electron microscopy (SEM) is utilized to investigate the failure mechanisms of CFRP based on the [0°/45°/90°/135°] layering modes. It mainly attributed to the incorporation of Si-O flexible chains, which enhance the motility of the crosslink network at 77 K, thereby improving load transfer and promoting shear band formation.
          ",https://journals.sagepub.com/doi/pdf/10.1177/07316844251337170,0
Multi-objective flexibility strategies of ultra-low load operations for 1000 MW coal-fired power plant integrated with gas turbine,1,2025,"… power generation to ensure grid stability and security. However, the challenges such as reduced efficiency and limited load-following capability under ultra-low-load conditions have …",https://www.sciencedirect.com/science/article/pii/S135943112501587X,,0,"ultra-low temperature, thermal grid",10.1016/j.applthermaleng.2025.126995,Jing Zhou; Jun Xiang; Fei Duan,2025-11,,https://api.elsevier.com/content/article/PII:S135943112501587X?httpAccept=text/xml,0
Experimental study on frost formation on the surface of ultra-low temperature circular tubes under forced convection conditions,1,2025,"… ultra-low temperatures. To systematically examine frost layer formation under ultra-low temperature … the effects of humid air parameters: temperature, flow velocity and moisture content …",https://www.sciencedirect.com/science/article/pii/S0017931025006192,,0,"ultra-low temperature, thermal grid",10.1016/j.ijheatmasstransfer.2025.127280,Youzhi Mi; Meng Liu; Hao Wu; Ruikai Zhao; Keyong Zhu,2025-10,,https://api.elsevier.com/content/article/PII:S0017931025006192?httpAccept=text/xml,1
Electron-induced evolution of dislocation density and morphology in Mg-Y-Nd-Gd-Zr alloy at ultra-low temperature,0,2025,… on Mg-Y-Nd-Gd-Zr alloys at ultra-low temperatures to verify whether electrons can change the dislocation state of magnesium alloys under ultra-low temperature conditions. …,https://www.sciencedirect.com/science/article/pii/S2213956725001069,,0,"ultra-low temperature, thermal grid",10.1016/j.jma.2025.03.017,Chengqian Huang; Zhen Lu; Chao Xu; Xiaojun Wang; Chengcai Zhang; Dekai Liu; Bugang Teng; Lianmei Wu; Fei Li; Manman Yi,2025-4,,https://api.elsevier.com/content/article/PII:S2213956725001069?httpAccept=text/xml,0
Multifunctional electrolyte additive for high power lithium metal batteries at ultra-low temperatures,42,2025,… f Comparison of a cell-level (output) specific energy and specific power with state-of-the-art electrolytes and our work at ultra-low temperature. Source data are provided as a Source …,https://www.nature.com/articles/s41467-025-58627-3,,0,"ultra-low temperature, thermal grid",10.1038/s41467-025-58627-3,Weili Zhang; Yang Lu; Qingqing Feng; Hao Wang; Guangyu Cheng; Hao Liu; Qingbin Cao; Zhenjun luo; Pan Zhou; Yingchun Xia; Wenhui Hou; Kun Zhao; Chunyi Du; Kai Liu,4/8/2025,"Abstract
                  
                    Ultra-low-temperature lithium metal batteries face significant challenges, including sluggish ion transport and uncontrolled lithium dendrite formation, particularly at high power. An ideal electrolyte requires high carrier ion concentration, low viscosity, rapid de-solvation, and stable interfaces, but balancing these attributes remains a formidable task. Here, we design and synthesize a multifunctional additive, perfluoroalkylsulfonyl quaternary ammonium nitrate (PQA-NO
                    3
                    ), which features both cationic (PQA
                    +
                    ) and anionic (NO
                    3
                    −
                    ) components. PQA
                    +
                    reacts in situ with lithium metal to form an inorganic-rich solid-electrolyte interphase (SEI) that enhances Li
                    +
                    transport through the SEI film. NO
                    3
                    −
                    creates an anion-rich, solvent-poor solvation structure, improving oxidation stability at the positive electrode/electrolyte interface and reducing Li
                    +
                    -solvent interactions. This allows ether-based electrolytes to achieve high voltage tolerance, increased ionic conductivity, and lower de-solvation energy barriers. The Li (40 µm)||NMC811 (3 mAh cm
                    −2
                    ) coin cells with the developed electrolyte exhibited stable cycling at -60 °C and a 450 Wh kg
                    −1
                    pouch cell retained 48.1% capacity at -85 °C, achieving a specific energy (except tabs and packing foil, same hereafter) of 171.8 Wh kg
                    −1
                    . Additionally, the pouch cell demonstrated a discharge rate of 3.0 C at -50 °C, reaching a specific power (except tabs and packing foil, same hereafter) of 938.5 W kg
                    −1
                    , indicating the electrolyte’s suitability for high-rate lithium metal batteries in extreme low-temperature environments.
                  ",https://www.nature.com/articles/s41467-025-58627-3.pdf,40
Powering the extreme: rising world of batteries that could operate at ultra-low temperatures,0,2025,"… Rechargeable lithium-ion batteries and sodium-ion batteries significantly underperform at ultra-low temperatures, limiting their applicability in critical fields such as aerospace, polar …",https://pubs.rsc.org/en/content/articlehtml/2025/cc/d5cc02279g,,0,"ultra-low temperature, thermal grid",10.1039/d5cc02279g,Sung-Kwang Jung; Jyotirekha Dutta; Surendra K. Martha; Martin Byung-Guk Jun; Vilas G. Pol,2025,"Rechargeable lithium-ion batteries and sodium-ion batteries significantly underperform at ultra-low temperatures, limiting their applicability in critical fields such as aerospace, polar exploration, and cold-climate electric vehicles.",http://pubs.rsc.org/en/content/articlepdf/2025/CC/D5CC02279G,0
Novel approach to modeling ultra‐low temperature frost formation using Computational Fluid Dynamics,0,2025,"… cially in complex cases with high grid counts. Furthermore, given … ideal, especially in ultra-low temperature frosting, where ice … change model for ultra-low temperature frosting modeling …",https://aiche.onlinelibrary.wiley.com/doi/abs/10.1002/aic.18925,,0,"ultra-low temperature, thermal grid",10.1002/aic.18925,Joshua Chang Qai Wong; Biao Sun; Milinkumar Shah; Ranjeet P. Utikar; Vishnu Pareek,6/4/2025,"AbstractThis study presents the development of a computational fluid dynamics model for predicting ultra‐low temperatures (less than −100°C). The frost formation rate was characterized using dimensionless numbers derived from operating conditions. To better capture the underlying physical phenomena of ultra‐low temperature frosting, various physical parameters were introduced and systematically adjusted. Additionally, an ice deposition model—often overlooked in existing studies—was incorporated to enhance the model's accuracy. The influence of each parameter on predicted frost thickness was analyzed, and the simulation results were validated against experimental data. Using the established model, the impact of operating conditions on frost growth was investigated. The predicted trends in frost growth under varying conditions showed strong agreement with experimental observations. This model lays the foundation for simulating ultra‐low frost formation in more complex geometries at different operating conditions.",https://aiche.onlinelibrary.wiley.com/doi/pdf/10.1002/aic.18925,0
3D-printed redox-active polymer electrode with high-mass loading for ultra-low temperature proton pseudocapacitor,6,2025,"The stable operation of supercapacitors at extremely low temperatures is crucial for applications in harsh environments. Unfortunately, conventional inorganic electrodes suffer from …",https://www.sciencedirect.com/science/article/pii/S2772834X24000782,,0,"ultra-low temperature, thermal grid",10.1016/j.apmate.2024.100247,Miaoran Zhang; Tengyu Yao; Tiezhu Xu; Xinji Zhou; Duo Chen; Laifa Shen,2025-2,,https://api.elsevier.com/content/article/PII:S2772834X24000782?httpAccept=text/xml,3
Microstructure and mechanical properties of Cu/In–Zn–Sn–Bi/Cu joints bonded with high-entropy alloy solder at ultra-low temperature,1,2025,"To meet the requirements of hierarchical packaging, this paper investigated a low-melting-point high-entropy alloy (HEA) solder. The solder was synthesized by melting pure metal …",https://link.springer.com/article/10.1007/s10854-025-14903-y,,0,"ultra-low temperature, thermal grid",10.1007/s10854-025-14903-y,Guodong Wu; Jingfang Shen; Khairi Faiz Muhammad; Ding Zhou; Yew Hoong Wong; Zhixiang Si,5/31/2025,,https://link.springer.com/content/pdf/10.1007/s10854-025-14903-y.pdf,0
Research on Electromagnetic Performance and Rotor Eddy Current Loss Suppression of Ultra‐Low Temperature and High‐Speed Permanent Magnet Motor Materials …,2,2025,"… ultra-low temperature measurement experiments on the electromagnetic performance of motor structural components materials, studies the factors affecting the ultra-low temperature …",https://onlinelibrary.wiley.com/doi/abs/10.1002/tee.24216,,0,"ultra-low temperature, thermal grid",10.1117/12.3065609,Yang Hao; Mingji Liu; Le Yu; Yang Zhan,5/27/2025,,,0
Numerical investigation of low temperature icing mechanisms in ultra-high-pressure supersonic flow,1,2025,"… for high-pressure, supersonic, ultra-low-temperature, trace water environments. Numerical analysis was conducted to investigate the flow, heat transfer, and deposition behavior of …",https://www.sciencedirect.com/science/article/pii/S0017931025004429,,0,"ultra-low temperature, thermal grid",10.1016/j.ijheatmasstransfer.2025.127103,Jiahui Ren; Longlong Gao; Yuhao Fan; Baoren Li,2025-8,,https://api.elsevier.com/content/article/PII:S0017931025004429?httpAccept=text/xml,1
Thermodynamic performance analysis of steam power plants during deep peak shaving processes: Integrating a novel top turbine system in ultra-low loads,5,2025,"… at ultra-low loads (lower than 30 % load) to meet grid requirements, which results in thermal … at all loads, especially for the ultra-low loads. The results reveal that integrating the top …",https://www.sciencedirect.com/science/article/pii/S0360544225000672,,0,"ultra-low temperature, thermal grid",10.1016/j.energy.2025.134425,Bo Sun; Yongliang Zhao; Shunqi Zhang; Jinyi Zhou; Jiping Liu; Pengwei Zhang; Junjie Yan,2025-1,,https://api.elsevier.com/content/article/PII:S0360544225000672?httpAccept=text/xml,5
Dynamic mechanical behavior of three-dimensional six-directional braided composites at ultra-low temperatures,0,2025,"… ultra-low temperatures was established, and mechanical property tests were conducted across different strain rates and temperatures. … composites operating at ultra-low temperatures. …",https://www.sciencedirect.com/science/article/pii/S0266353825002398,,0,"ultra-low temperature, thermal grid",10.1016/j.compscitech.2025.111271,Heng Yang; Wenhao Zhao; Wenfeng Wang; Yifeng Dong; Shengjie Wang; Panding Wang; Hongshuai Lei,2025-9,,https://api.elsevier.com/content/article/PII:S0266353825002398?httpAccept=text/xml,0
Implementation of phosphonium salt for high-performance supercapacitors from room to ultra-low temperature conditions,3,2025,Conventional supercapacitors encounter limitations in operating voltage and performance at low temperatures due to poor ionic conductivity and diminished interfacial dynamics in …,https://www.sciencedirect.com/science/article/pii/S2352152X24043366,,0,"ultra-low temperature, thermal grid",10.1016/j.est.2024.114750,Hoai Van T. Nguyen; Hee Jin Han; Euna Choi; Yong Ho Lee; Kyung-Koo Lee,2025-1,,https://api.elsevier.com/content/article/PII:S2352152X24043366?httpAccept=text/xml,3
Ultra-Low-Temperature (4.2 K) Tensile Properties and Deformation Mechanism of Stainless Steel 304L Manufactured by Laser Powder Bed Fusion,2,2025,… The IPF map of LPBF 304L obtained from a plane perpendicular to the build direction reveals a grid-like grain structure with an average grain size of 31.6 μm (Fig. 1a). This grid pattern …,https://powdermat.org/journal/view.php?number=1707,,0,"ultra-low temperature, thermal grid",10.4150/jpm.2025.00066,Seung-Min Jeon; Young-Sang Na; Young-Kyun Kim,4/30/2025,"This study investigated the ultra-low-temperature (4.2 K) tensile properties and deformation mechanisms of stainless steel 304L manufactured via laser powder bed fusion (LPBF). The tensile properties of LPBF 304L were compared to those of conventional 304L to assess its suitability for cryogenic applications. The results revealed that LPBF 304L exhibited a significantly higher yield strength but lower ultimate tensile strength and elongation than conventional 304L at 4.2 K. The temperature dependence of the yield strength also favored LPBF 304L. Microstructural analysis demonstrated that LPBF 304L features a high density of dislocation cells and nano-inclusions, contributing to its greater strength. Furthermore, strain-induced martensitic transformation was observed as a key deformation mechanism at cryogenic temperatures, where austenite transformed into both hexagonal-closed packed (HCP) and body-centered cubic (BCC) martensite. Notably, BCC martensite nucleation occurred within a single HCP band. These findings provide critical insights into the mechanical behavior of LPBF 304L at cryogenic temperatures and its potential for applications in extreme environments.",http://powdermat.org/upload/pdf/jpm-2025-00066.pdf,3
Continuous Proton Channels in Vanadium Hexacyanoferrate Enable All‐Round Improved Ultra‐Low‐Temperature Energy Conversion,1,2025,"… ultra-low-temperature energy conversion. Through operando characterization and density functional theory calculations, we reveal that the [Fe(CN) 6 ] vacancies induce the formation of …",https://onlinelibrary.wiley.com/doi/abs/10.1002/smll.202507677,,0,"ultra-low temperature, thermal grid",10.1002/smll.202507677,Bofeng Zhang; Jianhua Zhang; Yingxue He; Kailing Zhou; Hao Wang,9/4/2025,"Abstract
                  
                    Proton‐based batteries emerge as a promising candidate for low‐temperature energy conversion and storage, yet their practical implementation is constrained by cathode performance limitations. Herein, [Fe(CN)
                    6
                    ] vacancies‐mediated vanadium hexacyanoferrate (VFeCN‐VHCF) with contiguous proton channels is pioneered as a proton cathode material for all‐round improved ultra‐low‐temperature energy conversion. Through operando characterization and density functional theory calculations, we reveal that the [Fe(CN)
                    6
                    ] vacancies induce the formation of V═O bonds, which serve as the active sites to store protons and endow V
                    FeCN
                    ‐VHCF to reach a high capacity. More crucially, the interaction between interstitial water and V═O─H groups constructs continuous proton channels within the V
                    FeCN
                    ‐VHCF framework, which enables rapid and unimpeded Grotthuss‐type proton conduction during redox reactions. By employing V
                    FeCN
                    ‐VHCF as the proton cathode and hydrogen gas as the anode, the fabricated V
                    FeCN
                    ‐VHCF‖H
                    2
                    proton full battery demonstrates an unprecedented specific capacity of 165.16 mAh g
                    −1
                    at 0.1 Ag
                    −1
                    . Notably, even at an ultralow temperature of −80 °C, this battery maintains a high capacity of 86.63 mAh g
                    −1
                    at 0.1 A g
                    −1
                    , which is significantly superior to previously reported low‐temperature batteries. This work offers a promising avenue for the advancement of high‐power energy storage systems designed to operate in extreme environmental conditions.
                  ",https://onlinelibrary.wiley.com/doi/pdf/10.1002/smll.202507677,0
Fifth-generation district heating and cooling: Opportunities and implementation challenges in a mild climate,25,2024,"… generation district heating and cooling (5GDHC) systems have the potential to provide simultaneous heating and cooling, allowing for energy … a higher share of cooling demand remains …",https://www.sciencedirect.com/science/article/pii/S0360544223029195,,0,"4th generation, district heating and cooling",10.1016/j.energy.2023.129525,Kristian Gjoka; Behzad Rismanchi; Robert H. Crawford,2024-1,,https://api.elsevier.com/content/article/PII:S0360544223029195?httpAccept=text/xml,17
Assessment process for the implementation of 4th generation district heating,1,2024,… 4th generation district heating system elements to an existing part of a district heating network with 3rd generation district heating … 4th generation district heating in Finnish district heating …,https://lutpub.lut.fi/handle/10024/167745,,0,"4th generation, district heating and cooling",10.1016/j.energy.2024.132630,D. Chinese; A. Meneghetti; G. Cortella; L. Giordano; E. Tomasinsig; M. Benedetti,2024-10,,https://api.elsevier.com/content/article/PII:S0360544224024046?httpAccept=text/xml,4
Aftercooling concept: An innovative substation ready for 4th generation district heating networks,5,2024,… The transition toward greener district heating (DH) systems is supported by the low-temperature operation of building heating systems. In addition to reducing the DH supply …,https://www.sciencedirect.com/science/article/pii/S036054422400522X,,0,"4th generation, district heating and cooling",10.1016/j.energy.2024.130750,Jan Eric Thorsen; Oddgeir Gudmundsson; Michele Tunzi; Torben Esbensen,2024-4,,https://api.elsevier.com/content/article/PII:S036054422400522X?httpAccept=text/xml,4
Theoretical cost and energy optimisation of a 4th generation net-zero district heating system with different thermal energy storage technologies.,15,2024,"… A model was used to simulate and optimise a speculative district heating (DH) system for an existing urban area in Loughborough, UK. Heat was supplied using only renewable heat …",https://www.sciencedirect.com/science/article/pii/S2210670723006741,,0,"4th generation, district heating and cooling",10.1016/j.scs.2023.105064,M.A. Pans; G. Claudio; P.C. Eames,2024-1,,https://api.elsevier.com/content/article/PII:S2210670723006741?httpAccept=text/xml,13
… scalability of a novel domestic hot water substation for 4th generation district heating: A case study of temperature optimization in the Viborg district heating …,2,2024,"… District heating (DH) is transitioning towards 4th generation district heating (4GDH), which requires low-temperature operation in the network and building heating system. Large …",https://www.sciencedirect.com/science/article/pii/S0360544224037885,,0,"4th generation, district heating and cooling",10.2139/ssrn.4916681,Michele Tunzi; Qinjiang Yang; Jesper  Brink Olesen; Tom Diget; Lyse  Clara Fournel,2024,,,0
A state-of-the-art analysis and perspectives on the 4th/5th generation district heating and cooling systems,29,2024,"… leap beyond its predecessor, the fourth-generation district heating system (4GDHS). To … domestic heating and to promote sector coupling between electric power and district heating …",https://www.sciencedirect.com/science/article/pii/S1364032124004556,,0,"4th generation, district heating and cooling",10.1016/j.rser.2024.114729,Shuai Yao; Jianzhong Wu; Meysam Qadrdan,2024-9,,https://api.elsevier.com/content/article/PII:S1364032124004556?httpAccept=text/xml,20
Towards Life Cycle Assessment for the Environmental Evaluation of District Heating and Cooling: A Critical Review,6,2024,"… Table 3 outlines the primary differences among DHNs from the third to the fourth generation, while the first and second generations were omitted due to their disuse. The selection of …",https://www.mdpi.com/2305-6703/4/3/7,,0,"4th generation, district heating and cooling",10.3390/standards4030007,Kevin Autelitano; Jacopo Famiglietti; Marcello Aprile; Mario Motta,7/24/2024,"District heating and cooling networks represent a compelling energy system solution due to their capacity to integrate renewable energies and leverage local surpluses of thermal resources. The meticulous design and optimization of network infrastructure are imperative to fully exploiting the potential of these energy systems. The Life Cycle Assessment of district heating and cooling networks for the purpose of environmental sustainability is a crucial and increasingly demanded aspect, particularly in light of the progressively stringent European regulations. The Life Cycle Assessment methodology could offer an evaluation throughout the entire life cycle of such networks. The proposed review scrutinizes the application of the Life Cycle Assessment methodology to evaluating the environmental profile of district heating and cooling systems. The methods, findings, and challenges are examined through a literature review and case study analysis. The results highlight variations in the climate profile influenced by the network generation type and multifunctionality approaches. The analysis revealed a range of emission factors, spanning from 11 gCO2eq/kWhth to 470 gCO2eq/kWhth for district heating and 6 gCO2eq/kWhth to 64 gCO2eq/kWhth for district cooling. The discussion emphasizes integrating district heating and cooling network management considerations and addressing methodological challenges. This study concludes by proposing future research directions for developing a universal LCA-based tool for district heating and cooling network analysis.",https://www.mdpi.com/2305-6703/4/3/7/pdf,5
Retrofitting a Fifth Generation District Heating and Cooling Network for Heating and Cooling in a UK Hospital Campus,1,2024,… heat and the evolution of heat networks. This paper investigates whether a novel fifth Generation District Heating and Cooling … for the purpose of heating and cooling. The building load …,https://www.mdpi.com/2075-5309/14/8/2442,,0,"4th generation, district heating and cooling",10.3390/buildings14082442,Jonathan Lalor; Aaron Gillich,8/7/2024,"There is an increasingly rich literature on the decarbonisation of heat and the evolution of heat networks. This paper investigates whether a novel fifth Generation District Heating and Cooling Network (5GDHC) could be retrofitted to an existing National Health Service (NHS) hospital campus for the purpose of heating and cooling. The building load was simulated and input into a custom-written script to carry out a series of parametric studies and optimise design options. The model was calibrated against site data available from hospital facilities management. The research found that it is feasible to use a 5GDHC consisting of a large single mass of water to utilise inter-seasonal thermal storage. A natural water resource such as an aquifer was not required. The model tested sizing options and found that larger thermal storage, heat pumps and chillers reduce operating costs and improve flexibility. The paper closes with a discussion of the practical factors in retrofitting 5GDHC networks to a densely occupied and highly constrained campus environment. The findings are novel in further describing the circumstances for which 5GDHC networks are suitable.",https://www.mdpi.com/2075-5309/14/8/2442/pdf,1
Design and dimensioning methods for district energy systems with 5th generation district heating and cooling networks,1,2024,"… 4th generation systems and are therefore called 5th generation district heating and cooling … point of view, the transition from 4th to 5th generation is more drastically than from 3rd to 4th …",https://scholar.archive.org/work/t4q3pvgiujgb7gim52lgr4pyze/access/wayback/https://publications.rwth-aachen.de/record/976924/files/976924.pdf,http://scholar.google.com/https://scholar.archive.org/work/t4q3pvgiujgb7gim52lgr4pyze/access/wayback/https://publications.rwth-aachen.de/record/976924/files/976924.pdf,0,"4th generation, district heating and cooling",10.1016/j.energy.2024.132835,Orestis Angelidis; Daniel Zinsmeister; Anastasia Ioannou; Daniel Friedrich; Alan Thomson; Ulrich Ganslmeier; Gioia Falcone,2024-11,,https://api.elsevier.com/content/article/PII:S0360544224026094?httpAccept=text/xml,4
Dynamically distributed district heating for an existing system,15,2024,"… of dynamically distributed district heating. The concept addresses the challenges related to transforming an existing 3rd generation district heating system into a 4th generation system, …",https://www.sciencedirect.com/science/article/pii/S1364032123008055,,0,"4th generation, district heating and cooling",10.1016/j.rser.2023.113947,Miika Rämä; Esa Pursiheimo; Dennis Sundell; Rinat Abdurafikov,2024-1,,https://api.elsevier.com/content/article/PII:S1364032123008055?httpAccept=text/xml,10
Energy and economic simulation of a renewable energy community applied to a new generation ultra-low temperature district heating and cooling network,1,2024,"… connected to a new generation low temperature district heating and cooling network. The … a 5th generation district heating and cooling system (5GDHC), which is characterized by [4]: …",https://re.public.polimi.it/bitstream/11311/1265486/1/e3sconf_aicarr2024_05003.pdf,http://scholar.google.com/https://re.public.polimi.it/bitstream/11311/1265486/1/e3sconf_aicarr2024_05003.pdf,0,"4th generation, district heating and cooling",10.1051/e3sconf/202452305003,Michela Romagnosi; Marcello Aprile; Alice Dénaré,2024,"The work describes the energy and economic simulation of a renewable energy community with a social purpose applied to a residential and commercial new district in Milan, the eight buildings of which are connected to a new generation low temperature district heating and cooling network. The system is designed considering two substations for each building, each one providing heating and cooling load profiles by means of heat pumps, and an energy centre that exploits groundwater to extract and dissipate compensating heat at low temperature. Some roof mounted photovoltaic panels, owned by the district residents, cover the electricity needs resulting from the net metering of the renewable energy community. The members of the energy communities are in fact the multifamily buildings of the district acting as prosumers and some fragile families from the surroundings as simple consumers. The economic profits, represented by the subsidies coming from the diffuse self-consumed shared energy and from sold overproduced electricity, are distributed among the members to guarantee, first of all, an economic help against energy poverty to fragile families, and, secondly, a short pay-back-time for photovoltaics. Therefore, the operational strategy of the district network is optimized to maximize the shared electricity and the relative economic benefit by shifting, when possible, the electricity demand when the solar production is available. Finally, three different profit distribution mechanisms are analysed. The added value of this work is the evaluation, by means of a specific case study analysis, of the feasibility of an electric energy community from an economic as well as a regulatory point of view under current legislation.",https://www.e3s-conferences.org/10.1051/e3sconf/202452305003/pdf,1
Optimising low-temperature district heating networks: A simulation-based approach with experimental verification,18,2024,"… of fifth-generation district heating and cooling systems. This tool is capable of assessing the effects of each building-plant system on the whole district heating and cooling water loop, …",https://www.sciencedirect.com/science/article/pii/S0360544224017274,,0,"4th generation, district heating and cooling",10.1016/j.energy.2024.131954,A. Buonomano; C. Forzano; L. Mongibello; A. Palombo; G. Russo,2024-9,,https://api.elsevier.com/content/article/PII:S0360544224017274?httpAccept=text/xml,15
Thermoeconomic analysis of a novel topology of a 5th generation district energy network for a commercial user,10,2024,… 4th generation heating and cooling network with a novel 5th generation heating and cooling … The networks are designed to cover the energy demand of a large shopping center. The …,https://www.sciencedirect.com/science/article/pii/S0306261924011012,,0,"4th generation, district heating and cooling",10.1016/j.apenergy.2024.123718,Francesco Calise; Francesco Liberato Cappiello; Luca Cimmino; Maria Vicidomini; Fontina Petrakopoulou,2024-10,,https://api.elsevier.com/content/article/PII:S0306261924011012?httpAccept=text/xml,9
Booster Heat Pump with Drop-In Zeotropic Mixtures Applied in 4th Generation District Heating System,1,,"… mixtures for booster heat pumps applied in 4th generation district heating system. The … district heating configurations, providing valuable insights into the potential of sustainable heating …",https://papers.ssrn.com/sol3/papers.cfm?abstract_id=4688225,,0,"4th generation, district heating and cooling",10.2139/ssrn.4688225,Tingting Zhu; Elias Vieren; Jierong Liang; Jan  Eric Thorsen; Michel De Paepe; Steven Lecompte; Brian Elmegaard,2024,,,0
… and scalability of a novel domestic hot water substation for 4th generation district heating: A case study of temperature optimization in the Viborg district …,2,2024,"District heating (DH) is transitioning towards 4th generation district heating (4GDH), which requires low-temperature operation in the network and building heating system. Large …",https://www.sciencedirect.com/science/article/pii/S0360544224037885,,0,"4th generation, district thermal",10.2139/ssrn.4916681,Michele Tunzi; Qinjiang Yang; Jesper  Brink Olesen; Tom Diget; Lyse  Clara Fournel,2024,,,0
Enhancing third-generation district heating networks with data centre waste heat recovery: analysis of a case study in Italy,18,2024,"In this study, the integration of waste heat from a Data Centre (DC) into a Third-Generation District Heating Network (DHN) is evaluated, showing the improvement in the environmental …",https://www.sciencedirect.com/science/article/pii/S0360544224037915,,0,"4th generation, district thermal",10.1016/j.energy.2024.134013,Luca Socci; Andrea Rocchetti; Antonio Verzino; Andrea Zini; Lorenzo Talluri,2024-12,,https://api.elsevier.com/content/article/PII:S0360544224037915?httpAccept=text/xml,19
Photovoltaic Thermal System Design Including Aquifer Thermal Energy Storage in a Fifth Generation District Heating Network in Hilversum,2,2024,… thermal (PVT) system integrated with aquifer thermal energy storage (ATES) within a fifth-generation district heating network (5GDHN) for a case study in the Werfgebied district in …,https://repository.tudelft.nl/file/File_9a1b5f53-339f-4342-a6f2-126f4bde7bbb?preview=1,,0,"4th generation, district thermal",10.2139/ssrn.5039088,Ties Beijneveld; Joel Alpízar-Castillo; Laura Ramírez-Elizondo,2024,,,0
The First Fifth-Generation District Heating and Cooling System in Kazakhstan: Planning and Design.,1,2024,… of district heating based on optimization of thermal insulation … potentials of a 5th generation district heating and cooling … load profiles for 5th generation district energy networks. Appl. …,https://search.ebscohost.com/login.aspx?direct=true&profile=ehost&scope=site&authtype=crawler&jrnl=19961073&AN=181657006&h=oWIN56iQCRxtGZQtT7V7LFYYy2ITJLG4AYRBxz7KZKUR0DLLeAfMO1yoGsrXfyBMHHNf0VyVHuJK6xm3DFaCVQ%3D%3D&crl=c,,0,"4th generation, district thermal",10.3390/en17236169,Stanislav Chicherin; Yana Zhuikova; Tatyana Pyanykh; Andrey Zhuikov; Galym Baidyussenov; Saule Abildinova,12/6/2024,"This paper focuses on the potential for integrating Geographic Information System (GIS) software into Fifth-Generation District Heating and Cooling (5GDHC) systems to promote efficient and sustainable energy management, particularly in Kazakhstan. By reviewing the key literature, we identify three main areas where GIS software enhances the planning of 5GDHC systems: decision-making in the context of energy market regulations, operational data utilization, and modeling/simulations for technical design. The technical design emphasizes the role of heat pumps, ultra-low temperature district heating (ULTDH) networks, and end-user buildings. Previous research has explored various methodologies for integrating network and demand-side strategies, developing sustainable district heating and cooling (DHC) systems, and mapping urban areas suitable for DHC deployment. However, none has presented an open-source model incorporating GIS-based decision-making in designing 5GDHC systems. This study, for the first time, addresses this gap through a case study conducted in the Northern Industrial Zone of Karaganda, Kazakhstan, demonstrating how GIS-enhanced modeling can be effectively applied in a developing, industry-driven economy. We outline the mathematical framework for comparing existing simulation tools and developing a custom model suited to the region’s needs. Additionally, we discuss validation and calibration methods, which remain underexplored in the current literature. The proposed model incorporates waste heat recovery from local sources, including nearby wastewater treatment plants, showcasing a sustainable energy solution for the industrial park. The results indicate that a well-structured 5GDHC system, supported by GIS tools, can markedly enhance energy efficiency and sustainability, presenting a scalable and adaptable approach for other regions in Kazakhstan and beyond.",https://www.mdpi.com/1996-1073/17/23/6169/pdf,1
A comparative life cycle assessment of fifth-generation district heating and cooling systems,11,2024,"With the growing global demand for cooling, there is a critical need for sustainable solutions that efficiently provide both heating and cooling. Fifth-generation district heating and cooling …",https://www.sciencedirect.com/science/article/pii/S0378778824008922,,0,"4th generation, district thermal",10.1016/j.enbuild.2024.114776,Kristian Gjoka; Robert H. Crawford; Behzad Rismanchi,2024-11,,https://api.elsevier.com/content/article/PII:S0378778824008922?httpAccept=text/xml,9
"Simulation-based analysis of thermochemical heat storage feasibility in third-generation district heating systems: Case study of Enschede, Netherlands",6,2024,In this article a dual heat storage system comprising thermochemical heat storage (TCS) and hot water storage for managing the mismatch between heat generation and demand in …,https://www.sciencedirect.com/science/article/pii/S096014812301649X,,0,"4th generation, district thermal",10.1016/j.renene.2023.119734,Chung-Yu Yeh; J.K. De Swart; Amirhoushang Mahmoudi; Abhishek K. Singh; Gerrit Brem; Mina Shahi,2024-2,,https://api.elsevier.com/content/article/PII:S096014812301649X?httpAccept=text/xml,1
A Rome district transition towards optimal and sustainable heat and power generation,8,2024,"… In this work, a specific district of Rome energy metabolism has been studied to reduce the … thermal energy generation. Two scenarios were investigated, one “ex-ante” with the district as …",https://www.sciencedirect.com/science/article/pii/S1359431124016697,,0,"4th generation, district thermal",10.1016/j.applthermaleng.2024.124001,Erfan Tajalli-Ardekani; Giovanni Delibra; Isabella Pizzuti; Alessandro Corsini,2024-10,,https://api.elsevier.com/content/article/PII:S1359431124016697?httpAccept=text/xml,7
Optimizing renewable energy integration in new districts: Power-to-X strategies for improved efficiency and sustainability,24,2024,"… Moreover, the implementation of energy communities offers not just an uptick in self-… renewable energy technologies. This study evaluates the integration of renewable energy within …",https://www.sciencedirect.com/science/article/pii/S0360544224020863,,0,"4th generation, district energy",10.1016/j.energy.2024.132312,V. Battaglia; L. Vanoli,2024-10,,https://api.elsevier.com/content/article/PII:S0360544224020863?httpAccept=text/xml,18
Decarbonized district energy systems: Past review and future projections,11,2024,"… energy usage globally goes toward space heating and cooling, and whether using individual building systems or district … District energy systems (DES) distribute thermal energy to …",https://www.sciencedirect.com/science/article/pii/S2590174524002046,,0,"4th generation, district energy",10.1016/j.ecmx.2024.100726,Juliet G. Simpson; Nicholas Long; Guangdong Zhu,2024-10,,https://api.elsevier.com/content/article/PII:S2590174524002046?httpAccept=text/xml,1
Environmental and economic assessment of industrial excess heat recovery collaborations through 4th generation district heating systems,6,2024,The external use of excess heat from industrial processes is an important factor in the energy transition and 4th generation district heating is an enabling technology. This paper …,https://www.sciencedirect.com/science/article/pii/S0360544224024046,,0,"4th generation, district energy",10.1016/j.energy.2024.132630,D. Chinese; A. Meneghetti; G. Cortella; L. Giordano; E. Tomasinsig; M. Benedetti,2024-10,,https://api.elsevier.com/content/article/PII:S0360544224024046?httpAccept=text/xml,4
Heat pumps to upgrade existing CHP-DHN systems towards new generation thermal networks,5,2024,"… In many cases, however, especially for district heating networks prior to the 4th generation, … high temperature heat pumps in an existing combined heat and power - district heating plant …",https://www.sciencedirect.com/science/article/pii/S2352484724004219,,0,"4th generation, district heat pump",10.1016/j.egyr.2024.06.063,A. Mugnini; G. Comodi; A. Arteconi,2024-12,,https://api.elsevier.com/content/article/PII:S2352484724004219?httpAccept=text/xml,5
Small demonstrator of a thermoelectric heat-pump booster for an ultra-low-temperature district-heating substation,5,2024,"… in district heating is reducing the supply and return temperatures. Fourth-generation district-heating systems … of 50 to 60 C, enabling better utilization of renewable and waste heat. …",https://www.sciencedirect.com/science/article/pii/S0306261924002824,,0,"4th generation, district heat pump",10.1016/j.apenergy.2024.122899,Urban Tomc; Simon Nosan; Boris Vidrih; Simon Bogić; Kristina Navickaite; Katja Vozel; Miha Bobič; Andrej Kitanovski,2024-5,,https://api.elsevier.com/content/article/PII:S0306261924002824?httpAccept=text/xml,4
An evaluation and innovative coupling of seawater heat pumps in district heating networks,10,2024,… heating sector by utilising seawater as a renewable heat source. This study explores their integration into district heating … : coupling seawater heat pumps with an additional heat source …,https://www.sciencedirect.com/science/article/pii/S0360544224032377,,0,"4th generation, district heat pump",10.1016/j.energy.2024.133461,Hesham Ali; Aleksandr Hlebnikov; Ieva Pakere; Anna Volkova,2024-12,,https://api.elsevier.com/content/article/PII:S0360544224032377?httpAccept=text/xml,8
Challenges and potentials of using a local heat pump in a 5 GDHC solution: Results from field and laboratory evaluations,6,2024,"… In fifth generation district heating and cooling (5GDHC), the … the heat source is wider then in current common heat pump systems. The results of this study show that the heat pumps and …",https://www.sciencedirect.com/science/article/pii/S0360544223032012,,0,"4th generation, district heat pump",10.1016/j.energy.2023.129807,Jonas Lindhe; Martin Larsson; Morgan Willis; Pia Tiljander; Dennis Johansson,2024-2,,https://api.elsevier.com/content/article/PII:S0360544223032012?httpAccept=text/xml,6
… of supply temperature and booster technology on the energetic performance and levelized cost of heat of a district heating network with central heat pump,11,2024,"… district heating concepts with central heat pump, comparing their energy use and levelized cost of heat… Heat pumps or electric heaters are used as booster technology when the network …",https://www.sciencedirect.com/science/article/pii/S036054422403367X,,0,"4th generation, district heat pump",10.1016/j.energy.2024.133589,A. Degelin; R. Tassenoy; E. Vieren; T. Demeester; I. T'Jollyn; M. De Paepe,2024-12,,https://api.elsevier.com/content/article/PII:S036054422403367X?httpAccept=text/xml,13
Optimization of a district heating system coupled with a deep open-loop geothermal well and heat pumps,22,2024,"… a district heating system coupled with a deep open-loop geothermal well (DOLGW) and heat pumps … A typical configuration of such a geothermal district heating system was proposed, …",https://www.sciencedirect.com/science/article/pii/S0960148124000569,,0,"4th generation, district heat pump",10.1016/j.renene.2024.119991,Dong-xi Liu; Hai-Yan Lei; Jia-Shu Li; Chuan-shan Dai; Rui Xue; Xin Liu,2024-3,,https://api.elsevier.com/content/article/PII:S0960148124000569?httpAccept=text/xml,20
Modeling district heating pipelines using a hybrid dynamic thermal network approach,10,2024,"… simulation of the dynamic thermal behavior of buried … , known as the dynamic thermal network (DTN) method and a one… of turbulent fluid and its thermal capacity and also transient …",https://www.sciencedirect.com/science/article/pii/S0360544223035016,,0,"4th generation, thermal network",10.1016/j.energy.2023.130107,Saleh S. Meibodi; Simon Rees; Fleur Loveridge,2024-3,,https://api.elsevier.com/content/article/PII:S0360544223035016?httpAccept=text/xml,9
Study on Cauer Thermal Network Model Considering Bidirectional Heat Transfer,5,2024,… an enhanced Cauer thermal network model … identify thermal parameters and establishes the relationship between the top case temperature time constant and the Cauer model’s thermal …,https://ieeexplore.ieee.org/abstract/document/10574829/,,0,"4th generation, thermal network",10.1109/access.2024.3419921,Qi Li; Shi Cheng; Yonghe Chen; Jian Ye; Xianwen Cui; Pei Li,2024,,http://xplorestaging.ieee.org/ielx8/6287639/10380310/10574829.pdf?arnumber=10574829,5
Investigation of the energy performance of thermal energy sharing for photovoltaic-thermal systems in a thermal prosumer network,6,2024,… (PVT) system with a heat pump (HP) in a community with a small-scale thermal network. An … thermal network with hub thermal energy storage system that utilizes the surplus thermal …,https://www.sciencedirect.com/science/article/pii/S2214157X24009122,,0,"4th generation, thermal network",10.2139/ssrn.4812681,Kyung-Eun Park; Won-Jong Choi; Haneul Kim; Jong-Kyu Kim; Joo-Young Hong; MINHWI KIM,2024,,,0
Clustering buildings with ATES systems to improve Amsterdam's Fifth Generation Heating and Cooling Network,1,2024,"… In conclusion, this research contributes to the fields of aquifer thermal energy storage and fifth generation district heating and cooling. It not only fills critical gaps in existing literature but …",https://repository.tudelft.nl/file/File_c1714f7a-3771-4de9-8cc9-67fa17dd05ca,,0,"4th generation, thermal network",10.3390/buildings14082442,Jonathan Lalor; Aaron Gillich,8/7/2024,"There is an increasingly rich literature on the decarbonisation of heat and the evolution of heat networks. This paper investigates whether a novel fifth Generation District Heating and Cooling Network (5GDHC) could be retrofitted to an existing National Health Service (NHS) hospital campus for the purpose of heating and cooling. The building load was simulated and input into a custom-written script to carry out a series of parametric studies and optimise design options. The model was calibrated against site data available from hospital facilities management. The research found that it is feasible to use a 5GDHC consisting of a large single mass of water to utilise inter-seasonal thermal storage. A natural water resource such as an aquifer was not required. The model tested sizing options and found that larger thermal storage, heat pumps and chillers reduce operating costs and improve flexibility. The paper closes with a discussion of the practical factors in retrofitting 5GDHC networks to a densely occupied and highly constrained campus environment. The findings are novel in further describing the circumstances for which 5GDHC networks are suitable.",https://www.mdpi.com/2075-5309/14/8/2442/pdf,1
Modelling of Fifth Generation District Heating and Cooling Networks Coupled to Ground Heat Exchangers,1,2024,"… In TRNSYS, potential models exist for the simulation of thermal network pipes and have been … [13] compared several thermal network simulation tools and validated the pipe models with …",https://www.researchgate.net/profile/Hauke-Hirsch-2/publication/386340478_Modelling_of_Fifth_Generation_District_Heating_and_Cooling_Networks_Coupled_to_Ground_Heat_Exchangers/links/674df947790d154bf9bd0713/Modelling-of-Fifth-Generation-District-Heating-and-Cooling-Networks-Coupled-to-Ground-Heat-Exchangers.pdf,http://scholar.google.com/https://www.researchgate.net/profile/Hauke-Hirsch-2/publication/386340478_Modelling_of_Fifth_Generation_District_Heating_and_Cooling_Networks_Coupled_to_Ground_Heat_Exchangers/links/674df947790d154bf9bd0713/Modelling-of-Fifth-Generation-District-Heating-and-Cooling-Networks-Coupled-to-Ground-Heat-Exchangers.pdf,0,"4th generation, thermal network",10.3390/buildings14082442,Jonathan Lalor; Aaron Gillich,8/7/2024,"There is an increasingly rich literature on the decarbonisation of heat and the evolution of heat networks. This paper investigates whether a novel fifth Generation District Heating and Cooling Network (5GDHC) could be retrofitted to an existing National Health Service (NHS) hospital campus for the purpose of heating and cooling. The building load was simulated and input into a custom-written script to carry out a series of parametric studies and optimise design options. The model was calibrated against site data available from hospital facilities management. The research found that it is feasible to use a 5GDHC consisting of a large single mass of water to utilise inter-seasonal thermal storage. A natural water resource such as an aquifer was not required. The model tested sizing options and found that larger thermal storage, heat pumps and chillers reduce operating costs and improve flexibility. The paper closes with a discussion of the practical factors in retrofitting 5GDHC networks to a densely occupied and highly constrained campus environment. The findings are novel in further describing the circumstances for which 5GDHC networks are suitable.",https://www.mdpi.com/2075-5309/14/8/2442/pdf,1
"Clean Energy Technology Observatory: Smart Thermal Networks in the European Union-2024 Status Report on Technology Development, Trends, Value Chains and …",1,2024,"… The concept of a smart thermal network is identical to the one of a 4th generation district heating (4GDH) system. During the last decade, the concept has been used to describe …",https://publications.jrc.ec.europa.eu/repository/handle/JRC139334?trk=public_post_comment-text,,0,"4th generation, thermal network",10.58641/cest.v3i1,,10/31/2024,,,0
The role of energy communities for thermal networks: An EU legal perspective,12,2024,"… Thermal networks are a … , thermal networks are inherently local. This localness facilitates stakeholder engagement at the community level. Integrating DHC networks and the generation …",https://onlinelibrary.wiley.com/doi/abs/10.1111/reel.12558,,0,"4th generation, thermal network",10.1111/reel.12558,Endrius Cocciolo,6/15/2024,"AbstractDecarbonising heating and cooling systems, significant contributors to the EU's (European Union) energy consumption, is a complex and urgent matter. This article discusses the potential coupling of energy communities and district heating and cooling systems, particularly fourth‐ and fifth‐generation models, in the local energy transition. The integration of new‐generation district heating and cooling systems into renewable energy generation is crucial for sustainability, circular economy practices, and community‐based solutions. An examination of the EU legal framework within the Fit‐for‐55 package elucidates how provisions from the new Energy Efficiency Directive and Renewable Energy Directive facilitate the implementation of energy communities in the heating and cooling sector. The existing enabling legislation underscores the suitability of energy communities for heating and cooling sector activities, acknowledging their transformative potential in advancing the energy transition and fostering community empowerment.",https://onlinelibrary.wiley.com/doi/pdf/10.1111/reel.12558,5
A thermal network model for multichip power modules enabling to characterize the thermal coupling effects,77,2024,"… development of the thermal models. The prior-art thermal models for power modules are roughly classified into numerical models, analytical models, and thermal network models (TNMs…",https://ieeexplore.ieee.org/abstract/document/10402006/,,0,"4th generation, thermal network",10.1109/tpel.2024.3355207,Huimin Wang; Zongyao Zhou; Zhiliang Xu; Xinglai Ge; Yongheng Yang; Yi Zhang; Bo Yao; Dong Xie,2024-5,,http://xplorestaging.ieee.org/ielx7/63/10478433/10402006.pdf?arnumber=10402006,70
… the role of conjugated alkenyl functionalities at the oxazine ring in governing the polymerization mechanism of 4th generation-biobased benzoxazine thermosets,6,2024,"… more compact network with fewer dangling moieties. Thus, the present class of fourth-generation … The high thermal stability and LOI upheld the self-extinguishing characteristics of the …",https://pubs.acs.org/doi/abs/10.1021/acs.macromol.4c00458,,0,"4th generation, thermal network",10.1021/acs.macromol.4c00458,Sourav Mukherjee; Sangeeta Sahu; Bimlesh Lochab,6/3/2024,,https://pubs.acs.org/doi/pdf/10.1021/acs.macromol.4c00458,6
… of a novel domestic hot water substation for 4th generation district heating: A case study of temperature optimization in the Viborg district heating network,2,2024,"… 4th generation district heating (4GDH), which requires low-temperature operation in the network … mass of buildings with this solution in a DH network on the scale of a small city. We also …",https://www.sciencedirect.com/science/article/pii/S0360544224037885,,0,"4th generation, thermal network",10.2139/ssrn.4916681,Michele Tunzi; Qinjiang Yang; Jesper  Brink Olesen; Tom Diget; Lyse  Clara Fournel,2024,,,0
Current and future development of thermal grids in Switzerland: an organizational perspective,6,2024,"… Further, the CEBEP assumes that ecosystems are nested at various level: for example, the ecosystem around thermal grids in a municipality is nested within a thermal grid ecosystem at …",https://www.frontiersin.org/articles/10.3389/frsc.2024.1379554/full,,0,"4th generation, thermal grid",10.3389/frsc.2024.1379554,Matthias Speich; Jonathan Chambers; Silvia Ulli-Beer,5/3/2024,"IntroductionThermal grids are key to decarbonizing heating and cooling. However, their development is a complex socio-technical process. This study aims to (1) understand the thermal grid ecosystem’s development under changing political, economic and cultural frame conditions, (2) elicit actors’ perception of options for future development, and (3) identify concrete problem situations for the future development of thermal grids and describe how to address them.MethodsWe draw on 18 semi-structured interviews with decision-makers in utilities, municipal administrations, planning and engineering companies and intermediary organizations.ResultsWith increased strategic importance of thermal grids, the ecosystem has been in a phase of rapid growth and professionalization in the last 10–15 years. This is reflected in a rapid increase in the number of grids, but also in capability and capacity building and greater quality standards. This transformation has been supported by a resource pool (e.g., knowledge base, capacities and capabilities, networks or decision-support tools), built partly through the value network’s activities and partly through purposeful orchestration by associations, authorities, utilities and other actors. While policy developments, energy price fluctuations and changes in customer perceptions spurred demand, thermal grid development is limited by supply-side constraints, especially a skill shortage. Four interrelated problem situations were identified: (1) Municipalities lack the resources to manage the implementation of their energy strategies. (2) The modernization of thermal grids and integration of low-carbon heat sources entails high transaction costs. (3) The implementation of thermal grids is subject to delays and quality risks, with consequences for the timely achievement of decarbonization goals. (4) Customers face uncertainty on available options, as well as on the systemic impacts of their decisions.DiscussionBased on current practices, suggestions by the interviewees, as well as a comparison with the international literature, we identify four development areas to address these problem situations: (1) Empower and support municipalities. (2) Manage the scarcity of qualified workforce. (3) Leverage digital technology for the planning, realization and operation of thermal grids. (4) Pilot technological and organizational innovations together. This complements the set of previously suggested measures to support the development of thermal grids, which focused strongly on technical and regulatory aspects.",https://www.frontiersin.org/articles/10.3389/frsc.2024.1379554/full,5
Individual versus Grid-Connected Thermal Systems: Impact on Grid Infrastructures and Energy Supply,1,2024,"… by the power grid, however, most … gridconnected thermal supply and examines the impact of the HPs and chillers on the power grid, while applying a full network simulation of both grids. …",https://ieeexplore.ieee.org/abstract/document/10668974/,,0,"4th generation, thermal grid",10.1109/osmses62085.2024.10668974,Sina Dibos; Thiemo Pesch; Andrea Benigni,9/3/2024,,http://xplorestaging.ieee.org/ielx8/10668957/10668961/10668974.pdf?arnumber=10668974,0
"Design of a high-temperature, power-constrained electrified district heating network with thermal storage and curtailed wind integration",7,2024,"… with borehole thermal energy storage and grid services such as … performance is analysed from a grid operator and end-user’s … , emissions and cost) and grid operator (grid services). A …",https://www.sciencedirect.com/science/article/pii/S221313882400211X,,0,"4th generation, thermal grid",10.2139/ssrn.4685618,Thibaut Desguers; Daniel Friedrich,2024,,,0
Presentation of a distributed testing infrastructure for joint experiments across multiple remote laboratories for robust development of new district heating …,3,2024,"4th-generation district heating networks confront numerous challenges such as integrating decentralized renewable energy sources, bidirectional heat transfer, new storage concepts, …",https://www.sciencedirect.com/science/article/pii/S2666955224000224,,0,"4th generation, thermal grid",10.1016/j.segy.2024.100152,Lilli Frison; Urs Gumbel; Simone Steiger; Herbert Sinnesbichler; Benedikt Ahrens; Dennis Lottis; Matthias Wecker; Anna Marie Cadenbach,2024-8,,https://api.elsevier.com/content/article/PII:S2666955224000224?httpAccept=text/xml,2
Towards next generation power grid transformer for renewables: Technology review,29,2024,… This paper develops a technical framework for the next-generation power grid transformer (NGPGT) for grid renewables. This framework is structured to overcome the environmental …,https://onlinelibrary.wiley.com/doi/abs/10.1002/eng2.12848,,0,"4th generation, thermal grid",10.1002/eng2.12848/v2/decision1,,1/7/2024,,,0
Grid-Coupled Geothermal and Decentralised Heat Supply Systems in a Holistic Open-Source Simulation Model for 5GDHC Networks,2,2024,"… thermal energy from renewable sources at very low temperature levels than 4th-generation … and cooling demands between prosumers connected to the grid, as is outlined in existing …",https://www.mdpi.com/2071-1050/16/23/10503,,0,"4th generation, thermal grid",10.3390/su162310503,Constantin Völzel; Stefan Lechner,11/29/2024,"In order to reach climate protection goals at national or international levels, new forms of combined heating and cooling networks with ultra-low network temperatures (5GDHC) are viable alternatives to conventional heating networks. This paper presents a simulation library for 5GDHC networks as sustainable shared energy systems, developed in the object-oriented simulation framework OpenModelica. It comprises sub-models for residential buildings acting as prosumers in the network, with additional roof-mounted thermal systems, dynamic thermo-hydraulic representations of distribution pipes and storage, time-series-based sources for heating and cooling, and weather conditions adjustable to user-specified locations. A detailed insight into an in-house development of a sub-model for horizontal ground heat collectors is given. This sub-model is directly coupled with thermo-hydraulic network simulations. The simulation results of energy balances and energetic efficiencies for an example district are described. Findings from this study show that decentralised roof-mounted solar thermal systems coupled to the network can contribute 21% to the total source heat provided in the network while annual thermal gains from the distribution pipes add up to more than 18% within the described settings. The presented simulation library can support conceptual and advanced planning phases for renewable heating and cooling supply structures based on environmental sources.",https://www.mdpi.com/2071-1050/16/23/10503/pdf,2
A two-layer framework for mitigating the congestion of urban power grids based on flexible topology with dynamic thermal rating,33,2024,"… rbanization has led to the formation of urban power grids (UPGs) which are hybrids of … distributed generation (RDG) and new loads [2], the congestion on the urban power grid [3] has …",https://ieeexplore.ieee.org/abstract/document/10559962/,,0,"4th generation, thermal grid",10.23919/pcmp.2023.000139,Yi Su; Jiashen Teh; Qian Luo; Kangmiao Tan; Jiaying Yong,2024-7,,http://xplorestaging.ieee.org/ielx8/10352418/10586947/10559962.pdf?arnumber=10559962,28
Use of molten salts tanks for seasonal thermal energy storage for high penetration of renewable energies in the grid,39,2024,"… Short-term grid-connected storage, based on Li-Ion batteries, is becoming commonplace but seasonal energy storage at grid-scale will be needed for deep decarbonisation of the …",https://www.sciencedirect.com/science/article/pii/S2352152X24007874,,0,"4th generation, thermal grid",10.1016/j.est.2024.111203,Cristina Prieto; Pablo D. Tagle-Salazar; David Patiño; Julieta Schallenberg-Rodriguez; Padraig Lyons; Luisa F. Cabeza,2024-5,,https://api.elsevier.com/content/article/PII:S2352152X24007874?httpAccept=text/xml,27
Model of a 100% renewable energy system of self-sufficient wider urban area based on a short-term scale and the integration of the transport and thermal …,12,2024,The mutual integration of different energy sectors and their conversion to electricity could promote the integration of renewable energy sources. This paper analyses 100% renewable …,https://www.sciencedirect.com/science/article/pii/S0360544224020887,,0,"4th generation, thermal grid",10.1016/j.energy.2024.132314,A. Falkoni; G. Krajačić; marko M Mimica,2024-10,,https://api.elsevier.com/content/article/PII:S0360544224020887?httpAccept=text/xml,11
Optimizing pumped-storage power station operation for boosting power grid absorbability to renewable energy,63,2024,"… These strategies are geared towards enhancing the power grid's capacity to assimilate hydro-wind-photovoltaic-biomass power inputs, aligning with the goals of sustainable renewable …",https://www.sciencedirect.com/science/article/pii/S0196890423011731,,0,"4th generation, thermal grid",10.1016/j.enconman.2023.117827,Yanlai Zhou; Yuxin Zhu; Qi Luo; Yilong Wei; Yadong Mei; Fi-John Chang,2024-1,,https://api.elsevier.com/content/article/PII:S0196890423011731?httpAccept=text/xml,57
"Advanced technological options for sustainable development of energy, water and environment systems upgrade towards climate neutrality",11,2024,"… and 8) Dynamic simulation of a 4th generation district heating network with the presence of … interesting, than nodes in the energy grid, where little thermal coupling can be achieved. In …",https://www.sciencedirect.com/science/article/pii/S2590174524000060,,0,"4th generation, thermal grid",10.1016/j.ecmx.2024.100528,Davide Astiaso Garcia; Giannakopoulos Dionysis; Predrag Raskovic; Neven Duić; Moh'd Ahmad Al-Nimr,2024-4,,https://api.elsevier.com/content/article/PII:S2590174524000060?httpAccept=text/xml,4
Assessing Positive Energy District Potential: A Case Study in Central Italy,0,2025,"… of district energy behavior, the assessment of retrofit scenarios, and the verification of the technical and economic sustainability of proposed solutions. In both districts, the integrated …",https://www.mdpi.com/1996-1073/18/24/6431,,0,"5th generation, district energy",10.3390/en18246431,Giuseppina Ciulla; Mario Miranna; Francesco Guarino; Maurizio Cellura; Sonia Longo; Paolo Civiero; Ilaria Montella; Paola Marrone,12/9/2025,"This study investigates the application of the Positive Energy District paradigm to two existing and morphologically diverse urban districts in Rome: Testaccio and Valco San Paolo. The research aims to evaluate the feasibility and effectiveness of district-scale energy retrofitting strategies, integrating dynamic simulation tools to model current energy behavior and assess future scenarios. The methodology combines a range of interventions including envelope insulation, high-performance glazing, HVAC system upgrades, efficient lighting solutions, and large-scale photovoltaic deployment. Additionally, the study explores the potential benefits of energy storage systems, with particular focus on the optimal sizing of lithium-ion battery solutions to enhance local self-consumption and reduce grid dependency. Key performance indicators are used to analyze the alignment between renewable energy generation and district demand, as well as the interaction with the electrical grid. By calibrating simulation models with real thermophysical and consumption data, the research ensures methodological robustness and enables the replicability of the proposed approach in other urban contexts. The study offers a comprehensive framework for planners and policymakers seeking to support the decarbonization and resilience of urban districts through the implementation of PEDs. Future developments will focus on optimizing storage management, assessing the environmental impact of battery life cycles, and integrating PEDs within broader urban energy ecosystems.",https://www.mdpi.com/1996-1073/18/24/6431/pdf,1
Development and experimental validation of a hydraulic design and control philosophies for 5th generation district heating and cooling networks,6,2024,… Sector coupling and energy sharing are key elements in effectively … 5th Generation District Heating and Cooling (5GDHC) provides a system for combining heating and cooling via an …,https://www.sciencedirect.com/science/article/pii/S0360544224026094,,0,"5th generation, district heating and cooling",10.1016/j.energy.2024.132835,Orestis Angelidis; Daniel Zinsmeister; Anastasia Ioannou; Daniel Friedrich; Alan Thomson; Ulrich Ganslmeier; Gioia Falcone,2024-11,,https://api.elsevier.com/content/article/PII:S0360544224026094?httpAccept=text/xml,4
Fifth generation district heating and cooling: A comprehensive survey,42,2024,… This review aims to analyze the different definitions of the fifth-generation district heating and cooling (5GDHC) and introduce a straightforward concept of this new technology. It also …,https://www.sciencedirect.com/science/article/pii/S2352484724000386,,0,"5th generation, district heating and cooling",10.1016/j.egyr.2024.01.037,L. Minh Dang; Le Quan Nguyen; Junyoung Nam; Tan N. Nguyen; Sujin Lee; Hyoung-Kyu Song; Hyeonjoon Moon,2024-6,,https://api.elsevier.com/content/article/PII:S2352484724000386?httpAccept=text/xml,26
Methodology for fifth generation district heating and cooling network simulation,1,2024,"… of smart energy systems development, ie systems taking advantage of positive synergies between energy carriers, the concept of 5th generation district heating and cooling (5GDHC) …",https://www.tib-op.org/ojs/index.php/isec/article/view/1123,,0,"5th generation, district heating and cooling",10.52825/isec.v1i.1123,Charlie Prétot; Nicolas Lamaison,4/9/2024,"5th generation district heating and cooling networks (5GDHC) will play a rolein the reduction of CO2 emissions and the resilience to global warming. Our analysis of the literature points out that no simulation study proposes a comprehensive enough description of such networks. The simulation solution presented in this article considers the intertwined influences between the thermal-hydraulic balance in the network, the behavior of the decentralized heat pumps and chillers at substations, and the thermal coupling with the ground. For a given simulation scenario, the 3 developed models are iteratively solved until convergence is reached. After showing how the latter is handled,we exhibit an original result about the influence of the differential pressure between the hot and cold pipes.",https://www.tib-op.org/ojs/index.php/isec/article/download/1123/1040,0
Community-based transactive energy market concept for 5th generation district heating and cooling through distributed optimization,9,2024,… Fifth-generation district heating and cooling (5GDHC) is an emerging concept that exploits heat sharing among prosumers through a low-temperature bidirectional loop. Coordinating …,https://www.sciencedirect.com/science/article/pii/S0306261924010493,,0,"5th generation, district heating and cooling",10.1016/j.apenergy.2024.123666,Qiwei Qin; Louis Gosselin,2024-10,,https://api.elsevier.com/content/article/PII:S0306261924010493?httpAccept=text/xml,7
Implementation of a Machine Learning Supported Model Predicted Control for a 5th Generation District Heating and Cooling Energy Hub,1,2024,"… 5th Generation District Heating: A novel design approach based on mathematical optimization,” Applied Energy… Fedrizzi, “5th generation district heating and cooling systems: A review of …",https://papers.ssrn.com/sol3/papers.cfm?abstract_id=4917022,,0,"5th generation, district heating and cooling",10.2139/ssrn.4917022,Kai Droste; Aron Schwartz; Thomas Schreiber; Dirk Müller,2024,,,0
Prioritising Positive Energy Districts to achieve carbon neutral cities: Delphi-DANP approach,15,2024,"… as having the greatest potential to be energy-positive. In conclusion, the proposed methodology aids decision-making in a city’s urban energy planning on a district-by-district basis. …",https://www.sciencedirect.com/science/article/pii/S1364032124004908,,0,"5th generation, district energy",10.1016/j.rser.2024.114764,I. Aparisi-Cerdá; D. Ribó-Pérez; T. Gómez-Navarro; M. García-Melón; J. Peris-Blanes,2024-10,,https://api.elsevier.com/content/article/PII:S1364032124004908?httpAccept=text/xml,9
A review of district energy technology with subsurface thermal storage integration,12,2024,… in the form of thermal energy networks (TEN) and underground thermal energy storage (UTES) across … The remainder of this paper provides a detailed review of district energy and TEN …,https://link.springer.com/article/10.1186/s40517-024-00308-3,,0,"5th generation, district energy",10.1186/s40517-024-00308-3,Nicholas Fry; Philip Adebayo; Rick Tian; Roman Shor; Aggrey Mwesigye,8/18/2024,"AbstractRenewable energies, such as solar and wind, traditionally suffer from temporal incongruity. Society’s energy demand peaks occur at different times of day than the electricity generation potential of a photovoltaic panel or, often, a wind turbine. Heat demand, in particular, is subject to a significant mismatch between the availability of heat (in the summer) and the need for heat (in the winter). Thus, a future energy system design should incorporate underground thermal energy storage (UTES) to avoid this temporal mismatch and emphasize thermal applications. Such a basis of design would introduce new methods of energy arbitrage, encourage the adoption of geothermal systems, and decrease the carbon intensity of society. UTES techniques are becoming increasingly sophisticated. These methods of storage can range from simple seasonal storage for residential structures in a grouted borehole array (BTES), to aquifer thermal energy storage (ATES), deep reservoir storage (RTES) in basins, among others. The method that each of these techniques shares is the use of the earth as a storage medium. UTES can also be characterized for electricity production, but this work largely explores applications in heating and cooling, further limited in scope to sensible heat storage (SHS). Heating and cooling processes—residential, commercial, and industrial—make up large fractions of energy demand in North America. This is also true of other locales. With the increasing concerns of climate change, exacerbated by anthropogenic greenhouse gas emissions, developers and municipal planners are strategizing to decarbonize building heating and cooling at district scales. This review covers the integration of UTES techniques with thermal energy network (TEN) technology across large districts. Though storage has long been in use for conventional district heating networks, designs are rapidly innovating, indicating broader applications of UTES integration with a TEN is advantageous from both an efficiency and economic perspective. This rapid innovation indicates the need for the integrated review offered in this paper.",https://link.springer.com/content/pdf/10.1186/s40517-024-00308-3.pdf,7
Heat–power decoupling for the CHP unit by utilizing heat storage in the district heating system integrated with heat pumps: Dynamic modeling and …,14,2024,"… , and utilizing heat storage in district heating systems … heat pumps to boost heating network also increases the complexity of managing heat storage, and the quantitative impact of heat …",https://www.sciencedirect.com/science/article/pii/S036054422402259X,,0,"5th generation, district heat pump",10.1016/j.energy.2024.132485,Liyuan Wang; Shunqi Zhang; Yue Fu; Ming Liu; Jiping Liu; Junjie Yan,2024-10,,https://api.elsevier.com/content/article/PII:S036054422402259X?httpAccept=text/xml,14
Parameter optimization of thermal network model for aerial cameras utilizing Monte-Carlo and genetic algorithm,6,2024,"… thermal models, which require the determination of thermal … an optimization methodology for thermal network models, with … an estimation of convective thermal parameters. Based on the …",https://www.nature.com/articles/s41598-024-73379-8,,0,"5th generation, thermal network",10.1038/s41598-024-73379-8,Yue Fan; Wei Feng; Zhenxing Ren; Bingqi Liu; Long Huang; Dazhi Wang,9/27/2024,,https://www.nature.com/articles/s41598-024-73379-8.pdf,5
Numerical simulation prediction of critical heat flux for 5× 5 rod bundle with multiple grid spacers and different cladding materials,4,2024,"… predict the generation location and critical power value in the 5 × 5 rod bundle with grid spacers… By comparing the effects of thermal properties of different materials on CHF, it was found …",https://www.sciencedirect.com/science/article/pii/S0306454924000896,,0,"5th generation, thermal grid",10.1016/j.anucene.2024.110427,Kexin Liu; Kejia Li; Yulong Mao; Rui Zhang; Ming Ding; Xiaxin Cao,2024-6,,https://api.elsevier.com/content/article/PII:S0306454924000896?httpAccept=text/xml,3
Techno-economic assessment and grid impact of Thermally-Integrated Pumped Thermal Energy Storage (TI-PTES) systems coupled with photovoltaic plants …,24,2024,… rising the amount of curtailed energy to preserve grid security. With the aim of evaluating a … investigates the performance of a Thermally Integrated Pumped Thermal Energy Storage (TI-…,https://www.sciencedirect.com/science/article/pii/S2352152X23032978,,0,"5th generation, thermal grid",10.1016/j.est.2023.109898,Luca Migliari; Mario Petrollese; Giorgio Cau; Daniele Cocco,2024-1,,https://api.elsevier.com/content/article/PII:S2352152X23032978?httpAccept=text/xml,18
"Geospatial characterization of low-temperature heating and cooling demand in residential, commercial, manufacturing, agricultural, and data center sectors …",7,2024,"… Thermal demand for heating and cooling has been predominantly supplied by fossil fuel … are extensively available including geothermal, solar thermal, and waste heat. This study …",https://www.sciencedirect.com/science/article/pii/S1364032124006014,,0,"fifth generation, district thermal",10.1016/j.rser.2024.114875,H. Oh; K.F. Beckers; K. McCabe,2024-12,,https://api.elsevier.com/content/article/PII:S1364032124006014?httpAccept=text/xml,5
Temperature control strategies for fifth generation district heating and cooling systems: A review and case study,15,2024,Temperature control exerts a significant influence on the performance of Fifth Generation District Heating and Cooling (5GDHC) systems. Ineffective temperature control could lead to …,https://www.sciencedirect.com/science/article/pii/S0306261924015393,,0,"fifth generation, district energy",10.1016/j.apenergy.2024.124156,Yuhang Zhang; Mingzhe Liu; Zheng O'Neill; Jin Wen,2024-12,,https://api.elsevier.com/content/article/PII:S0306261924015393?httpAccept=text/xml,9
Optimal environmental and economic performance trade-offs for fifth generation district heating and cooling network topologies with waste heat recovery,14,2024,Network topology greatly influences both the economic and environmental performance of fifth generation district heating and cooling (5GDHC) systems. In this study the optimal trade-…,https://www.sciencedirect.com/science/article/pii/S0196890424002632,,0,"fifth generation, district energy",10.1016/j.enconman.2024.118322,Michael D. Murphy; Amy Allen; Gregor P. Henze; Nicholas L. Long,2024-6,,https://api.elsevier.com/content/article/PII:S0196890424002632?httpAccept=text/xml,10
Improving the potential of fifth-generation district heating and cooling networks through robust design and operational optimization under future energy market …,3,2024,"… Network investments and projected energy prices greatly impact the financial … of fifth-generation district heating and cooling (5GDHC) networks. Compared to the previous generation, …",https://www.sciencedirect.com/science/article/pii/S0378778824011149,,0,"fifth generation, district energy",10.1016/j.enbuild.2024.114998,Afraz Mehmood Chaudhry; Ghader Ghorbaniasl; Jonathan Hachez; Stanislav Chicherin; Svend Bram,2024-12,,https://api.elsevier.com/content/article/PII:S0378778824011149?httpAccept=text/xml,2
Potential site evaluation of fifth-generation district heating and cooling networks under uncertain energy market conditions: A two-step robust design analysis …,4,2024,"In a fifth-generation district heating and cooling (5GDHC) network, energy demands are satisfied without using fossil fuel-based sources, rather by sharing participants’ energy loads …",https://www.sciencedirect.com/science/article/pii/S0360544224031104,,0,"fifth generation, district energy",10.1016/j.energy.2024.133334,Afraz Mehmood Chaudhry; Jonathan Hachez; Stanislav Chicherin; Ghader Ghorbaniasl; Svend Bram,2024-12,,https://api.elsevier.com/content/article/PII:S0360544224031104?httpAccept=text/xml,4
Thermal-aware application mapping using genetic and fuzzy logic techniques for minimizing temperature in three-dimensional network-on-chip,1,2024,… thermal-aware application mapping techniques using genetic algorithms and fuzzy logic to minimize peak temperatures in 3D network-… technique in enabling thermal-aware mapping to …,https://link.springer.com/article/10.1007/s11227-023-05869-x,,0,"fifth generation, thermal network",10.1007/s11227-023-05869-x,Farzaneh Asadzadeh; Akram Reza; Midia Reshadi; Ahmad Khademzadeh,1/21/2024,,https://link.springer.com/content/pdf/10.1007/s11227-023-05869-x.pdf,0
Optimization of core material properties for large flip-chip ball grid array substrate to manage both warpage and board level reliability,5,2024,… fifth generation mobile communication systems (5G). Not only the flip-chip joint of the large silicon onto the large substrate but also the ball grid … the coefficient of thermal expansion (CTE…,https://ieeexplore.ieee.org/abstract/document/10564960/,,0,"fifth generation, thermal grid",10.1109/ectc51529.2024.00265,Hirokazu Noma; Masaki Takahashi; Nene Hatakeyama; Yuichi Yanaka; Akito Fukui; Keita Johno; Hitoshi Onozeki,5/28/2024,,http://xplorestaging.ieee.org/ielx8/10564841/10564831/10564960.pdf?arnumber=10564960,5
"The Fifth Generation Regional Climate Modeling System, RegCM5: the first CP European wide simulation and validation over the CORDEX-CORE domains.",8,2024,… It uses a hybrid terrain-following uniform vertical coordinate and an 137 Arakawa and Lamb C horizontal grid with uniform spacing and staggered wind components. 138 139 …,https://essopenarchive.org/doi/full/10.22541/essoar.170542078.80092084,,0,"fifth generation, thermal grid",10.22541/essoar.170542078.80092084/v1,Erika Coppola; Filippo Giorgi; Graziano Giuliani; Emanuela Pichelli; James M Ciarlo`; Francesca Raffaele; Rita Nogherotto; Michelle Simões Reboita; Chen Lu; Natalia Zazulie; Luiza Vargas-Heinz; Andressa Andrade Cardoso; Johannes de Leeuw,1/16/2024,"The Regional Climate Modeling system (RegCM) has undergone a significant
evolution over the years, leading for example to the widely used
versions RegCM4 and RegCM4-NH. In response to the demand for higher
resolution, a new version of the system has been developed, RegCM5,
incorporating the non-hydrostatic dynamical core of the MOLOCH weather
prediction model. In this paper we assess the RegCM5’s performance for 5
CORDEX-CORE domains, including a pan-European domain at
convection-permitting resolution.We find temperature biases generally in the range of -2 to 2 degrees
Celsius, higher in the northernmost regions of North America and Asia
during winter, linked to cloud water overestimation. Central Asia and
the Tibetan Plateau show cold biases, possibly due to sparse station
coverage. The model exhibits a prevailing cold bias in maximum
temperature and warm bias in minimum temperature, associated with a
systematic overestimation of lower-level cloud fraction, especially in
winter.Taylor diagrams indicate a high spatial temperature pattern correlation
with ERA5 and CRU data, except in South America and the Caribbean
region. The precipitation evaluation shows an overestimation in South
America, East Asia, and Africa. RegCM5 improves the daily precipitation
distribution compared to RegCM4, particularly at high intensities. The
analysis of wind fields confirms the model’s ability to simulate monsoon
circulations. The assessment of tropical cyclone tracks highlights a
strong sensitivity to the tracking algorithms, thus necessitating a
careful model interpretation.Over the European region, the convection permitting simulations
especially improve the diurnal cycle of precipitation and the hourly
precipitation intensities.",,3
"The fifth generation regional climate modeling system, RegCM5: the first convection-permitting European wide simulation and validation over the CORDEX-CORE …",1,2024,"… is performed in an area de ned by the 24 grid points around this grid point. Next, the nearest-neighbour method is applied in each of the 24 grid points ; and (3) once two positions (…",https://www.um.edu.mt/library/oar/handle/123456789/139118,,0,"fifth generation, thermal grid",10.21203/rs.3.rs-5305206/v1,Erika Coppola; Filippo Giorgi; Graziano Giuliani; Emanuela Pichelli; James M. Ciarlo; Francesca Raffaele; Rita Nogherotto; Michelle Simões Reboita; Chen Lu; Natalia Zazulie; Luiza Vargas-Heinz; Andressa Andrade Cardoso; Johannes de Leeuw,10/24/2024,"Abstract
                The Regional Climate Modeling system (RegCM) has undergone a significant evolution over the years, leading for example to the widely used versions RegCM4 and RegCM4-NH. In response to the demand for higher resolution, a new version of the system has been developed, RegCM5, incorporating the non-hydrostatic dynamical core of the MOLOCH weather prediction model. In this paper we assess the RegCM5's performance for 9 CORDEX-CORE domains, including a pan-European domain at convection-permitting resolution. We find temperature biases generally in the range of -2 to 2 degrees Celsius, with a larger positive bias in the northernmost regions of North America and Asia during winter, linked to cloud water overestimation.There are cold biases over Central Asia and the Tibetan Plateau, possibly due to sparse station coverage. The model exhibits a prevailing cold bias in maximum temperature and warm bias in minimum temperature, associated with a systematic overestimation of lower-level cloud fraction, especially in winter. Taylor diagrams indicate a high spatial temperature pattern correlation with ERA5 and CRU data, except in South America and the Caribbean region. The precipitation evaluation shows an overestimation in South America, East Asia, and Africa. RegCM5 improves the daily precipitation distribution compared to RegCM4, particularly at high intensities. The analysis of wind fields confirms the model's ability to simulate monsoon circulations. The assessment of tropical cyclone tracks highlights a strong sensitivity to the tracking algorithms, thus necessitating a careful model interpretation. Over the European region, the convection permitting simulations especially improve the diurnal cycle of precipitation and the hourly precipitation intensities.",https://www.researchsquare.com/article/rs-5305206/v1,1
Small-scale district heating system as heat storage for decentralized solar thermal collectors during non-heating period,21,2024,… This study presents a parametric study for evaluating the effectiveness of using a district heating system to store heat produced by decentralized solar thermal collectors and comparing …,https://www.sciencedirect.com/science/article/pii/S0360544224010338,,0,"fifth generation, thermal grid",10.1016/j.energy.2024.131260,Raimonds Bogdanovics; Jurgis Zemitis; Aleksandrs Zajacs; Anatolijs Borodinecs,2024-7,,https://api.elsevier.com/content/article/PII:S0360544224010338?httpAccept=text/xml,13
HeatNetSim: An open-source simulation tool for heating and cooling networks suitable for future energy systems,5,2024,… the suitability of district heating networks as … district heating and district cooling networks into a bidirectional low temperature district heating and cooling network highlighting the energy …,https://www.sciencedirect.com/science/article/pii/S0360544224033668,,0,"fourth generation, district heating and cooling",10.1016/j.energy.2024.133588,Sina Dibos; Thiemo Pesch; Andrea Benigni,2024-12,,https://api.elsevier.com/content/article/PII:S0360544224033668?httpAccept=text/xml,4
Shallow geothermal energy systems for district heating and cooling networks: Review and technological progression through case studies,42,2024,… geothermal energy technologies into district heating and cooling … shallow geothermal energy for district heating and cooling seems … and decarbonizing the heating and cooling sector. …,https://www.sciencedirect.com/science/article/pii/S0960148124015040,,0,"fourth generation, district heating and cooling",10.1016/j.renene.2024.121436,João S. Figueira; Alejandro García Gil; Ana Vieira; Apostolos K. Michopoulos; David P. Boon; Fleur Loveridge; Francesco Cecinato; Gregor Götzl; Jannis Epting; Kai Zosseder; Martin Bloemendal; Michael Woods; Paul Christodoulides; Philip J. Vardon; Simon Paul Borg; Søren Erbs Poulsen; Theis Raaschou Andersen,2024-12,,https://api.elsevier.com/content/article/PII:S0960148124015040?httpAccept=text/xml,37
Advancing sustainable energy: a systematic review of geothermal-powered district heating and cooling networks,13,2024,"… This review aims to fill this gap by systematically examining the literature on district heating networks powered by geothermal energy, identifying common challenges, exploring …",https://www.tandfonline.com/doi/abs/10.1080/14786451.2024.2417436,,0,"fourth generation, district heating and cooling",10.1080/14786451.2024.2417436,Mukhtar A. Kassem; Andrea Moscariello,10/22/2024,,https://www.tandfonline.com/doi/pdf/10.1080/14786451.2024.2417436,7
District Heating Deployment and Energy-Saving Measures to Decarbonise the Building Stock in 100% Renewable Energy Systems,4,2024,"… by fourth-generation district heating. The development of fourth-generation district heating … reduce the costs of the thermal sector, make greater use of thermal storage and provide high …",https://www.mdpi.com/2075-5309/14/8/2267,,0,"fourth generation, district thermal",10.3390/buildings14082267,Lorenzo Mario Pastore; Daniele Groppi; Felipe Feijoo,7/23/2024,"Achieving a zero-emission building heating sector requires numerous strategies and detailed energy planning, in order to identify the optimal decarbonisation pathway. This work aims to assess the impact of district heating expansion and the implementation of energy-saving measures on the decarbonisation of the Italian building stock by 2050, analysing their combined impact, reciprocal effects, and technical–economic implications on the entire national energy system. The scenarios have been implemented and simulated with the H2RES software, a long-term energy planning optimisation model, built for the Italian national energy system. Results indicate that it is possible to decarbonise the heating system in an efficient and cost-effective manner by the year 2040. Heat pumps represent the optimal technology at both centralised and decentralised levels. District heating expansion is a priority for the decarbonisation of the building stock, allowing us to reduce costs, exploit thermal storage systems and provide system flexibility. In the best scenario, 40% of the Italian heat demand can be supplied by fourth-generation district heating. Energy-saving measures can reduce heat demand and primary energy but at higher annual costs and with a significant increase in investment. The combined simulation of the strategies within an optimisation model of the entire energy system enables the accurate assessment of the real impact of the various measures, considering their reciprocal effects and technical–economic implications.",https://www.mdpi.com/2075-5309/14/8/2267/pdf,3
Fault detection for district heating substations: Beyond three-sigma approaches,11,2024,"… district heating substations, which is an important enabler for the transition towards fourth-generation district … data obtained from a Swedish district heating operator to illustrate its use in …",https://www.sciencedirect.com/science/article/pii/S2666955224000297,,0,"fourth generation, district thermal",10.1016/j.segy.2024.100159,Chris Hermans; Jad Al Koussa; Tijs Van Oevelen; Dirk Vanhoudt,2024-11,,https://api.elsevier.com/content/article/PII:S2666955224000297?httpAccept=text/xml,6
Towards intelligent energy management in energy communities: Introducing the district energy manager and an IT reference architecture for district energy …,14,2024,"… In this article, an IT reference architecture for a cross-sectoral district energy … energy usage within the district. To define an optimal reference architecture, existing roles in the energy …",https://www.sciencedirect.com/science/article/pii/S2352484724000684,,0,"fourth generation, district energy",10.1016/j.egyr.2024.01.068,Juliane Sauerbrey; Tom Bender; Sebastian Flemming; Arne Martin; Steffi Naumann; Oliver Warweg,2024-6,,https://api.elsevier.com/content/article/PII:S2352484724000684?httpAccept=text/xml,10
Data-driven approaches for deriving a soft sensor in a district heating network,5,2024,"… To facilitate the ongoing transition to fourth-generation district heating systems, it is necessary to find resource-efficient methods to model the differential pressure in a district heating …",https://www.sciencedirect.com/science/article/pii/S036054422400197X,,0,"fourth generation, district energy",10.1016/j.energy.2024.130426,Aksel Johan Frafjord; Jan-Philip Radicke; Arvind Keprate; Tiina M. Komulainen,2024-4,,https://api.elsevier.com/content/article/PII:S036054422400197X?httpAccept=text/xml,3
District energy management systems: Key data points for system integration and related challenges: Lessons learned from experts in Germany,4,2024,"… energy are required. [ 9, 10 ] Hence, we call the energy management system within a district a district energy … Its key tasks include coordination of energy and data flows within the district …",https://onlinelibrary.wiley.com/doi/abs/10.1002/ente.202400297,,0,"fourth generation, district energy",10.1002/ente.202400297,Felix Rehmann; Falk Cudok; Joel Schölzel; Thomas Schreiber; Sarah Henn; Rita Streblow,5/16/2024,"District energy management systems (DEMS) offer the capability to harness the energy potential of districts. Currently, there is a lack of research describing the necessary underlying information systems. An overview of lessons learned is presented from a series of workshops with experts from industry, research, and further roles, predominately from Germany. Seven workshops discussing challenges within digitalization, data requirements, district energy system planning, common elements in district energy systems are conducted, ensuring long‐term operation and transferability, and validation of prior findings. Based on these discussions, insights into topics such as the key data and its requirements, typical distinctions in DEMS, their infrastructure, considerations in the information modeling, as well as challenges in data availability, are offered. These findings are mapped to a data value pipeline, illustrating key resources and tools needed to plan and operate DEMS. As demonstrated in this article, the requirements for DEMS highlight their complexity. Distinct categorizations, such as the ownership or heterogeneity in building and technologies, form the landscape of DEMS. The need for standardized, interoperable systems is often a contrast to the uniqueness of individual systems and their needs. Further adoption of the described concepts necessitates sustainable business models.",https://onlinelibrary.wiley.com/doi/pdf/10.1002/ente.202400297,1
Probabilistic state estimation in district heating grids using deep neural network,12,2024,"Probabilistic state estimation is critical for operating and controlling district heating grids efficiently. However, computational bottlenecks of traditional solvers limit the feasibility of …",https://www.sciencedirect.com/science/article/pii/S2352467724000821,,0,"fourth generation, district energy",10.1016/j.segan.2024.101353,Gaowei Yi; Xinlin Zhuang; Yan Li,2024-6,,https://api.elsevier.com/content/article/PII:S2352467724000821?httpAccept=text/xml,5
"Strategies for decarbonizing European district heating: Evaluation of their effectiveness in Sweden, France, Germany, and Poland",22,2024,"… energy and emissions across the district heating supply chain, coupled with a derivative-based sensitivity analysis. We apply this methodology to the national-level district … on district …",https://www.sciencedirect.com/science/article/pii/S036054422402231X,,0,"fourth generation, district energy",10.1016/j.energy.2024.132457,Xenia Malcher; Miguel Gonzalez-Salazar,2024-10,,https://api.elsevier.com/content/article/PII:S036054422402231X?httpAccept=text/xml,14
Enriching Public Disclosure Data to Evaluate Advanced District Energy Systems With Thermal Storage for Grid-Interactive Efficient Districts,1,2024,… generation 4GDC fourth generation district cooling 4GDHC fourth generation district heating and cooling 5G fifth generation 5GDHC fifth generation district heating and cooling AHJ …,https://search.proquest.com/openview/abe38df9a663023d6e977b4350293b06/1?pq-origsite=gscholar&cbl=18750&diss=y,,0,"fourth generation, district energy",10.2139/ssrn.4960303,Pengdan Fan; Dan Wang; Wei Wang; Yuying Sun,2024,,,0
Accurate 3D thermal network development for direct-drive outer-rotor hybrid-PM flux-switching generator,12,2024,"… thermal network (LPTN) is presented for accurate thermal modeling of a newly developed outer-rotor hybrid-PM flux switching generator (… thermal contact resistance, anisotropic thermal …",https://ieeexplore.ieee.org/abstract/document/10586892/,,0,"fourth generation, thermal network",10.23919/cjee.2024.000059,Ali Zarghani; Mohammad Farahzadi; Aghil Ghaheri; Karim Abbaszadeh,2024-6,,http://xplorestaging.ieee.org/ielx8/7873788/10586856/10586892.pdf?arnumber=10586892,11
Comprehensive damage and deformation mechanisms during out-of-phase thermal mechanical fatigue of the fourth-generation single crystal superalloy,11,2024,"… fourth-generation single crystal (SX) superalloy during in-service operation, out-of-phase (OP)- thermal … Ultimately, salutary guidance for the further application of fourth-generation SX …",https://www.sciencedirect.com/science/article/pii/S0142112323004917,,0,"fourth generation, thermal network",10.1016/j.ijfatigue.2023.107990,Zihao Tan; Xinguang Wang; Yongmei Li; Yanhong Yang; Yunling Du; Zhicheng Ge; Jide Liu; Jinlai Liu; Jinguo Li; Yizhou Zhou; Xiaofeng Sun,2024-1,,https://api.elsevier.com/content/article/PII:S0142112323004917?httpAccept=text/xml,12
Failure-mode dependence on the formation of deformation twinning in the fourth-generation single crystal Ni-based superalloy at high temperatures,8,2024,"In this work, the twinning-related deformation mechanisms under different failure modes of a fourth-generation single crystal (SX) superalloy at high temperatures were investigated. …",https://www.sciencedirect.com/science/article/pii/S0142112324000872,,0,"fourth generation, thermal network",10.1016/j.ijfatigue.2024.108229,Zihao Tan; Xinguang Wang; Yahang Mu; Yunling Du; Yongmei Li; Jianchao Pang; Yanhong Yang; Jide Liu; Jinlai Liu; Jinguo Li; Yizhou Zhou; Xiaofeng Sun,2024-5,,https://api.elsevier.com/content/article/PII:S0142112324000872?httpAccept=text/xml,8
… duration on microstructure evolution and the high temperature and low stress creep properties of a low-cost fourth-generation single crystal superalloy,14,2024,"… A Ru-free low-cost fourth-generation single crystal superalloy was designed in this study, … dislocation networks formed during the creep test and the ruptured dislocation networks of the …",https://www.sciencedirect.com/science/article/pii/S1044580324005187,,0,"fourth generation, thermal network",10.1016/j.matchar.2024.114137,Z.Y. Liang; X.G. Wang; Z.H. Tan; S.M. Abbas Jafri; X.P. Tao; Y.H. Yang; J.D. Liu; J.L. Liu; C.H. Zhang; S. Zhang; J.G. Li; Y.Z. Zhou; X.F. Sun,2024-9,,https://api.elsevier.com/content/article/PII:S1044580324005187?httpAccept=text/xml,14
Effect of wall thickness on the microstructure and properties of a fourth-generation single crystal superalloy,3,2024,This study investigated the effect of various thicknesses (0.3–1.5 mm) on the as-cast and heat-treated microstructures of the fourth-generation single crystal superalloy. The …,https://www.sciencedirect.com/science/article/pii/S092583882403024X,,0,"fourth generation, thermal network",10.2139/ssrn.4713549,Kuo Jiang; J.  L. Liu; Naicheng Sheng; Qi Li; DongHan Fan; Keqiang Qiu; Yinglei Ren; Jinguo Li,2024,,,0
Research on Temperature-Rise Characteristics of Motor Based on Simplified Lumped-Parameter Thermal Network Model,7,2024,"… The thermal network model constructed by the thermal circuit analysis method needs to divide the motor into several units, and each unit consists of one or more nodes. In order to …",https://www.mdpi.com/1996-1073/17/18/4717,,0,"fourth generation, thermal network",10.3390/en17184717,Jinguang Liang; Kaijie Liang; Zhengri Shao; Yihong Niu; Xiaobei Song; Ping Sun; Jincheng Feng,9/22/2024,"The thermal management of a driving motor is related to the performance and economy of the vehicle. The lumped-parameter thermal network (LPTN) method can provide a model basis for motor temperature-rise control and effectively shorten the development cycle of motor thermal performance design. In this study, an 80 kw water-cooled permanent magnet synchronous motor was used and the accurate thermal model of a motor was built using the LPTN. On the basis of the accurate thermal model, the simplified thermal model of a motor was obtained by reducing the complexity of the model. The temperature-rise test of the end winding and magnetic steel of the motor was carried out under some working conditions. The test conditions were selected according to continuous external characteristics and operating characteristics of the motor. Compared with the experimental results, the temperature-rise error of the two thermal models was less than 5%. The temperature-rise error of the simplified thermal model was less than 3% compared with the accurate thermal model. Therefore, the simplified thermal model can be used to quickly predict the temperature rise of the motor.",https://www.mdpi.com/1996-1073/17/18/4717/pdf,6
Effect of temperature on the tensile deformation mechanisms of a fourth nickel-based single crystal superalloys,16,2024,This work conducted tensile experiments from room temperature to 1100 C on a new fourth-generation single crystal superalloys along [001]. The effect of temperature on the tensile …,https://www.sciencedirect.com/science/article/pii/S2238785424010366,,0,"fourth generation, thermal network",10.1016/j.jmrt.2024.04.263,Shuli Zeng; Xinbao Zhao; Wanshun Xia; Yunpeng Fan; Lijie Qiao; Yuan Cheng; Hao Liu; Quanzhao Yue; Yuefeng Gu; Ze Zhang,2024-5,,https://api.elsevier.com/content/article/PII:S2238785424010366?httpAccept=text/xml,17
Enhanced efficiency in smart grid energy systems through advanced AI-based thermal modeling,9,2024,Integrating smart grid (SG) and artificial intelligence (AI) technologies can potentially enhance energy efficiency and sustainability in sports facilities. This research presents an …,https://www.sciencedirect.com/science/article/pii/S2451904924003834,,0,"fourth generation, thermal grid",10.1016/j.tsep.2024.102765,B.V. Santhosh Krishna; S. Pauline; S. Sivakumar; C. Anna Palagan; Vamsidhar Talasila; M. Masthan Siva Krishna,2024-8,,https://api.elsevier.com/content/article/PII:S2451904924003834?httpAccept=text/xml,6
Research on the enhanced heat transfer performance of SCO2 caused by vortex generators with different geometric dimensions in novel airfoil channels,12,2024,… Brayton cycle system suitable for the fourth-generation nuclear energy system. Compared to … of geometric parameters of VGs on the thermal-hydraulic performance of the channels is …,https://www.sciencedirect.com/science/article/pii/S0149197024000076,,0,"fourth generation, thermal grid",10.1016/j.pnucene.2024.105057,Zhen Li; Daogang Lu; Qiong Cao; Yuzhou Wang; Yu Liu,2024-4,,https://api.elsevier.com/content/article/PII:S0149197024000076?httpAccept=text/xml,10
Techno-economic evaluation of waste heat recovery from an off-grid alkaline water electrolyzer plant and its application in a district heating network in Finland,30,2024,… This paper investigates the techno-economic potential for recovering waste heat from an off-grid alkaline water electrolyzer (AWE) plant and using the heat in a DH network under …,https://www.sciencedirect.com/science/article/pii/S0360544224019558,,0,"fourth generation, thermal grid",10.1016/j.energy.2024.132181,Altti Meriläinen; Antti Kosonen; Juha Jokisalo; Risto Kosonen; Pertti Kauranen; Jero Ahola,2024-10,,https://api.elsevier.com/content/article/PII:S0360544224019558?httpAccept=text/xml,20
Physics Design of a 200-MeV Electron Injector Linac With a Thermionic Electron Gun for the Korean Fourth-Generation Storage Ring Light Source,2,2024,"… to the focusing electrode and grid. The design involved two … focusing voltage at -1.5 kV and the grid voltage at 50 V. The gap … Similarly, for the voltage applied to the grid, after 25 V, the …",https://ieeexplore.ieee.org/abstract/document/10452292/,,0,"fourth generation, thermal grid",10.1109/tns.2024.3368024,Chanmi Kim; Eun-San Kim; Chong Shik Park,2024-3,,http://xplorestaging.ieee.org/ielx7/23/10473595/10452292.pdf?arnumber=10452292,2
Development of a high-fidelity co-simulation model for district heating systems,1,,"… to the conventional third-generation DH grids. To capture the … model of a planned fourthgeneration district heating system, … In this research, the fourthgeneration district heating system …",https://research.tue.nl/files/318991367/1268244_DevelopmentCoSimulationModelDHSystems.pdf,http://scholar.google.com/https://research.tue.nl/files/318991367/1268244_DevelopmentCoSimulationModelDHSystems.pdf,0,"fourth generation, thermal grid",10.1016/b978-1-78242-374-4.00001-x,P. Woods; J. Overgaard,2016,,https://api.elsevier.com/content/article/PII:B978178242374400001X?httpAccept=text/xml,8
Comparison between DNS and RANS approaches for liquid metal flows around a square rod bundle,5,2024,"… thermal-hydraulic characteristics of liquid metal flows around rod bundles are of great interest for the research and design of fourth generation … grid size. To this end, three computational …",https://iopscience.iop.org/article/10.1088/1742-6596/2766/1/012009/meta,,0,"fourth generation, thermal grid",10.1088/1742-6596/2766/1/012009,D Trane; M Grespan; D Angeli,5/1/2024,"Abstract
               The thermal-hydraulic characteristics of liquid metal flows around rod bundles are of great interest for the research and design of fourth generation nuclear reactors. Currently, a large research effort is aimed at the development of accurate numerical models for low Prandtl number fluid flows, since the data available in the literature are quite scarce. Direct Numerical Simulation (DNS) is undoubtedly the most accurate approach, but its large requirements of computational resources and time make it less practical than other simplified methods such as the Reynolds-Average Navier Stokes (RANS) approach. The present paper provides a comparison between numerical results of a flow of liquid Lead-Bismuth Eutectic (LBE) at Pr=0.031 around four vertical cylindrical rods arranged in a square lattice, obtained by DNS and RANS. Several turbulence models are considered, including the standard k−ε, k−ω SST, and two Reynolds stress models, namely the ones by Launder, Reece and Rodi (LRR), and Speziale, Sarkar and Gatski (SSG). The accuracy of these models is assessed by comparing the mean Nusselt number, the pressure drop, and local field distributions with those obtained by DNS.",https://iopscience.iop.org/article/10.1088/1742-6596/2766/1/012009,1
A new method of fuel pebble temperature calculation based on neutronic and thermal coupling equivalent model,6,2024,"As one of the six reactor types in the fourth-generation nuclear energy systems, the Very High Temperature Gas-cooled Reactor (VHTR) possesses inherent safety features. One VHTR …",https://www.sciencedirect.com/science/article/pii/S0306454924002299,,0,"fourth generation, thermal grid",10.1016/j.anucene.2024.110566,Jincheng Wang; Bin Wei; Weihua Cai; Zehua Guo; Ming Ding,2024-9,,https://api.elsevier.com/content/article/PII:S0306454924002299?httpAccept=text/xml,5
Predicting hourly heating load in district heating system based on the hybrid Bi-directional long short-term memory and temporal convolutional network model,14,2024,… to improve the accuracy of the heat load prediction from the … missing values based on bi-directional features of existing … changes in heat load and the realization of accurate heat load …,https://www.sciencedirect.com/science/article/pii/S0959652624022170,,0,"bi-directional, district heating and cooling",10.1016/j.jclepro.2024.142769,Jiancai Song; Wen Li; Shuo Zhu; Chenhao Zhou; Guixiang Xue; Xiangdong Wu,2024-7,,https://api.elsevier.com/content/article/PII:S0959652624022170?httpAccept=text/xml,10
Joint Planning and Operation Optimization of Renewable Energy Systems Considering Bi-Directional Electric-Thermal Storage and Conversion,2,2024,"… We take an end-user located in Beijing as an example and apply the method proposed in this paper to obtain its annual electricity, cooling, and heating energy demand curves as …",https://www.mdpi.com/2071-1050/16/23/10768,,0,"bi-directional, district heating and cooling",10.3390/su162310768,Song Gao; Yuqi Wang; Yang Li; Tianbao Liang; Kun Liu,12/9/2024,"Renewable energy systems have emerged as a crucial research area due to the escalating demand for sustainable energy solutions. With the advancement of renewable energy, the electric-thermal coupling within multi-energy systems has become more intricate. Bi-directional electric-thermal storage and conversion technologies have emerged as a potential solution to address the challenges associated with efficient energy utilization. This paper focuses on the joint planning and operation optimization of renewable energy systems considering bi-directional electric-thermal storage and conversion. The integrated framework for renewable energy systems incorporating a bi-directional electric-thermal storage and conversion unit is designed, and the joint planning and operation optimization method is proposed. Case studies are conducted based on typical annual energy demand and solar radiation characteristics in Beijing, China. Numerical results show that the proposed method can effectively handle the coupling and bi-directional conversion characteristics of electrical and thermal energy, achieving energy cost savings while fulfilling the energy demands of the system. The proposed system has a capital expenditure of USD 261,251.4 and an operating expenditure of USD 177,007.1, which shows a total cost reduction of 12.28% compared to the lithium-ion battery system, providing better economic performance while further enhancing the flexibility of energy utilization. These research findings contribute to the development of more efficient and sustainable renewable energy systems, providing a valuable reference for future research and practical applications within the energy field.",https://www.mdpi.com/2071-1050/16/23/10768/pdf,1
Thermal case exploration of electromagnetic radiative tri-hybrid nanofluid flow in Bi-directional stretching device in absorbent medium: SQLM analysis,29,2024,"Ternary hybrid nanofluids offer promising roles in biomedical engineering, solar energy, atomic reactors, automobiles, and heat pipes. Through these facts and influenced by recent …",https://www.sciencedirect.com/science/article/pii/S2214157X24007652,,0,"bi-directional, district heating and cooling",10.1016/j.csite.2024.104734,M.D. Shamshuddin; S.O. Salawu; Subhajit Panda; S.R. Mishra; Asma Alanazy; Mohamed R. Eid,2024-8,,https://api.elsevier.com/content/article/PII:S2214157X24007652?httpAccept=text/xml,28
Film cooling performance evaluation of bi-directional diffusion hole with compound-angle on turbine blade: Study on spanwise width,4,2024,… on the bi-directional diffusion hole film cooling performance … The optimal hole outlet spanwise width of bi-directional … spanwise width on the film cooling characteristics. The numerical …,https://www.sciencedirect.com/science/article/pii/S1359431124017903,,0,"bi-directional, district heating and cooling",10.1016/j.applthermaleng.2024.124122,Bingran Li; Cunliang Liu; Lin Ye; Ming Ren; Siyi Wang; Song Liu,2024-11,,https://api.elsevier.com/content/article/PII:S1359431124017903?httpAccept=text/xml,4
Regulatable orthotropic 3D hybrid continuous carbon networks for efficient bi-directional thermal conduction,41,2024,"… heater and a Cu heat sink, forming a common cooling system. The heat generated after turning on the heater … the TIM to the heat sink and finally cooled at the water-cooled terminal (Fig. …",https://link.springer.com/article/10.1007/s40820-024-01426-0,,0,"bi-directional, district heating and cooling",10.1007/s40820-024-01426-0,Huitao Yu; Lianqiang Peng; Can Chen; Mengmeng Qin; Wei Feng,5/17/2024,"AbstractVertically oriented carbon structures constructed from low-dimensional carbon materials are ideal frameworks for high-performance thermal interface materials (TIMs). However, improving the interfacial heat-transfer efficiency of vertically oriented carbon structures is a challenging task. Herein, an orthotropic three-dimensional (3D) hybrid carbon network (VSCG) is fabricated by depositing vertically aligned carbon nanotubes (VACNTs) on the surface of a horizontally oriented graphene film (HOGF). The interfacial interaction between the VACNTs and HOGF is then optimized through an annealing strategy. After regulating the orientation structure of the VACNTs and filling the VSCG with polydimethylsiloxane (PDMS), VSCG/PDMS composites with excellent 3D thermal conductive properties are obtained. The highest in-plane and through-plane thermal conductivities of the composites are 113.61 and 24.37 W m−1 K−1, respectively. The high contact area of HOGF and good compressibility of VACNTs imbue the VSCG/PDMS composite with low thermal resistance. In addition, the interfacial heat-transfer efficiency of VSCG/PDMS composite in the TIM performance was improved by 71.3% compared to that of a state-of-the-art thermal pad. This new structural design can potentially realize high-performance TIMs that meet the need for high thermal conductivity and low contact thermal resistance in interfacial heat-transfer processes. ",https://link.springer.com/content/pdf/10.1007/s40820-024-01426-0.pdf,40
"Bi-directional DC charging stations for EVs on renewable-powered LVDC grids: design, sizing, control and testing",8,2024,… The cables use water cooling to recover the heat from power loss. The 150 DC CPs are supplied by a 6km long direct current grid. The expansion plan incorporates a photovoltaic (PV) …,https://ieeexplore.ieee.org/abstract/document/10586721/,,0,"bi-directional, district heating and cooling",10.1109/epts61482.2024.10586721,Benjamin Gutwald; Raphael Lehmann; Martin Barth; Tobias Reichenstein; Jörg Franke,6/5/2024,,http://xplorestaging.ieee.org/ielx8/10586232/10586717/10586721.pdf?arnumber=10586721,5
Bi-Directional Charging with V2L Integration for Optimal Energy Management in Electric Vehicles,12,2024,… unique challenges for energy management. Bi-directional charging (BDC) is a solution that allows EVs to not only consume energy from the grid but also supply energy back to the grid. …,https://www.mdpi.com/2079-9292/13/21/4221,,0,"bi-directional, district heating and cooling",10.3390/electronics13214221,Balakumar Muniandi; Siyi Wan; Mohammad El-Yabroudi,10/28/2024,"Electric vehicles (EVs) are becoming increasingly popular as an efficient transportation solution but they also present unique challenges for energy management. Bi-directional charging (BDC) is a solution that allows EVs to not only consume energy from the grid but also supply energy back to the grid. This facilitates vehicle-to-load (V2L) integration, where EVs can act as mobile power sources for homes, buildings, and the grid. V2L enables better energy management by utilizing EVs as a flexible resource to balance grid demand and supply in the proposed system. This is achieved through intelligent coordination between the EVs, charging stations, and the grid, using smart meters and communication networks. Integration of BDC and V2L also enables EVs to provide backup power during grid outages, reduce the need for costly grid infrastructure, and support renewable energy integration. BDC with V2L integration is a promising approach for optimal energy management in EVs and can play a significant role in the future of sustainable transportation and energy systems. The proposed model reached 95.13% charging efficiency, 95.03% energy management, 95.69% power rating, 96.28% voltage support and 87.99% temperature management.",https://www.mdpi.com/2079-9292/13/21/4221/pdf,10
Analysis of carbon nanotubes-based nanofluid with paraffin oil in 3D MHD Darcy-Forchheimer flow through a bi-directional stretchable surface: Application to heat …,3,2024,… have the potential to be employed as heat and mass transfer agents in indirect … cooling systems. Analysis of the magnitude of heat/mass transfer rates in connection to air conditioning …,https://journals.sagepub.com/doi/abs/10.1177/09544089241259446,,0,"bi-directional, district heating and cooling",10.1177/09544089241259446,Thenmozhi Dhanraj; Manneri Eswara Rao; Kuppalapalle Vajravelu; Pallavarapu Lakshminarayana,6/6/2024," In this paper, a three-dimensional Darcy-Forchheimer flow model is considered to investigate the flow behavior of conducting paraffin oil with carbon nanotubes. The governing partial differential equations of the model are converted into a system of ordinary differential equations by using a similarity transformation. Then, a conversion numerical method along with a shooting technique is used to obtain the solutions to the governing ordinary differential equations. The study reveals significant effects of the porosity, radiation, thermophoresis and the Brownian motion on the flow and heat transfer characteristics. Also, the influences of the physical parameters on the bi-directional velocity, temperature and fluid concentration are discussed in detail. Since carbon nanotubes have high thermal conductivity, it has a high impact on the temperature profiles. Furthermore, as the paraffin oil has well-defined thermal properties, it can be used as a fluid to augment the heat transfer. The presence of carbon nanotubes in the fluid enhanced the thermal conductivity which in turn increased the temperature of the fluid. The magnetic field reduced the bi-directional velocity of the fluid but increased the temperature due to the stimulating effect of the Lorentz force. Hence, this heat transfer study of paraffin oil with carbon nanotubes has a wide range of industrial applications to steam generation, thermal management, heat-treated material and engine cooling. ",https://journals.sagepub.com/doi/pdf/10.1177/09544089241259446,1
A numerical study of heat and mass transfer characteristic of three-dimensional thermally radiated bi-directional slip flow over a permeable stretching surface,17,2024,"… influence on the flow and heat transfer properties. Expanding on this concept by introducing porous media, the current study explore the flow and heat and mass transport characteristics …",https://www.nature.com/articles/s41598-024-70167-2,,0,"bi-directional, district heating and cooling",10.1038/s41598-024-70167-2,Hakeem Ullah; Syed Arshad Abas; Mehreen Fiza; Ilyas Khan; Ariana Abdul Rahimzai; Ali Akgul,8/27/2024,,https://www.nature.com/articles/s41598-024-70167-2.pdf,21
Investigation of mass and heat transport in bi-directional stretched flow of Sisko fluid with variable magnetic field and radiation effects via OHAM,2,2024,"… As energy-efficient heat transfer fluids are needed for such incredibly effective cooling, … research connected to ultra-high-performance cooling technologies is now quite hard. Pal and …",https://journals.sagepub.com/doi/abs/10.1177/16878132241288093,,0,"bi-directional, district heating and cooling",10.1177/16878132241288093,Muhammad Sohail; Syed Tehseen Abbas; Kamaleldin Abodayeh,2024-11," The present work investigates mass and heat transport in non-Newtonian Sisko fluid past a three-dimensional bi-directional stretched heated surface with MHD effect, heat radiation, Joule warming, variable thermic conductivity, and temperature-dependent diffusivity. Comprehension the intricate relationships amongst mass and heat transfer in Sisko fluid across various magnetic field and radiation conditions requires an understanding of this model. It offers information on how to best optimize industrial operations where controlling fluid behavior and thermal characteristics is crucial, such as cooling systems and polymer extrusion. The difficulty is derived from resembling coupled nonlinear PDEs by engaging boundary layer theory and transforming them into systems of ODEs by applying suitable similarity transformations. The nonlinear converted ODEs have been solved using OHAT (optimal homotopy analysis technique) and the results are presented via graphs and tables. The performed analysis shows that escalating values of fluid parameter shows shear-thinning behavior and as a result fluid velocity upsurges. It is observed through findings that the velocity spectrum strengthens along the x-axis and y-axis concerning the Sisko fluid factor [Formula: see text]. The thermal appearance exhibits improved behavior with higher thermal conductivity [Formula: see text] levels. Moreover, the thermal profile indicates enhanced behavior given the enrichment in Eckert number [Formula: see text] and Radiation factor [Formula: see text]. Previous research indicates that no comprehensive studies have been carried out to examine mass, heat transfer with changing thermal conductivity, diffusive coefficient variation, radiation warmth, and Joule heating for the two-way extended transport of the Sisko nanofluid. This study fills up that void. ",https://journals.sagepub.com/doi/pdf/10.1177/16878132241288093,2
A performance degradation prediction model for PEMFC based on bi-directional long short-term memory and multi-head self-attention mechanism,112,2024,"Proton exchange membrane fuel cell (PEMFC) is a highly promising renewable energy conversion technology. However, durability issues have hindered their large-scale …",https://www.sciencedirect.com/science/article/pii/S0360319924006037,,0,"bi-directional, district heating and cooling",10.1016/j.ijhydene.2024.02.181,Chunchun Jia; Hongwen He; Jiaming Zhou; Kunang Li; Jianwei Li; Zhongbao Wei,2024-3,,https://api.elsevier.com/content/article/PII:S0360319924006037?httpAccept=text/xml,110
Load prediction of integrated energy systems for energy saving and carbon emission based on novel multi-scale fusion convolutional neural network,36,2024,"… of the integrated energy system data. Meanwhile, the bi-directional long short-term memory network is applied to extract the time dependencies of the integrated energy system data. …",https://www.sciencedirect.com/science/article/pii/S0360544223035752,,0,"bi-directional, district heating and cooling",10.1016/j.energy.2023.130181,Zhiwei Chen; Weicheng Zhao; Xiaoyong Lin; Yongming Han; Xuan Hu; Kui Yuan; Zhiqiang Geng,2024-3,,https://api.elsevier.com/content/article/PII:S0360544223035752?httpAccept=text/xml,27
Strength–ductility synergy in Mg-Gd-Y-Zr alloys via texture engineering in bi-directional forging,18,2024,"In this work, we successfully fabricate an ultra-high strength Mg-11Gd-3Y-0.5Zr alloy with ultimate tensile strength of 523 MPa and enhanced ductility via cost-effective bi-directional …",https://www.sciencedirect.com/science/article/pii/S2213956724000318,,0,"bi-directional, district heating and cooling",10.1016/j.jma.2023.12.013,Jingli Li; Quanfeng Han; Xiuzhu Han; Xin Yi,2024-11,,https://api.elsevier.com/content/article/PII:S2213956724000318?httpAccept=text/xml,19
On the design of 5GDHC substation control systems,3,2024,"… individual heat pumps (HP), a 2-pipe, bi-directional energy flow … heating and cooling if applicable. Another advantage of 5th generation is the possibility of combined heating and cooling …",https://www.tandfonline.com/doi/abs/10.1080/14786451.2024.2317141,,0,"bi-directional, district heating and cooling",10.1080/14786451.2024.2317141,Elena Khlebnikova; Ivo Pothof; Sam van der Zwan; Lefki Loverdou,3/5/2024,,https://www.tandfonline.com/doi/pdf/10.1080/14786451.2024.2317141,1
"Solar district heating system with large heat storage: Energy, exergy, economic and environmental (4E) analysis",28,2024,… bi-directional long short-term memory method for correcting outlier data and a balanced method for energy and exergy analyses. The solar district heating … for the absorption heat pump. …,https://www.sciencedirect.com/science/article/pii/S0196890424006502,,0,"bi-directional, district heat pump",10.1016/j.enconman.2024.118709,Meng Gao; Simon Furbo; Yutong Xiang; Jianhua Fan; Dengjia Wang; Zhiyong Tian,2024-8,,https://api.elsevier.com/content/article/PII:S0196890424006502?httpAccept=text/xml,25
Real-time monitoring and optimization of a large-scale heat pump prone to fouling-towards a digital twin framework,14,2024,… heat pumps over other heating technologies such as gas and electric boilers. Approaches described in the literature to optimize the operation of large-scale heat pumps … heat pump …,https://www.sciencedirect.com/science/article/pii/S0306261924006573,,0,"bi-directional, district heat pump",10.1016/j.apenergy.2024.123274,José Joaquín Aguilera; Wiebke Meesenburg; Wiebke Brix Markussen; Benjamin Zühlsdorf; Brian Elmegaard,2024-7,,https://api.elsevier.com/content/article/PII:S0306261924006573?httpAccept=text/xml,13
Adoption of Innovative Energy Facilities in the Tertiary Sector Buildings: Exploring Interdependencies and Key Drivers,1,2024,"… In this study area, the need for cooling is not strong. The values and changes in … , we observe a bi-directional relationship between the acceptance of solar panels and heat pumps and a …",https://www.mdpi.com/2075-5309/14/11/3576,,0,"bi-directional, district heat pump",10.3390/buildings14113576,Ruijin Huang; Gaofeng Gu,11/11/2024,"Innovative energy facilities, such as solar panels, heat pumps, and smart control ventilation, offer substantial opportunities to improve energy efficiency and environmental performance in the tertiary sector, aligning with green building objectives. This study aims to identify the key factors influencing the adoption of these facilities by small and medium-sized enterprise owners in the tertiary sector and to explore the interdependencies among them. To achieve this, we employed a stated choice experiment to assess preferences and decision-making by presenting respondents with multiple hypothetical scenarios, each containing alternatives described by varying attributes. A simultaneous equation model was used to analyze the key drivers of adoption and the interrelationships among these facilities. The results reveal that cost-related attributes and government incentives significantly impact the acceptance of energy facilities. Notably, while environmental responsibility is slightly associated with solar panel adoption, it shows no significant link with heat pumps or ventilation systems. Furthermore, we identified a bi-directional relationship between the adoption of solar panels and heat pumps, suggesting that acceptance of one positively influences the other. Conversely, a unidirectional relationship exists between ventilation and solar panels, where the adoption of ventilation positively influences solar panel adoption, but not the other way around. These findings contribute to a deeper understanding of decision-making processes in green building projects and provide valuable insights for policymakers and industry stakeholders aiming to promote sustainable energy solutions in the tertiary sector.",https://www.mdpi.com/2075-5309/14/11/3576/pdf,1
"Evaluating the potential for solar-plus-storage backup power in the United States as homes integrate efficient, flexible, and electrified energy technologies",6,2024,"… In hot locations, heat pump retrofits reduce median storage sizing by an additional 10–30 … that bi-directional EV charging may be essential to enabling PVESS backup of heating and …",https://www.sciencedirect.com/science/article/pii/S0360544224019546,,0,"bi-directional, district heat pump",10.1016/j.energy.2024.132180,Will Gorman; Galen Barbose; Cesca Miller; Philip White; Juan Pablo Carvallo; Sunhee Baik,2024-9,,https://api.elsevier.com/content/article/PII:S0360544224019546?httpAccept=text/xml,5
A 3D Printed Bi-Directional Turbine for Thermoacoustic Standing Wave Environment at an Atmospheric Pressure,1,2024,… heat transfer between the wave and the surface of porous media can create heat pumping effect where heat is … temperature reservoir in a thermoacoustic heat pump or refrigerator [14]. …,https://www.akademiabaru.com/submit/index.php/arefmht/article/view/5145,,0,"bi-directional, district heat pump",10.37934/arefmht.15.1.113,Fatimah Al Zahrah Mohd Saat,3/7/2024,This paper reports a study on the use of an in-house 3D printed bi-directional turbine for energy conversion in a standing wave thermoacoustic environment that is operated at an atmospheric pressure. The 3D printed turbine was placed at two locations along the resonator and the data were recorded for several range of flow frequency and flow amplitude. It is found that maximum output is achieved when flow is not at resonance. Resonance of the standing wave inside the rig was found at 106 Hz but the bi-directional turbine performs better at a lower frequency of 85 Hz.,,0
The impact of heat pumps on day-ahead energy community load forecasting,22,2024,"… based on district heating systems [28,30], radiators installed at singlefamily houses [31] or … The LSTM neural network is built with one bi-directional LSTM layer, two dense layers, from …",https://scholar.archive.org/work/pgjnvrxhnrgwnh6rmby7qiz6pe/access/wayback/https://publikationen.bibliothek.kit.edu/1000170854/152908535,,0,"bi-directional, district heat pump",10.1016/j.apenergy.2024.123364,Leo Semmelmann; Matthias Hertel; Kevin J. Kircher; Ralf Mikut; Veit Hagenmeyer; Christof Weinhardt,2024-8,,https://api.elsevier.com/content/article/PII:S0306261924007475?httpAccept=text/xml,17
Constructing micro-region networks in expanded graphite for bi-directional high thermal conductivity of thermoplastic polymer composite,6,2024,… /P) with bi-directional high thermal conductivity was prepared … constructing the main thermal conductive network and the M−… method to greatly enhance bi-directional TC of thermoplastic …,https://www.sciencedirect.com/science/article/pii/S1385894724096013,,0,"bi-directional, thermal network",10.1016/j.cej.2024.158110,Junqi Ning; Zhe Wang; Yue Zhang; Xinyue Xu; Ting Ma; Jiaxian Du; Haodi Wang; Jianwen Peng; Di Bao; Yanji Zhu; Huaiyuan Wang,2024-12,,https://api.elsevier.com/content/article/PII:S1385894724096013?httpAccept=text/xml,6
Thermal error prediction of precision boring machine tools based on extreme gradient boosting algorithm-improved sailed fish optimizer-bi-directional ordered …,22,2024,"… The geometric and thermal errors are the crucial … , the thermal error models are proposed based on the extreme gradient boosting algorithm-improved sailed fish optimizer-bi-directional …",https://www.sciencedirect.com/science/article/pii/S0952197623014628,,0,"bi-directional, thermal network",10.1016/j.engappai.2023.107278,Mengyuan Li; Chi Ma; Jialan Liu; Hongquan Gui; Shuang Zeng; Fangqiong Luo,2024-1,,https://api.elsevier.com/content/article/PII:S0952197623014628?httpAccept=text/xml,18
Significant enhancement of bi-directional ultrahigh thermal conductivity in polymer composites fabricated via Polyetherimide@ Silver core–shell structured …,6,2024,"… with unique segregated thermal-conductive network were … , which was endowed with superior thermal-conductive ability in … high in-plane thermal conductivity and through-plane thermal …",https://www.sciencedirect.com/science/article/pii/S1385894724078963,,0,"bi-directional, thermal network",10.1016/j.cej.2024.156405,Lan Yang; Junyu Zhao; Chengyang Wang; Ruotong Pang; Daming Wang; Xiaogang Zhao; Chunhai Chen,2024-11,,https://api.elsevier.com/content/article/PII:S1385894724078963?httpAccept=text/xml,3
General Analytical Model for Electromagnetic-Thermal Bi-Directional Coupling of IPM Motors in Electric Vehicles Considering Different Rotor Structures,4,2024,"… In response to the problem that the long calculation of magneto-thermal coupling (MTC) … model combining subdomain method and equivalent thermal network (ETN) is proposed, which …",https://ieeexplore.ieee.org/abstract/document/10552086/,,0,"bi-directional, thermal network",10.1109/tvt.2024.3411068,Shiqi Li; Wenming Tong; Shengnan Wu; Renyuan Tang,2024-11,,http://xplorestaging.ieee.org/ielx8/25/10747067/10552086.pdf?arnumber=10552086,3
Optimizing electric vehicle charging in distribution networks: A dynamic pricing approach using internet of things and Bi-directional LSTM model,20,2024,"Nobody wants to invest in worldwide transmission and distribution corridor upgrades. Thermal, solar, and other sources are added as needed. We're thrilled about using more power for …",https://www.sciencedirect.com/science/article/pii/S0360544224005875,,0,"bi-directional, thermal network",10.1016/j.energy.2024.130815,Balakumar P; Senthil Kumar Ramu; Vinopraba T,2024-5,,https://api.elsevier.com/content/article/PII:S0360544224005875?httpAccept=text/xml,10
Smart polymer composites with vertically oriented boron nitride and carbon fiber for heat management: Magneto-thermal responsiveness,24,2024,… using bi-directional freeze casting strategy demonstrated excellent thermal management … nanosheets (BNNS)/carbon fibers (CFs) network with magnetic Fe 3 O 4 particles and phase…,https://www.sciencedirect.com/science/article/pii/S1359836824004281,,0,"bi-directional, thermal network",10.1016/j.compositesb.2024.111617,Fang Peng; Yuting Song; Tongle Xu; Menghuan Wang; Na Song; Sheng Sun; Peng Ding,2024-8,,https://api.elsevier.com/content/article/PII:S1359836824004281?httpAccept=text/xml,23
Bi-directional Enhanced Network of Cross-Modal Features for RGB-T Tracking,1,2024,"… , we enhance the features of the thermal infrared light using the discriminative information of … data using the discriminative information of the thermal infrared light modality. This not only …",https://ieeexplore.ieee.org/abstract/document/10575764/,,0,"bi-directional, thermal network",10.1109/imcec59810.2024.10575764,Hang Zheng; Yuanjing Zhu; Peng Hu; Honglin Wang; Hongwei Ding,5/24/2024,,http://xplorestaging.ieee.org/ielx8/10574856/10574899/10575764.pdf?arnumber=10575764,0
Coordinated Voltage Regulation Strategy for an Energy Storage Integrated Distribution Network in Bidirectional Power Flow Mode,7,2024,… for ESS integrated DN in bi-directional power flow mode is … A bi-directional power flow operation model of the transformer is formulated to quantify the voltage profiles. ● The thermal …,https://ieeexplore.ieee.org/abstract/document/10603413/,,0,"bi-directional, thermal network",10.1016/j.segan.2023.101253,Chaoxian Lv; Kaiping Qu; Rui Liang; Guanyu Song,2024-3,,https://api.elsevier.com/content/article/PII:S2352467723002618?httpAccept=text/xml,4
Thermal displacement prediction of high-speed electric spindles based on BWO-BiLSTM,5,2024,"… To accurately, efficiently and stably predict the thermal displacement … bi-directional long and short-term memory neural network (BiLSTM) is introduced in this paper. Firstly, the thermal …",https://www.sciencedirect.com/science/article/pii/S0141635924001594,,0,"bi-directional, thermal network",10.1016/j.precisioneng.2024.07.007,Yaonan Cheng; Shenhua Jin; Kezhi Qiao; Shilong Zhou; Jing Xue,2024-8,,https://api.elsevier.com/content/article/PII:S0141635924001594?httpAccept=text/xml,6
Multiphysics Dimension-Reduced Optimization of a PM Hub Motor based on Electromagnetic-Thermal Mesh-Shared Network Model,2,2024,"… electromagnetic-thermal bidirectional coupling analysis … Currently, the most common method uses bidirectional coupling … transient thermal analysis model (T-AM) to predict the thermal …",https://ieeexplore.ieee.org/abstract/document/10685523/,,0,"bi-directional, thermal network",10.2139/ssrn.4910650,xingxiong Yang; yanpu Zhao; shucan Cheng,2024,,,0
Thermal buckling analysis of bi-directional FGM doubly curved shell panels using a TSDT p-version finite element method,7,2024,"… bi-directional FGM shell panels with various geometries, offering a more comprehensive understanding of their thermal … derived from the steady-state thermal conduction equation for bi-…",https://link.springer.com/article/10.1007/s00419-024-02669-4,,0,"bi-directional, thermal network",10.1007/s00419-024-02669-4,Lakhdar Zeddoune; Sidi Mohammed Chorfi; Sid Ahmed Belalia,8/14/2024,,https://link.springer.com/content/pdf/10.1007/s00419-024-02669-4.pdf,5
Two-stage stochastic robust optimization scheduling of electric–thermal microgrid with solid electric thermal storage,3,2024,"… microgrid with SETS is proposed, and the electric–thermal bi-directional regulation … network and as a heat source in the thermal network. It absorbs electrical energy to heat the thermal …",https://pubs.aip.org/aip/adv/article/14/1/015018/2946522,,0,"bi-directional, thermal network",10.1063/5.0185649,Peiru Feng; Guifen Jiang; Kun Li; Jiayin Xu; Yuming Shen; Wuhao Xu; Shuai Wang,1/1/2024,"During the periods of high heat load (HL) demand in winter, the increased heat output of combined heat and power units (CHPs) can significantly compress the electric power regulation range, thereby posing a threat to the safety of the power system. The solid electric thermal storage (SETS) can be employed as the regulating resource for both electric and thermal systems, expanding the dispatch space of microgrids to promote renewable energy consumption. In this paper, a two-stage stochastic robust optimization scheduling model of an electric–thermal microgrid with SETS is proposed, and the electric–thermal bi-directional regulation characteristics of SETS are considered. First, a SETS operation model based on the heat transfer characteristics of the homogeneous material-type thermal storage unit is established. Second, a regional thermal inertia model under a constant-flow variable-temperature system is established, which integrates HL at different locations to the heat source, avoiding the calculation of variation in water temperature, thus reducing the calculation difficulty. Finally, the two-stage stochastic robust optimization scheduling model of an electric–thermal microgrid with SETS is established. The model decouples the power and heat generation of CHP through the bi-directional regulation function of SETS. Case studies demonstrate the validity and effectiveness of the proposed scheduling model.",https://pubs.aip.org/aip/adv/article-pdf/doi/10.1063/5.0185649/18340059/015018_1_5.0185649.pdf,3
Effects of Pasternak foundation on asymmetric thermomechanical stability analysis of bi-directional functionally graded discs,2,2024,… vibration analysis of bidirectional rectangular FG plates under thermal environment with … the grid distribution. The accuracy of six significant digits is ensured by considering 𝑃 = 15 grid …,https://www.worldscientific.com/doi/abs/10.1142/S0219455426500641?download=true&srsltid=AfmBOoogVW6tuFv-COLqh5Ig9439dVp_QW1Nm0ryaddrhl4Rn_tkp07m&journalCode=ijssd,,0,"bi-directional, thermal grid",10.1142/s0219455426500641,Mohamed Amine Khadimallah; Rahul Saini,11/22/2024," The mechanical and thermal stability equations of asymmetric functionally graded discs subjected to the Pasternak foundation are developed by employing Hamilton’s energy principle based on the first-order shear theory. The material properties are temperature-dependent and vary according to power-law and exponentially in thickness and radial direction, respectively. Accordingly, the temperatu re is also varying in both directions. Using the well-developed differential quadrature method, stability equations are discretized along with the boundary conditions, leading to a complete algebraic linear equations system. The validation of results is performed to certify the results. Numerical and illustrative results are presented to study the effect of elastic foundation parameters, graded indexes, nodal lines, and boundary conditions on thermal and mechanical buckling. Also, the impact of compressive in-plane force on thermal buckling and thermal environment on mechanical buckling is presented. ",https://www.worldscientific.com/doi/pdf/10.1142/S0219455426500641,1
Dynamic modelling and control of dual active bridge bi-directional dc-dc converters for smart grid applications,57,2024,… Alternating Current (AC) Smart Grid. These systems all demand bi-directional DC-DC energy transfer … are typically met with a Dual Active Bridge (DAB) Bi-directional DC-DC converter. …,https://research-repository.rmit.edu.au/articles/thesis/Dynamic_modelling_and_control_of_dual_active_bridge_bi-directional_DC-DC_converters_for_smart_grid_applications/27586782,,0,"bi-directional, thermal grid",10.1007/978-981-97-4856-3_3,Guo Xu; Xiaoying Chen,2024,,https://link.springer.com/content/pdf/10.1007/978-981-97-4856-3_3,0
Advancing v2g technology: Design of an adaptive bi-directional three phase afe converter for high-power applications,7,2024,… This paper presents a three-phase bi-directional grid-connected AFE converter for a 15 kW … -based controller for bi-directional power flow between the electric vehicle (EV) and grid. It …,https://www.sciencedirect.com/science/article/pii/S2352152X24017249,,0,"bi-directional, thermal grid",10.1016/j.est.2024.112138,Md. Shahrukh Alam; Mukesh Singh; Pramod Agarwal,2024-7,,https://api.elsevier.com/content/article/PII:S2352152X24017249?httpAccept=text/xml,7
Conductive EMI Attenuation of GaN-Based Bi-Directional Grid-Tie Inverter for Ultra-High-Speed PMSM Application,1,2024,… efficiency and thermal response and … bi-directional grid-tie inverter recuperating power from a micro turbine CHP system rated at 400 V and 3 kW and feeding into single phase 240V grid…,https://ieeexplore.ieee.org/abstract/document/10905604/,,0,"bi-directional, thermal grid",10.1109/iecon55916.2024.10905604,Tohid Asefi; Ralph Kennel; Majid Sanatkar Chayjani; Alireza Davari; Freddy Flores-Bahamonde,11/3/2024,,http://xplorestaging.ieee.org/ielx8/10904979/10905066/10905604.pdf?arnumber=10905604,1
25kW Grid-Tied Bi-directional T-Type Inverter with High-Efficiency and High-Power Density Using SiC MOSFETs,2,2024,"… In this paper, we will discuss how using SiC MOSFETs help to reduce the size of the bi-directional DC-AC inverter stage by increasing the switching frequency while still maintaining …",https://ieeexplore.ieee.org/abstract/document/10653829/,,0,"bi-directional, thermal grid",10.1109/ecce55643.2024.10860274,Hailin Wang; Yuequan Hu; Zongzeng Hu,10/20/2024,,http://xplorestaging.ieee.org/ielx8/10860271/10860272/10860274.pdf?arnumber=10860274,0
Corrective and new research frontier of dual-phase-lag non-fourier heat conduction in functionally graded cylindrical materials with bi-directional property …,3,2024,This study presents a novel and corrective analysis of Dual-Phase-Lag (DPL) non-fourier heat conduction in functionally graded cylindrical materials with bi-directional property …,https://www.sciencedirect.com/science/article/pii/S2666202724003021,,0,"bi-directional, thermal grid",10.1016/j.ijft.2024.100861,P. Das; M.A. Islam; M.A. Hasib,2024-11,,https://api.elsevier.com/content/article/PII:S2666202724003021?httpAccept=text/xml,3
22 kW Bi-directional Wall-box Charger With 1200 V SiC MOSFET,1,2024,"… , 22 kW bi-directional wall-box charger was presented in this paper. Its thermal design, … results showed very good system performance including thermal efficiency, THD, and EMC. …",https://ieeexplore.ieee.org/abstract/document/10653814/,,0,"bi-directional, thermal grid",10.3390/mi15121470,Alessandro Reali; Alessio Alemanno; Fabio Ronchi; Carlo Rossi; Corrado Florian,12/2/2024,"Automotive-grade GaN power switches have recently been made available in the market from a growing number of semiconductor suppliers. The exploitation of this technology enables the development of very efficient power converters operating at much higher switching frequencies with respect to components implemented with silicon power devices. Thus, a new generation of automotive power components with an increased power density is expected to replace silicon-based products in the development of higher-performance electric and hybrid vehicles. 650 V GaN-on-silicon power switches are particularly suitable for the development of 3–7 kW on-board battery chargers (OBCs) for electric cars and motorcycles with a 400 V nominal voltage battery pack. This paper describes the design and implementation of a 6.6 kW OBC for electric vehicles using automotive-grade, 650 V, 25 mΩ, discrete GaN switches. The OBC allows bi-directional power flow, since it is composed of a bridgeless, interleaved, totem-pole PFC AC/DC active front end, followed by a dual active bridge (DAB) DC-DC converter. The OBC can operate from a single-phase 90–264 Vrms AC grid to a 200–450 V high-voltage (HV) battery and also integrates an auxiliary 1 kW DC-DC converter to connect the HV battery to the 12 V battery of the vehicle. The auxiliary DC-DC converter is a center-tapped phase-shifted full-bridge (PSFB) converter with synchronous rectification. At the low-voltage side of the auxiliary converter, 100 V GaN power switches are used. The entire OBC is liquid-cooled. The first prototype of the OBC exhibited a 96% efficiency and 2.2 kW/L power density (including the cooling system) at a 60 °C ambient temperature.",https://www.mdpi.com/2072-666X/15/12/1470/pdf,3
The role of electric vehicles in hybrid solar-based small energy communities,6,2024,… bi-directional capabilities of electric vehicles via vehicle-to-grid technology can enrich grid … concentrated solar and photovoltaic systems with thermal energy storage by exploring their …,https://www.sciencedirect.com/science/article/pii/S019689042401015X,,0,"bi-directional, thermal grid",10.2139/ssrn.4826747,Greta Lombardi; Luca Cioccolanti; Luca Del Zotto; Sebastiano Tomassetti; Pietro  Elia Campana,2024,,,0
Bi-directional 11-kW Multi-Level Active-Neutral-Point-Clamped AC-DC Converter Using 600 V/750 V Si Super-Junction and SiC MOSFETs for High-Efficiency and …,2,2024,"… functionalities such as vehicle-to-grid and vehicle-to-load. … topology candidates for the bi-directional PFC stage featuring … design considerations, an experimental thermal-resistance …",https://ieeexplore.ieee.org/abstract/document/10653807/,,0,"bi-directional, thermal grid",10.1109/tie.2023.3262889,Changkyu Bai; Minsung Kim,2024-2,,http://xplorestaging.ieee.org/ielx7/41/10223597/10091780.pdf?arnumber=10091780,11
The influence of socio-technical variables on vehicle-to-grid technology,16,2024,"… -to-grid technology (V2G) is a novel large scale energy storage option to improve the grid … Using electric vehicle (EV) batteries to store and provide electricity to the grid, the intermittency …",https://www.sciencedirect.com/science/article/pii/S0360544224020735,,0,"bi-directional, thermal grid",10.1016/j.energy.2024.132299,Shemin Sagaria; Mart van der Kam; Tobias Boström,2024-10,,https://api.elsevier.com/content/article/PII:S0360544224020735?httpAccept=text/xml,12
The bidirectional substation for district heating users: experimental performance assessment with operational profiles of prosumer loads and distributed …,17,2024,… district heating in achieving mid and long-term decarbonization targets. Prosumers could be equipped with bidirectional … The present paper evaluates the contribution of a bidirectional …,https://www.sciencedirect.com/science/article/pii/S0378778823011027,,0,"bidirectional, district heating and cooling",10.1016/j.enbuild.2023.113872,Mauro Pipiciello; Federico Trentin; Anton Soppelsa; Diego Menegon; Roberto Fedrizzi; Mattia Ricci; Biagio Di Pietra; Paolo Sdringola,2024-2,,https://api.elsevier.com/content/article/PII:S0378778823011027?httpAccept=text/xml,10
Model predictive control of bidirectional heat transfer in prosumer-based solar district heating networks,24,2024,… demands to prevent the activation of the central heating plant. This work presents an initial … strategy to manage bidirectional heat transfer between buildings in a district heating network. …,https://www.sciencedirect.com/science/article/pii/S0306261923019815,,0,"bidirectional, district heating and cooling",10.1016/j.apenergy.2023.122617,Lilli Frison; Manuel Kollmar; Axel Oliva; Adrian Bürger; Moritz Diehl,2024-3,,https://api.elsevier.com/content/article/PII:S0306261923019815?httpAccept=text/xml,22
Empowering prosumers in district heating networks: Experimental analysis and performance evaluation of a bidirectional substation,2,2024,"… to contribute to the district heating network by utilizing locally … usage, and enhancing district heating sustainability. In this … in bidirectional substation for district heating networks. These …",https://cris.unibo.it/handle/11585/1009045,,0,"bidirectional, district heating and cooling",10.52202/077185-0102,Federico Gianaroli; Mauro Pipiciello; Paolo Sdringola; Federico Trentin; Mattia Ricci; Biagio Di Pietra; Diego Menegon; Francesco Melino,2024,,,0
Comparative study and validation of a new analytical method for hydraulic modelling of bidirectional low temperature networks,3,2024,… Bidirectional Low Temperature Networks (BLTNs) are an … of district heating and cooling systems. Because of their intrinsic feature of supplying simultaneous heating and cooling either …,https://www.sciencedirect.com/science/article/pii/S0360544224009411,,0,"bidirectional, district heating and cooling",10.1016/j.energy.2024.131168,Marwan Abugabbara; Jonas Lindhe; Saqib Javed; Dennis Johansson; Johan Claesson,2024-6,,https://api.elsevier.com/content/article/PII:S0360544224009411?httpAccept=text/xml,3
A new analytical method for modeling network hydraulics in district systems with bidirectional mass and energy flows,2,2024,"… To support the successful implementation of bidirectional DHC systems, this article presents a new fast analytical method to model network hydraulics for BLTNs with any number of …",https://www.tandfonline.com/doi/abs/10.1080/23744731.2024.2336836,,0,"bidirectional, district heating and cooling",10.1080/23744731.2024.2336836,Johan Claesson; Jonas Lindhe; Marwan Abugabbara; Dennis Johansson; Saqib Javed,5/10/2024,,https://www.tandfonline.com/doi/pdf/10.1080/23744731.2024.2336836,1
Machine-learning-assisted long-term G functions for bidirectional aquifer thermal energy storage system operation,6,2024,"… To evaluate ATES performance with bidirectional operation, this study develops an analytical solution-based model to simulate the spatiotemporal thermal response in an aquifer. The …",https://www.sciencedirect.com/science/article/pii/S0360544224014117,,0,"bidirectional, district heating and cooling",10.1016/j.energy.2024.131638,Kecheng Chen; Xiang Sun; Kenichi Soga; Peter S. Nico; Patrick F. Dobson,2024-8,,https://api.elsevier.com/content/article/PII:S0360544224014117?httpAccept=text/xml,7
A Comparative Analysis of Energy Performance of Ultra-Low Temperature District Heating and Cooling Networks with Different Substation Configurations,1,2024,"… known as two-pipe bidirectional parallel network. In this … heating and cooling devices, as illustrated in Figure 1. One of the most common setups is known as active heating/cooling…",https://par.nsf.gov/biblio/10563145,,0,"bidirectional, district heating and cooling",10.63044/w24zha94,Yuhang Zhang; Mingzhe Liu; Zheng O’Neill; Jin Wen,6/14/2024,,,0
Prosumers in District Heating and Cooling: Design of a Simulation and Experiment Environment for Testing Control Strategies,1,2024,… A multi-criteria analysis of bidirectional solar district heating substation architecture. In: SWC 2017 ISES solar world congress: international solar energy society. Freiburg im Breisgau: …,https://mediatum.ub.tum.de/1728573,,0,"bidirectional, district heating and cooling",10.1016/j.apenergy.2024.124156,Yuhang Zhang; Mingzhe Liu; Zheng O'Neill; Jin Wen,2024-12,,https://api.elsevier.com/content/article/PII:S0306261924015393?httpAccept=text/xml,9
Optimizing Thermal Energy Sharing in Smart District Heating Networks,5,2024,"… In this regard, Smart District Heating Networks (SDHNs) can present further opportunities to … in the thermal production sector. In order to ensure a bidirectional flow from a District Heating …",https://www.mdpi.com/1996-1073/17/12/2936,,0,"bidirectional, district thermal",10.3390/en17122936,Anna Dattilo; Francesco Melino; Mattia Ricci; Paolo Sdringola,6/14/2024,"The constant attention to sustainability aimed at reconciling economic and social development with environmental protection is the driving force of the continuous growth of renewable energy in the energy sector. Among the numerous actions taken by the European Commission (EC) in this direction, an important initiative towards the complete decarbonization is represented by the Renewable Energy Communities (RECs). According to the EC, “energy communities enable collective and citizen-driven energy actions to support the clean energy transition. They can contribute to increasing public acceptance of renewable energy projects and make it easier to attract private investments in the clean energy transition”. At the European level, numerous energy communities are emerging, although they are all based on photovoltaic production and, consequently, focus only on electricity flows. The aim of this paper is to define a thermal energy community in which thermal energy sharing can be achieved by exploiting the concept of the smart district heating network. Starting from a small existing district heating network, its conversion into a smart one will be analyzed and optimized with the aim of studying the sharing of thermal energy between the various prosumer and non-prosumer users connected to the district heating network.",https://www.mdpi.com/1996-1073/17/12/2936/pdf,4
Experiment and prediction analysis of thermal energy storage for heat load balancing in domestic hot water system,4,2024,This paper presents the efficient process of thermal energy storage (TES) operation for heat load balancing in the domestic hot water (DHW) systems of district heating by the field …,https://www.sciencedirect.com/science/article/pii/S0360544224038180,,0,"bidirectional, district thermal",10.1016/j.energy.2024.134040,Hyung-Yong Ji; Chaedong Kang; Dongho Park,2024-12,,https://api.elsevier.com/content/article/PII:S0360544224038180?httpAccept=text/xml,4
Innovative Strategies for Thermal Energy Optimization and Renewable Energy Integration in Net-Zero-Energy Buildings: A Comprehensive Review,6,2024,"… district heating and cooling systems, ultra-low-temperature district heating, and fifth-generation bidirectional district … the use of thermal energy storage. It was found that the use of a …",https://www.mdpi.com/1996-1073/17/22/5664,,0,"bidirectional, district thermal",10.3390/en17225664,Samia Hamdane; Luís C. Pires; Pedro D. Gaspar; Pedro D. Silva,11/13/2024,"The thermal performance and energy efficiency of buildings are critical factors in achieving sustainable energy systems as energy needs for heating and cooling are expected to represent more than 50% of global final energy consumption. This study analyzes conventional renewable energy systems for heating and cooling in buildings, focusing on strategies for developing net-zero-energy buildings. This review covers the integration of renewable energy, the use of intelligent energy management systems, and the optimization of thermal processes. It also compares various systems based on their advantages and limitations and analyzes emerging trends in the thermal management of buildings in different climate zones. The synthesis of recent literature highlights practical recommendations for achieving high thermal performance in buildings, including the importance of selecting appropriate energy systems based on local climatic conditions, optimizing system efficiency, and taking advantage of new materials and advanced technologies. This review aims to contribute to promoting sustainable construction practices with the integration of renewable energy sources and improving the energy efficiency of buildings.",https://www.mdpi.com/1996-1073/17/22/5664/pdf,3
Optimization of residential energy system configurations considering the bidirectional power supply of electric vehicles and electricity interchange between …,5,2024,Electric vehicles (EVs) combined with bidirectional home chargers (vehicle-to-home (V2H) units) and electricity interchange between residences are promising options for the self-…,https://www.sciencedirect.com/science/article/pii/S0360544224016645,,0,"bidirectional, district energy",10.1016/j.energy.2024.131891,Takuya Higashitani; Takashi Ikegami; Atsushi Akisawa,2024-9,,https://api.elsevier.com/content/article/PII:S0360544224016645?httpAccept=text/xml,4
Development of a sizing and modeling platform for district energy systems with geothermal heat pumps,1,2024,… Many of them are focused on building energy modeling and do not provide district energy … of a building energy simulation platform focused on simulating the energy performance of a …,https://openresearch.okstate.edu/entities/publication/6f68a372-69ce-4060-b3b6-0aff0d9ef329,,0,"bidirectional, district energy",10.22488/okstate.24.000001,Jing Wang; Matt Mitchell; Tanushree Charan; Brian Ball; Nathan Moore; Shadi Abdel Haleem,5/28/2024,"Existing tools for community or urban-scale energy system modeling and simulation are often limited in their capabilities and require expert-level proficiency to develop system models. To address this gap, we propose an integrated sizing and modeling platform for district energy systems with geothermal heat pumps. The platform uses geometric and non-geometric user inputs related to the buildings, borefield, and district energy loop, sizes the geothermal heat exchanger, generates a corresponding district energy system model, and runs an annual simulation automatically. The borefield component model on our platform was validated against EnergyPlus to ensure reliable simulation performance. This paper includes a case study demonstrating the workflow and plausibility of the simulation results using the proposed platform.",,0
Bidirectional Charging Use Cases: Innovations in E-Mobility and Power-Grid Flexibility,1,2024,"… urban mobility and energy optimization [1]. This paper explores how bidirectional charging in Dresden’s Ostra district can enhance grid stability, reduce energy consumption, and …",https://ieeexplore.ieee.org/abstract/document/11004278/,,0,"bidirectional, district energy",10.1109/isc260477.2024.11004278,Shangqing Wang; Juan A. Cabrera; Frank H. P. Fitzek,10/29/2024,,http://xplorestaging.ieee.org/ielx8/11004136/11004137/11004278.pdf?arnumber=11004278,1
Surrogate modelling for urban building energy simulation based on the bidirectional long short-term memory model,14,2024,… hourly building energy use … bidirectional LSTM outperforms the standard LSTM in accuracy. This study demonstrates the advantages of bidirectional RNN architecture in building energy …,https://www.tandfonline.com/doi/abs/10.1080/19401493.2024.2359985,,0,"bidirectional, district energy",10.1080/19401493.2024.2359985,Xiyu Pan; Yujie Xu; Tianzhen Hong,5/28/2024,,https://www.tandfonline.com/doi/pdf/10.1080/19401493.2024.2359985,12
Reho: a decision support tool for renewable energy communities,4,2024,"… address the optimal design and operation of district energy systems, catering to multi-… , unidirectional or bidirectional. The fleet of electric vehicles can thus be used to provide an …",https://joss.theoj.org/papers/10.21105/joss.06734.pdf,http://scholar.google.com/https://joss.theoj.org/papers/10.21105/joss.06734.pdf,0,"bidirectional, district energy",10.21105/joss.06734,Dorsan Lepour; Joseph Loustau; Cédric Terrier; François Maréchal,11/20/2024,,https://joss.theoj.org/papers/10.21105/joss.06734.pdf,4
Multi-software based dynamic modelling of a water-to-water heat pump interacting with an aquifer thermal energy storage system,5,2024,… of a water-to-water heat pump interacting with two aquifers and activating a small-scale district heating and cooling network serving a mixed-use district of eight residential and office …,https://www.sciencedirect.com/science/article/pii/S0960148124018639,,0,"bidirectional, district heat pump",10.1016/j.renene.2024.121795,G. Agate; F. Colucci; N. Luciano; E. Marrasso; C. Martone; G. Pallotta; C. Roselli; M. Sasso; G. Squarzoni,2024-12,,https://api.elsevier.com/content/article/PII:S0960148124018639?httpAccept=text/xml,4
Constructing bidirectional heat flow pathways by curved alumina for enhanced thermal conductivity of epoxy composites,5,2024,"… W/m·K) thermal conductivity with a low filler loading (19.9 vol%). Importantly, the wall … of continuous network structure and interconnected channels, which reduce the thermal expansion …",https://www.sciencedirect.com/science/article/pii/S1359835X24004093,,0,"bidirectional, thermal network",10.1016/j.compositesa.2024.108412,Jiani Tan; Zhen Xu; Fei Ding; Zongxian Yang; Fangli Yuan; Yuge Ouyang,2024-11,,https://api.elsevier.com/content/article/PII:S1359835X24004093?httpAccept=text/xml,5
Bidirectionally high‐thermally conductive and environmentally adaptive graphene thick films enabled by seamless bonding assembly for extreme thermal …,31,2024,… The ultra-stable microstructure and excellent bidirectional thermal conductive performances of GTF-SBA originated from the unique atomic structures of seamless bonding interfaces. …,https://advanced.onlinelibrary.wiley.com/doi/abs/10.1002/adfm.202400110,,0,"bidirectional, thermal network",10.1002/adfm.202400110,Yuanyuan Hao; Xin Ming; Jiahao Lu; Min Cao; Peijuan Zhang; Hang Shi; Kaiwen Li; Yue Gao; Lidan Wang; Wenzhang Fang; Yance Chen; Lin Zhang; Haiyan Sun; Weiwei Gao; Yingjun Liu; Zhen Xu; Chao Gao,3/19/2024,"AbstractWith the rapid development of high‐power electronics in aerospace, communication, and energy storage systems, the huge heat flux poses an increasing threat to the safety of electronic devices. Compared with thin films of a few micro thicknesses, high‐quality graphene thick film (GTF) exceeding hundreds of microns thickness is a promising candidate to solve thermal management challenges owing to higher heat‐flux. However, traditional GTF usually has lower thermal conductivity and weak mechanical properties attributed to disordered sheet alignment and frail interfacial adhesion. Here, a seamless bonding assembly (SBA) strategy is proposed to attain GTF over record hundreds of microns with robust coalescence interfaces. For the GTF‐SBA with ≈250 µm thickness, the in‐plane and through‐plane thermal conductivities are 925.75 and 7.03 W m−1 K−1, approximately two times and 12 times those of the GTF prepared by traditional adhesive assembly method, respectively. Furthermore, the GTF‐SBA demonstrates remarkable stability even after cycled harsh temperature shocks from 77 to 573 K, ensuring its environmental adaptability for long‐term service in extreme conditions. These findings provide valuable insights into the interfacial design of graphene bulk materials and highlight the potential applications of high‐performance graphene‐based materials for extreme thermal management demands.",https://advanced.onlinelibrary.wiley.com/doi/pdf/10.1002/adfm.202400110,25
Estimating the boundary conditions for 3D transient heat conduction by bidirectional long short-term memory network and attention mechanism,6,2024,… bidirectional long short-term memory network and attention mechanism is proposed to accurately identify transient thermal … The bidirectional long short-term memory network is able to …,https://www.sciencedirect.com/science/article/pii/S001793102400872X,,0,"bidirectional, thermal network",10.1016/j.ijheatmasstransfer.2024.126042,Wenkai Qiu; Haolong Chen; Huanlin Zhou,2024-11,,https://api.elsevier.com/content/article/PII:S001793102400872X?httpAccept=text/xml,7
Transient temperature field short-term prediction of electric drive gearbox based on thermal network static and dynamic graph construction,6,2024,"… The model leverages dynamic learning of thermal diffusion rules from sparse monitoring … First, lumped parameter thermal network method is used to establish the thermal network model …",https://www.sciencedirect.com/science/article/pii/S1359431124009918,,0,"bidirectional, thermal network",10.1016/j.applthermaleng.2024.123323,Peng Tang; Zhiguo Zhao; Haodi Li,2024-7,,https://api.elsevier.com/content/article/PII:S1359431124009918?httpAccept=text/xml,5
… and RUL prediction of lithium batteries based on fusions of RLOESS filtered electrochemical and thermal features by bidirectional gated recurrent unit network,42,2024,"… a bidirectional gated recurrent unit (BiGRU) network with … thermal voltammetry (DTV) curves, and differential thermal … Features containing thermal and electrochemical information …",https://www.sciencedirect.com/science/article/pii/S2352152X24037204,,0,"bidirectional, thermal network",10.1016/j.est.2024.114134,Fei Xia; Yun Yu; Jiajun Chen,2024-11,,https://api.elsevier.com/content/article/PII:S2352152X24037204?httpAccept=text/xml,35
Knowledge-based bidirectional thermal variable modelling for directed energy deposition additive manufacturing,5,2024,… [Citation25] conducted a thorough investigation using artificial neural networks to predict various thermal profiles in DED-AM of 316L stainless steel and tungsten carbides. Their models …,https://www.tandfonline.com/doi/abs/10.1080/17452759.2024.2397008,,0,"bidirectional, thermal network",10.1080/17452759.2024.2397008,Jian Qin; Pradeeptta Taraphdar; Yongle Sun; James Wainwright; Wai Jun Lai; Shuo Feng; Jialuo Ding; Stewart Williams,9/5/2024,,https://www.tandfonline.com/doi/pdf/10.1080/17452759.2024.2397008,4
An Efficient Electro-Thermal Coupling Simulation Method Based on Neural Network-Aided Power Loss Model for Power Module Thermal Optimization,1,2024,"… thermal network model stays constant while the circuit model changes, allowing the thermal network … COMSOL thermal simulation, enabling bidirectional coupling between electro and …",https://ieeexplore.ieee.org/abstract/document/10756633/,,0,"bidirectional, thermal network",10.13052/rp-9788770042222c54,Eric Pohl; Jürgen Weber,2024,,,0
A novel variable liquid-properties thermal network model for researching on thermodynamic characteristics of ethylene glycol piston pump,4,2024,"… variable liquid-properties thermal network model (VLTNM) is … and liquid through a thermal network. A numerical calculation … by 10.36%, when the thermal conductivity of shell is doubled. …",https://www.sciencedirect.com/science/article/pii/S0735193323005742,,0,"bidirectional, thermal network",10.1016/j.icheatmasstransfer.2023.107185,Gang Luo; Tao He; Chuanli Wang; Kaiping Zhao; Yuanqing Luo; Ying Qin,2024-1,,https://api.elsevier.com/content/article/PII:S0735193323005742?httpAccept=text/xml,3
Multi-branch differential bidirectional fusion network for RGB-T semantic segmentation,22,2024,… thermal infrared (TIR) images is a promising approach for achieving reliable semantic scene understanding. Current approaches for RGBThermal … bidirectional fusion network known as …,https://ieeexplore.ieee.org/abstract/document/10463157/,,0,"bidirectional, thermal network",10.2139/ssrn.4980225,Bo Lei; PeiYan Guo; Shaoyun Jia,2024,,,0
Control of bidirectional prosumer substations in smart thermal grids: A weighted proportional-integral control approach,17,2024,"… a control approach for bidirectional prosumer substations. … control approach for bidirectional prosumer substations that … the coupling within the network, effectively manages conflicting …",https://www.sciencedirect.com/science/article/pii/S0306261923016033,,0,"bidirectional, thermal network",10.1016/j.apenergy.2023.122239,Thomas Licklederer; Daniel Zinsmeister; Lorenz Lukas; Fabian Speer; Thomas Hamacher; Vedran S. Perić,2024-1,,https://api.elsevier.com/content/article/PII:S0306261923016033?httpAccept=text/xml,11
Efficiency Optimization of LCL-Resonant Wireless Power Transfer Systems via Bidirectional Electromagnetic–Thermal Coupling Field Dynamics,1,2024,"This paper delved into the thermal dynamics and stability of … both unidirectional and bidirectional coupling field simulations, … of the electromagnetic–thermal coupling field related to coil …",https://www.mdpi.com/1996-1073/17/17/4507,,0,"bidirectional, thermal grid",10.3390/en17174507,Yao Yuan; Yuan La; Sicheng Shen; Yihui Zhao; Jianchao Li; Fanghui Yin,9/8/2024,"This paper delved into the thermal dynamics and stability of Wireless Power Transfer (WPT) systems, with a focus on the temperature effects on the coil structure. Using the Finite Element Method (FEM), this study investigated both unidirectional and bidirectional coupling field simulations, assessing their impacts on the transmission efficiency of LCL-resonant WPT systems. The boundary conditions and processes of the electromagnetic–thermal coupling field related to coil loss were analyzed, as well as the dynamic thermal balance in the bidirectional coupling field model. It was found that there is a significant temperature variation across the coil, with the highest temperatures at the central position and the lowest at the edges. This temperature rise notably changed the electrical parameters of the system, leading to variations in its operating state and a reduction in transmission efficiency. A constant coil voltage control strategy was more effective in mitigating the temperature rise compared to a constant coil current strategy, providing valuable insight for enhancing the efficiency and stability of WPT systems.",https://www.mdpi.com/1996-1073/17/17/4507/pdf,0
Plug-in electric vehicle dynamic pricing strategies for bidirectional power flow in decentralized and centralized environment,17,2024,… and other for decentralized environments considering bidirectional flow of power in a dynamic … While availing Vehicle to Grid (V2G) services battery degradation cost is considered for …,https://www.sciencedirect.com/science/article/pii/S2352467724000468,,0,"bidirectional, thermal grid",10.1016/j.segan.2024.101317,Durgesh Choudhary; Rabindra Nath Mahanty; Niranjan Kumar,2024-6,,https://api.elsevier.com/content/article/PII:S2352467724000468?httpAccept=text/xml,12
Dual converters coupled to thermal grid for simultaneous control on regulation and compensation in a hybrid AC-DC network,1,2024,"… to thermal grid (Electro-thermal network) for meeting the heating demand of a community, is enunciated in this paper. The DC micro grid (… approach through the thermal grid, claims the …",https://www.tandfonline.com/doi/abs/10.1080/15325008.2024.2313578,,0,"bidirectional, thermal grid",10.1080/15325008.2024.2313578,U. Sowmmiya; M. S. Keerthana; A. Karthikeyan; K. Padmanathan,2/10/2024,,https://www.tandfonline.com/doi/pdf/10.1080/15325008.2024.2313578,1
Effects of bidirectional rib arrangements on turbulent flow structure and heat transfer characteristics of a two-pass channel for turbine blade internal cooling,18,2024,"… the bidirectional ribbed channel provided 69% better thermal … characteristics, but the thermal performance of curved ribs … indicates that the best thermal performance occurs at the bend …",https://www.sciencedirect.com/science/article/pii/S0735193324004500,,0,"bidirectional, thermal grid",10.1016/j.icheatmasstransfer.2024.107688,Fawaz Bukht Majmader; Md. Jahid Hasan,2024-8,,https://api.elsevier.com/content/article/PII:S0735193324004500?httpAccept=text/xml,15
Improving Grid Stability and Power Quality in Advanced Technologies-Based Bidirectional EV Charging Stations: A Review,3,2024,"… with bidirectional EV charging systems, particularly in Vehicle-to-Grid (V2G) and Grid-to-… fluctuations, harmonic distortions, and grid instability have emerged, especially during peak …",https://ieeexplore.ieee.org/abstract/document/10763170/,,0,"bidirectional, thermal grid",10.1109/icses63445.2024.10763170,Rajeshkumar Damodharan; Pradeepkumar Sivakumar,10/15/2024,,http://xplorestaging.ieee.org/ielx8/10762944/10762948/10763170.pdf?arnumber=10763170,2
Optimization of data centre waste heat integration into the low-temperature district heating networks,12,2024,"… This heat needs to be removed and usually, it doesn’t have any further application… heat can be integrated into district heating (DH) and by using it reduce the usage of conventional heat …",https://link.springer.com/article/10.1007/s11081-023-09837-5,,0,"low temperature, district heating and cooling",10.1016/j.energy.2024.134013,Luca Socci; Andrea Rocchetti; Antonio Verzino; Andrea Zini; Lorenzo Talluri,2024-12,,https://api.elsevier.com/content/article/PII:S0360544224037915?httpAccept=text/xml,19
Holistic method for determining the techno-economic feasibility of waste heat for the planning of the low-temperature district heating systems,7,2024,… are known as systems that can be heat sources for the district heating (DH) system. This paper … heat demand. The conventional solutions remain viable for low plot ratio and low heat …,https://www.sciencedirect.com/science/article/pii/S0360544224037460,,0,"low temperature, district heating and cooling",10.1016/j.energy.2024.133968,Josip Miškić; Hrvoje Dorotić; Tomislav Pukšec; Daniel Rolph Schneider; Neven Duić,2024-12,,https://api.elsevier.com/content/article/PII:S0360544224037460?httpAccept=text/xml,6
Booster heat pump with drop-in zeotropic mixtures applied in ultra-low temperature district heating system,5,2024,"… The pursuit of sustainable district heating solutions has driven a growing interest in ultra-low temperature district heating (ULTDH) systems, where booster heat pumps (BHPs) play a …",https://www.sciencedirect.com/science/article/pii/S0360544224020668,,0,"low temperature, district heating and cooling",10.1016/j.energy.2024.132292,Tingting Zhu; Elias Vieren; Jierong Liang; Jan Eric Thorsen; Michel De Paepe; Steven Lecompte; Brian Elmegaard,2024-10,,https://api.elsevier.com/content/article/PII:S0360544224020668?httpAccept=text/xml,4
Transition towards carbon neutral district heating by utilising low-temperature heat,1,2024,"… waste heat, which can be utilised in district heating. The results of this thesis show that district heating … emissions and primary energy consumption. Implementing a sub-network utilising …",https://aaltodoc.aalto.fi/items/c6557d13-5c89-48b4-8ae2-73a5d1dcc26e,,0,"low temperature, district heating and cooling",10.2139/ssrn.4946865,Miguel Angel Pans Castillo; Gianfranco Claudio; Philip Eames,2024,,,0
Circularity characterizes low-temperature district energy business models,2,2024,"… low temperature district energy … low temperature district energy business models are inherently circular, an important information for European policy making, fostering a circular energy …",https://www.sciencedirect.com/science/article/pii/S2666955224000029,,0,"low temperature, district heating and cooling",10.1016/j.segy.2024.100132,Kristina Lygnerud; Nathalie Fransson,2024-2,,https://api.elsevier.com/content/article/PII:S2666955224000029?httpAccept=text/xml,2
… trigeneration cycle combined with a district heating and air conditioning system using vapour absorption refrigeration cooling: energy and exergy assessments,17,2024,… of the supercritical properties of water as a low-energy heating fluid source in a novel gas-… cascaded combined cycle with heat recovery for cooling and district heating. While there are …,https://www.mdpi.com/1996-1073/17/6/1295,,0,"low temperature, district heating and cooling",10.3390/en17061295,Larry Agberegha; Peter Aigba; Solomon Nwigbo; Francis Onoroh; Olusegun Samuel; Tanko Bako; Oguzhan Der; Ali Ercetin; Ramazan Sener,3/7/2024,"The insufficiency of energy supply and availability remains a significant global energy challenge. This work proposes a novel approach to addressing global energy challenges by testing the supercritical property and conversion of low-temperature thermal heat into useful energy. It introduces a combined-cascade steam-to-steam trigeneration cycle integrated with vapour absorption refrigeration (VAR) and district heating systems. Energetic and exergetic techniques were applied to assess irreversibility and exergetic destruction. At a gas turbine power of 26.1 MW, energy and exergy efficiencies of 76.68% and 37.71% were achieved, respectively, while producing 17.98 MW of electricity from the steam-to-steam driven cascaded topping and bottoming plants. The cascaded plant attained an energetic efficiency of 38.45% and an exergy efficiency of 56.19%. The overall cycle efficiencies were 85.05% (energy) and 77.99% (exergy). More than 50% of the plant’s lost energy came from the combustion chamber of the gas turbine. The trigeneration system incorporated a binary NH3–H2O VAR system, emphasizing its significance in low-temperature energy systems. The VAR system achieved a cycle exergetic efficiency of 92.25% at a cooling capacity of 2.07 MW, utilizing recovered waste heat at 88 °C for district hot water. The recovered heat minimizes overall exergy destruction, enhancing thermal plant performance.",https://www.mdpi.com/1996-1073/17/6/1295/pdf,15
"Techno-economic feasibility of geothermal energy production using inactive oil and gas wells for district heating and cooling systems in Tuttle, Oklahoma",27,2024,… of heating of geothermal district heating systems utilizing existing wells were significantly lower than those of conventional geothermal energy … The geothermal energy production with …,https://www.sciencedirect.com/science/article/pii/S0196890424003315,,0,"low temperature, district heating and cooling",10.1016/j.enconman.2024.118390,Hyunjun Oh; Sertaç Akar; Koenraad Beckers; Eric Bonnema; Cesar Vivas; Saeed Salehi,2024-5,,https://api.elsevier.com/content/article/PII:S0196890424003315?httpAccept=text/xml,15
A new method for the techno-economic analysis and the identification of expansion strategies of neutral-temperature district heating and cooling systems,2,2024,"… heat pumps are better suited for low heat density zones. This methodology aims to reduce the risks associated with energy … It is targeted at energy planners, utilities experts, energy …",https://www.mdpi.com/1996-1073/17/9/2159,,0,"low temperature, district heating and cooling",10.3390/en17092159,Selva Calixto; Marco Cozzini; Roberto Fedrizzi; Giampaolo Manzolini,4/30/2024,"Neutral-temperature district heating and cooling (NT-DHC) is a recent concept in the district heating sector. The current literature does not directly address the ability to create comprehensive master plans for NT-DHC systems and reliably model their performance. This research presents a new approach for the evaluation and planning of NT-DHC systems. The methodology involves the use of a knapsack optimization algorithm to perform a comprehensive analysis of the conditions that make the NT-DHC solution competitive against individual heating and cooling technologies. The algorithm determines the optimal combination of potential extensions that maximizes overall economic value. The results of a case study, which was conducted in Italy, show that NT-DHC is more suitable in dense urban areas, while air-to-water heat pumps are better suited for low heat density zones. This methodology aims to reduce the risks associated with energy demand and provide more certainty about which areas a network can expand into to be competitive. It is targeted at energy planners, utilities experts, energy engineers, and district heating experts who require assistance and guidance in the planning and early stages of designing a NT-DHC system. This method might enable pre-feasibility studies and preliminary design to determine the opportunities and limitations of a system of this kind from an economic and technological perspective.",https://www.mdpi.com/1996-1073/17/9/2159/pdf,1
A method for setting room temperature of district heating in northern China based on local thermal comfort,4,2024,"… and Chinese Thermal Comfort Database, focusing on the district … We developed a thermal sensation evaluation model for … , investigated the lower limit of acceptable air temperature for …",https://www.sciencedirect.com/science/article/pii/S1359431124015084,,0,"low temperature, district thermal",10.1016/j.applthermaleng.2024.123840,Chang Liu; Zhaojun Wang; Yuxin Yang; Fanzhuo Zhou; Lin Duanmu; Yongchao Zhai; Zhiwei Lian; Bin Cao; Yufeng Zhang; Xiang Zhou; Jingchao Xie,2024-9,,https://api.elsevier.com/content/article/PII:S1359431124015084?httpAccept=text/xml,2
Exploring opportunities for temperature reduction in existing district heating infrastructures,11,2024,"… supply temperatures. Reducing supply temperatures to facilitate the integration of low exergy … , due to both the heating devices or the thermal substations that may not support significant …",https://www.sciencedirect.com/science/article/pii/S036054422401644X,,0,"low temperature, district thermal",10.1016/j.energy.2024.131871,Martina Capone; Elisa Guelpa; Vittorio Verda,2024-9,,https://api.elsevier.com/content/article/PII:S036054422401644X?httpAccept=text/xml,7
Enhancing ultra low temperature district heating systems with neighborhood-scale heat pump and triple-pipe distribution: A techno-economic analysis,8,2024,Ultra-Low Temperature District Heating (ULTDH) systems are advanced District Heating (DH) systems enabling the efficient utilization of low-temperature heat sources for heating …,https://www.sciencedirect.com/science/article/pii/S2352710224018849,,0,"low temperature, district thermal",10.1016/j.jobe.2024.110316,Halil Ibrahim Topal; Ahmad Arabkoohsar,2024-10,,https://api.elsevier.com/content/article/PII:S2352710224018849?httpAccept=text/xml,3
Revisiting the role of thermal energy storage in low‐temperature electrified district heating systems,1,2024,… Temperature control of a low‐temperature district heating network … substation in ultra low temperature district heating systems. … and analysis of lowtemperature district heating systems …,https://ietresearch.onlinelibrary.wiley.com/doi/abs/10.1049/esi2.12174,,0,"low temperature, district thermal",10.1049/esi2.12174,Hai Lu; Hao Zhang; Shuai Lu,11/26/2024,"Abstract
                  Decarbonising the energy supply system is crucial to mitigate climate challenges. An emerging type of the multi‐energy system, that is, the low‐temperature electrified district heating system is gaining increasing popularity as a potential solution for future low‐carbon heat supply. This paper investigated its operational optimisation with thermal energy storage (TES) installed at building sides. The optimisation model was to obtain the minimum operation costs of all heat pumps in this system. The TES was meant to achieve energy arbitrage through load shift, but it was observed from the optimised results that the TES did not play an active role in the optimisation. Five possible causes were identified and further investigated to reveal their impacts on the optimisation process. Results showed that the thermal capacitance, thermal resistance, and indoor temperature range of the building were major influencing factors, while the electricity price tariff and heat loss parameters of TES were minor ones. The results indicate that there is no need to equip the TES for operational optimisation purposes when the building thermal capacitance is larger than a threshold value, the thermal resistance is smaller than a threshold value, or the indoor temperature range is broader than a threshold value. These threshold values are case‐specific and can be determined with the simulation model and method developed in this paper.",https://ietresearch.onlinelibrary.wiley.com/doi/pdf/10.1049/esi2.12174,1
A review of borehole thermal energy storage and its integration into district heating systems,85,2024,"… This study initially introduces different TES methods and the district heating and cooling (… the system temperature and increases its efficiency, which is vital in low-temperature 5th-…",https://www.sciencedirect.com/science/article/pii/S1364032123010948,,0,"low temperature, district thermal",10.1016/j.rser.2023.114236,Habibollah Sadeghi; Ramin Jalali; Rao Martand Singh,2024-3,,https://api.elsevier.com/content/article/PII:S1364032123010948?httpAccept=text/xml,80
Investigation of control strategies for dual-temperature district heating substations with two absorption heat pumps and two heat exchangers,6,2024,"… low temperatures and diversification, resulting in the simultaneous presence of different … of dual-temperature district heating substations at different ambient temperatures during the …",https://www.sciencedirect.com/science/article/pii/S0196890424003728,,0,"low temperature, district thermal",10.1016/j.enconman.2024.118431,Tiancheng Li; Wei Chen; Xianting Li; Baolong Wang; Wenxing Shi,2024-6,,https://api.elsevier.com/content/article/PII:S0196890424003728?httpAccept=text/xml,6
Dual room temperature target controlof district heating substation based on room temperature detection,1,2024,"… amplitude of room temperature near the thermal comfort zone, but … temperature deviating from the thermal comfort zone was not obvious. The DRTTC significantly reduces the thermal …",https://www.sciencedirect.com/science/article/pii/S0378778824005462,,0,"low temperature, district thermal",10.1016/j.enbuild.2024.114430,Zhiwei Li; Junjie Liu; Lizhi Jia; Yanmin Wang; Jian Zhang; Yan Li; Hongjuan Cheng,2024-9,,https://api.elsevier.com/content/article/PII:S0378778824005462?httpAccept=text/xml,1
Experimental and numerical investigation into a thermocline storage for district heating,3,2024,"… district heating. Specifically, a packed bed was designed and experimental tested with a charging temperature of 550.0 ℃, a heating water temperature … thermal storage system in district …",https://www.sciencedirect.com/science/article/pii/S1359431124004162,,0,"low temperature, district thermal",10.1016/j.applthermaleng.2024.122748,Guobin Jia; Xiaofeng Yuan; Yun Cao; Kaihua Jiang; Yang Yang; Zhijun Chen; Gang Cheng; Yang Zou,2024-5,,https://api.elsevier.com/content/article/PII:S1359431124004162?httpAccept=text/xml,3
Quantifying the decarbonization potential of mobile heat battery in low-temperature district heating,7,2024,"This research assesses the potential of a mobile thermochemical storage system, the mobile heat battery (M-HB), for decarbonizing a low-temperature district heating (DH) system in the …",https://www.sciencedirect.com/science/article/pii/S2210670724004827,,0,"low temperature, district thermal",10.1016/j.scs.2024.105657,Shuwei Wang; Pieter-Jan Hoes; Jan L.M. Hensen; Olaf C.G. Adan,2024-10,,https://api.elsevier.com/content/article/PII:S2210670724004827?httpAccept=text/xml,3
Use of a low-cost phase change material emulsion in de-centralized thermal energy storage for district heating network enlargement,9,2024,… The chosen configuration is a typical cylindrical tank with internal coils through which the district heating water flows for the charge and discharge. This decentralized thermal energy …,https://www.sciencedirect.com/science/article/pii/S0360544224022916,,0,"low temperature, district thermal",10.1016/j.energy.2024.132517,Giulia Rinaldi; Ana Lazaro; Monica Delgado; Jose Maria Marin; Vittorio Verda,2024-10,,https://api.elsevier.com/content/article/PII:S0360544224022916?httpAccept=text/xml,7
Methods for Coordinating Optimization of Urban Building Clusters and District Energy Systems,1,2024,"… on energy system planning and operation. This study focuses on urban building clusters and district energy systems, proposing coordinated optimization methods for energy supply and …",https://www.mdpi.com/2079-8954/12/3/92,,0,"low temperature, district energy",10.3390/systems12030092,Peng Wu; Yisheng Liu,3/12/2024,"In the face of increasingly severe global climate change, achieving zero-carbon development goals has gradually become a consensus across various industries. Enhancing the electrification level of building energy use and increasing the proportion of renewable energy applications are primary means to achieve zero-carbon development in the construction sector, which also imposes higher demands on energy system planning and operation. This study focuses on urban building clusters and district energy systems, proposing coordinated optimization methods for energy supply and demand. On the demand side, strategies such as utilizing energy storage from electric vehicles are applied to enhance the flexibility of building energy use, along with methods to improve building load leveling rates and increase renewable energy penetration rates. On the supply side, a dual-layer planning method is proposed for the optimal configuration and operation of district energy systems considering the construction of shared energy storage stations. Results indicate that the optimization methods for urban building clusters significantly improve the flexibility of building energy use, and different functional compositions of building clusters can enhance load leveling and renewable energy penetration rates to a certain extent. The dual-layer optimization method for district energy systems can further exploit the potential of building energy flexibility, thereby achieving a balance between economic and environmental benefits.",https://www.mdpi.com/2079-8954/12/3/92/pdf,1
Performance assessment and improvement of district cooling system: A case study of enhancing energy efficiency of hospital buildings,8,2024,"In addressing the performance degradation issue of district cooling systems, although various evaluation methods exist, they either neglect design objectives or focus on independent …",https://www.sciencedirect.com/science/article/pii/S2214157X24002181,,0,"low temperature, district energy",10.1016/j.csite.2024.104187,Xi Bai; Weidong Ma; Junjie Huang; Caihua Liang; Xiaosong Zhang,2024-4,,https://api.elsevier.com/content/article/PII:S2214157X24002181?httpAccept=text/xml,8
Optimizing solar full-spectrum integration in a methanol-driven district energy system: A comprehensive ecological assessment,5,2024,"… energy, this study proposes a novel energy system driven by full-spectrum solar energy and … utilizing both renewable and waste thermal energy. Through device modeling and multi-…",https://www.sciencedirect.com/science/article/pii/S0959652624033614,,0,"low temperature, district energy",10.1016/j.jclepro.2024.143912,Yuzhu Chen; Kaifeng Yang; Weimin Guo; Jiarui Wang; Na Du; Kun Yang; Peter D. Lund,2024-11,,https://api.elsevier.com/content/article/PII:S0959652624033614?httpAccept=text/xml,5
A Graph Theoretical Approach to Modeling of District Energy Networks,6,2024,"… in city-scale district energy grids often becomes computationally … of district energy networks. Based on spectral graph theory, a novel method for model order reduction of district energy …",https://ieeexplore.ieee.org/abstract/document/10380765/,,0,"low temperature, district energy",10.1109/tcst.2023.3345213,Johan Simonsson; Khalid Tourkey Atta; Wolfgang Birk,2024-9,,http://xplorestaging.ieee.org/ielx7/87/10640128/10380765.pdf?arnumber=10380765,3
Optimisation of district heating transformation for the efficient integration of a low-temperature heat source,13,2024,… of heat pumps to optimise the integration of low-temperature heat sources into existing district heating … -world high-temperature district heating system. Compared to conventional waste …,https://www.sciencedirect.com/science/article/pii/S0360544224022357,,0,"low temperature, district heat pump",10.1016/j.energy.2024.132461,Jan Stock; Till Schmidt; André Xhonneux; Dirk Müller,2024-11,,https://api.elsevier.com/content/article/PII:S0360544224022357?httpAccept=text/xml,11
Impact of temperature dependent coefficient of performance of heat pumps on heating systems in national and regional energy systems modelling,29,2024,"… limits perception of the hourly temperature changes on heat pump efficiency, or by using generic heat pumps for all individual residential, district, or industrial heat supplies. The LUT …",https://www.sciencedirect.com/science/article/pii/S0306261924010304,,0,"low temperature, district heat pump",10.1016/j.apenergy.2024.123647,Dmitrii Bogdanov; Rasul Satymov; Christian Breyer,2024-10,,https://api.elsevier.com/content/article/PII:S0306261924010304?httpAccept=text/xml,23
Thermoacoustic heat pump utilizing medium/low-grade heat sources for domestic building heating,20,2024,"… heat pumps are a promising heating technology that utilizes medium/low-grade heat to … This study proposes a single direct-coupled configuration for a thermoacoustic heat pump, aimed …",https://www.sciencedirect.com/science/article/pii/S2666123323000533,,0,"low temperature, district heat pump",10.1016/j.enbenv.2023.06.006,Yiwei Hu; Kaiqi Luo; Dan Zhao; Zhanghua Wu; Yupeng Yang; Ercang Luo; Jingyuan Xu,2024-8,,https://api.elsevier.com/content/article/PII:S2666123323000533?httpAccept=text/xml,16
Thermal design and optimization of high-temperature heat pump integrated with district heating benchmarked in Denmark for process heat supply,7,2024,This work aims to assess and optimize the performance of cascade high-temperature heat pump (HTHP) integrated with district heating (DH) to produce 1 MW steam at 160 C for the …,https://www.sciencedirect.com/science/article/pii/S0140700723004814,,0,"low temperature, district heat pump",10.1016/j.ijrefrig.2023.12.025,Mohsen Sadeghi; Tage Petersen; Zhenyu Yang; Benjamin Zühlsdorf; Kim Stenholdt Madsen,2024-3,,https://api.elsevier.com/content/article/PII:S0140700723004814?httpAccept=text/xml,7
… and economic performance assessment of different high temperature heat pump layouts for upgrading district heating to process heating of steam production …,14,2024,… of process heat. This work aims to upgrade district heating at 85 C to process heating of supplying 1 MW steam at 160 C using high temperature heat pump (HTHP) technology. Two …,https://www.sciencedirect.com/science/article/pii/S0360544224036107,,0,"low temperature, district heat pump",10.1016/j.energy.2024.133832,Mohsen Sadeghi; Tage Petersen; Zhenyu Yang; Benjamin Zühlsdorf; Kim Stenholdt Madsen,2024-12,,https://api.elsevier.com/content/article/PII:S0360544224036107?httpAccept=text/xml,13
Ultra-low temperature heating system based on dual-source solar assisted heat pump using compound parabolic concentrator-capillary tube solar collector,9,2024,… The fifth-generation heating – ultra-low temperature heating benefits to reduce electricity … heat pump based heating system has been demonstrated to be an attractive green heating …,https://www.sciencedirect.com/science/article/pii/S0378778824010193,,0,"low temperature, district heat pump",10.2139/ssrn.4877206,Liwei Yang; Jinhuan Pu; Rongji XU; Tong Yang; Huasheng Wang,2024,,,0
Thermo-economic analysis of a solar district heating plant with an air-to-water heat pump,10,2024,"… This study focuses on a solar district heating system in the Danish city of Ørum and … air-to-water heat pump. Based on energy and economic analyses, the impact of the heat pump on the …",https://www.sciencedirect.com/science/article/pii/S0960148124015581,,0,"low temperature, district heat pump",10.1016/j.renene.2024.121490,Yi Xu; Chenxuan Zhan; Adam R. Jensen; Meng Gao; Weiqiang Kong; Jianhua Fan,2024-12,,https://api.elsevier.com/content/article/PII:S0960148124015581?httpAccept=text/xml,9
Significant thermal upgrade via cascade high temperature heat pump with low GWP working fluids,32,2024,"… takes 16 years for heat pump to have economic … temperature heat pump system which has potential to utilize the abundant environmental heat source and deliver high temperature heat, …",https://www.sciencedirect.com/science/article/pii/S1364032123009309,,0,"low temperature, district heat pump",10.1016/j.rser.2023.114072,Yixiu Dong; Hongzhi Yan; Ruzhu Wang,2024-2,,https://api.elsevier.com/content/article/PII:S1364032123009309?httpAccept=text/xml,32
Lumped Parameter Thermal Network Modeling and Thermal Optimization Design of an Aerial Camera,3,2024,"… by temperature fluctuations. This paper introduces a lumped parameter thermal network (… of aerial cameras, aiming to serve as a guideline for their thermal design. By optimizing the …",https://www.mdpi.com/1424-8220/24/12/3982,,0,"low temperature, thermal network",10.3390/s24123982,Yue Fan; Wei Feng; Zhenxing Ren; Bingqi Liu; Dazhi Wang,6/19/2024,"The quality of aerial remote sensing imaging is heavily impacted by the thermal distortions in optical cameras caused by temperature fluctuations. This paper introduces a lumped parameter thermal network (LPTN) model for the optical system of aerial cameras, aiming to serve as a guideline for their thermal design. By optimizing the thermal resistances associated with convection and radiation while considering the camera’s unique internal architecture, this model endeavors to improve the accuracy of temperature predictions. Additionally, the proposed LPTN framework enables the establishment of a heat leakage network, which offers a detailed examination of heat leakage paths and rates. This analysis offers valuable insights into the thermal performance of the camera, thereby guiding the refinement of heating zones and the development of effective active control strategies. Operating at a total power consumption of 26 W, the thermal system adheres to the low-power limit. Experimental data from thermal tests indicate that the temperatures within the optical system are maintained consistently between 19 °C and 22 °C throughout the flight, with temperature gradients remaining below 3 °C, satisfying the temperature requirements. The proposed LPTN model exhibits swiftness and efficacy in determining thermal characteristics, significantly facilitating the thermal design process and ensuring optimal power allocation for aerial cameras.",https://www.mdpi.com/1424-8220/24/12/3982/pdf,3
A novel method for fast computation of the temperature rise and optimal design of GIL based on thermal network model,8,2024,… of the temperature rise and optimal design of GIL based on the thermal network method (… The proposed TNM considers different heat transfer processes between the upper and lower …,https://www.sciencedirect.com/science/article/pii/S036054422303428X,,0,"low temperature, thermal network",10.1016/j.energy.2023.130034,Shucan Cheng; Yanpu Zhao; Kejia Xie; Bin Hu; Jinxian Zhang; Xingxiong Yang,2024-2,,https://api.elsevier.com/content/article/PII:S036054422303428X?httpAccept=text/xml,7
Enhancement of thermal conductivity in PDMS/CFP composites using a dredging-plugging thermal network,6,2024,"… Further enhancement of the thermal conductivity (TC) of TCPCs is challenging due to the … in the network. To address this issue, a novel procedure, termed thermal network dredging-…",https://www.sciencedirect.com/science/article/pii/S0266353824001957,,0,"low temperature, thermal network",10.1016/j.compscitech.2024.110625,Xiaoxiang He; Zhiyuan He; Qingsong Zuo; Ying Ma; Jianping Zhang; Linjie Li; Shuying Wu; Ying Chen; Yue Luo,2024-6,,https://api.elsevier.com/content/article/PII:S0266353824001957?httpAccept=text/xml,6
Preparation of three dimensional boron nitride-aluminum oxide dual thermal network resin-based composite materials and their performance study,8,2024,"… thermal conductive network. Thus, a 3D BN-Al 2 O 3 /EP composite material with a dual thermal conductive network … The composite material exhibited a high thermal conductivity …",https://www.sciencedirect.com/science/article/pii/S0032386124007183,,0,"low temperature, thermal network",10.1016/j.polymer.2024.127382,Liping Han; Li Liu; Tao Chen; Zhuo Qian; Junpeng Li; Chuan Zuo; Guoyou Gan,2024-8,,https://api.elsevier.com/content/article/PII:S0032386124007183?httpAccept=text/xml,8
Advanced Lumped Parameter Thermal Network for Modeling of Cooling Solutions in Electric Vehicle Motor Applications,7,2024,"… Li, and NC Kar, “Lumped parameter thermal network modeling for online temperature prediction of permanent magnet synchro-nous motor for different drive cycles in electric vehicle …",https://ieeexplore.ieee.org/abstract/document/10560046/,,0,"low temperature, thermal network",10.1109/intermagshortpapers61879.2024.10576778,Alexandre Bourgault; Omolbanin Taqavi; Ze Li; Glenn Byczynski; Narayan C. Kar,5/5/2024,,http://xplorestaging.ieee.org/ielx8/10576737/10576738/10576778.pdf?arnumber=10576778,0
Dynamic IGBT Compact Thermal Network Model Over Long Time Scales,5,2024,"… Currently, thermal network models stand as commonly used … temperature on thermal conductance and specific heat capacity and established a temperature-dependent thermal network …",https://ieeexplore.ieee.org/abstract/document/10786238/,,0,"low temperature, thermal network",10.1201/9781003467908-11,Mahammad Khuddush,5/31/2024,,,2
CO2 thermal network prototype: Identifying control parameters for optimal operation in transcritical mode,1,2024,An innovative concept has been developed and patented recently called CO2 Thermal Network (CO2TN) to improve the performance of heating and cooling systems in buildings. It is a …,https://www.sciencedirect.com/science/article/pii/S0196890424011117,,0,"low temperature, thermal network",10.2139/ssrn.4947145,Arash Bastani; Sepehr Gholamrezaie,2024,,,0
Complex Convective Heat Transfer of Condenser Combining Hybrid Fluid Network With Thermal Network,1,2024,… a 3D thermal network model of the stator core of the LCSC. The thermal network between the stator … The overall thermal network of the LCSC is modeled and analyzed using the “Ttype” …,https://ieeexplore.ieee.org/abstract/document/10665991/,,0,"low temperature, thermal network",10.1080/10407790.2024.2350052,Mohamed Abdi,5/7/2024,,https://www.tandfonline.com/doi/pdf/10.1080/10407790.2024.2350052,3
Thermally Conductive Polydimethylsiloxane-Based Composite with a Three-Dimensional Vertically Aligned Thermal Network Incorporating Hexagonal Boron Nitride …,5,2024,"… supporting material for the aerogel thermal framework due to its superior … thermal network. Building upon the preceding analysis, this study aimed to construct a dense thermal network …",https://pubs.acs.org/doi/abs/10.1021/acs.langmuir.4c02312,,0,"low temperature, thermal network",10.1021/acs.langmuir.4c02312,Li Liu; Liping Han; Tao Chen; Junpeng Li; Zhuo Qian; Guoyou Gan,9/12/2024,,https://pubs.acs.org/doi/pdf/10.1021/acs.langmuir.4c02312,0
Simulating the uneven temperature distributions within large-sized lithium-ion batteries using a thermal resistance network model,11,2024,… a three-dimensional thermal resistance network model capable of simulating regional temperature differences during the charging and discharging of large square-shell batteries at low …,https://www.sciencedirect.com/science/article/pii/S2352152X24033188,,0,"low temperature, thermal network",10.1016/j.est.2024.113732,Zipeng Duan; Xiaobo Hong; Heyu Li; Dianbo Ruan,2024-11,,https://api.elsevier.com/content/article/PII:S2352152X24033188?httpAccept=text/xml,8
Hybrid Thermal Network Identification for Sensorless Temperature Monitoring of a PMSM Considering Speed-Dependent Cooling Effects,2,2024,"… aims to monitor crucial temperatures, eg, the winding and the PM temperature, inside a … Therefore, a thermal model in the form of a lumped parameter thermal network (LPTN) is …",https://ieeexplore.ieee.org/abstract/document/10860841/,,0,"low temperature, thermal network",10.1109/ecce55643.2024.10860841,Thomas Krainer; Daniel Wöckinger; Gerd Bramerdorfer; Stephen Chukwulobe,10/20/2024,,http://xplorestaging.ieee.org/ielx8/10860271/10860272/10860841.pdf?arnumber=10860841,1
Transient thermal analysis of gas insulated switchgear modules using thermal network approach,6,2024,"… exceed the allowable temperature limits. The … temperature as per IEC 62271-102 and IEC 61869-2. In the present study, to conduct transient thermal analysis, a novel Thermal Network …",https://www.degruyterbrill.com/document/doi/10.1515/ijeeps-2022-0292/html,,0,"low temperature, thermal network",10.2139/ssrn.5013503,Payal Pramanik; PROF.  M. GOPICHAND NAIK,2024,,,0
… investigation and optimization of battery thermal management systems based on phase change material coupled with heating plates in low temperature …,10,2024,"… for high temperatures, while less attention is paid to the preheating and heat preservation performance under low temperatures. In this study, a simple and effective battery thermal …",https://www.sciencedirect.com/science/article/pii/S2352152X24034613,,0,"low temperature, thermal grid",10.1016/j.est.2024.113875,Zhanguo Chen; Feng Zhang; Linqian Shao; Qing Hu,2024-11,,https://api.elsevier.com/content/article/PII:S2352152X24034613?httpAccept=text/xml,9
Al2O3 nanofibers reinforced Sn58Bi/SAC 305 hybrid joints for low temperature ball grid array bonding,3,2024,"In the artificial intelligence (AI) era, adopting low-temperature soldering technology serves the dual purpose of meeting carbon-neutral demands and mitigating warpage issues in …",https://www.sciencedirect.com/science/article/pii/S2352492824002307,,0,"low temperature, thermal grid",10.1016/j.mtcomm.2024.108250,Sri Harini Rajendran; Jun Ho Ku; Jiwan Kang; Jae Pil Jung,2024-3,,https://api.elsevier.com/content/article/PII:S2352492824002307?httpAccept=text/xml,0
Flexibility enhancement of combined heat and power unit integrated with source and grid-side thermal energy storage,10,2024,"… grid-side thermal energy storage (TES) systems simultaneously. The mathematical model of the proposed thermal … improvement rate of source-side TES, grid-side TES and dual TES is …",https://www.sciencedirect.com/science/article/pii/S0360544224033462,,0,"low temperature, thermal grid",10.1016/j.energy.2024.133568,Chengxu Chen; Xiaoze Du; Lizhong Yang; Alessandro Romagnoli,2024-12,,https://api.elsevier.com/content/article/PII:S0360544224033462?httpAccept=text/xml,10
Local thermal environment and thermal comfort of a novel low-temperature radiant structure using CFD simulation,10,2024,"… to create local thermal environment and thermal comfort. … cooling surface, which enables low-temperature radiant cooling, … with low-temperature radiant cooling would degrade thermal …",https://www.sciencedirect.com/science/article/pii/S0378778824001233,,0,"low temperature, thermal grid",10.1016/j.enbuild.2024.114007,Yuying Liang; Huijun Wu; Jianming Yang; Gongsheng Huang,2024-4,,https://api.elsevier.com/content/article/PII:S0378778824001233?httpAccept=text/xml,9
Effect of heating power on ball grid array thermal shock reliability for a fanout package,6,2024,"… And during the high temperature stage, the stress … thermal deformation of the structure is gradually serious, the effect of offsetting the low temperature effect is reduced, and the thermal …",https://asmedigitalcollection.asme.org/electronicpackaging/article-abstract/146/1/011002/1160693,,0,"low temperature, thermal grid",10.1016/j.microrel.2024.115513,Jang Baeg Kim; Kyung-Yeol Kim; Eun Ha; Taejoon Noh; Seung-Boo Jung,2024-11,,https://api.elsevier.com/content/article/PII:S0026271424001938?httpAccept=text/xml,1
Lithium ion batteries participating in frequency regulation for power grid under the thermoelectric coupling degradation mechanisms,12,2024,… mechanisms for FR operation at low temperature include lithium plating of anode and lattice … low temperature does not introduce additional capacity decay due to the great temperature …,https://www.sciencedirect.com/science/article/pii/S2590116823000656,,0,"low temperature, thermal grid",10.1016/j.etran.2023.100290,Yudi Qin; Xiaoru Chen; Zhoucheng Xu; Jiuyu Du; Hewu Wang; Qiang Zhang; Minggao Ouyang,2024-1,,https://api.elsevier.com/content/article/PII:S2590116823000656?httpAccept=text/xml,12
Enabling residential heating decarbonization through hydronic low-temperature thermal distribution using forced-air assistive devices,5,2024,"… , which typically provide heating temperatures of up to 60 C (140 F). In this work, a low-cost retrofit … at higher water supply temperatures (71.1 – 82.2 C) can also be achieved at lower …",https://www.sciencedirect.com/science/article/pii/S0306261923013958,,0,"low temperature, thermal grid",10.1016/j.apenergy.2023.122031,Jason Loprete; Rebecca Trojanowski; Thomas Butcher; Jon Longtin; Dimitris Assanis,2024-1,,https://api.elsevier.com/content/article/PII:S0306261923013958?httpAccept=text/xml,3
Uppermost global tree elevations are primarily limited by low temperature or insufficient moisture,19,2024,"… starting temperature in turn as a single explanatory variable. Then, we used 2 × 2 grids to … and built models mentioned above in each grid separately for screening the most universal …",https://onlinelibrary.wiley.com/doi/abs/10.1111/gcb.17260,,0,"low temperature, thermal grid",10.1111/gcb.17260,Yuyang Xie; Zehao Shen; Tao Wang; George P. Malanson; Josep Peñuelas; Xiaoyi Wang; Xiangwu Chen; Eryuan Liang; Hongyan Liu; Mingzheng Yang; Lingxiao Ying; Fu Zhao; Shilong Piao,2024-4,"AbstractThe impact of anthropogenic global warming has induced significant upward dispersal of trees to higher elevations at alpine treelines. Assessing vertical deviation from current uppermost tree distributions to potential treeline positions is crucial for understanding ecosystem responses to evolving global climate. However, due to data resolution constraints and research scale limitation, comprehending the global pattern of alpine treeline elevations and driving factors remains challenging. This study constructed a comprehensive quasi‐observational dataset of uppermost tree distribution across global mountains using Google Earth imagery. Validating the isotherm of mean growing‐season air temperature at 6.6 ± 0.3°C as the global indicator of thermal treeline, we found that around two‐thirds of uppermost tree distribution records significantly deviated from it. Drought conditions constitute the primary driver in 51% of cases, followed by mountain elevation effect which indicates surface heat (27%). Our analyses underscore the multifaceted determinants of global patterns of alpine treeline, explaining divergent treeline responses to climate warming. Moisture, along with temperature and disturbance, plays the most fundamental roles in understanding global variation of alpine treeline elevation and forecasting alpine treeline response to ongoing global warming.",https://onlinelibrary.wiley.com/doi/pdf/10.1111/gcb.17260,17
Grid-plainification enables medium-temperature PbSe thermoelectrics to cool better than Bi2Te3,197,2024,"… grid-plainification strategy by manipulating the composition of PbSe crystals. (E) Power factor PF as a function of temperature. (F… In this study, the intrinsic low phonon transport remained …",https://www.science.org/doi/abs/10.1126/science.adk9589,,0,"low temperature, thermal grid",10.1126/science.adk9589,Yongxin Qin; Bingchao Qin; Tao Hong; Xiao Zhang; Dongyang Wang; Dongrui Liu; Zi-Yuan Wang; Lizhong Su; Sining Wang; Xiang Gao; Zhen-Hua Ge; Li-Dong Zhao,3/15/2024,"
            Thermoelectric cooling technology has important applications for processes such as precise temperature control in intelligent electronics. The bismuth telluride (Bi
            2
            Te
            3
            )–based coolers currently in use are limited by the scarcity of Te and less-than-ideal cooling capability. We demonstrate how removing lattice vacancies through a grid-design strategy switched PbSe from being useful as a medium-temperature power generator to a thermoelectric cooler. At room temperature, the seven-pair device based on n-type PbSe and p-type SnSe produced a maximum cooling temperature difference of ~73 kelvin, with a single-leg power generation efficiency approaching 11.2%. We attribute our results to a power factor of &gt;52 microwatts per centimeter per square kelvin, which was achieved by boosting carrier mobility. Our demonstration suggests a path for commercial applications of thermoelectric cooling based on Earth-abundant Te-free selenide-based compounds.
          ",https://www.science.org/doi/pdf/10.1126/science.adk9589,195
Design and performance analysis of deep peak shaving scheme for thermal power units based on high-temperature molten salt heat storage system,104,2024,… high-temperature molten salt and low-temperature molten salt heat storage effectively overcomes the problem of limited working temperature of … of operation is not low; Choosing LiNaK …,https://www.sciencedirect.com/science/article/pii/S0360544223029511,,0,"low temperature, thermal grid",10.1016/j.energy.2023.129557,Tingshan Ma; Zhengkuan Li; Kai Lv; Dongfeng Chang; Wenshuai Hu; Ying Zou,2024-2,,https://api.elsevier.com/content/article/PII:S0360544223029511?httpAccept=text/xml,97
Sustainable off-grid residential heating and desalination: Integration of biomass boiler and solar energy with environmental impact analysis,42,2024,"… This study introduces an innovative off-grid system that effectively integrates a floor heating … energy sources, positioning it as a promising solution for future off-grid applications. …",https://www.sciencedirect.com/science/article/pii/S235271022400603X,,0,"low temperature, thermal grid",10.1016/j.jobe.2024.109035,Jing Zhu; Tirumala Uday Kumar Nutakki; Pradeep Kumar Singh; Barno Sayfutdinovna Abdullaeva; Xiao Zhou; Yasser Fouad; Laith H. Alzubaidi,2024-6,,https://api.elsevier.com/content/article/PII:S235271022400603X?httpAccept=text/xml,18
Improved multiple feature-electrochemical thermal coupling modeling of lithium-ion batteries at low-temperature with real-time coefficient correction,137,2024,"… conditions at extreme low temperatures, as shown in Fig. 1. … different working conditions at extreme low temperature. … systems, green and low-carbon energy storage for smart grids. …",https://ieeexplore.ieee.org/abstract/document/10521737/,,0,"low temperature, thermal grid",10.23919/pcmp.2023.000257,Shunli Wang; Haiying Gao; Paul Takyi-Aninakwa; Josep M. Guerrero; Carlos Fernandez; Qi Huang,2024-5,,http://xplorestaging.ieee.org/ielx7/10352418/10518001/10521737.pdf?arnumber=10521737,126
Optimizing ammonia-fueled planar SOFCs for low-temperature operation: Multiphysics simulation and performance sensitivity analysis,18,2024,"… analysis of low-temperature ammonia-… temperature is reduced from 800 C to 700 C, the thermal stress at the entrance and exit sides of the electrolyte layer, where the maximum thermal …",https://www.sciencedirect.com/science/article/pii/S1359431124001108,,0,"low temperature, thermal grid",10.1016/j.applthermaleng.2024.122442,Zhe Wang; Qingyuan Lan; Dinghai Zhang; Mingyu Li; Daan Cui; Fenghui Han,2024-4,,https://api.elsevier.com/content/article/PII:S1359431124001108?httpAccept=text/xml,19
Experimental investigation of low-temperature fluidised bed thermochemical energy storage with salt-mesoporous silica composite materials,17,2024,"… in high-temperature TCES. However, their potential for low-temperature TCES applications remains … of fluidised-bed TCES systems for low-temperature TCES applications using the self-…",https://www.sciencedirect.com/science/article/pii/S0306261924003362,,0,"low temperature, thermal grid",10.1016/j.apenergy.2024.122953,Xiao Liu; Xin Liu; Fangming Yang; Yupeng Wu,2024-5,,https://api.elsevier.com/content/article/PII:S0306261924003362?httpAccept=text/xml,13
Alternatives for upgrading from high-temperature to low-temperature heating systems in existing buildings: Challenges and opportunities,16,2024,… The impact of changing from fossil-based boilers to heat pumps is compared in typical … implications of switching from high to low-temperature heating systems regarding both costs and …,https://www.sciencedirect.com/science/article/pii/S0378778824009149,,0,"low-temperature, district heating and cooling",10.1016/j.enbuild.2024.114798,J.C. Roca Reina; A. Toleikyte; J. Volt; J. Carlsson,2024-11,,https://api.elsevier.com/content/article/PII:S0378778824009149?httpAccept=text/xml,8
Distributed multienergy and low-carbon heating technology for rural areas in northern China,1,2024,"In the context of China's “double carbon” policy and “rural revitalization” strategy, clean and low-carbon heating in rural areas of the northern China has become a key problem that …",https://www.sciencedirect.com/science/article/pii/S0360544224025520,,0,"low-temperature, district thermal",10.1016/j.energy.2024.132778,Haijie Qi; Jianhui Zhou; Tong Ren; Shumin Sun; Zhiyuan He; Zhili Sun; Shengming Dong; Chenxiao Zheng; Chunwei Xu; Fumin Hou,2024-10,,https://api.elsevier.com/content/article/PII:S0360544224025520?httpAccept=text/xml,1
Exploring insulation levels to enable low-temperature heating in selected buildings in two European climate zones,4,2024,"This study assesses the readiness of selected building types for low-temperature heating. This is accomplished by comprehensively analyzing buildings from two perspectives: first, by …",https://www.sciencedirect.com/science/article/pii/S0378778824004407,,0,"low-temperature, district thermal",10.1016/j.enbuild.2024.114324,Luca Casamassima; Lukas Kranzl,2024-8,,https://api.elsevier.com/content/article/PII:S0378778824004407?httpAccept=text/xml,3
Feasibility investigation of thermal management and heat recovery of low-temperature hydrogen electrolysis systems,2,2024,"… of the electrolysis process in which the low temperature leads to efficiency loss. Therefore, … makes thermal management essential. The specific strategies used in thermal management …",https://ieeexplore.ieee.org/abstract/document/10863023/,,0,"low-temperature, district thermal",10.1109/isgteurope62998.2024.10863023,Xin Jin; Chunjun Huang; Bruno Laurini; Aneesh Chandra Nunna; Shi You,10/14/2024,,http://xplorestaging.ieee.org/ielx8/10861900/10861888/10863023.pdf?arnumber=10863023,0
Comparative analysis of zero-carbon supply solutions for mid-to-low temperature process heat using nuclear energy,1,2024,… This study evaluates long-distance steam transport (LDST) and long-distance hot water transport (LDHWT) as zero-carbon supply schemes for mid-to-low temperature process heat. …,https://www.sciencedirect.com/science/article/pii/S0959652624026520,,0,"low-temperature, district energy",10.2139/ssrn.4759253,Xu Luo; Jianjun Xia,2024,,,0
Integration of district heating systems with small modular reactors and organic Rankine cycle including energy storage: Design and energy management …,12,2024,The heat-only small modular reactor (SMR) concept is one of the potential carbon-free solutions for replacing fossil fuel-based district heating systems (DHSs). This idea faces an …,https://www.sciencedirect.com/science/article/pii/S0196890424010793,,0,"low-temperature, district energy",10.2139/ssrn.4743210,Hussein Abdulkareem Saleh Abushamah; Dipanjan Ray; Ondrej Burian; Radek Skoda,2024,,,0
… investigation on the energetic and economic performance of low-temperature cascade air-source heat pump considering the effects of cascade heat …,14,2024,"Air-source heat pump (ASHP) is wide used for its carbon neutrality. In cold climates, to ensure good efficiency and stability, cascade ASHP is a promising technology for high-…",https://www.sciencedirect.com/science/article/pii/S1359431123017015,,0,"low-temperature, district heat pump",10.1016/j.applthermaleng.2023.121672,Yingjie Xu; Jiahe Zhang; Xi Shen; Xiaohong Han; Hongyu Chen; Xiaoxiao Xu,2024-1,,https://api.elsevier.com/content/article/PII:S1359431123017015?httpAccept=text/xml,13
Performance investigation of a novel low-carbon solar-assisted multi-source heat pump heating system demonstrated in a public building in Hull,16,2024,… heat pump heating … heating system (GBHS). The LSMHS integrates eight novel multi-throughout-flowing solar collector arrays with an innovative two-stage heat recovery heat pump …,https://www.sciencedirect.com/science/article/pii/S0196890423013250,,0,"low-temperature, district heat pump",10.1016/j.enconman.2023.117979,Yunhai Li; Zhaomeng Li; Zhiying Song; Yi Fan; Xudong Zhao; Jing Li,2024-1,,https://api.elsevier.com/content/article/PII:S0196890423013250?httpAccept=text/xml,12
Constructing phonon transport bridges via low-temperature sintering in Diamond@ Ag/EP composite to achieve efficient 3D networks structure,12,2024,"… thermally conductive yet electrically insulating composites to address the “hotspot issues” in high-power chips. Here, a low-temperature … -dimensional interconnected networks structure …",https://www.sciencedirect.com/science/article/pii/S138589472404988X,,0,"low-temperature, thermal network",10.1016/j.cej.2024.153499,Zeyu Zheng; XiaoXin Lu; Liang Xu; Yang Liu; Jianhui Zeng; Hebin Zhang; Jialin Wen; Pengli Zhu; Rong Sun; Weijing Wu,2024-9,,https://api.elsevier.com/content/article/PII:S138589472404988X?httpAccept=text/xml,12
Effects of four-phonon interaction and vacancy defects on the thermal conductivity of the low-temperature phase of,19,2024,"… -neural-network potential combined with the phonon Boltzmann transport equation and molecular-dynamics simulations, the lattice thermal conductivity of the low-temperature phase of …",https://journals.aps.org/prapplied/abstract/10.1103/PhysRevApplied.21.024043,,0,"low-temperature, thermal network",10.1103/physrevapplied.21.024043,Pan Zhang; Dan Jin; Mi Qin; Zhenhua Zhang; Yong Liu; Ziyu Wang; Zhihong Lu; Rui Xiong; Jing Shi,2/22/2024,,https://link.aps.org/article/10.1103/PhysRevApplied.21.024043,15
Study on the accelerated biodegradation of PAHs in subsurface soil via coupled low-temperature thermally treatment and electron acceptor stimulation based …,7,2024,"… In this study, coupled low-temperature thermally treatment (<50 C) and EA biostimulation … as keystones in the network. Coupled low-temperature thermally treatment and EA stimulation …",https://www.sciencedirect.com/science/article/pii/S0304389423025499,,0,"low-temperature, thermal network",10.1016/j.jhazmat.2023.133265,Yaling Gou; Yun Song; Peizhong Li; Wenxia Wei; Nan Luo; Hongqi Wang,2024-3,,https://api.elsevier.com/content/article/PII:S0304389423025499?httpAccept=text/xml,5
The effect of low-temperature starting on the thermal safety of lithium-ion batteries,10,2024,"… In this work, the thermal safety performance, degradation mechanisms and evaluation … low-temperature start-up conditions are studied. The results show that starting at low temperature …",https://www.sciencedirect.com/science/article/pii/S0360544224032031,,0,"low-temperature, thermal network",10.1016/j.energy.2024.133427,Wenbin Ma; Xiaoyu Yang; Xin Tao; Song Xie,2024-12,,https://api.elsevier.com/content/article/PII:S0360544224032031?httpAccept=text/xml,11
Elimination of low-angle grain boundary networks in FeCrAl alloys with the electron wind force at a low temperature,15,2024,"… By employing a unique combination of low frequency and short pulse width, our method not only minimized Joule heating but also established a low-temperature processing regime, …",https://www.mdpi.com/2075-4701/14/3/331,,0,"low-temperature, thermal network",10.3390/met14030331,Md Hafijur Rahman; Sarah Todaro; Luke Warner; Daudi Waryoba; Aman Haque,3/14/2024,"Low-angle grain boundaries (LAGBs) accommodate residual stress through the rearrangement and accumulation of dislocations during cold rolling. This study presents an electron wind force-based annealing approach to recover cold-rolling induced residual stress in FeCrAl alloy below 100 °C in 1 min. This is significantly lower than conventional thermal annealing, which typically requires temperatures around 750 °C for about 1.5 h. A key feature of our approach is the athermal electron wind force effect, which promotes dislocation movement and stress relief at significantly lower temperatures. The electron backscattered diffraction (EBSD) analysis reveals that the concentration of low-angle grain boundaries (LAGBs) is reduced from 82.4% in the cold-rolled state to a mere 47.5% following electropulsing. This level of defect recovery even surpasses the pristine material’s initial state, which exhibited 54.8% LAGBs. This reduction in LAGB concentration was complemented by kernel average misorientation (KAM) maps and X-ray diffraction (XRD) Full Width at Half Maximum (FWHM) measurements, which further validated the microstructural enhancements. Nanoindentation tests revealed a slight increase in hardness despite the reduction in dislocation density, suggesting a balance between grain boundary refinement and dislocation dynamics. This proposed low-temperature technique, driven by athermal electron wind forces, presents a promising avenue for residual stress mitigation while minimizing undesirable thermal effects, paving the way for advancements in various material processing applications.",https://www.mdpi.com/2075-4701/14/3/331/pdf,17
"Low–temperature superelastic, anisotropic, silane-crosslinked sodium alginate aerogel for thermal insulation",35,2024,"… , such as low-temperature elasticity (500 g compression at −70 C 10-cycle, 99.6 % recovery), exceptional fatigue resistance (100-cycle at 50 % strain), and excellent thermal insulation (…",https://www.sciencedirect.com/science/article/pii/S0141813024006032,,0,"low-temperature, thermal network",10.1016/j.ijbiomac.2024.129800,Fucheng Guan; Shi Feng; Jianbin Sun; Qiang Yang; Yihang Zhang; Zheng Li; Jing Tao; Xinbin Ji; Yonghe Wang; Da Bao; Jing Guo; Sen Zhang,2024-3,,https://api.elsevier.com/content/article/PII:S0141813024006032?httpAccept=text/xml,34
Assessment and enhancement of thermal performance for ring roughened finned jet impingement solar air heater for low-temperature applications,9,2024,The current study investigates the synergetic impact of artificial roughness with fins and jet impingement on the performance of flat plate solar air heater. The impingement jet Solar Air …,https://www.sciencedirect.com/science/article/pii/S036054422402406X,,0,"low-temperature, thermal network",10.1016/j.energy.2024.132632,Mohammed Almeshaal; Murugesan Palaniappan; Matheswaran MM,2024-10,,https://api.elsevier.com/content/article/PII:S036054422402406X?httpAccept=text/xml,8
… change rate and pore confinement effect on thermal properties of phase change materials for de-icing and low-temperature applications in cementitious …,17,2024,… on thermal properties. This study investigated the thermal behavior of low-temperature PCM … rates and pore confinement inside the porous network of lightweight aggregates (LWA) and …,https://www.sciencedirect.com/science/article/pii/S0950061823039557,,0,"low-temperature, thermal network",10.1016/j.conbuildmat.2023.134237,Robin Deb; Jialuo He; Geetika Mishra; Yaghoob (Amir) Farnam,2024-1,,https://api.elsevier.com/content/article/PII:S0950061823039557?httpAccept=text/xml,16
Numerical Simulation of Low-Temperature Thermal Management of Lithium-Ion Batteries Based on Composite Phase Change Material,5,2024,… the low-temperature thermal management system of cylindrical lithium-ion batteries. The thermal … grid independence verification on the grid model of lithium-ion batteries with CPCM for …,https://ascelibrary.org/doi/abs/10.1061/JLEED9.EYENG-5237,,0,"low-temperature, thermal grid",10.1061/jleed9.eyeng-5237,Jianhua Bai; Wenming Rui; Huafu Chen,2024-6,,https://ascelibrary.org/doi/pdf/10.1061/JLEED9.EYENG-5237,5
Numerical study of the phase change material and heating plates coupled battery thermal management in low temperature environment,9,2024,"… under low temperature conditions. In this paper, a novel BTM integrates active thermal … ) for the battery pack operating under low temperature conditions is proposed, and the …",https://www.sciencedirect.com/science/article/pii/S2352152X2400519X,,0,"low-temperature, thermal grid",10.1016/j.est.2024.110935,Zhanguo Chen; Feng Zhang,2024-4,,https://api.elsevier.com/content/article/PII:S2352152X2400519X?httpAccept=text/xml,9
Low-temperature non-equilibrium synthesis of anisotropic multimetallic nanosurface alloys for electrochemical CO2 reduction,92,2024,… Here we report a low-temperature (≤80 C) non-equilibrium synthesis of … on thermally resistant Si 3 N 4 grids purchased from Ted Pella and placed in a MILA-5000 rapid thermal …,https://www.nature.com/articles/s44160-023-00387-3,,0,"low-temperature, thermal grid",10.1016/j.cclet.2023.108583,Longtao Zhu; Yinan Zhao; Wenhao Yang; Hsien-Yi Hsu; Ping Peng; Fang-Fang Li,2024-1,,https://api.elsevier.com/content/article/PII:S1001841723004291?httpAccept=text/xml,7
Low‐Temperature Atomic Layer Deposition of Hole Transport Layers for Enhanced Performance and Scalability in Textured Perovskite/Silicon Tandem Solar Cells,22,2024,"… For the enlarged 8.89-cm 2 tandems, the thermally-evaporated Ag grid is only 500 nm thick … of Ag grid, highlighting the necessity of additional upgrading of the metal grid for tandem …",https://onlinelibrary.wiley.com/doi/abs/10.1002/aenm.202402365,,0,"low-temperature, thermal grid",10.1002/aenm.202402365,Zhengjie Zhu; Shaojie Yuan; Kaitian Mao; Hongguang Meng; Fengchun Cai; Tieqiang Li; Xingyu Feng; Huitian Guo; Lianyou Tang; Jixian Xu,7/30/2024,"AbstractPerovskite tandem solar cells on textured silicon hold potential for surpassing single‐junction limits and industrial compatibility. However, integrating hole‐transporting layers (HTLs) onto textured silicon poses challenges in conformal coating, low‐temperature fabrication, and perovskite solution process compatibility. Here, an atomic layer deposition (ALD) copper‐doping process is introduced to fabricate low‐temperature NiOx HTLs (ALD Cu:NiOx), tailored for textured tandems. Copper‐doping reduces hydroxyl group content and Ni3+ defects, addressing the challenge of enhancing hole conductivity while mitigating recombination loss. This advancement enables to lower the post‐annealing temperature from &gt;300 to 200 °C, achieving compatibility with silicon heterojunction (SHJ) cells and boosting the power‐conversion efficiency (PCE) of 1.65‐eV p–i–n perovskite solar cells to 22.47%. Integrating ALD Cu:NiOx beneath conventional self‐assembled monolayer HTL on textured SHJ leads to notable PCE enhancements, from 28.6% to 30.5% for 1‐cm2 tandems (certified stabilized PCE of 30.04%) and from 23.9% to 26.4% for 8.89‐cm2 tandems. Following 1000 h of maximum‐power‐point (MPP) tracking, tandems maintain 95% of initial efficiency. Notably, losses in open‐circuit voltage and PCE due to area upscaling reduced by over 20%, attributed to ALD Cu:NiOx’s ability to enhance perovskite film wettability and minimize shunting on silicon pyramid texture, underscoring its impacts for textured tandem upscaling.",https://advanced.onlinelibrary.wiley.com/doi/pdf/10.1002/aenm.202402365,21
Numerical analysis of scroll compressor performance with pre-discharge valve for low-temperature heat pumps,17,2024,… The performance of the scroll compressor with a PDV for a low-temperature heat pump system is simulated. The results show that the scroll compressor with the PDV structure has lower …,https://www.sciencedirect.com/science/article/pii/S1359431124015679,,0,"low-temperature, thermal grid",10.1016/j.applthermaleng.2024.123899,Wenhao Shi; Shuo Song; Yuanyang Zhao; Yunxia Liu; Guangbin Liu; Qichao Yang; Liansheng Li,2024-10,,https://api.elsevier.com/content/article/PII:S1359431124015679?httpAccept=text/xml,14
Numerical investigation on the effect of ignition timing on a low-temperature hydrogen-fueled Wankel rotary engine with passive pre-chamber ignition,12,2024,"… The effects of low temperature and TJI on the in-cylinder flow field, … by low-temperature hydrogen were studied under different ignition timings. The results indicated that low-temperature …",https://www.sciencedirect.com/science/article/pii/S0360544224034649,,0,"low-temperature, thermal grid",10.1016/j.energy.2024.133686,Changwei Ji; Hanlin Li; Jinxin Yang; Hao Meng,2024-12,,https://api.elsevier.com/content/article/PII:S0360544224034649?httpAccept=text/xml,10
Mitigating low-temperature corrosion in flue-gas heat exchangers for improving thermal storage efficiency in geothermal power plants,6,2024,Mitigating low-temperature corrosion in flue-gas heat exchangers for improving thermal storage efficiency in geothermal power plants - ScienceDirect …,https://www.sciencedirect.com/science/article/pii/S2451904924002919,,0,"low-temperature, thermal grid",10.1016/j.tsep.2024.102673,Chenchen Song; Zhengguang Liu; Masoud Babaei; Ran Liu; Gaoyang Hou,2024-7,,https://api.elsevier.com/content/article/PII:S2451904924002919?httpAccept=text/xml,5
"Combining expansion turbines, heat pumps, and low-temperature solar heat for enhanced primary energy savings in gas pressure regulating stations",1,2024,"… In addition, significant amounts of electricity could be fed into the grid, especially during the … the grid can be increased with the additional use of low-temperature solar thermal systems. …",https://www.sciencedirect.com/science/article/pii/S2667113124000251,,0,"low-temperature, thermal grid",10.1016/j.seja.2024.100075,Y. Louvet; S. Ahlgrimm; F. Pag; K. Vajen,2024,,https://api.elsevier.com/content/article/PII:S2667113124000251?httpAccept=text/xml,0
"Energy, exergy, environmental and exergoeconomic (4E) analysis of an ultra-low temperature cascade refrigeration system with environmental-friendly …",36,2024,"… , the ultra-low temperature storage below −80 C is strictly required and the classical cascade refrigeration … In this paper, an energy-exergy-environmental-exergoeconomic (4E) analysis …",https://www.sciencedirect.com/science/article/pii/S1359431124008780,,0,"ultra-low temperature, district heating and cooling",10.1016/j.applthermaleng.2024.123210,Shenrui Ji; Zhan Liu; Hao Pan; Xiaozhao Li,2024-7,,https://api.elsevier.com/content/article/PII:S1359431124008780?httpAccept=text/xml,30
Influence of supply temperature and booster technology on the energetic performance and levelized cost of heat of a district heating network with central heat …,11,2024,"… before connection to achieve maximum energy efficiency. To assess … -temperature district heating concepts with central heat pump, comparing their energy use and levelized cost of heat…",https://www.sciencedirect.com/science/article/pii/S036054422403367X,,0,"ultra-low temperature, district heating and cooling",10.1016/j.energy.2024.133589,A. Degelin; R. Tassenoy; E. Vieren; T. Demeester; I. T'Jollyn; M. De Paepe,2024-12,,https://api.elsevier.com/content/article/PII:S036054422403367X?httpAccept=text/xml,13
Roadmap for low-carbon ultra-low temperature storage in biobanking,6,2024,"… ultra-low temperature (ULT) storage of biobanked biosamples. Ultra-low temperatures—typically considered temperatures … (LN2), using large amounts of energy [5]. ULT freezers are the …",https://link.springer.com/article/10.1186/s12967-024-05383-5,,0,"ultra-low temperature, district heating and cooling",10.2139/ssrn.4808756,Matthew Graham; Gabrielle Samuel; Martin Farley,2024,,,0
"DNA, RNA, and prokaryote community sample stability at different ultra-low temperature storage conditions",8,2024,"… freezers using the standard temperature of −80C. While … ultra-low temperature freezers, this paradigm is challenged and initiatives support a switch to −70C to save energy, reduce heat …",https://link.springer.com/article/10.1007/s42398-023-00297-2,,0,"ultra-low temperature, district heating and cooling",10.1007/s42398-023-00297-2,Lotta A. I. Landor; Thomas Stevenson; Kyle M. J. Mayers; Mitchell S. Fleming; Sven Le Moine Bauer; Hannah R. Babel; Stefan Thiele,1/9/2024,"AbstractLong-term storage of extracted DNA, RNA, and samples for DNA and RNA extractions is usually done in ultra-low temperature freezers using the standard temperature of −80°C. While this standard was based on the maximum capacity of early generation ultra-low temperature freezers, this paradigm is challenged and initiatives support a switch to −70°C to save energy, reduce heat production, and increase the life expectancy of the freezers. The question arising from these initiatives regards the safety of the samples. Especially in complex biological samples, such as sediments, changes in long-term storage temperature have not been studied in detail. Here, we show that the concentration of extracted nucleic acids and nucleic acids in tissue or cells stored at both temperatures does not differ significantly from each other. The only significant differences found were explained by the variability within the samples over time but not between different temperatures or by dilution factor. In addition, we show that prokaryote community composition in sediment and DNA samples also remain stable at both temperatures. Only two treatments were significantly different in temperature, indicating that for RNA, storage at −70°C might be preferable. Consequently, we recommend storing samples for nucleic acid work at −70°C to reduce energy consumption and support more sustainable lab practices.",https://link.springer.com/content/pdf/10.1007/s42398-023-00297-2.pdf,7
Electrochemical-thermal coupling model of lithium-ion battery at ultra-low temperatures,26,2024,"… voltage at low temperatures, … at ultra-low temperatures. The accuracy of the model and parameters is verified by evaluating the model for galvanostatic discharge tests in the temperature …",https://www.sciencedirect.com/science/article/pii/S1359431123022342,,0,"ultra-low temperature, district thermal",10.1016/j.applthermaleng.2023.122205,Shilong Guo; Junfu Li; Yaxuan Wang; Zhenbo Wang,2024-3,,https://api.elsevier.com/content/article/PII:S1359431123022342?httpAccept=text/xml,20
Thermal performance study on the outer wall of a new ultra-low energy modular wall prefabricated building,5,2024,… An ultra-low energy modular wall prefabricated building system was … The heat transfer rules under different conditions were obtained by 197 … The calculation method of thermal paramet…,https://www.sciencedirect.com/science/article/pii/S2352710224029504,,0,"ultra-low temperature, district thermal",10.1016/j.jobe.2024.111382,Yi-hong Jia; Ze-rui Niu; Wen-tao Qiao; Xiang Zhang; Ruo-qi Wang; Sheng-qi Mei,2024-12,,https://api.elsevier.com/content/article/PII:S2352710224029504?httpAccept=text/xml,2
Mechanical properties of base metal and heat-affected zone in friction-stir-welded AA6061-T6 at ultra-low temperature of 20 K,6,2024,This study investigates the mechanical properties of a friction-stir-welded (FSW) AA6061-T6 aluminum alloy at ultra-low temperature (ULT) of 20 K. In-situ neutron diffraction and …,https://www.sciencedirect.com/science/article/pii/S2238785424014765,,0,"ultra-low temperature, district thermal",10.1016/j.jmrt.2024.06.165,Thanh-Dat Nguyen; Chetan Singh; You Sub Kim; Jun Hyun Han; Dong-Hyun Lee; Kwangjin Lee; Stefanus Harjo; Soo Yeol Lee,2024-7,,https://api.elsevier.com/content/article/PII:S2238785424014765?httpAccept=text/xml,7
A unique graphene composite coating suitable for ultra-low temperature and thermal shock environments,10,2024,… stress damage caused by the mismatch of the thermal … (EP) increases in ultra-low temperature environments. In order to … The thermal stress of the coating under ultra-low temperature of …,https://www.sciencedirect.com/science/article/pii/S0300944023005933,,0,"ultra-low temperature, district thermal",10.1016/j.porgcoat.2023.107997,Jiajun Zhu; Luchao Pei; Sicheng Yuan; Dan Lin; Renjie Lu; Yanji Zhu; Huaiyuan Wang,2024-1,,https://api.elsevier.com/content/article/PII:S0300944023005933?httpAccept=text/xml,6
Ultra-low lattice thermal conductivity realizing ultra-high performance Bi 0.48 Sb 1.52 Te 3-based thermoelectric material and module,14,2024,"… increase with the increasing temperature until reaching maxima, followed by a decrease due to the intrinsic thermal excitation of minority carriers at higher temperatures. To gain a …",https://pubs.rsc.org/en/content/articlehtml/2024/ee/d4ee02008a,,0,"ultra-low temperature, district thermal",10.1039/d4ee02008a,Hongtao Li; Lidong Chen; Zhe Guo; Gang Wu; Xiaojian Tan; Qiang Zhang; Jianfeng Cai; Qianqian Sun; Jacques G. Noudem; Peng Sun; Jiehua Wu; Guo-Qiang Liu; Jun Jiang,2024,"By adding “weakly-active” SGPT and Cu, differentiated electro-phonon scattering centers are induced to significantly suppress κph with μ less affected, leading to a ZTave of 1.32 and a η of 6.8%.",http://pubs.rsc.org/en/content/articlepdf/2024/EE/D4EE02008A,16
A novel copper surface modification approach based on pinless friction stir surface processing technique with ultra-low heat input,12,2024,"… Additionally, the ultra-low heat input resulted in the preservation of numerous dislocation tangles and incomplete dynamic recrystallization in the modified region, which represented a …",https://www.sciencedirect.com/science/article/pii/S0257897224000197,,0,"ultra-low temperature, district thermal",10.1016/j.surfcoat.2024.130389,Mingshen Li; Chun Li; Bo Yang; Hao Yuan; Xiaoqing Si; Junlei Qi; Yongxian Huang; Jian Cao,2024-2,,https://api.elsevier.com/content/article/PII:S0257897224000197?httpAccept=text/xml,13
Optimization research of salt pill in an ultra-low temperature adiabatic demagnetization refrigerator,5,2024,"… thermal bus diameter and the volume ratio of magnetocaloric material in the salt pill have also been investigated. With a thermal … optimal number of thermal buses have been 459, 1957, …",https://www.sciencedirect.com/science/article/pii/S1359431124017538,,0,"ultra-low temperature, district thermal",10.1016/j.applthermaleng.2024.124085,Wenshuai Zheng; Jun Shen; Ya’nan Zhao; Zhuo Chen; Zhenxing Li; Jun Liu,2024-11,,https://api.elsevier.com/content/article/PII:S1359431124017538?httpAccept=text/xml,4
Superplastic deformation behaviors of fine-grained Ti-15 V-3Cr-3Al-3Sn alloy prepared via ultra-low heat input friction stir processing,8,2024,"In this work, a fine-grained Ti-15 V-3Cr-3Al-3Sn alloy with 0.93 μm in average grain size and 75.6% of high-angle grain boundaries was achieved by ultra-low heat input friction stir …",https://www.sciencedirect.com/science/article/pii/S1044580324006107,,0,"ultra-low temperature, district thermal",10.1016/j.matchar.2024.114229,Peng Han; Lijin Ni; Wen Wang; Kai Zhou; Hubin Yang; Jia Lin; Ke Qiao; Fengming Qiang; Jun Cai; Qingjuan Wang; Kuaishe Wang,2024-9,,https://api.elsevier.com/content/article/PII:S1044580324006107?httpAccept=text/xml,6
Experimental study on Joule-Thomson refrigeration system with R1150/R290/R601a for ultra-low temperature medical freezer,7,2024,"… for ultra-low temperature medical … ultra-low temperature medical freezers. To further improve the performance of Joule-Thomson system for large-capacity ultra-low temperature freezer, …",https://www.sciencedirect.com/science/article/pii/S1359431124016831,,0,"ultra-low temperature, district thermal",10.2139/ssrn.4809257,Jiarui Liu; Jianlin Yu; Gang Yan,2024,,,0
Exhaustive overview of advances in integrating renewable energy sources into district heating systems,14,2024,"This study offers a comprehensive overview of the recent advances in various aspects of district heating systems (DHSs), focusing on the fourth and fifth generations of heat distribution …",https://www.sciencedirect.com/science/article/pii/S2210670724007212,,0,"ultra-low temperature, district energy",10.1016/j.scs.2024.105897,Ioan Sarbu; Alexandru Dorca; Matei Mirza,2024-12,,https://api.elsevier.com/content/article/PII:S2210670724007212?httpAccept=text/xml,8
"A two-year dataset of energy, environment, and system operations for an ultra-low energy office building",10,2024,"… This paper describes a two-year high-fidelity dataset for an ultra-low energy office building … -energy technologies, such as natural ventilation with automatic windows, ground source heat …",https://www.nature.com/articles/s41597-024-03770-7,,0,"ultra-low temperature, district energy",10.1038/s41597-024-03770-7,Jung Min Han; Ali Malkawi; Xu Han; Sunghwan Lim; Elence Xinzhu Chen; Sang Won Kang; Yiwei Lyu; Peter Howard,8/28/2024,,https://www.nature.com/articles/s41597-024-03770-7.pdf,6
Influences of ultra-low load operation strategies on performance of a 300 MW subcritical bituminous coal boiler,13,2024,… to maintain heat absorption by the suspended heating surfaces … at ultra-low loads can promote coal combustion and heat transfer … insights for optimizing the ultra-low load operation of …,https://www.sciencedirect.com/science/article/pii/S1359431124017058,,0,"ultra-low temperature, district energy",10.1016/j.applthermaleng.2024.124037,Guoqing Chen; Zixiang Li; Hai Zhang; Linbin Huang; Zhitan Liu; Weidong Fan,2024-11,,https://api.elsevier.com/content/article/PII:S1359431124017058?httpAccept=text/xml,11
Research on ultra-low energy consumption renovation of teaching buildings in severe cold areas under EPC mode,1,2024,… energy saving benefits and economy of ultra-low energy consumption renovation of existing buildings in cold areas under the contract energy … for the ultra-low energy transformation of …,https://www.e3s-conferences.org/articles/e3sconf/abs/2024/20/e3sconf_arfee2024_02004/e3sconf_arfee2024_02004.html,,0,"ultra-low temperature, district energy",10.1051/e3sconf/202449002004,Zhiqiang Kang; Yunyi Wang; Tong Wang; Ning Yin; Zhikai Xu,2024,"In order to explore the energy saving benefits and economy of ultra-low energy consumption renovation of existing buildings in cold areas under the contract energy management (EPC) mode under different renovation schemes. On the basis of the existing net present value and net present value increment, the net present value rate is proposed as the evaluation index of the transformation plan, so as to realize the comprehensive benefit evaluation of a variety of transformation schemes. The results show that the energy-saving transformation scheme of the project with an external wall of 120 mm rock wool board, a 150 mm extruded polyphenylene board on the roof, and a three-glass single Low-E argon-filled glass on the exterior window has the greatest comprehensive benefits and meets the ultra-low energy consumption standard, the energy saving rate of the envelope transformation reaches 28.07%, and the static recovery period is 5.27 years. This paper provides a design method and reference basis for the ultra-low energy transformation of existing buildings in cold areas using EPC mode.",https://www.e3s-conferences.org/10.1051/e3sconf/202449002004/pdf,1
Experiments on the performance of low temperature air source heat pump based on parallel connection of evaporators,1,2024,"… in parallel at low ambient temperatures is established to … heat pump unit to study the optimal refrigerant charge, heat production capacity and COP at different ambient temperatures, to …",https://www.sciencedirect.com/science/article/pii/S2352710224025890,,0,"ultra-low temperature, district heat pump",10.1016/j.jobe.2024.111021,Sihang Guan; Wenke Zheng; Jiwei Guo; Zhongyun Tian; Yiqiang Jiang; Han Shi,2024-12,,https://api.elsevier.com/content/article/PII:S2352710224025890?httpAccept=text/xml,0
Experimental Study on the Performance of ORC System Based on Ultra-Low Temperature Heat Sources.,3,2024,"… In this paper, based on the ultra-low temperature heat source below 50C, the performance of the ORC system was studied by adjusting the resistive load of the generator, the RVO, and …",https://search.ebscohost.com/login.aspx?direct=true&profile=ehost&scope=site&authtype=crawler&jrnl=01998595&AN=174589238&h=ZfKkaH96feVW1WShh9A3EOzQzlCe9y8RwIu9fouhxpyFQzhSrp5IOvJvV60xMAVHKaV%2FKk10bounRqcXFtDYmA%3D%3D&crl=c,,0,"ultra-low temperature, district heat pump",10.32604/ee.2023.042798,Tianyu Zhou; Liang Hao; Xin Xu; Meng Si; Lian Zhang,2024,,https://www.techscience.com/files/energy/2024/TSP_EE-121-1/TSP_EE_42798/TSP_EE_42798.pdf,0
Performance Analysis of an Ejector-Enhanced Heat Pump System for Low-Temperature Waste Heat Recovery Using UHVDC Converter Valves,1,2024,"… heating method based on heat pump technology to address the large amount of low-grade waste heat … two systems, a basic vapor compression heat pump system (BVCHPS) based on …",https://www.mdpi.com/1996-1073/17/14/3589,,0,"ultra-low temperature, district heat pump",10.3390/en17143589,Menghan Jin; Xingjuan Zhang; Jianhui Zhou; Limin Zhang,7/21/2024,"This article proposes a heating method based on heat pump technology to address the large amount of low-grade waste heat generated by a certain type of ultra-high voltage direct current (UHVDC) converter valve. Thermal performance calculations for two systems, a basic vapor compression heat pump system (BVCHPS) based on thermal expansion valve throttling and an ejector-enhanced heat pump system (EEHPS) are analyzed. The research results show that the EEHPS exhibits superior COP and exergy efficiency when generating hot water above 80 °C using a heat source below 50 °C. Additionally, mathematical modeling analysis identifies optimal structural parameters such as nozzle throat diameter, throat area ratio, and nozzle outlet diameter for the ejector in its design state. The low-temperature waste heat recovered from the UHVDC converter valves can be further used in engineering applications such as heating, refrigeration, seawater desalination, and sewage treatment.",https://www.mdpi.com/1996-1073/17/14/3589/pdf,0
When and how to use cascade high temperature heat pump—Its multi-criteria evaluation,23,2024,… temperature difference between heat source and heat supply… obtainable ultra-low grade waste heat and providing heat for … temperature range of cascade high temperature heat pump (…,https://www.sciencedirect.com/science/article/pii/S0196890424003765,,0,"ultra-low temperature, district heat pump",10.1016/j.enconman.2024.118435,Yixiu Dong; Ruzhu Wang,2024-6,,https://api.elsevier.com/content/article/PII:S0196890424003765?httpAccept=text/xml,22
Wide-range and ultra-low temperature thermometer based on a silicon resonator,1,2024,"… In conclusion, the ability of silicon-based MRR sensors for ultra-low temperature sensing down to 10 K is demonstrated benefiting from the adhesives that can withstand cryogenic …",https://opg.optica.org/abstract.cfm?uri=ol-49-21-6101,,0,"ultra-low temperature, thermal network",10.1364/ol.533213,Xiantao Zhu; Zude Lin; Xiuyan Li; Bin Yang; Jingquan Liu; Minmin You,10/23/2024,"In this Letter, the silicon-based microring resonator (MRR) was experimentally demonstrated for cryogenic sensing down to 10 K by overcoming the issue of acquiring the optical signals at low temperatures for on-chip optical sensors. A wide-range temperature sensor from 240 to 10 K was obtained. The experimental results show that the device sensitivity decreased from 64.7 pm/K at 240 K to 4.19 pm/K at 10 K. Theoretical analysis indicates that the reduction in sensitivity is attributed to the weakening of thermo-optic effects with the decrease in temperature, which is well consistent with the experimental results. Based on this work, the silicon-based ring resonators, featuring complementary metal oxide semiconductor (CMOS) compatibility, high-quality factors, and ease of chip-scale integration, are a potential platform for ultra-low temperature monitoring.",https://opg.optica.org/viewmedia.cfm?URI=ol-49-21-6101&seq=0,1
Initial temperature conduction process and fracture response of rock impacted by ultra-low-temperature fluid: A case study of polymethyl methacrylate,4,2024,"Injecting ultra-low-temperature fluids, such as liquid carbon dioxide (CO 2) and liquid … complex fracture networks. These findings offer theoretical insights into fracture network formation …",https://pubs.aip.org/aip/pof/article/36/11/113355/3320774,,0,"ultra-low temperature, thermal network",10.1063/5.0237839,Qiang Li; Yunbo Li; Dangyu Song; Xing Xin Guo; Haifeng Wang; Chengtao Wang; Rongqi Wang,11/1/2024,"Injecting ultra-low-temperature fluids, such as liquid carbon dioxide (CO2) and liquid nitrogen (LN2), into deep, low-permeability reservoirs for fracturing is an emerging waterless fracturing technology. When these fluids enter the reservoir, they rapidly exchange heat with the fracture walls, triggering intense cold shock, which influences fracture development. Although many scholars have studied the effects of nitrogen freezing and thawing on coal seams, the initial thermal exchange and cold shock process when LN2 first enters the rock mass remains unclear. This paper uses the visualizable material polymethyl methacrylate (PMMA) as the research object, conducting low-temperature impact experiments under different preset temperatures (20 °C, 40 °C, 60 °C, and 80 °C) to investigate the impact of thermal exchange during cold shock on PMMA fracturing. The results show: (1) During LN2 impact, PMMA's temperature changes in three stages: slow cooling (micro-cracks initiation), rapid cooling (formation of long fractures), and temperature recovery (crack formation completion). (2) In prolonged impacts, PMMA temperature decreases linearly, while in short-term cyclic impacts, temperature decreases exponentially with faster recovery, increasing the likelihood of micro-cracks formation. (3) Temperature differences have a dual effect on crack formation and propagation: they significantly enhance internal thermal stress, leading to rapid micro-cracks initiation and expansion, while also causing uneven temperature gradients in the crack propagation region, shifting fracture modes from tensile to complex composite failures and promoting secondary crack formation. However, a significant temperature differential may result in the development of a singular crack propagation path, hindering the formation of complex fracture networks. These findings offer theoretical insights into fracture network formation in waterless fracturing of low-permeability reservoirs.",https://pubs.aip.org/aip/pof/article-pdf/doi/10.1063/5.0237839/20253736/113355_1_5.0237839.pdf,4
Rate-dependent serration behavior of twinning-induced plasticity steel at ultra-low temperature,3,2024,"This study investigates the strain rate-dependent deformation behavior of cost-effective twinning-induced plasticity (TWIP) steel, Fe–26Mn-0.4C, at 15 K and reveals intriguing insights …",https://www.sciencedirect.com/science/article/pii/S2238785424022087,,0,"ultra-low temperature, thermal network",10.1016/j.jmrt.2024.09.203,Taeho Lee; Chetan Singh; You Sub Kim; Dong-Hyun Lee; Jun Hyun Han; Jun-Yun Kang; Soo Yeol Lee,2024-11,,https://api.elsevier.com/content/article/PII:S2238785424022087?httpAccept=text/xml,3
Ultra-low temperature-responsive liquid crystal elastomers with tunable drive temperature range,8,2024,Ultra-low temperature-responsive liquid crystal elastomers with tunable drive temperature range - … Ultra-low temperature-responsive liquid crystal elastomers with tunable drive …,https://www.sciencedirect.com/science/article/pii/S0032386124000612,,0,"ultra-low temperature, thermal network",10.1016/j.polymer.2024.126726,Yuzhou Chen; Xiaolan Li; Jiaming Wang; Dong Zhou; Lishuang Yao; Yu Huang; Yongjun Liu,2024-2,,https://api.elsevier.com/content/article/PII:S0032386124000612?httpAccept=text/xml,7
Experimental study of fracture behaviors of granite at ultra-low temperatures,13,2024,"… and the fracture energy of granite at ultra-low temperatures is established in this study. This … of granite at different temperatures. Furthermore, granite at ultra-low temperatures was also …",https://www.sciencedirect.com/science/article/pii/S0950061824006512,,0,"ultra-low temperature, thermal network",10.1016/j.conbuildmat.2024.135510,Yang Li; Zhibin Hao; Xudong Jia,2024-3,,https://api.elsevier.com/content/article/PII:S0950061824006512?httpAccept=text/xml,9
Parametric analysis and performance prediction of an ultra-low temperature cascade refrigeration freezer based on an artificial neural network,4,2024,A thermodynamic analysis is proposed to improve the designing and operating parameters in an ultra-low temperature cascade refrigeration system (CRS). The expressions for …,https://www.sciencedirect.com/science/article/pii/S2214157X2400193X,,0,"ultra-low temperature, thermal network",10.1016/j.csite.2024.104162,Wenlian Ye; Yuqin Yan; Zhongyou Zhou; Peng Yang,2024-3,,https://api.elsevier.com/content/article/PII:S2214157X2400193X?httpAccept=text/xml,4
