title,num_citations,year,excerpt,url,url_pdf,indicator,key_words
5th generation district heating and cooling systems as a solution for renewable urban thermal energy supply,84,2019,"… Analogue to electricity micro grids, bi-directional decentralized district heating and cooling grids … systems have been integrated in energy hubs before, these models worked with a linear …",https://adgeo.copernicus.org/articles/49/129/2019/,,0,"bi-directional, model, district energy"
An automated approach to building and simulating dynamic district heating networks,15,2018,"… Models need to be designed to handle bi-directional flows, … In this paper we have presented a district heating modeling … building and simulating district heating networks using industrial …",https://www.sciencedirect.com/science/article/pii/S2405896318301496,,0,"bi-directional, model, district energy"
An evaluation of distributed solar thermal “net metering” in small-scale district heating systems,29,2015,"… by a single bi-directional heat … models, utilities substations and a wheather generator in order to analyze various scenarios and different control strategies for small-scale district heating…",https://www.sciencedirect.com/science/article/pii/S1876610215020676,,0,"bi-directional, model, district energy"
Feasibility study on the low temperature district heating and cooling system with bi-lateral heat trades model,28,2018,"… In that sense, it might not be adequate to believe that it can also reflect new features or characteristics of bi-directional heat trades model successfully. For example, the injection of a hot …",https://www.sciencedirect.com/science/article/pii/S0360544218307072,,0,"bi-directional, model, district energy"
Load management in district heating operation,43,2015,… model to regulate the heating supply to a cluster of buildings. The aim is to level out the total heating … The paper presents an approach to control DH load through a bi-directional data …,https://www.sciencedirect.com/science/article/pii/S1876610215009236,,0,"bi-directional, model, district energy"
A study of district heating systems with solar thermal based prosumers,22,2018,… simulation model is built to assess the performance of different scenarios of district heating … How to effectively control and operate such a substation with bi-directional pumping is still …,https://www.sciencedirect.com/science/article/pii/S1876610218304739,,0,"bi-directional, model, district energy"
A bi-directional systematic design approach to energy optimization for energy-efficient buildings,24,2016,"… models, the correlation between building cooling-to-heating … of primary energy, while the turbo chiller and district heating (C/… to hot water driven absorption and district heating (C/P 06-H/…",https://www.sciencedirect.com/science/article/pii/S0378778816302225,,0,"bi-directional, model, district energy"
Smart grid block-chain (BC) conceptual framework: Bi-directional models for renewable energy district and utility,8,2019,"… Considering the above, we present a BC v 3.0 based energy market model for SG that … models based on BC v 3.0 framework, (b) various applications of existing BC-based energy …",https://ieeexplore.ieee.org/abstract/document/8994500/,,0,"bi-directional, model, district energy"
Optimisation of a district energy system with a low temperature network,55,2017,"… New elements in this implementation of the multi-energy optimisation model are: monitoring data used as an input to the model, buildings with bi-directional energy exchange, a …",https://www.sciencedirect.com/science/article/pii/S0360544217305303,,0,"bi-directional, model, district energy"
… wind energy management model within smart grid framework: A joint bi-directional service level agreement (SLA) between smart grid and wind energy district …,31,2019,… and generation capacity of prosumers within Energy District (ED) is highly complex … Energy Management Model (SWEMM) with bi-directional energy flows between SG and Wind Energy …,https://www.sciencedirect.com/science/article/pii/S0960148118314046,,0,"bi-directional, model, district energy"
Quayside energy system analysis,7,2019,"… architectures, this study built simulation models of different architectures to analyze … district heating and cooling distribution networks. It presents bi-directional district heating and cooling …",https://escholarship.org/content/qt957066mw/qt957066mw.pdf,http://scholar.google.com/https://escholarship.org/content/qt957066mw/qt957066mw.pdf,0,"bi-directional, model, district energy"
5th generation district heating and cooling systems: A review of existing cases in Europe,409,2019,"… mode independently of network temperature, bi-directional and decentralised energy flows … They have developed a numerical model for a two-pipe network with bi-directional mass flow …",https://www.sciencedirect.com/science/article/pii/S1364032118308608,,0,"bi-directional, model, district energy"
Challenges in smart low-temperature district heating development,56,2014,"… Meanwhile, the current unidirectional heat supply structure may need to adapt bi-directional heat … Agent based models use a class of computational models includes physical or virtual …",https://www.sciencedirect.com/science/article/pii/S1876610214031798,,0,"bi-directional, model, district energy"
A method for technical assessment of power-to-heat use cases to couple local district heating and electrical distribution grids,56,2019,"… The method uses a dynamic modeling approach for the district heating network, which considers bi-directional mass flows, heat transport delays and other thermal-hydraulic aspects …",https://www.sciencedirect.com/science/article/pii/S0360544219311399,,0,"bi-directional, model, district energy"
Coordinated operation of the electricity and natural gas systems with bi-directional energy conversion,18,2017,… loop-locked system with bi-directional energy conversion. … and power system with bi-directional energy conversion. The … This model and method can provide the system operators with …,https://www.sciencedirect.com/science/article/pii/S1876610217303806,,0,"bi-directional, model, district energy"
Steady-state analysis of the integrated natural gas and electric power system with bi-directional energy conversion,233,2016,… state analysis of the integrated energy system with bi-directional energy conversion. A set of … is obtained by combining the stated flow models. The bi-directional energy flow is formed by …,https://www.sciencedirect.com/science/article/pii/S0306261916306572,,0,"bi-directional, model, district energy"
A thermodynamic analysis of a novel bidirectional district heating and cooling network,70,2018,"… We show that a simple model of a low-density, high-distribution loss network is more … area in its own right, as dynamic pump flows get quite complicated in a bi-directional flow network. …",https://www.sciencedirect.com/science/article/pii/S0360544217319801,,0,"bi-directional, model, district energy"
"Evaluating the impact of multi-carrier energy storage systems in optimal operation of integrated electricity, gas and district heating networks",74,2020,… increasing heat loss in the district heating network by growth of … energy markets and operation cost of the whole integrated … An energy management model for multi-carrier microgrid has …,https://www.sciencedirect.com/science/article/pii/S135943111936212X,,0,"bi-directional, model, district energy"
Mathematical model of a swarm robotic system with wireless bi-directional energy transfer,11,2020,"… Here we present a generalized mathematical model, describing the energy potential of an individual swarm agent and of a swarm as a whole. When developing this model, we used …",https://link.springer.com/chapter/10.1007/978-3-030-37841-7_2,,0,"bi-directional, model, district energy"
Bibliographic analysis of the recent advancements in modeling and co-simulating the fifth-generation district heating and cooling systems,39,2020,… to the modeling and simulation of the fifth generation DHC … ii) integrated simulation including building energy performance. The … between district energy models and building models can …,https://www.sciencedirect.com/science/article/pii/S0378778820305004,,0,"fifth-generation, models, district cooling"
Development of a topology analysis tool for fifth-generation district heating and cooling networks,95,2019,… of the DH network will be further reduced in future generations with the aim of increasing the renewable energy fraction and the energy efficiency of district energy systems (DES). …,https://www.sciencedirect.com/science/article/pii/S0196890419306211,,0,"fifth-generation, models, district cooling"
Fifth generation district energy systems for low carbon cities,4,2019,… energy system planning by developing models and methods for generating optimal solutions to efficient urban energy … improvement potentials in energy requirements and associated …,https://infoscience.epfl.ch/record/272726,,0,"fifth-generation, models, district cooling"
Fifth-generation district heating and cooling substations: Demand response with artificial neural network-based model predictive control,27,2020,"… Fifth-generation district heating and cooling (5GDHC) systems promote these goals, with some marked differences from traditional district heating or district cooling networks, as well …",https://www.mdpi.com/804582,,0,"fifth-generation, models, district cooling"
Recent advances in district energy systems: A review,23,2020,"… is the fifth generation of DSs. It uses a single circuit for providing heating and cooling. The … is more needed as a net (cooling or heating), either from the central plant or in the opposite …",https://www.sciencedirect.com/science/article/pii/S2451904920301980,,0,"fifth-generation, models, district cooling"
Area energy and area spectrum efficiency trade-off in 5G heterogeneous networks,21,2015,… in a joint spectrum and energy efficient manner for the future Fifth generation (5G) networks. D2D … This paper investigates the trade-off between Area Energy Efficiency (AEE) and Area …,https://ieeexplore.ieee.org/abstract/document/7247337/,,0,"fifth-generation, models, district cooling"
"District energy systems: A collaborative exchange of results on planning, operation and modelling for energy efficiency",8,2018,… in the area of District Heating and Cooling. The objective of the workshop was twofold: (1) to create a cluster of European funded projects working in the area of District Energy Systems; …,https://www.mdpi.com/332316,,0,"fifth-generation, models, district cooling"
Unmanned aerial vehicles optimal airtime estimation for energy aware deployment in IoT-enabled fifth generation cellular networks,7,2020,"… types of energy saving reducing communication energy minimize the transmission power energy … To reduce mechanical cost an energy intake model is needed. However, changing the …",https://jwcn-eurasipjournals.springeropen.com/articles/10.1186/s13638-020-01877-0,,0,"fifth-generation, models, district cooling"
Climate simulation over CORDEX Africa domain using the fifth-generation Canadian Regional Climate Model (CRCM5),107,2013,… between the model and reanalysis in this region. Compared … region is displaced to the south. This implies a southward displacement of the zone of convergence of the humid and cooler …,https://link.springer.com/article/10.1007/s00382-012-1387-z,,0,"fifth-generation, models, district cooling"
Fifth generation (5G) cellular and the network for tomorrow: cognitive and cooperative approach for energy savings,33,2017,"… on energy efficiency. This paper presents several techniques to enable energy savings for … low power network acquisition, energy efficient paging, and dynamic/opportunistic network …",https://www.sciencedirect.com/science/article/pii/S1084804516303125,,0,"fifth-generation, models, district cooling"
"Fifth-generation thermal grids and heat pumps: a pilot project in Leuven, Belgium",10,2017,"… of local energy sources and considering that the cooling demand will … energy cocktail of a low temperature thermal grid of the fifth generation combined with ground sources, river energy …",https://www.rehvam2018atic.eu/images/workshops/8/Dedecker_5thgenerationgrid.pdf,http://scholar.google.com/https://www.rehvam2018atic.eu/images/workshops/8/Dedecker_5thgenerationgrid.pdf,0,"fifth-generation, models, district cooling"
A comprehensive survey on millimeter wave communications for fifth-generation wireless networks: Feasibility and challenges,235,2020,"… resulting from the reduced energy managed by the small … technologies for 5G, energy efficiency has become another … and concurrently manage the energy-efficient design, hybrid …",https://ieeexplore.ieee.org/abstract/document/9050553/,,0,"fifth-generation, models, district cooling"
Review and analysis of promising technologies with respect to Fifth generation networks,94,2014,"… The model architectures of MIMO and DAS were shown. From analysis, it is clear that the spectral and energy efficiency is possible if the designer resolves the issues of indoor and …",https://ieeexplore.ieee.org/abstract/document/6906653/,,0,"fifth-generation, models, district cooling"
Overview of millimeter wave communications for fifth-generation (5G) wireless networks—With a focus on propagation models,1188,2017,"… energy efficiency increased as the number of small cells increased [48], and backhaul RF measurements and models … figure, for comparing energy efficiency and power consumption in …",https://ieeexplore.ieee.org/abstract/document/7999294/,,0,"fifth-generation, models, district cooling"
Bidirectional low temperature district energy systems with agent-based control: Performance comparison and operation optimization,132,2018,"… district heating systems, bidirectional low temperature networks (LTN) can be viewed as a fifth generation district heating and cooling … increase energy efficiency for heating and cooling …",https://www.sciencedirect.com/science/article/pii/S0306261917314940,,0,"fifth-generation, models, district cooling"
Towards energy efficient and quality of service aware cell zooming in 5G wireless networks,20,2015,… base stations and eventually higher energy consumption in Fifth Generation (5G) wireless networks… We demonstrated that our proposed algorithm has the best area energy efficiency as …,https://ieeexplore.ieee.org/abstract/document/7391181/,,0,"fifth-generation, models, district cooling"
Real-time energy trading and future planning for fifth generation wireless communications,35,2017,"… Fifth generation (5G) cellular networks are anticipated to be densely deployed with a significantly reduced coverage area per cell… Consequently, the total energy consumption of all base …",https://ieeexplore.ieee.org/abstract/document/8014289/,,0,"fifth-generation, models, district cooling"
District heating and cooling: Review of technology and potential enhancements,739,2012,… of district energy systems in communities. ► Identified and examined energy and exergy efficiencies of district energy systems. … Modeling and analysis of building systems that integrate …,https://www.sciencedirect.com/science/article/pii/S030626191100242X,,0,"5th generation, simulation, district cooling"
4th Generation District Heating (4GDH): Integrating smart thermal grids into future sustainable energy systems,2224,2014,"… Generation District Heating (4GDH) including the relations to District Cooling and the concepts of smart energy … However, the definition of this district cooling generation technology is …",https://www.sciencedirect.com/science/article/pii/S0360544214002369,,0,"5th generation, simulation, district cooling"
"Modeling, planning and optimal energy management of combined cooling, heating and power microgrid: A review",564,2014,"… Accurate modeling is the first and most important step for planning and energy management of the CCHP microgrid, so this paper first presents an review of modeling of the CCHP …",https://www.sciencedirect.com/science/article/pii/S0142061513002883,,0,"5th generation, simulation, district cooling"
Urban building energy modeling–A review of a nascent field,802,2016,… [53] recently developed an “autozoner” algorithm which automatically generates ASHRAE 90.1 Appendix G compliant multi-zone energy models from closed boundary representations (…,https://www.sciencedirect.com/science/article/pii/S0360132315003248,,0,"5th generation, simulation, district cooling"
Hybrid renewable energy systems for power generation in stand-alone applications: A review,827,2012,"… of the renewable hybrid energy systems. It is indeed evident that this area is still emerging … on the unit sizing, optimization, energy management and modeling of the hybrid renewable …",https://www.sciencedirect.com/science/article/pii/S1364032112001025,,0,"5th generation, simulation, district cooling"
Combined heat and power dispatch considering pipeline energy storage of district heating network,599,2015,… the temperature dynamics of DHN for exploiting energy storage as an option for managing the variability of wind energy. The simulation results are discussed for several test systems to …,https://ieeexplore.ieee.org/abstract/document/7243359/,,0,"5th generation, simulation, district cooling"
Microgrids research: A review of experimental microgrids and test systems,928,2011,"… that comprises distributed generation, energy storage and … significantly different microgrid simulation networks present in … The system is equipped with a central energy storage, which …",https://www.sciencedirect.com/science/article/pii/S136403211000328X,,0,"5th generation, simulation, district cooling"
MES (multi-energy systems): An overview of concepts and evaluation models,1221,2014,"… the district level, for instance in typical district energy systems … generation such as from CHP or EHP and distribute energy … for modeling the complexity of the multi-energy interactions …",https://www.sciencedirect.com/science/article/pii/S0360544213008931,,0,"5th generation, simulation, district cooling"
International review of district heating and cooling,691,2017,"… of district cooling systems, mainly for covering space cooling demands in buildings. However, this district cooling … has been more recent compared to the development of district heating. …",https://www.sciencedirect.com/science/article/pii/S036054421730614X,,0,"5th generation, simulation, district cooling"
Energy management and operational planning of a microgrid with a PV-based active generator for smart grid applications,1156,2011,… generation can be controlled and optimized by the energy … production units by a central Energy Management System (… plant and on te real-time simulation devoted to power systems. …,https://ieeexplore.ieee.org/abstract/document/5720519/,,0,"5th generation, simulation, district cooling"
Doubly fed induction machine: modeling and control for wind energy generation,1252,2011,"… Therefore, today this book seems to be the unique and comprehensive reference, exclusively dedicated to the DFIM modeling and control and applied to wind energy generation. …","https://books.google.com/books?hl=en&lr=&id=JzvjOp8pY8QC&oi=fnd&pg=PP10&dq=5th+generation,+simulation,+district+cooling&ots=qh3ewuspXC&sig=QeKtwJTuwlotXo6SAe6Qao6b2AA",,0,"5th generation, simulation, district cooling"
… sets of vegetation leaf area index (LAI) 3g and fraction of photosynthetically active radiation (FPAR) 3g derived from global inventory modeling and mapping studies …,783,2013,"… Long-term global data sets of vegetation Leaf Area Index (LAI) and Fraction of … global vegetation dynamics and for modeling exchanges of energy, mass and momentum between the …",https://www.mdpi.com/2072-4292/5/2/927,,0,"5th generation, simulation, district cooling"
"Security and privacy in decentralized energy trading through multi-signatures, blockchain and anonymous messaging streams",1184,2016,… ated energy while simulating agent … and simulated energy trading case scenarios among peers in a SG. We performed security and performance analysis and evaluation. We simulated …,https://ieeexplore.ieee.org/abstract/document/7589035/,,0,"5th generation, simulation, district cooling"
Achieving better energy-efficient air conditioning–a review of technologies and strategies,830,2013,… A simulation energy using DOE-2 and TRNSYS was conducted to study district cooling equipped with ice-storage facility for a hypothetical waterfront site in Hong Kong. The …,https://www.sciencedirect.com/science/article/pii/S030626191200743X,,0,"5th generation, simulation, district cooling"
Renewable energy sources and frequency regulation: survey and new perspectives,581,2010,"… This section provides a simulation study on the impacts of solar and wind power units on the power system frequency. For this purpose, as shown in Fig. 2, a network with the same …",https://digital-library.theiet.org/content/journals/10.1049/iet-rpg.2009.0049,,0,"5th generation, simulation, district cooling"
"Electric vehicles and the electric grid: A review of modeling approaches, Impacts, and renewable energy integration",967,2013,"… energy into existing electric grids. This paper reviews the current literature on EVs, the electric grid, and renewable energy … of EVs to integrate renewable energy sources are assessed; …",https://www.sciencedirect.com/science/article/pii/S1364032112006557,,0,"5th generation, simulation, district cooling"
A review of computer tools for analysing the integration of renewable energy into various energy systems,1966,2010,"… of this study was to identify energy tools that could simulate a 100% renewable energy-system. … energy tools considered never simulated a 100% renewable energy-system. Instead, the …",https://www.sciencedirect.com/science/article/pii/S0306261909004188,,0,"5th generation, simulation, district cooling"
Optimum design of hybrid renewable energy systems: Overview of different approaches,828,2012,"… Simulation programs are the most common tools for evaluating performance of the hybrid renewable energy … By using the mentioned simulation programs, the optimum configuration …",https://www.sciencedirect.com/science/article/pii/S1364032111005478,,0,"5th generation, simulation, district cooling"
A residential energy management system with bi-level optimization-based bidding strategy for day-ahead bi-directional electricity trading,54,2020,… This paper focuses on addressing the research gaps found in the literature by developing a comprehensive BEMS model for bi-directional energy trading that determines optimal day-…,https://www.sciencedirect.com/science/article/pii/S0306261919320094,,0,"bi-directional, models, district heating and cooling"
Bi-directional interactions between users and cognitive buildings by means of smartphone app,33,2016,"… The IoT makes possible a bi-directional interaction, which is the core interest of the … bi-directional relation between the user and the building through the Building Information Modeling (…",https://ieeexplore.ieee.org/abstract/document/7580819/,,0,"bi-directional, models, district heating and cooling"
1MW bi-directional DC solid state circuit breaker based on air cooled reverse blocking-IGCT,82,2015,"… model was found to be in good agreement with the experimental results. Standard air cooling … presented the development of an air-cooled 1MW bi-directional DC SSCB (ie 1kA, 1kV) …",https://ieeexplore.ieee.org/abstract/document/7157906/,,0,"bi-directional, models, district heating and cooling"
Free cooling potential of a PCM-based heat exchanger coupled with a novel HVAC system for simultaneous heating and cooling of buildings,50,2018,"… In particular, a model of a PCM-based heat exchanger was developed in this work … zone air flow was modelled by placing doors in the building. The door model allows for bi-directional …",https://www.sciencedirect.com/science/article/pii/S2210670717307515,,0,"bi-directional, models, district heating and cooling"
Bi-directional nozzle control of multistage radial-inflow turbine for optimal part-load operation of compressed air energy storage,27,2019,"… model for radial-inflow turbines, and thermodynamic models for the rest of CAES components. According to our analysis, the optimized bi-directional … that the bi-directional nozzle control …",https://www.sciencedirect.com/science/article/pii/S0196890418313487,,0,"bi-directional, models, district heating and cooling"
"New developments in illumination, heating and cooling technologies for energy-efficient buildings",96,2010,"… Optimal control and accurate modelling of HVAC (heating, ventilation, and air-conditioning) … module is a bi-directional thermodiode. A photo of one the bi-directional thermodiodes they …",https://www.sciencedirect.com/science/article/pii/S0360544209001947,,0,"bi-directional, models, district heating and cooling"
Thermal design and characterization of a modular integrated liquid cooled 1200 V-35 A SiC MOSFET bi-directional switch,7,2017,"… A new integrated liquid cooled bi-directional power switch for matrix converters was … the direct liquid cooled modular bi-directional switch, an accurate thermal fluid dynamic model was …",https://www.sciencedirect.com/science/article/pii/S0026271417302500,,0,"bi-directional, models, district heating and cooling"
A validation of a ray-tracing tool used to generate bi-directional scattering distribution functions for complex fenestration systems,109,2013,"… of Energy and the California Energy Commission through its Public Interest Energy Research Program, CFS modeling … These new modeling capabilities use bi-directional scattering …",https://www.sciencedirect.com/science/article/pii/S0038092X13003940,,0,"bi-directional, models, district heating and cooling"
The status of 4th generation district heating: Research and results,430,2018,… This review has addressed the need for a new fourth generation of district heating as a key … future sustainable energy systems. Heat in 4GDH is delivered from non-fossil energy sources …,https://www.sciencedirect.com/science/article/pii/S0360544218317420,,0,"5th generation, models, district energy"
Modelling and optimization of CHP based district heating system with renewable energy production and energy storage,377,2015,… energy source (RES) is playing an increasingly important role to reduce fossil fuels in district heating (… (CHP) based DH system with RES and energy storage system (ESS) is studied. A …,https://www.sciencedirect.com/science/article/pii/S0306261915010909,,0,"5th generation, models, district energy"
Utilizing thermal building mass for storage in district heating systems: Combined building level simulations and system level optimization,83,2018,… mass for storage in district heating systems in order to reduce the operational costs of the district heating systems by optimally shifting the district heat load. District heating systems are …,https://www.sciencedirect.com/science/article/pii/S0360544218307060,,0,"5th generation, models, district energy"
Heat distribution and the future competitiveness of district heating,499,2011,"… The challenge at hand in this study is to estimate linear heat densities before district heating is established in a city district. As seen above, linear heat density is, in its traditional form, …",https://www.sciencedirect.com/science/article/pii/S0306261910003855,,0,"5th generation, models, district energy"
The role of district heating in future renewable energy systems,960,2010,"… energy system analysis of the complete national energy … for various heating options, including district heating as well as … and could be substituted by district heating or a more efficient …",https://www.sciencedirect.com/science/article/pii/S036054420900512X,,0,"5th generation, models, district energy"
Heat Roadmap Europe: Combining district heating with heat savings to decarbonise the EU energy system,835,2014,"… EU energy scenario which includes district heating grids. To neglect this unresolved significant part of the energy … costs for decarbonising the European energy system. In line with this, a …",https://www.sciencedirect.com/science/article/pii/S0301421513010574,,0,"5th generation, models, district energy"
Flexibility of a combined heat and power system with thermal energy storage for district heating,418,2013,… energy systems on the supply side requires increased flexibility at the demand side. We present a model … power system coupled to a thermal energy storage solution that can be either …,https://www.sciencedirect.com/science/article/pii/S0306261912008227,,0,"5th generation, models, district energy"
A review of modelling approaches and tools for the simulation of district-scale energy systems,491,2015,… This section provides a detailed review of the models and modelling approaches that are … district energy systems. The models are divided into the following sections: district energy …,https://www.sciencedirect.com/science/article/pii/S1364032115007704,,0,"5th generation, models, district energy"
Combined analysis of electricity and heat networks,671,2016,… of integrated energy networks is district heating … a district heating system act as linkages between electricity and heat networks. Such integrated electricity and heat networks with energy …,https://www.sciencedirect.com/science/article/pii/S0306261915001385,,0,"5th generation, models, district energy"
Paradigm shift in urban energy systems through distributed generation: Methods and models,462,2011,"… energy demand, energy distribution systems (national electric grid, natural gas distribution grid, electric active grids, district heating and district cooling … The implementation of models to …",https://www.sciencedirect.com/science/article/pii/S0306261910004204,,0,"5th generation, models, district energy"
Increasing the flexibility of combined heat and power for wind power integration in China: Modeling and implications,493,2014,"… the district heating system changes the interior water temperature, providing a lower cost, more environmentally friendly energy … The operational decisions for these heating devices are …",https://ieeexplore.ieee.org/abstract/document/6913019/,,0,"5th generation, models, district energy"
Smart energy and smart energy systems,755,2017,… in the coherency of a smart energy system [67]. Such an … for district heating as well as covering cooling and low-temperature heat demands in industry using district heating and cooling. …,https://www.sciencedirect.com/science/article/pii/S0360544217308812,,0,"5th generation, models, district energy"
IEA EBC annex 67 energy flexible buildings,349,2017,"… in communities with district heating or community heating (common heating system for a … energy generation, (eg wind power) may be utilized for heating in the district/community heating …",https://www.sciencedirect.com/science/article/pii/S0378778817317024,,0,"5th generation, models, district energy"
Decentralized cooling in district heating network: System simulation and parametric study,24,2012,… Results show that replacement of the fourth with the fifth generation TDC increases the system electrical COP from 2.64 to 5.27. The results obtained from parametric studies show that …,https://www.sciencedirect.com/science/article/pii/S030626191100660X,,0,"fifth-generation, simulation, district heating and cooling"
A novel dynamic simulation model for the thermo-economic analysis and optimisation of district heating systems,37,2020,"… simulation tool able to assess and optimize the energy, environmental and economic performance of standard and innovative district heating/cooling … the analysis of fifth generation DHC …",https://www.sciencedirect.com/science/article/pii/S0196890420305963,,0,"fifth-generation, simulation, district heating and cooling"
The reservoir network: A new network topology for district heating and cooling,51,2020,"… We used Modelica simulations to compare the new single-pipe reservoir network to a basecase double-pipe network, taking yearly demand profiles of different building types for …",https://www.sciencedirect.com/science/article/pii/S0360544220305259,,0,"fifth-generation, simulation, district heating and cooling"
Steps towards modern trends in district heating,4,2017,… on new trends in district heating a cooling (DHC) area and … The method presented in this paper is based on a simulation … following directions - the features of the fifth generation [14]. …,https://publikace.k.utb.cz/handle/10563/1007599,,0,"fifth-generation, simulation, district heating and cooling"
Evaluation of low-exergy heating and cooling systems and topology optimization for deep energy savings at the urban district level,36,2020,"… In this study, energy modeling is used to compare the energy performance of “conventional” … This work will focus on so-called “fifth generation district heating and cooling (5GDHC) …",https://www.sciencedirect.com/science/article/pii/S0196890420306506,,0,"fifth-generation, simulation, district heating and cooling"
"Comparing strategies for improving thermal performance of an existing district heating (DH) network: low temperature DH in Omsk, Russia",8,2020,"… ©, Russian commercial software for simulation of a district energy system’s behavior. Reference … Development of a topology analysis tool for fifth-generation district heating and cooling …",https://www.e3s-conferences.org/articles/e3sconf/abs/2020/33/e3sconf_icacer2020_03001/e3sconf_icacer2020_03001.html,,0,"fifth-generation, simulation, district heating and cooling"
Dynamical downscaling with the fifth-generation Canadian regional climate model (CRCM5) over the CORDEX Arctic domain: effect of large-scale spectral …,17,2018,… simulated sea-surface temperature (SST) is empirically corrected and used as lower boundary conditions over the ocean for an atmosphere-only global simulation … a hindcast simulation …,https://link.springer.com/article/10.1007/s00382-017-3912-6,,0,"fifth-generation, simulation, district heating and cooling"
"Report on a plus-energy district with low-temperature dhc network, novel agrothermal heat source, and applied demand response",16,2019,"… District heating and cooling networks can pose the possibility … Reducing the grid temperature in fifth generation DHC … for building simulations, especially when simulating multiple zone …",https://www.mdpi.com/580502,,0,"fifth-generation, simulation, district heating and cooling"
Initial assessment of a 5th generation district energy network in central London,5,2020,"… large-scale fifth generation (5G) smart energy network using an area in central London as a … Women in the refrigeration, air-conditioning and heat pumps industry. 6th IIR Conference on …",https://openresearch.lsbu.ac.uk/item/8vx08,,0,"fifth-generation, simulation, district heating and cooling"
Reduced order models for rapid analysis of ambient loops for commercial buildings,5,2018,"… The energy performance of buildings served by a 5GDHC network is a strong function of the … district energy system layout, the impact of connecting individual buildings to a 5GDHC …",https://search.proquest.com/openview/5e58dd1de0df3be2f132fa2dd78a941f/1?pq-origsite=gscholar&cbl=18750&diss=y,,0,"5GDHC, models, district cooling"
A topology optimization framework to facilitate adoption of advanced district thermal energy systems,3,2020,"… This study considers a 5GDHC system in a two-pipe … offers several model types, and random forest models were … district energy system or when it is served by its own dedicated building …",https://iopscience.iop.org/article/10.1088/1755-1315/588/2/022054/meta,,0,"5GDHC, models, district cooling"
A comparison of different heating and cooling energy delivery systems and the Integrated Community Energy and Harvesting system in heating dominant communities,4,2020,"… a 5GDHC system, is a district energy system that incorporates heat pumps to couple the thermal and electrical energy … on energy markets in Ontario, a discussion of energy modelling …",https://macsphere.mcmaster.ca/handle/11375/26162,,0,"5GDHC, models, district cooling"
Integrated distribution system and urban district planning with high renewable penetrations,20,2019,"… and ownership model for how the district energy system will be … and power lines, district heating and cooling loops, generation and … , districts with multi-energy technologies like 5GDHC …",https://wires.onlinelibrary.wiley.com/doi/abs/10.1002/wene.339,,0,"5GDHC, models, district cooling"
"Optimal Integration of District Heating, District Cooling, Heat Sources and Heat Sinks",4,2019,"… model was applied to the new development district of Copenhagen, Nordhavn, to supply DH and DC and to the existing DH network of Tallinn, Estonia. The optimization model … 5GDHC …",https://orbit.dtu.dk/files/212285902/submitted_PhD_thesis_Henrik_Pieper.pdf,http://scholar.google.com/https://orbit.dtu.dk/files/212285902/submitted_PhD_thesis_Henrik_Pieper.pdf,0,"5GDHC, models, district cooling"
Analysis of district heating and cooling systems in Spain,7,2020,"… An overall idea of this new 5GDHC is to use supply water to decentralized Water-Source … overview of district energy systems, to analyze the deployment of the district energy system in …",https://www.sciencedirect.com/science/article/pii/S2352484720316280,,0,"5GDHC, models, district cooling"
5th Generation District Heating: A novel design approach based on mathematical optimization,101,2020,… All aforementioned studies do not consider district cooling networks or waste heat recovery. … -based deterministic LP model for designing distributed energy systems with BLTNs is …,https://www.sciencedirect.com/science/article/pii/S0306261919318458,,0,"5GDHC, models, district cooling"
Quantifying demand balancing in bidirectional low temperature networks,31,2020,… The linear program used in this study is adapted from a model … The optimization model is described by two superstructures: … and profitability of district energy systems with BLTN are …,https://www.sciencedirect.com/science/article/pii/S0378778820309889,,0,"5GDHC, models, district cooling"
Interactive buildings: A review,19,2019,"… energy modeling software is preferred to statistical models for … include diversity effects in district energy systems, resource … Fifth-generation district heating and cooling systems (5GDHC…",https://www.mdpi.com/501760,,0,"5GDHC, models, district cooling"
Opportunities for integrating underground railways into low carbon urban energy networks: A review,5,2019,"… through district energy systems, showing how district heating can … As for 5GDHC, it not only involves smart coupling of sectors, … in milder climates, while modeling the system in a warmer …",https://www.mdpi.com/514792,,0,"5GDHC, models, district cooling"
District energy systems: Modelling paradigms and general-purpose tools,55,2018,"… modelling paradigms for modelling and simulating district energy systems are discussed. A … For modelling of district energy systems including bidirectional flows, the results of this study …",https://www.sciencedirect.com/science/article/pii/S0360544218317274,,0,"bidirectional, simulation, district energy"
Towards a DESTEST: A district energy simulation test developed in IBPSA project 1,10,2019,"This paper presents the first steps towards a District Energy Simulation Test (DESTEST), which is part of IBPSA Project 1. The goal is to develop a test sequel for district energy …",https://vbn.aau.dk/en/publications/towards-a-destest-a-district-energy-simulation-test-developed-in-,,0,"bidirectional, simulation, district energy"
An extended energy hub approach for load flow analysis of highly coupled district energy networks: Illustration with electricity and heating,93,2018,"… of storage units, local generations and bidirectional energy flows. Although the approach … to model and simulate a multicarrier district energy system based on an extended energy hub …",https://www.sciencedirect.com/science/article/pii/S0306261917318135,,0,"bidirectional, simulation, district energy"
Pseudo-dynamic simulation on a district energy system made of coupling technologies,4,2018,"… In an extended energy hub approach, the hub bidirectional which enables it to act as a consumer or producer depending on the demand and local productions. In addition, the interface …",https://www.diva-portal.org/smash/record.jsf?pid=diva2:1296991,,0,"bidirectional, simulation, district energy"
Validation of a District Heating System Model and Simulation-Based Investigation of Bidirectional Heat Transport by Decentralized Solar Thermal Plants,4,2017,"… modelling approach for the simulation of bidirectional flow in district heating systems with … operational district heating network with decentralized solar thermal plants, a simulation model …",http://proceedings.ises.org/paper/swc2017/swc2017-0025-Beckenbauer.pdf,http://proceedings.ises.org/paper/swc2017/swc2017-0025-Beckenbauer.pdf,0,"bidirectional, simulation, district energy"
Smart district energy optimization of flexible energy units for the integration of local energy storage,4,2017,"… In this paper, a centralized district energy management system is developed and simulated … Bidirectional communications between VTN and VEN are necessary to enable DR services. …",https://ieeexplore.ieee.org/abstract/document/7977597/,,0,"bidirectional, simulation, district energy"
A multi-criteria analysis of bidirectional solar district heating substation architecture,10,2017,"… Finally, a modeling framework for the simulation of bidirectional substations is presented with preliminary results. Contrarily to most publications on this topic in the open literature, …",http://proceedings.ises.org/paper/swc2017/swc2017-0050-Lamaison.pdf,http://proceedings.ises.org/paper/swc2017/swc2017-0050-Lamaison.pdf,0,"bidirectional, simulation, district energy"
Modeling of low temperature thermal networks using historical building data from district energy systems,9,2019,… models for the simulation of both traditional four-pipe District Energy Systems and … simulate an existing four-pipe District Energy System which provided real energy data for both energy …,https://ep.liu.se/ecp/157/055/ecp19157055.pdf,http://scholar.google.com/https://ep.liu.se/ecp/157/055/ecp19157055.pdf,0,"bidirectional, simulation, district energy"
Non-linear thermal networks How can a meshed network improve energy efficiency?,18,2015,… the other on bidirectional mass and energy flows. The simulation models consider consumers with heating and cooling demands and a source. For both systems the energy and exergy …,https://infoscience.epfl.ch/record/213421/files/8_SCHLUCK.pdf,http://scholar.google.com/https://infoscience.epfl.ch/record/213421/files/8_SCHLUCK.pdf,0,"bidirectional, simulation, district energy"
Energy monitoring of a low temperature heating and cooling district network,21,2017,"… in a bidirectional thermal network, a … simulation model of the entire district was developed to predict the network’s heat balance in its final state and verify the suitability of the energy …",https://www.sciencedirect.com/science/article/pii/S1876610217328874,,0,"bidirectional, simulation, district energy"
Evaluating the cost of heat for end users in ultra low temperature district heating networks with booster heat pumps,69,2018,"… The so-called fifth generation has in fact been given different names so far, although most of the literature referred to the same concept. With regard to possible alternatives to cold water …",https://www.sciencedirect.com/science/article/pii/S0360544218306893,,0,"fifth-generation, model, district heat pump"
Direct Use of Low Temperature Heat in District Heating Networks with Booster Heat Pumps,4,2018,"… of fifth generation DHC … heat pump supplies a new housing stock via district heating network with a supply temperature of 40C. During the heating season, the network provides heat to …",https://www.research.unipd.it/bitstream/11577/3422669/1/PhD_Thesis_JV_v6.pdf,http://scholar.google.com/https://www.research.unipd.it/bitstream/11577/3422669/1/PhD_Thesis_JV_v6.pdf,0,"fifth-generation, model, district heat pump"
Heat pumps supplying district heating and ancillary services for the power system,4,2020,… dynamic model of the overall heat pump and district heating system was used. This model … district heating [24] or fifth generation district heating systems [25]. They require that both the …,https://orbit.dtu.dk/files/221383606/Thesis_wmeese_Final_signed.pdf,http://scholar.google.com/https://orbit.dtu.dk/files/221383606/Thesis_wmeese_Final_signed.pdf,0,"fifth-generation, model, district heat pump"
5G cellular: key enabling technologies and research challenges,691,2015,"… of the energy-harvesting component is much higher than that of the information-decoding component, the energy-harvesting zone is smaller than the information transmission zone [9]. …",https://ieeexplore.ieee.org/abstract/document/7108393/,,0,"fifth generation, models, district energy"
Review of district heating and cooling systems for a sustainable future,330,2017,… sources of irreversibility in district heating systems with these … the soundness of any district heating or cooling installation. … heat loads in district heating systems development of models …,https://www.sciencedirect.com/science/article/pii/S1364032116305585,,0,"review, model, district heating and cooling"
District heating and cooling in Sweden,354,2017,"… A complete review about district heating and cooling in Sweden has never appeared in a … supply resources, district heating technology, and business models will probably change. …",https://www.sciencedirect.com/science/article/pii/S0360544217304140,,0,"review, model, district heating and cooling"
On the planning and analysis of Integrated Community Energy Systems: A review and survey of available tools,325,2011,"… Modeling community-level integrated energy systems calls for detail-based … review on the different types of energy models, aiming to provide support literature for helping the energy …",https://www.sciencedirect.com/science/article/pii/S1364032111003121,,0,"review, model, district heating and cooling"
General review of ground-source heat pump systems for heating and cooling of buildings,599,2014,… energy technology for space heating and cooling. This paper provides a detailed literature review … ground thermal response test models for the vertical ground heat exchangers currently …,https://www.sciencedirect.com/science/article/pii/S0378778813007858,,0,"review, model, district heating and cooling"
Zero energy buildings and sustainable development implications–A review,586,2013,… More work on the selection of climate models appropriate for building energy simulation … on district heating but very little on district cooling. Global warming will lead to less heating …,https://www.sciencedirect.com/science/article/pii/S0360544213001035,,0,"review, model, district heating and cooling"
Heating and cooling energy trends and drivers in buildings,785,2015,"… , and specific energy consumption for commercial buildings. This paper also reviews the trends in … The main aim of the 3CSEP-HEB model is to analyze heating and cooling energy use (…",https://www.sciencedirect.com/science/article/pii/S1364032114007151,,0,"review, model, district heating and cooling"
A 50 year review of basic and applied research in radiant heating and cooling systems for the built environment,383,2015,"… The objective of this review is to find out the research trend of the … review was conducted, in terms of thermal comfort, thermal analysis including heat transfer model, heating/cooling …",https://www.sciencedirect.com/science/article/pii/S0360132315001584,,0,"review, model, district heating and cooling"
Energetic communities for community energy: A review of key issues and trends shaping integrated community energy systems,621,2016,"… of different energy system integration option is provided. We review the current energy trends … countries, however, their objectives, business models as well as composition differs. ICESs …",https://www.sciencedirect.com/science/article/pii/S1364032115013477,,0,"review, model, district heating and cooling"
Calibrating whole building energy models: An evidence-based methodology,370,2011,"… This paper reviews existing case studies and methods for calibrating whole building energy models to … of these models. Under this methodology, parameter values in the final calibrated …",https://www.sciencedirect.com/science/article/pii/S0378778811002349,,0,"review, model, district heating and cooling"
CFD applications for latent heat thermal energy storage: a review,296,2013,… energy densities per unit mass/volume at nearly constant temperatures. This review presents previous studies on the numerical modeling … to study the heat transfer phenomena in PCMs…,https://www.sciencedirect.com/science/article/pii/S1364032112006934,,0,"review, model, district heating and cooling"
Energy hub: From a model to a concept–A review,354,2017,"… and consumption of different energy carriers takes place, is … reviews the different concepts and models used in the literature for EH. The dominant structures used for energy hub models …",https://www.sciencedirect.com/science/article/pii/S1364032117310985,,0,"review, model, district heating and cooling"
Generalized frequency division multiplexing for 5th generation cellular networks,959,2014,… different channel models; 3) concepts for MIMO-GFDM to achieve diversity; 4) preamble-based synchronization that preserves the excellent spectral properties of the waveform; 5) bit …,https://ieeexplore.ieee.org/abstract/document/6871292/,,0,"fifth generation, models, district cooling"
Wind energy generation: modelling and control,989,2011,"… supplies, wind power is emerging as an important source of electrical energy throughout the world. … Wind Energy Generation describes the fundamental principles and modelling of the …","https://books.google.com/books?hl=en&lr=&id=R4yUPKB8dgkC&oi=fnd&pg=PP8&dq=fifth+generation,+models,+district+cooling&ots=6vZqE_eil9&sig=RKTe1BpNq1wIGAaZWvde_9Jtf88",,0,"fifth generation, models, district cooling"
Cellular architecture and key technologies for 5G wireless communication networks,2523,2014,… therefore have started research on fifth generation wireless systems that are expected … energy consumption of base stations (BSs) contributes to over 70 percent of their electricity bill [5…,https://ieeexplore.ieee.org/abstract/document/6736752/,,0,"fifth generation, models, district cooling"
Millimeter-wave enhanced local area systems: A high-data-rate approach for future wireless networks,842,2014,… fifth generation (5G) wireless system for ultradense networks by presenting an overview of enhanced local area (… and it shows that distinctive lobes of energy arrive in a similar manner at …,https://ieeexplore.ieee.org/abstract/document/6824746/,,0,"fifth generation, models, district cooling"
Energy-efficient offloading for mobile edge computing in 5G heterogeneous networks,807,2016,"… to mobile devices in fifth-generation (5G) networks. In this paper, we study energy-efficient … We formulate an optimization problem to minimize the energy consumption of the offloading …",https://ieeexplore.ieee.org/abstract/document/7553459/,,0,"fifth generation, models, district cooling"
Broadband millimeter-wave propagation measurements and models using adaptive-beam antennas for outdoor urban cellular communications,953,2012,… measurements and models that may be used to design future 5th generation millimeter … for combining energy from s using spatial MIMO. Other studies of r systems may be found in [30]. …,https://ieeexplore.ieee.org/abstract/document/6387266/,,0,"fifth generation, models, district cooling"
Current methods and advances in forecasting of wind power generation,1312,2012,… divided into two types: dynamic models (also called prognostic) and kinematic models (also called diagnostic) [25]. In these models the momentum and energy equations are not solved …,https://www.sciencedirect.com/science/article/pii/S0960148111002850,,0,"fifth generation, models, district cooling"
Results of a literature review on methods for estimating buildings energy demand at district level,55,2019,"… of studies providing directly useable energy profiles are reported. Therefore, … in energy simulations of buildings stocks and community energy planning in assessing the buildings energy …",https://www.sciencedirect.com/science/article/pii/S0360544219305924,,0,"fifth generation, models, district cooling"
State of the art in building modelling and energy performances prediction: A review,826,2013,"… of the largest energy consumer with about 40% of the final energy consumption. Reducing … energy performances. Indeed, the research field related to building modelling and energy …",https://www.sciencedirect.com/science/article/pii/S1364032113001536,,0,"fifth generation, models, district cooling"
"Demand side management: Demand response, intelligent energy systems, and smart loads",3279,2011,"… of DSM, Energy Conservation (EC, [5]) shall be seen as part of Energy Efficiency in this paper. EC focuses on users and behavioral changes to achieve more efficient energy usage. …",https://ieeexplore.ieee.org/abstract/document/5930335/,,0,"fifth generation, models, district cooling"
The role of renewable energy in the global energy transformation,2169,2019,… Energy Agency's (IRENA) in-depth global energy modelling … by IRENA and the International Energy Agency (IEA) [28]. … the REmap global energy modelling framework methodology. …,https://www.sciencedirect.com/science/article/pii/S2211467X19300082,,0,"fifth generation, models, district cooling"
Household response to dynamic pricing of electricity: a survey of 15 experiments,968,2010,"… of the price increase, the presence of central air conditioning and the availability of enabling … EW featured CPP hours from 5 pm to 9 pm, day-ahead notification, a CPP energy price of …",https://link.springer.com/article/10.1007/s11149-010-9127-y,,0,"5th generation, models, district cooling"
Towards energy demand reduction in social housing buildings: Envelope system optimization strategies,82,2012,"… generation of energy models with the TRNSYS tool for simple or combined solutions, identifying possible potentials for reduction of the energy … Table 5, Table 6 and Table 7 describe the …",https://www.mdpi.com/37470,,0,"5th generation, models, district cooling"
How much energy is needed to run a wireless network?,1647,2011,"In order to quantify the energy efficiency of a wireless network, the power consumption of the entire system needs to be captured. In this article, the necessary extensions with respect to …",https://ieeexplore.ieee.org/abstract/document/6056691/,,0,"5th generation, models, district cooling"
Review of software tools for hybrid renewable energy systems,961,2014,… energy system incorporates two or more electricity generation options based on renewable energy or … 5 shows a general schematic representation of TRNSYS architecture. The latest …,https://www.sciencedirect.com/science/article/pii/S136403211400046X,,0,"5th generation, models, district cooling"
Roadblocks to low temperature district heating,7,2020,"… , typically with a water to water heat pump. The real benefit of a 5GDHC ambient network is the flexibility to provide heating and cooling from a single supply line, which may offer …",https://www.mdpi.com/887230,,0,"5GDHC, models, district heat pump"
Fourth generation of district heating and centralized heating supply systems of Ukraine,4,2019,"… of heat pump installations. At the transition stage, 3G-DH + will be widely used heat pumps, both … 5GDHC will be able to implement bi-directional (2-way, Fig. 2, either from the network or …",https://link.springer.com/chapter/10.1007/978-3-030-27011-7_10,,0,"5GDHC, models, district heat pump"
Renewable energy communities under the 2019 European Clean Energy Package–Governance model for the energy clusters of the future?,281,2020,"… district energy (eg, heating and cooling) and combined heat and power. Distributed energy is defined as the production of heat … bi-directional and interconnected relationships of energy …",https://www.sciencedirect.com/science/article/pii/S1364032119306975,,0,"bi-directional, models, district cooling and heatingdistrict heating"
Supporting the smart readiness indicator—a methodology to integrate a quantitative assessment of the load shifting potential of smart buildings,36,2019,"… is with a lower thermal storage capacity higher, due to the fact that in this use case, the system can charge as well as discharge thermal energy from the grid and is thus bi-directional. …",https://www.mdpi.com/466470,,0,"bi-directional, models, district cooling and heatingdistrict heating"
"Design, Implementation, and Evaluation of a Blockchain-enabled Multi-Energy Transaction System for District Energy Systems",5,2018,"… , a district heating network and other bi-directional DERs, like electric vehicles, batteries and hydrogen storages, could also be added up on top to form a district multi-energy system. …",https://www.research-collection.ethz.ch/bitstream/handle/20.500.11850/257364/4/MasterThesis_QianchenYU_converted.pdf,http://scholar.google.com/https://www.research-collection.ethz.ch/bitstream/handle/20.500.11850/257364/4/MasterThesis_QianchenYU_converted.pdf,0,"bi-directional, models, district cooling and heatingdistrict heating"
Flexibility services to minimize the electricity production from fossil fuels. A case study in a Mediterranean small island,20,2019,"… one, but the local energy production is enough to cover the … the realization of a heating district network supplied by biomass, … heaters since they can be controlled through a bi-directional …",https://www.mdpi.com/532020,,0,"bi-directional, models, district cooling and heatingdistrict heating"
"Towards a Balkan gas hub: the interplay between pipeline gas, LNG and renewable energy in South East Europe",22,2017,… This paper addresses the potential for the region to evolve to a … energy mix (including lignite to a significant degree) and the complex interaction between gas-fired district heating…,https://ora.ox.ac.uk/objects/uuid:00ac940a-a4da-4d0a-8bef-be09437a167c,,0,"bi-directional, models, district cooling and heatingdistrict heating"
Business models for an aggregator: Is an aggregator economically sustainable on gotland?,13,2012,… District Heating This last paragraph does not directly apply to the Aggregator's business models since district heating … The economic scheme of this bi-directional CRP-2 service [21] can …,https://www.diva-portal.org/smash/record.jsf?pid=diva2:537356,,0,"bi-directional, models, district cooling and heatingdistrict heating"
A supplementary dictionary of renewable energy and sustainability,6,2013,"… solar chimney solar district heating solar energy, direct uses solar energy, indirect uses … rotor blades through 180, allowing operation in the bi-directional flow of the tides. The SeaGen S …","https://books.google.com/books?hl=en&lr=&id=RFExDwAAQBAJ&oi=fnd&pg=PT12&dq=bi-directional,+models,+district+cooling+and+heatingdistrict+heating&ots=6iGzADGcMZ&sig=9Q9J_Rxwg1-d8JzgE4RciHUiwyM",,0,"bi-directional, models, district cooling and heatingdistrict heating"
Environmental comparison of energy solutions for heating and cooling,21,2019,"… of district cooling are basically the same as for district heating… is sometimes called the fifth-generation district heating [2]. … In the model, the heat and cooling demand for Medicon Village …",https://www.mdpi.com/592142,,0,"fifth-generation, model, district cooling and heatingdistrict heating"
ExRET-Opt: An automated exergy/exergoeconomic simulation framework for building energy retrofit analysis and design optimisation,47,2017,"… and considers energy transfers and heat rejection to the … The simulation model consists of a fourteen-thermal zone … h), and NPV after the twenty-fifth generation (£276,182). As it can be …",https://www.sciencedirect.com/science/article/pii/S0306261917301204,,0,"fifth-generation, model, district cooling and heatingdistrict heating"
… very high-resolution climate simulations with nested models: illustration of potential in simulating St. Lawrence River Valley channelling winds with the fifth-generation …,22,2015,"… offered by climate simulations on kilometer-… simulations. The cascade method is illustrated using a suite of five one-way nested, time-slice simulations carried out with the fifth-generation …",https://www.mdpi.com/95276,,0,"fifth-generation, simulation, district energy"
Present climate and climate change over North America as simulated by the fifth-generation Canadian regional climate model,179,2013,"… These experiments are performed using the fifth-generation Canadian Regional Climate … CMIP5 CGCMs’ simulations. In addition, a reanalysis-driven CRCM5 simulation is performed in …",https://link.springer.com/article/10.1007/s00382-013-1737-5,,0,"fifth-generation, simulation, district energy"
Climate projections over CORDEX Africa domain using the fifth-generation Canadian Regional Climate Model (CRCM5),175,2013,… simulations and climate-change projections for Africa were made with the new fifth-generation … The performance of the CRCM5 simulations for current climate is discussed first and …,https://link.springer.com/article/10.1007/s00382-012-1651-2,,0,"fifth-generation, simulation, district energy"
Method for assessing heat loss in a district heating network with a focus on the state of insulation and actual demand for useful energy,29,2020,… smart energy systems and fourth generation district heating … [3] discern even the fifth generation of DH following the fourth … as a part of the energy and environmental modeling [4] and …,https://www.mdpi.com/813934,,0,"fifth-generation, simulation, district energy"
Techno-economic system comparison of a wood gas and a natural gas CHP plant in flexible district heating with a dynamic simulation model,14,2020,… thermal-hydraulic modeling approach was chosen and programed in MATLAB. The DHN model allows the modeling of complex thermal network behavior such as bi-directional or zero …,https://www.sciencedirect.com/science/article/pii/S0360544220308173,,0,"bi-directional, simulation, district heating"
Modeling and optimization of bi-directional delignification of rice straw for production of bio-fuel feedstock using central composite design approach,28,2014,… The present study investigates the extraction of lignin from rice straw by bi-directional delignification methodology through minimal energy input towards feedstock preparation for bio-…,https://www.sciencedirect.com/science/article/pii/S0360544214005398,,0,"bi-directional, simulation, district heating"
Optimization of a hybrid community district heating system integrated with thermal energy storage system,19,2019,"… optimization) for a hybrid community-district heating system (H-CDHS) integrated with a thermal energy storage system by coupling the simulation and optimization tools together. Two, …",https://www.sciencedirect.com/science/article/pii/S2352152X18304869,,0,"bi-directional, simulation, district heating"
Integration of a bi-directional DC–DC converter model into a real-time system simulation of a shipboard medium voltage DC system,46,2011,… This paper presents the controller design procedures of the bi-directional dc/dc converter. In … Section 3 describes controller design process of the bi-directional dc/dc converter. An …,https://www.sciencedirect.com/science/article/pii/S0378779610003330,,0,"bi-directional, simulation, district heating"
Coordinated neighborhood energy sharing using game theory and multi-agent systems,23,2017,"… neighborhood residual generation and grid energy jointly or distinctly. In this study, a MAS is used for modeling … smart meters which provides bi-directional data exchange. Smart homes …",https://ieeexplore.ieee.org/abstract/document/7980820/,,0,"bi-directional, simulation, district heating"
IEA EBC annex 60 modelica library-an international collaboration to develop a free open-source model library for buildings and community energy systems,79,2015,"This paper describes the collaborative development of the Annex 60 Modelica library, a free, open-source library for building and community energy systems. The library is developed …",https://lirias.kuleuven.be/1568554?limo=0,,0,"bi-directional, simulation, district heating"
Community energy storage for neutral voltage rise mitigation in four-wire multigrounded LV feeders with unbalanced solar PV allocation,65,2015,"… dc bus connected to the bi-directional dc/dc converter of the PV system, as shown in Fig. 5. … is considered for the simulation of the CES system. Modeling and simulation of the test …",https://ieeexplore.ieee.org/abstract/document/7112546/,,0,"bi-directional, simulation, district heating"
Control aspects of decentralized solar thermal integration into district heating networks,35,2014,"… discussed above, to test the suitability of different components (pumps, valves) for bidirectional heat transfer, to test control algorithms and to validate the substation model developed. …",https://www.sciencedirect.com/science/article/pii/S1876610214003828,,0,"bidirectional, model, district heating"
A comparative study of two simulation tools for the technical feasibility in terms of modeling district heating systems: An optimization case study,22,2019,"… present two models for an existing district heating system in Cottbus, Germany. One model is … Whereas the flow is bidirectional through the components of Simscape and, therefore, …",https://www.sciencedirect.com/science/article/pii/S1569190X18301813,,0,"bidirectional, model, district heating"
Anomaly detection of heat energy usage in district heating substations using LSTM based variational autoencoder combined with physical model,8,2020,"… However, it is not uncommon that district heating systems fail to achieve the expected … detection of a district heating substation, which consists of a simplified physical model and a Long …",https://ieeexplore.ieee.org/abstract/document/9248108/,,0,"bidirectional, model, district heating"
Dynamic modeling of local district heating grids with prosumers: A case study for Norway,69,2018,"… demand for this part of the grid, and shows also that the model is able to handle bidirectional flow. For pipe B, the mass flow is approximately zero for most of the summer in the LTP1 …",https://www.sciencedirect.com/science/article/pii/S0360544218304316,,0,"bidirectional, model, district heating"
Application of different modeling approaches to a district heating network,11,2019,… possibility of bidirectional heat exchange at the final users. The calculation … This paper has presented the application of two different modeling procedures to a real district heating …,https://aip.scitation.org/doi/abs/10.1063/1.5138742,,0,"bidirectional, model, district heating"
Spatial distribution of thermal energy storage systems in urban areas connected to district heating for grid balancing—A techno-economical optimization …,30,2016,"… bidirectional operation of the district heating line, which supplies heat energy from the heating … Moreover, the implementation of a bidirectional driven district heating pipe increases not …",https://www.sciencedirect.com/science/article/pii/S2352152X16300627,,0,"bidirectional, model, district heating"
How to develop district heating in Finland?,56,2018,"… This paper deals with how Finnish district heating should be … local heat production and district heating. In addition, there will be more prosumers trading heat in bidirectional heating …",https://www.sciencedirect.com/science/article/pii/S0301421518305548,,0,"bidirectional, model, district heating"
The innovative concept of cold district heating networks: a literature review,57,2018,"… Secondly, 4th generation as well as traditional district heating systems have low compatibility with district cooling networks. Some authors suggested creating a bidirectional low …",https://www.mdpi.com/255532,,0,"bidirectional, model, district heating"
Fener: A Radiance-based modelling approach to assess the thermal and daylighting performance of complex fenestration systems in office spaces,77,2015,… -year simulations of a thermal model and a daylighting model. Fener is a single-zone energy model that uses the three-phase method and bi-directional scattering distribution functions (…,https://www.sciencedirect.com/science/article/pii/S0378778815001437,,0,"bi-directional, model, district cooling and heating"
Integrated deterministic and probabilistic safety analysis of integrated energy systems with bi-directional conversion,11,2020,"… A bi-directional energy conversion system model is developed to simulate the deterministic evolution of the IES. Then, the dynamic event tree (DET) analysis technique is used to …",https://www.sciencedirect.com/science/article/pii/S036054422031793X,,0,"bi-directional, model, district cooling and heating"
Developing novel 5th generation district energy networks,78,2020,"… These boreholes are bi-directional, to allow aquifer replenishment and provide ∼14 C flow, … In the model heat, process heat, cooling and electricity demands can be simulated down to …",https://www.sciencedirect.com/science/article/pii/S0360544220304965,,0,"bi-directional, model, district cooling and heating"
Integrated bi-directional vibration control and energy harvesting of monopile offshore wind turbines,38,2019,… mathematical model of the linear electromagnetic energy … energy harvester is utilized to control the bi-directional vibration of the monopile OWTs through converting the kinetic energy …,https://www.sciencedirect.com/science/article/pii/S0029801819300514,,0,"bi-directional, model, district cooling and heating"
Operational supply and demand optimisation of a multi-vector district energy system using artificial neural networks and a genetic algorithm,92,2019,"… incorporate almost any form of district heating simulation model (computational time permitting… , and there could be scope for bi-directional energy transfer depending on the capability of …",https://www.sciencedirect.com/science/article/pii/S0306261918317070,,0,"bi-directional, model, district cooling and heating"
Bi-directional stretched nanofluid flow with Cattaneo-Christov double diffusion,44,2019,"… for steady bi-directional stretching boundaries. … a bi-directional extending surface, in the boundary layer region. Buongiorno nanoliquid model is used to analyze the amount of heat and …",https://www.sciencedirect.com/science/article/pii/S2211379719309581,,0,"bi-directional, model, district cooling and heating"
Entropy generation in MHD Casson fluid flow with variable heat conductance and thermal conductivity over non-linear bi-directional stretching surface,59,2020,… model for heat flux is presented to model the energy equation. Contribution of heat and mass in a yield exhibiting fluid model … . Revised definition for heat flux model is used with heat …,https://www.nature.com/articles/s41598-020-69411-2,,0,"bi-directional, model, district cooling and heating"
Potential study on demand side management in district heating and cooling networks with decentralised heat pumps,6,2018,… Research area: District heating and cooling systems with decentralized heat pumps … energy performance and the energy bill of a 5GDHC substation for domestic hot water production? …,https://www.aee-intec.at/0uploads/dateien1312.pdf,http://scholar.google.com/https://www.aee-intec.at/0uploads/dateien1312.pdf,0,"5GDHC, simulation, district heating and cooling"
Double loop network for combined heating and cooling in low heat density areas,7,2020,"… system, the simulated overall pump energy consumption was … of 5th generation district heating and cooling (5GDHC) as … with heat pumps (HPs) to cover heating and cooling with the …",https://www.mdpi.com/897188,,0,"5GDHC, simulation, district heating and cooling"
Future trends in district heating development,14,2018,… The term fifth generation is already on the table and described … Simulation-based analysis and evaluation of domestic hot water preparation principles for lowtemperature district heating …,https://link.springer.com/article/10.1007/s40518-018-0111-y,,0,"fifth-generation, simulation, district heating"
Atmospheric environmental impact assessment of a combined district heating system,30,2013,… modeling for assessing atmospheric environmental impacts. We conduct the assessments of alternative combined heating scenarios by modeling … This study employs the fifth generation …,https://www.sciencedirect.com/science/article/pii/S0360132313000607,,0,"fifth-generation, simulation, district heating"
Large heat pumps in Swedish district heating systems,192,2017,… work to consider large-scale heat pumps for mainly heat generation purposes. The definition of a large-scale heat pump unit was chosen as a heat power capacity greater than or equal …,https://www.sciencedirect.com/science/article/pii/S1364032117307839,,0,"5th generation, models, district heat pump"
Booster heat pumps and central heat pumps in district heating,197,2016,… simulation of district heating systems based on heat pumps. … Booster heat pumps enable lower district heating temperature … and a steadily improving heat pump (HP) performance for …,https://www.sciencedirect.com/science/article/pii/S0306261916303105,,0,"5th generation, models, district heat pump"
A review of domestic heat pumps,339,2012,"… engine heat pumps, as well as heat pump water heaters. Air conditioning units (ie heat pumps … This paper reviews the use of heat pumps for domestic heating, an area where they offer …",https://pubs.rsc.org/en/content/articlehtml/2012/ee/c2ee22653g,,0,"5th generation, models, district heat pump"
The effect of energy efficiency improvements on the development of 4th generation district heating,22,2016,… currently used in Latvian district heating as well as … heat pumps which are considered as future district heating technologies. Other heat source technologies could be added to the model…,https://www.sciencedirect.com/science/article/pii/S1876610216307184,,0,"5th generation, models, district heat pump"
Economic valuation of heat pumps and electric boilers in the Danish energy system,186,2016,"… In this paper, the economic value of heat pumps and electric boilers is assessed … model is employed to optimize jointly the daily operation of HPs and EBs along with the Combined Heat …",https://www.sciencedirect.com/science/article/pii/S030626191501051X,,0,"5th generation, models, district heat pump"
A renewable energy system in Frederikshavn using low-temperature geothermal energy for district heating,330,2011,"… of energy resources including a potential for off-shore wind power, waste and low-temperature geothermal energy usable as heat source for heat pumps producing district heating. …",https://www.sciencedirect.com/science/article/pii/S0306261910000826,,0,"5th generation, models, district heat pump"
Modeling and application of direct-expansion solar-assisted heat pump for water heating in subtropical Hong Kong,151,2010,"… models of compressor and capillary tube commonly used in heat pump analysis were incorporated in our system model… the two special component models, namely “evaporator–collector…",https://www.sciencedirect.com/science/article/pii/S0306261909002335,,0,"5th generation, models, district heat pump"
Techno-economic analysis of air source heat pump applied for space heating in northern China,195,2017,"… In the rural areas not reached by district heating, air source heat pump has been designated to be promoted technology by the government. However, before large-scale promotion and …",https://www.sciencedirect.com/science/article/pii/S0306261917308310,,0,"5th generation, models, district heat pump"
Field test and numerical investigation on the heat transfer characteristics and optimal design of the heat exchangers of a deep borehole ground source heat pump …,154,2017,"… source heat pump (DBGSHP) is a new type of heat pump heating … heat exchange and can be applied for space heating in winter. To date, the development of deep borehole heat …",https://www.sciencedirect.com/science/article/pii/S019689041730972X,,0,"5th generation, models, district heat pump"
Wind power integration using individual heat pumps–analysis of different heat storage options,288,2012,"… Modelling of heat pumps and heat storages … and rules, representing the model of the individual heat pumps, are presented in this section. Eq. (1) is the heat balance equation and Eq. (2…",https://www.sciencedirect.com/science/article/pii/S0360544212007086,,0,"5th generation, models, district heat pump"
Feasibility and performance study of the hybrid ground-source heat pump system for one office building in Chinese heating dominated areas,183,2017,"… , [5]. In order to overcome the cold accumulation and take full advantage of geothermal energy in Shenyang area, a hybrid ground-source heat pump (HGSHP) with auxiliary heat source …",https://www.sciencedirect.com/science/article/pii/S0960148116308709,,0,"5th generation, models, district heat pump"
Net emission reductions from electric cars and heat pumps in 59 world regions over time,176,2020,"… model simulations with bottom-up life-cycle assessments. We show that already under current carbon intensities of electricity generation, electric cars and heat pumps are … and heating …",https://www.nature.com/articles/s41893-020-0488-7,,0,"5th generation, models, district heat pump"
Supplementary load frequency control by use of a number of both electric vehicles and heat pump water heaters,342,2012,… loads such as electric vehicle (EV) and heat pump water heater (HPWH) to the power system … model with a large integration of wind power generation and photovoltaic generation. …,https://ieeexplore.ieee.org/abstract/document/6204212/,,0,"5th generation, models, district heat pump"
Hydrogen and fuel cell technologies for heating: A review,659,2015,"… , but many national energy system models examine neither hydrogen nor fuel cells for heating. There is a need to include hydrogen and fuel cell heating technologies in future scenario …",https://www.sciencedirect.com/science/article/pii/S0360319914031383,,0,"5th generation, model, district cooling and heating"
Smart distribution: Coupled microgrids,1265,2011,… The plug-and-play model facilitates placing generators near the heat loads thereby allowing … energy storage required for a fast dynamic response and is not dependent to a central ac …,https://ieeexplore.ieee.org/abstract/document/5768104/,,0,"5th generation, model, district cooling and heating"
"A review of thermoelectric cooling: materials, modeling and applications",796,2014,"… , modeling approaches, and applications. Thermoelectric cooling systems have advantages over conventional cooling … air cooling device may be not as effective as the air cooling heat …",https://www.sciencedirect.com/science/article/pii/S1359431114000854,,0,"5th generation, model, district cooling and heating"
Solar power generation by PV (photovoltaic) technology: A review,1018,2013,"… harnessing solar energy, radiant light and heat from the sun … Solar energy technologies include solar heating, solar … mathematical models for characterizing PV module, wind generator, …",https://www.sciencedirect.com/science/article/pii/S0360544213001758,,0,"5th generation, model, district cooling and heating"
Steam generation under one sun enabled by a floating structure with thermal concentration,848,2016,"… 3d were obtained by using a heat transfer model of the OAS, which is discussed below. … conduction to the evaporation region. We used a simple fin model to justify that the temperature …",https://www.nature.com/articles/nenergy2016126,,0,"5th generation, model, district cooling and heating"
A decision tree method for building energy demand modeling,592,2010,This paper reports the development of a building energy demand predictive model based on the decision tree method. This method is able to classify and predict categorical variables: …,https://www.sciencedirect.com/science/article/pii/S0378778810001350,,0,"5th generation, model, district cooling and heating"
AixLib-An open-source modelica library within the IEA-EBC annex 60 framework,158,2016,… modeling and evaluation of new control strategies for building and district energy systems. … to automatically create Modelica models for district heating and cooling networks based on …,https://www.researchgate.net/profile/Moritz-Lauster/publication/310465168_AixLib_-_An_Open-Source_Modelica_Library_within_the_IEA-EBC_Annex_60_Framework/links/582ee86108ae102f072ef447/AixLib-An-Open-Source-Modelica-Library-within-the-IEA-EBC-Annex-60-Framework.pdf,http://scholar.google.com/https://www.researchgate.net/profile/Moritz-Lauster/publication/310465168_AixLib_-_An_Open-Source_Modelica_Library_within_the_IEA-EBC_Annex_60_Framework/links/582ee86108ae102f072ef447/AixLib-An-Open-Source-Modelica-Library-within-the-IEA-EBC-Annex-60-Framework.pdf,0,"5th generation, model, district cooling and heating"
Recent development and application of thermoelectric generator and cooler,657,2015,… Numerical heat exchanger models integrated with models used in optimization studies of thermoelectric waste heat recovery with air cooling in a cross flow heat exchanger for Bi 2 Te 3 …,https://www.sciencedirect.com/science/article/pii/S0306261914013324,,0,"5th generation, model, district cooling and heating"
Thermal comfort and building energy consumption implications–a review,1221,2014,"… Broadly speaking, there are two main categories of thermal comfort models – heat balance and adaptive. Heat balance models have been developed using data from extensive and …",https://www.sciencedirect.com/science/article/pii/S0306261913008921,,0,"5th generation, model, district cooling and heating"
Fast bidirectional building performance optimization at the early design stage,40,2018,"… bidirectional optimization workflow will be presented, following which the simplified building energy … In this paper, the bidirectional workflow of building performance optimization is put …",https://link.springer.com/article/10.1007/s12273-018-0432-1,,0,"bidirectional, simulation, district heating and cooling"
Controlling district heating and cooling networks to unlock flexibility: A review,220,2018,"… In a simulation of a district heating network powered by a CHP plant in Turin, Italy, they … a central controller for thermal networks is a two-way communication link, as is shown in Fig. 3. …",https://www.sciencedirect.com/science/article/pii/S0360544218304328,,0,"bidirectional, simulation, district heating and cooling"
Tropical cyclone intensity errors associated with lack of two-way ocean coupling in high-resolution global simulations,50,2016,"… two-way air–sea interactions. TC intensity is greatly impacted; the strongest 1% of all TCs are 20–30 hPa (4–8 ms −1 ) weaker, and the number of simulated … and sensitivity simulations …",https://journals.ametsoc.org/view/journals/clim/29/23/jcli-d-16-0273.1.xml,,0,"bidirectional, simulation, district heating and cooling"
Modeling the ocean and atmosphere during an extreme bora event in northern Adriatic using one-way and two-way<? xmltex\break?> atmosphere–ocean coupling,53,2016,… a suitable candidate for verifying two-way atmosphere–ocean coupled simulations. In this paper we present two-way atmosphere–ocean coupling simulations of the February 2012 bora…,https://os.copernicus.org/articles/12/71/2016/,,0,"bidirectional, simulation, district heating and cooling"
Numerical simulation of different HGV fire scenarios in curved bi-directional road tunnels and safety evaluation,67,2012,… for simulating the effects of fire in curved bi-directional road tunnels. A fire source due to a heavy goods vehicle (HGV) with a peak of the heat release rate (HRR) of 50 MW is simulated. …,https://www.sciencedirect.com/science/article/pii/S0886779812000739,,0,"bi-directional, simulation, district cooling and heating"
"Impact of bi-directional PV blind control method on lighting, heating and cooling energy consumption in mock-up rooms",12,2018,"… simulation, experimental measurement or both. The … In contrast to previous studies, this study used bi-directional PV … indoor energy performance, such as lighting, heating and cooling. …",https://www.sciencedirect.com/science/article/pii/S0378778818303177,,0,"bi-directional, simulation, district cooling and heating"
Impact or blast induced fire simulation of bi-directional PSC panel considering concrete confinement and spalling effect,24,2017,"… In this study, a finite element simulation procedure is … evaluations are conducted on bi-directional PSC panel member … panels were compared to the simulation results to verify stress and …",https://www.sciencedirect.com/science/article/pii/S014102961631728X,,0,"bi-directional, simulation, district cooling and heating"
Simulation of fire scenarios due to different vehicle types with and without traffic in a bi-directional road tunnel,55,2013,… This paper presents findings obtained by CFD modelling for simulating the effects of fire due to different vehicle types in a bi-directional road tunnel. Four different burning vehicles …,https://www.sciencedirect.com/science/article/pii/S0886779813000400,,0,"bi-directional, simulation, district cooling and heating"
"Thermal management strategies for a high-frequency, bi-directional, on-board electric vehicle charger",14,2018,"… In Section II, we present thermal simulations and experimental results of the liquidcooled plate assembly with a focus on the MOSFETs thermal responses, and considering different …",https://ieeexplore.ieee.org/abstract/document/8419580/,,0,"bi-directional, simulation, district cooling and heating"
Bi-directional prediction of structural characteristics and effective thermal conductivities of composite fuels through learning from finite element simulation …,13,2020,"… finite element simulation results for bi-directional prediction of … collection to establish a bi-directional prediction model that … FEM-based simulations, thus offering tremendous speed-up. …",https://www.sciencedirect.com/science/article/pii/S0264127520300162,,0,"bi-directional, simulation, district cooling and heating"
Modeling heating and cooling loads by artificial intelligence for energy-efficient building design,367,2014,… The ANN models do not require definition of explicit … They can model building heating and cooling loads of … cross-fold modeling performance for cooling load and heating load during the …,https://www.sciencedirect.com/science/article/pii/S037877881400574X,,0,"5th generation, model, district heating and cooling"
Assessment of climate change impact on residential building heating and cooling energy requirement in Australia,407,2010,This study investigated the potential impact of climate change on the heating and cooling (H/C) energy requirements of residential houses in five regional climates varying from cold to …,https://www.sciencedirect.com/science/article/pii/S036013231000034X,,0,"5th generation, model, district heating and cooling"
"DIVA 2.0: Integrating daylight and thermal simulations using Rhinoceros 3D, Daysim and EnergyPlus",358,2011,… energy models. This paper explains a general process of coupling daylight and energy simulations using the ‘hybrid model ’ … Our base case building has a high cooling coil energy use …,"http://www.jakubiec.net/papers/bs2011_diva20_jakubiec,reinhart.pdf","http://www.jakubiec.net/papers/bs2011_diva20_jakubiec,reinhart.pdf",0,"5th generation, model, district heating and cooling"
An energy management system for building structures using a multi-agent decision-making control methodology,317,2012,"… BEMS for electrical, heating, and cooling energy zones with combined heat and power system … not specify the energy sources, so on-site generation from the BCHP model and CEBEMS …",https://ieeexplore.ieee.org/abstract/document/6363599/,,0,"fifth generation, models, district heating and cooling"
Integrated system model of district cooling for energy consumption optimization,3,2020,… with physical modeling to represent and simulate a multi-plant district cooling system (DCS). … benefits of both languages and provide bidirectional mapping between SysML and Modelica…,https://scholarworks.iupui.edu/handle/1805/28049,,0,"bi-directional, simulation, district energy"
Bi-directional integral pumping devices for dual mechanical seals: Influence of mesh type on accuracy of numerical simulations,6,2018,… A numerical study is conducted to simulate the performance of barrier fluid flow through a bi-directional dual mechanical seal with an integral radial pumping ring. Standard K- ε model is …,https://www.sciencedirect.com/science/article/pii/S1110016818301212,,0,"bi-directional, simulation, district heating and cooling"
Advances in heat pump systems: A review,1006,2010,"… For example, incorporating a desiccant to a heat pump cycle allowed better humidity and … This review paper provides an update on recent developments in heat pump systems, and …",https://www.sciencedirect.com/science/article/pii/S030626191000228X,,0,"review, model, district heat pump"
"Heat pump placement, connection and operational modes in European district heating",158,2018,"… The findings from a literature review suggest that the deployment of heat pump technology in the EU can be divided into two separate phases of growth, which can be summarised as …",https://www.sciencedirect.com/science/article/pii/S0378778817338410,,0,"review, model, district heat pump"
Vertical-borehole ground-coupled heat pumps: A review of models and systems,755,2010,"… This paper gives a detailed literature review of the … heat pump system and its development is briefly presented first. Then, the most typical simulation models of the vertical ground heat …",https://www.sciencedirect.com/science/article/pii/S0306261909001743,,0,"review, model, district heat pump"
Seasonal thermal energy storage with heat pumps and low temperatures in building projects—A comparative review,243,2015,… article was to review the previous studies regarding the combination of heat pump with different seasonal thermal energy storage methods in terms of SF and COP of heat pump and to …,https://www.sciencedirect.com/science/article/pii/S1364032114010545,,0,"review, model, district heat pump"
Trends of European research and development in district heating technologies,220,2017,… In the literature this behavior is compared to the operation of virtual heat pumps. The virtual heat pump coefficient of performance (COP) is described as proportion of the heat supplied …,https://www.sciencedirect.com/science/article/pii/S1364032116002318,,0,"review, model, district heat pump"
Greenhouse gas emission savings of ground source heat pump systems in Europe: A review,373,2012,"… Among others, heat pump systems for the heating (and cooling) of buildings are … heat pump system variant for heating and cooling of residential buildings: the ground source heat pump …",https://www.sciencedirect.com/science/article/pii/S1364032111004771,,0,"review, model, district heat pump"
Geothermal heat pump systems: Status review and comparison with other heating options,650,2013,"… review geothermal heat pump systems and recent developments and compare them with other heating options, with the objective of improving understanding of geothermal heat pump …",https://www.sciencedirect.com/science/article/pii/S0306261912000542,,0,"review, model, district heat pump"
A key review of wastewater source heat pump (WWSHP) systems,217,2014,"… , waste (sewage) water source heat pumps (WWSHPs) were widely … The present study comprehensively reviews WWSHP … Therefore, in this section we review all control related efforts …",https://www.sciencedirect.com/science/article/pii/S0196890414007900,,0,"review, model, district heat pump"
"Applications of artificial neural networks for refrigeration, air-conditioning and heat pump systems—A review",375,2012,"… In this paper, an attempt has been made to review the applications of artificial neural networks (ANN) for energy and exergy analysis of refrigeration, air conditioning and heat pump (…",https://www.sciencedirect.com/science/article/pii/S136403211100493X,,0,"review, model, district heat pump"
"A review of chemical heat pumps, thermodynamic cycles and thermal energy storage technologies for low grade heat utilisation",267,2013,"… paper reviews selected technologies suitable for utilisation of waste heat energy, with specific focus on low grade heat, … A chemical heat pump is more environmentally friendly than the …",https://www.sciencedirect.com/science/article/pii/S1359431112004620,,0,"review, model, district heat pump"
"Power-to-heat for renewable energy integration: A review of technologies, modeling approaches, and flexibility potentials",387,2018,"… We compare geographical and temporal research scopes and identify state-of-the-art analytical model formulations, particularly considering heat pumps and thermal storage. While …",https://www.sciencedirect.com/science/article/pii/S0306261917317889,,0,"review, model, district heat pump"
"Sustainable district cooling systems: Status, challenges, and future opportunities, with emphasis on cooling-dominated regions",86,2019,"… This section firstly reviews district-level cooling load evaluation and analysis methodologies, … microclimatic models in terms of the effects of alternative urban designs on district cooling …",https://www.mdpi.com/394688,,0,"review, model, district cooling"
District cooling system via renewable energy sources: A review,120,2019,… feasible when compared to conventional cooling systems. The purpose of this review is to present the … The outcomes from the model presented show that the solar thermal driven district …,https://www.sciencedirect.com/science/article/pii/S1364032119301649,,0,"review, model, district cooling"
Simulation and experimental study of thermal storage systems for district cooling system under commercial operating conditions,12,2020,"… In a review of packed-bed EPCM systems, De Gracia and Cabeza [11] distinguished … to model a commercial EITS system already implemented in a District Cooling System (DCS). The …",https://www.sciencedirect.com/science/article/pii/S0360544220308884,,0,"review, model, district cooling"
"District cooling systems: Technology integration, system optimization, challenges and opportunities for applications",119,2016,… District cooling system (DCS) has been widely used because of its low cost and high energy … This paper presents a comprehensive review on the research and applications of DCSs. …,https://www.sciencedirect.com/science/article/pii/S1364032115009144,,0,"review, model, district cooling"
Models for fast modelling of district heating and cooling networks,128,2018,"… A new model is being developed in the INDIGO project. One of … a district cooling system, including a detailed model of the piping system. The pipe model is based on the Type31 model …",https://www.sciencedirect.com/science/article/pii/S1364032117310511,,0,"review, model, district cooling"
Real time optimal control of district cooling system with thermal energy storage using neural networks,77,2019,… This study proposes a MPC strategy based on a neural network as the system model for a large district cooling system on the campus of Mississippi State University (MSU). A neural …,https://www.sciencedirect.com/science/article/pii/S0306261919300911,,0,"review, model, district cooling"
Optimization approaches in district heating and cooling thermal network,172,2017,"… In this section, a review on the most recent studies is carried … required for the model to be applicable in larger districts. Next… for a MINLP model to optimize the design of a district cooling …",https://www.sciencedirect.com/science/article/pii/S0378778816312245,,0,"review, model, district cooling"
Advanced district heating and cooling (DHC) systems,71,2015,"… District cooling, current status and future trends S. Tredinnick, G. Phetteplace 8.1 Introduction 8.2 Technological overview of typical district cooling … Deep water ‘free cooling’systems case …","https://books.google.com/books?hl=en&lr=&id=ck6dBAAAQBAJ&oi=fnd&pg=PP1&dq=review,+model,+district+cooling&ots=a87-VQcYrP&sig=3bb5qB6vTq9UssCPsE6utBfF3b8",,0,"review, model, district cooling"
Thermal energy storage in district heating and cooling systems: A review,213,2019,"… in case of district cooling. This is mainly related with the installation costs of centralized cooling systems, which are not … The model can be used for both heating and cooling applications. …",https://www.sciencedirect.com/science/article/pii/S0306261919311481,,0,"review, model, district cooling"
"District heating and cooling optimization and enhancement–Towards integration of renewables, storage and smart grid",136,2017,… Data obtained are based on the search key words ‘district heating’ or ‘district cooling’ and ‘optimization’ included in article … This will lead to novel business models on the district level. …,https://www.sciencedirect.com/science/article/pii/S1364032117300722,,0,"review, model, district cooling"
An uncertainty-based design optimization method for district cooling systems,74,2016,… From the above review it can be found that the work on the cooling load and central plant … parameters to enter the model. The regression model of the cooling loads of DCSs can be …,https://www.sciencedirect.com/science/article/pii/S0360544216301694,,0,"review, model, district cooling"
A comprehensive study of geothermal heating and cooling systems,141,2019,… our review will enhance the design and implementation of any geothermal heating or cooling … The district cooling system illustrated in Fig. 6 operates similarly but uses convective heat …,https://www.sciencedirect.com/science/article/pii/S2210670718306838,,0,"review, model, district cooling"
A novel stochastic modeling method to simulate cooling loads in residential districts,80,2017,"… district cooling consumption, the peak district cooling load, the district cooling load distribution, the district cooling … cooling loads in a district cooling system was provided in this paper. …",https://www.sciencedirect.com/science/article/pii/S0306261917310516,,0,"review, model, district cooling"
A combined spatial and technological model for the planning of district energy systems,12,2019,"… models [23]: bidirectional links which can be used in either direction between a pair of nodes (i,i1); independent bidirectional … Bidirectional links are used for the case studies described …",https://journals.aau.dk/index.php/sepm/article/view/2663,,0,"bidirectional, model, district energy"
Bidirectional linkage between a long-term energy system and a short-term power market model,12,2020,… bidirectional linkage between a long-term energy system model and an operational power market model… This combined modelling framework provides long-term energy system …,https://www.sciencedirect.com/science/article/pii/S0360544220304187,,0,"bidirectional, model, district energy"
Bidirectional low temperature networks in urban districts: A novel design methodology based on mathematical optimization,3,2019,"… In the model, we assume that all … Bidirectional low temperature district energy systems with agent-based control: Performance comparison and operation optimization. Applied Energy …",https://iopscience.iop.org/article/10.1088/1742-6596/1343/1/012111/meta,,0,"bidirectional, model, district energy"
A tale of three district energy systems: metrics and future opportunities,3,2017,"… of choice of metric on district energy systems using three case … Comparing the systems using several common energy … of high-efficiency, bidirectional district systems and how they …",https://www.osti.gov/biblio/1420138,,0,"bidirectional, model, district energy"
A review on modeling and simulation of building energy systems,610,2016,… energy model of a building under study. This paper presents a review of all the significant modeling methodologies which have been developed and adopted to model the energy …,https://www.sciencedirect.com/science/article/pii/S1364032115014239,,0,"review, models, district cooling and heating"
"A review of urban energy system models: Approaches, challenges and opportunities",661,2012,"… Indeed most of the studies identified here do consider combined heat and power and district energy situations, although our cluster includes studies that consider other planning …",https://www.sciencedirect.com/science/article/pii/S1364032112001414,,0,"review, models, district cooling and heating"
A review of data-driven building energy consumption prediction studies,1138,2018,"… models provide a practical approach to energy consumption prediction. This paper offers a review … data-driven building energy consumption prediction models, with a particular focus on …",https://www.sciencedirect.com/science/article/pii/S1364032117306093,,0,"review, models, district cooling and heating"
A review of methods to match building energy simulation models to measured data,853,2014,"… Therefore, by reconciling model outputs with measured … model outputs with measured data is known as calibration. This paper presents a detailed review of current approaches to model …",https://www.sciencedirect.com/science/article/pii/S1364032114003232,,0,"review, models, district cooling and heating"
A review of bottom-up building stock models for energy consumption in the residential sector,992,2010,"… We then illustrate the future direction of building stock models in coupling energy consumption with other outcomes, such as health impacts (Section 5). The paper concludes with a …",https://www.sciencedirect.com/science/article/pii/S0360132310000338,,0,"review, models, district cooling and heating"
Energy models for demand forecasting—A review,1345,2012,… energy needs. In this paper an attempt is made to review the various energy demand forecasting models. … are new techniques being adopted for energy demand forecasting. Bottom up …,https://www.sciencedirect.com/science/article/pii/S1364032111004242,,0,"review, models, district cooling and heating"
Heat pump and PV impact on residential low-voltage distribution grids as a function of building and district properties,116,2017,"… Base case simulations without heat pumps and PVs are included for comparison. A summary of all parameters and predefined characteristics of the neighborhoods is given in Table 2, …",https://www.sciencedirect.com/science/article/pii/S0306261916317329,,0,"5th generation, simulation, district heat pump"
Integration of large-scale heat pumps in the district heating systems of Greater Copenhagen,147,2016,"… , heat pumps can be implemented in the district heating system of the Greater Copenhagen area. … 5, the obtained price profile from the simulation is shown. The time weighted average is …",https://www.sciencedirect.com/science/article/pii/S0360544216304352,,0,"5th generation, simulation, district heat pump"
Environomic multi-objective optimisation of a district heating network considering centralized and decentralized heat pumps,143,2010,"… of designing a district heating network based around a central heat pump, considering … An environomic approach for the modeling and optimization of a district heating based on …",https://www.sciencedirect.com/science/article/pii/S0360544209004216,,0,"5th generation, simulation, district heat pump"
Future district heating systems and technologies: On the role of smart energy systems and 4th generation district heating,173,2018,… Booster heat pumps and central heat pumps in district heating … of booster heat pumps in heat pump-based district heating … into the district heating network of Aarhus - a Simulation Case …,https://www.sciencedirect.com/science/article/pii/S0360544218318796,,0,"5th generation, simulation, district heat pump"
CHP and heat pumps to balance renewable power production: Lessons from the district heating network in Stockholm,150,2017,"… discussed heat pumps a key component for integrating heating… to provide district cooling and district heating, heat pumps … on simulations and modelling of DH/DC systems with heat …",https://www.sciencedirect.com/science/article/pii/S036054421730124X,,0,"5th generation, simulation, district heat pump"
Utilizing data center waste heat in district heating–Impacts on energy efficiency and prospects for low-temperature district heating networks,195,2017,"… For the district heating network operator, the system level … heat utilization were quantified by simulating district heating … heat from DCs is typically low temperature, but heat pumps can …",https://www.sciencedirect.com/science/article/pii/S0360544217314548,,0,"5th generation, simulation, district heat pump"
Smart district heating networks–A simulation study of prosumers' impact on technical parameters in distribution networks,150,2014,… solar collectors and heat pumps on district heating distribution networks is … district heating are in this paper called prosumers. The study has mainly been performed through simulations …,https://www.sciencedirect.com/science/article/pii/S0306261914004425,,0,"5th generation, simulation, district heat pump"
Analysis of retrofit air source heat pump performance: Results from detailed simulations and comparison to field trial data,161,2011,"… The take-up of heat pumps has lagged far behind Europe and North America. However, … , interest in heat pump technology is growing. Heat pumps, particularly air source heat pumps (…",https://www.sciencedirect.com/science/article/pii/S0378778810003385,,0,"5th generation, simulation, district heat pump"
Mapping of potential heat sources for heat pumps for district heating in Denmark,141,2016,"… of the DH (district heating) supply. Here, large heat pumps for district heating is a frequently … a flexible demand for electricity and an energy efficient heat producer. The idea is to make …",https://www.sciencedirect.com/science/article/pii/S0360544215017727,,0,"5th generation, simulation, district heat pump"
An optimisation framework for thermal energy storage integration in a residential heat pump heating system,151,2017,"… systems relative to a gas boiler system are also observed in the simulation study of Cabrol and Rowley [10], although in significantly higher values. For example, it is concluded that 45% …",https://www.sciencedirect.com/science/article/pii/S0306261916302045,,0,"5th generation, simulation, district heat pump"
"Modelling, assessment and Sankey diagrams of integrated electricity-heat-gas networks in multi-vector district energy systems",266,2016,"… A multi-temporal simulation model, which has been … specific applications to multi-vector district energy systems. The network … of final demands into network energy flows while taking into …",https://www.sciencedirect.com/science/article/pii/S0306261915010259,,0,"5th generation, simulation, district energy"
Transmission-constrained unit commitment considering combined electricity and district heating networks,330,2015,"… power generation and heating supply in winter. Utilization of the heat storage capacity of existing district heating … Gabrielaitiene, “Numerical simulation of a district heating system with …",https://ieeexplore.ieee.org/abstract/document/7350237/,,0,"5th generation, simulation, district energy"
Primary energy savings through thermal storage in district heating networks,281,2011,… district heating systems is proposed. ► The analysis is conducted considering a real district heating … The simulations have been considered to be converged when the scaled residuals …,https://www.sciencedirect.com/science/article/pii/S0360544211002647,,0,"5th generation, simulation, district energy"
Optimal operation for integrated energy system considering thermal inertia of district heating network and buildings,324,2017,… for an integrated energy system (IES) combining the thermal inertia of a district heating network (DHN) … The simulation results demonstrate the benefits of the proposed model in terms of …,https://www.sciencedirect.com/science/article/pii/S030626191730497X,,0,"5th generation, simulation, district energy"
"A handbook on low-energy buildings and district-energy systems: fundamentals, techniques and examples",320,2012,"… use, such as lighting, ventilation and cooling, or heating. … to one another through district heating and cooling systems, … scenario), and for simulations in which the CO2 concentration …",https://www.taylorfrancis.com/books/mono/10.4324/9781849770293/handbook-low-energy-buildings-district-energy-systems-danny-harvey,,0,"5th generation, simulation, district energy"
Thermal monitoring and optimization of geothermal district heating systems using artificial neural network: A case study,53,2012,"… For district heating systems, Dotzauer [18] presented a method for predicting the heat demand in a district heating system. The modeling was based on the insight that the load is mainly …",https://www.sciencedirect.com/science/article/pii/S0378778812002046,,0,"5th generation, simulation, district energy"
Vehicle-to-grid for peak shaving to unlock the integration of distributed heat pumps in a swedish neighborhood,12,2020,"… V2G technology enables a bi-directional flow between an EV’s battery and the grid [8,9,10,… The study presented in this paper explores the potential of enabling a V2G bi-directional flow …",https://www.mdpi.com/682460,,0,"bi-directional, models, district heat pump"
A methodology for designing decentralised energy systems with predictive control for heat pumps and thermal storage,5,2019,"… pumps, and fuel boilers, 3) bi-directional energy flow models for simple electrical storage, hot water tank thermal storage with thermal characteristics, and a grid-connection, 4) …",https://www.e3s-conferences.org/articles/e3sconf/abs/2019/37/e3sconf_clima2019_06014/e3sconf_clima2019_06014.html,,0,"bi-directional, models, district heat pump"
Bi-directional pump configuration for increasing thermal modal instabilities threshold in high power fiber amplifiers,29,2015,"… bi-directional pump scheme increases the MI threshold by a factor of 30% as compared to the forward pumping … Beside, we apply the gain saturated coupled-mode model of transverse …",https://www.spiedigitallibrary.org/conference-proceedings-of-spie/9344/93442G/Bi-directional-pump-configuration-for-increasing-thermal-modal-instabilities-threshold/10.1117/12.2080536.short,,0,"bi-directional, models, district heat pump"
Testing integrated electric vehicle charging and domestic heating strategies for future UK housing,15,2015,"… Off-peak-load-shifting of both the vehicle charging and heat pump operation proved … of bi-directional battery operation, coupled with load controlled charging and heat pump operation—…",https://www.sciencedirect.com/science/article/pii/S0378778815301602,,0,"bi-directional, models, district heat pump"
Intelligent multi-agent system for building heat distribution control with combined gas boilers and ground source heat pump,47,2013,"… The new BMS allows bi-directional communication between the Source Agents and the users agents in the building, mediated by the Mediator Agents. In the figure, Mediator Agent(ii) …",https://www.sciencedirect.com/science/article/pii/S0378778813002132,,0,"bi-directional, models, district heat pump"
A renewable energy scenario for a new low carbon settlement in northern Italy: Biomass district heating coupled with heat pump and solar photovoltaic system,58,2020,"… In such regard, solutions at the district and urban level should consider bi-directional energy streams among buildings and electrical grids and thermal networks at different temperature …",https://www.sciencedirect.com/science/article/pii/S0360544220311981,,0,"bi-directional, models, district heat pump"
Concept development of an industrial waste heat based micro DH network,5,2015,"… energy or large-scale heat pumps) in district heating networks becomes essential in future … - the number of network pumps that should be used, especially considering bidirectional …",https://infoscience.epfl.ch/record/213395/files/7_MARGUERITE.pdf,http://scholar.google.com/https://infoscience.epfl.ch/record/213395/files/7_MARGUERITE.pdf,0,"bi-directional, models, district heat pump"
"Predictive control for energy efficient buildings with thermal storage: Modeling, stimulation, and experiments",552,2012,… a simple coil model with constant efficiency (hc for cooling coils and hh for heating coils). … FIGURE 20 Experimental results of the central cooling plant with thermal storage at University …,https://ieeexplore.ieee.org/abstract/document/6153586/,,0,"fifth generation, models, district cooling and heating"
"The integrated WRF/urban modelling system: development, evaluation, and applications to urban environmental problems",1028,2011,… decade to introduce a new generation of urbanization schemes into atmospheric models such as the Fifth-generation Pennsylvania State University–NCAR Mesoscale Model (MM5) (…,https://rmets.onlinelibrary.wiley.com/doi/abs/10.1002/joc.2158,,0,"fifth generation, models, district cooling and heating"
"Modeling sustainability: population, inequality, consumption, and bidirectional coupling of the Earth and Human Systems",160,2016,… Most current climate models have since switched to fully coupled … if the model fails to consider bidirectional feedbacks between different coupled components of systems that the model …,https://academic.oup.com/nsr/article-abstract/3/4/470/2669331,,0,"bidirectional, models, district cooling and heating"
Ten questions on urban building energy modeling,209,2020,… district energy assessment KU Leuven Modelica based reduced order model District energy … different methods to conduct two-way coupling of building energy and urban atmosphere …,https://www.sciencedirect.com/science/article/pii/S0360132319307206,,0,"bidirectional, models, district cooling and heating"
Reversible bidirectional shape‐memory polymers,417,2013,… (ADs) expand during cooling and collapse during heating in the … model was derived for this rbSMP system correlating the macroscopic reversible shape shift during heating and cooling …,https://onlinelibrary.wiley.com/doi/abs/10.1002/adma.201300880,,0,"bidirectional, models, district cooling and heating"
High-power bidirectional DC–DC converter for aerospace applications,329,2012,… of the bidirectional Dual Active Bridge (DAB) DC-DC converter by proposing a new model that … The proposed model can be used to predict the converter efficiency at any desired …,https://ieeexplore.ieee.org/abstract/document/6135512/,,0,"bidirectional, models, district cooling and heating"
Analysis and modeling of high-power phosphor-coated white light-emitting diodes with a large surface area,37,2014,"… seen that the bidirectional thermal model, which includes the heat flow … heat flow path through the top surface of the LED package. In this paper, a bidirectional thermal resistance model …",https://ieeexplore.ieee.org/abstract/document/6849999/,,0,"bidirectional, models, district cooling and heating"
Two-way reversible shape memory effects in a free-standing polymer composite,150,2011,"… two-way shape memory (2W-SM) effects was demonstrated by one of the authors (Mather). However, to achieve two-way … A simple analytic model considering the programming stress …",https://iopscience.iop.org/article/10.1088/0964-1726/20/6/065010/meta,,0,"bidirectional, models, district cooling and heating"
An evaluation of the HVAC load potential for providing load balancing service,732,2012,"… -serving entities where the two-way communication smart grid … a simplified HVAC model at the central controller to forecast … Ma, and VV Viswanathan, “The wide-area energy storage …",https://ieeexplore.ieee.org/abstract/document/6168821/,,0,"bidirectional, models, district cooling and heating"
Properties and mechanism of two-way shape memory polyurethane composites,131,2010,"… and two-way SME mechanism are investigated systematically. The results show that two-way shape memory behaviors, ie, bending upon heating and reverse bending upon cooling, …",https://www.sciencedirect.com/science/article/pii/S026635381000031X,,0,"bidirectional, models, district cooling and heating"
"Multiscale two-way embedding schemes for free-surface primitive equations in the “Multidisciplinary Simulation, Estimation and Assimilation System”",137,2010,… two-way nesting are presented in realistic multiscale simulations with data assimilation for the middle Atlantic Bight shelfbreak region off … structured models includes fully implicit two-way …,https://link.springer.com/article/10.1007/s10236-010-0349-4,,0,"bidirectional, models, district cooling and heating"
Development of an 85-kW bidirectional quasi-Z-source inverter with DC-link feed-forward compensation for electric vehicle applications,203,2013,"… bidirectional quasi-Z-source inverter (BQ-ZSI) during the regeneration mode, ie, when the power flows from the ac … in renewable energy area, modeling, and application of thermoelectric …",https://ieeexplore.ieee.org/abstract/document/6408359/,,0,"bidirectional, models, district cooling and heating"
"Thermally-induced two-way shape memory polymers: Mechanisms, structures, and applications",155,2019,"… have been developed to exhibit two-way shape memory effect and there … model, the elastomeric polymer acts as a spring and the crystalline network serves to switch action. By heating …",https://www.sciencedirect.com/science/article/pii/S138589471931191X,,0,"bidirectional, models, district cooling and heating"
Entropy generation in Darcy-Forchheimer bidirectional flow of water-based carbon nanotubes with convective boundary conditions,124,2018,… Heat transport characteristics are discussed via nonlinear radiation and heat source/sink. A fluid saturates porous space characterizing Darcy-Forchheimer model. Let us assume that u …,https://www.sciencedirect.com/science/article/pii/S0167732218323614,,0,"bidirectional, models, district cooling and heating"
Impact of climate change heating and cooling energy use in buildings in the United States,306,2014,… This study also conducted a simple degree day analysis and compared the results with energy simulations. The balance point used in this study was 18.3 C (65 F) [13] for all the cities. …,https://www.sciencedirect.com/science/article/pii/S0378778814005726,,0,"fifth generation, simulation, district heating and cooling"
A real-time model predictive control for building heating and cooling systems based on the occupancy behavior pattern detection and local weather forecasting,279,2014,"… Figure 21 shows the predicted and measured cooling power from July 5 to July 10, 2010. The identified parameter is coefficient of performance of heat pump (COP), which is 2.5 in this …",https://link.springer.com/article/10.1007/s12273-013-0142-7,,0,"fifth generation, simulation, district heating and cooling"
Effect of MWCNT–Fe3O4/water hybrid nanofluid on the thermal performance of ribbed channel with apart sections of heating and cooling,82,2019,"… simulation is performed to simulate the laminar forced convection of a nanofluid in a ribbed channel with apart heating (cooling… simulation. The velocity field, temperature distribution and …",https://link.springer.com/article/10.1007/s10973-018-7483-5,,0,"fifth generation, simulation, district heating and cooling"
Low exergy (LowEx) heating and cooling systems for sustainable buildings and societies,234,2012,"Heating, cooling and lighting appliances in buildings account for more than one third of the world's primary energy demand and there are great potentials, which can be obtained …",https://www.sciencedirect.com/science/article/pii/S1364032111003856,,0,"fifth generation, simulation, district heating and cooling"
Review of building energy modeling for control and operation,554,2014,"… based and data-driven) modeling approaches. This paper summarizes the existing efforts in this area as well as other critical areas related to building energy modeling, such as short-…",https://www.sciencedirect.com/science/article/pii/S1364032114003815,,0,"5th generation, simulation, district cooling and heating"
"Modeling, experimental study and optimization on low-temperature waste heat thermoelectric generator system",484,2010,"… inside the thermoelectric device, and the heat leak through … heat recovery in industry area, a low-temperature waste heat … of heat transfer irreversibility on thermoelectric generation …",https://www.sciencedirect.com/science/article/pii/S0306261910000449,,0,"5th generation, simulation, district cooling and heating"
Coordinating occupant behavior for building energy and comfort management using multi-agent systems,424,2012,"… throughout the simulation including zone energy usage, zone temperatures, occupant satisfaction levels, cumulative energy usage, and actions taken by agents during the simulation. …",https://www.sciencedirect.com/science/article/pii/S0926580511002196,,0,"5th generation, simulation, district cooling and heating"
Multiple community energy storage planning in distribution networks using a cost-benefit analysis,154,2017,… Community Energy Storage (CES) units in a distribution system with photovoltaic (PV) generation… Modeling of financial incentives for investments in energy storage systems that promote …,https://www.sciencedirect.com/science/article/pii/S0306261916319274,,0,"5th generation, simulation, district heating"
Modelica buildings library,586,2014,"… The library supports rapid prototyping, as well as design and operation of building energy … heating, ventilation and air-conditioning systems, multi-zone heat transfer and multi-zone …",https://www.tandfonline.com/doi/abs/10.1080/19401493.2013.765506,,0,"5th generation, simulation, district heating"
Smart Energy Europe: The technical and economic impact of one potential 100% renewable energy scenario for the European Union,666,2016,"… System, thus ensuring that the radical technological changes necessary can be simulated … indicated that a combination of heat pumps in rural areas with district heating in urban areas, …",https://www.sciencedirect.com/science/article/pii/S1364032116002331,,0,"5th generation, simulation, district heating"
Net zero energy buildings: A consistent definition framework,1039,2012,"… for large regions while district heating/cooling or biomass may … In the evaluation of electricity and district heating/cooling … calculations or simulations on load and generation, without …",https://www.sciencedirect.com/science/article/pii/S0378778812000497,,0,"5th generation, simulation, district heating"
Review on modeling of vapor compression chillers: District cooling perspective,12,2020,… Energy consumption and its associated consequences can be reduced by implementing district cooling … compression chillers used widely in district cooling plants have been a subject of …,https://www.worldscientific.com/doi/abs/10.1142/S2010132520300037,,0,"fifth-generation, simulation, district cooling"
A double-layer planning method for integrated community energy systems with varying energy conversion efficiencies,62,2020,"… distribution network and the ICES are supposed to be bi-directional:(25) P e , t ⩽ P cap,grid … In this paper, a double-layer planning model for an integrated community energy system is …",https://www.sciencedirect.com/science/article/pii/S0306261920311958,,0,"bi-directional, model, district heating"
Examining the bi-directional long run relationship between renewable energy consumption and GDP growth,300,2013,"… Since the main goal of this study is to examine the bi-directional long run relationship between renewable energy consumption and GDP growth in low, lower middle, upper middle and …",https://www.sciencedirect.com/science/article/pii/S1364032113000932,,0,"bi-directional, model, district heating"
Adaptive negotiation agent for facilitating bi-directional energy trading between smart building and utility grid,59,2013,… negotiation model for facilitating the bi-directional energy … in developing the negotiation model. The AABS based negotiation … rational deals in bi-directional energy trading by maximizing …,https://ieeexplore.ieee.org/abstract/document/6477198/,,0,"bi-directional, models, district heating"
Bi-directional coupling in strain-mediated multiferroic heterostructures with magnetic domains and domain wall motion,41,2018,"… For BD modeling, the saturated state initiated to +x direction gives more hindrance to the subsequent relaxation due to the strong bi-directional coupling between strain and …",https://link.springer.com/content/pdf/10.1038/s41598-018-23020-2.pdf,http://scholar.google.com/https://link.springer.com/content/pdf/10.1038/s41598-018-23020-2.pdf,0,"bi-directional, models, district heating"
Non-uniform temperature district heating system with decentralized heat pumps and standalone storage tanks,42,2019,"In this work, the novel concept of non-uniform temperature district heating (NUTDH) system with decentralized heat pumps and standalone heat storage units (HPHS) is proposed. In the …",https://www.sciencedirect.com/science/article/pii/S0360544218325830,,0,"bidirectional, model, district heat pump"
Comparative performance assessment of a novel cogeneration solar-driven building energy system integrating with various district heating designs,42,2020,"… district heating grids, is proposed and modeled. The solar system uses photovoltaic-thermal panels and has neither a battery nor a heat pump. … make successful two-way interaction with …",https://www.sciencedirect.com/science/article/pii/S0196890420306452,,0,"bidirectional, model, district heat pump"
System frequency control by heat pump water heaters (HPWHs) on customer side based on statistical HPWH model in power system with a large penetration of …,35,2010,… on the assumption of a two-way communication network has been proposed. The control period is determined in this method based on a statistical HPWH model which is designed with …,https://ieeexplore.ieee.org/abstract/document/5666067/,,0,"bidirectional, model, district heat pump"
"Coordination of heat pumps, electric vehicles and AGC for efficient LFC in a smart hybrid power system via SCA-based optimized FOPID controllers",50,2018,"… bidirectional power flow between the controllable loads and the power grid. The contribution of water heaters and heating, … of electric vehicles (EVs) and heat pump (HPs) to contribute in …",https://www.mdpi.com/262952,,0,"bidirectional, model, district heat pump"
Crystal structure prediction via particle-swarm optimization,2152,2010,… global minimization of free-energy surfaces merging total-energy calculations via PSO tech… the fifth generation with only 120 structures at 0 GPa. The history plot of the simulations by …,https://journals.aps.org/prb/abstract/10.1103/PhysRevB.82.094116,,0,"fifth generation, simulation, district cooling"
Multiple access and two-way channels with energy harvesting and bi-directional energy cooperation,45,2013,"… were first considered in previous work with unidirectional energy transfer, and … , the bi-directional extension of the energy cooperation model is considered. Using an equivalent energy …",https://ieeexplore.ieee.org/abstract/document/6502989/,,0,"bi-directional, models, district cooling"
Full waveform inversion with wave equation bi-directional illumination optimization,15,2013,"… wave-field and illumination energy especially for complex model. In this paper, we … energy to compensate the deep region using illumination analysis, and then invert the velocity model …",http://en.dzkx.org/article/doi/10.6038/pg20130624,,0,"bi-directional, models, district cooling"
Analysis of bi-directional ducted tidal turbine performance,41,2016,"… bi-directional ducted rotors, little research published to date has focused on this topic. Setoguchi et al. [10] test a range of bi-directional … authors designed a bi-directional ducted turbine …",https://www.sciencedirect.com/science/article/pii/S2214166916300480,,0,"bi-directional, models, district cooling"
"Exploring the bi-directional long run relationship between urbanization, energy consumption, and carbon dioxide emission",260,2012,… Since the main goal of this study is to examine the long run bi-directional relationship between urbanization (URBAN) and energy consumption (ENCOM) and the bi-directional long run …,https://www.sciencedirect.com/science/article/pii/S0360544212006743,,0,"bi-directional, models, district cooling"
Short-term prediction of residential power energy consumption via CNN and multi-layer bi-directional LSTM networks,92,2019,"… We also evaluated a Bi-directional LSTM (BDLSTM) in terms of its performance for power energy consumption. The concept of a (BDLSTM) arose from a bidirectional RNN [48], which …",https://ieeexplore.ieee.org/abstract/document/8945363/,,0,"bi-directional, models, district cooling"
Scavenging energy from ultra-low frequency mechanical excitations through a bi-directional hybrid energy harvester,137,2018,"… A bi-directional hybrid energy harvester (HEH) is presented in this paper to scavenge energy from … Specifically, the two piezoelectric beams work as a conventional piezoelectric energy …",https://www.sciencedirect.com/science/article/pii/S0306261918302113,,0,"bi-directional, models, district cooling"
Smart household operation considering bi-directional EV and ESS utilization by real-time pricing-based DR,446,2014,… bi-directional utilization possibility for EV and energy … modeling of a home energy management (HEM) structure is provided for this purpose. A distributed small-scale renewable energy …,https://ieeexplore.ieee.org/abstract/document/6901266/,,0,"bi-directional, models, district cooling"
"… , energy consumption and CO2 emissions in OECD (Organization for Economic Co-operation and Development)'s transport sector: A fully modified bi-directional …",281,2014,"… This paper explores the bi-directional long-run relationship between energy consumption … bi-directional relationship between CO 2 emissions and economic growth, road sector energy …",https://www.sciencedirect.com/science/article/pii/S0360544213011183,,0,"bi-directional, models, district cooling"
Investigating sources of measured forest-atmosphere ammonia fluxes using two-layer bi-directional modelling,22,2017,"… , we used the biophysical bi-directional surface model SURFATM-NH 3 in combination with a physiologically based leaf photosynthesis-stomatal conductance model (Collatz et al., 1991…",https://www.sciencedirect.com/science/article/pii/S0168192317300412,,0,"bi-directional, models, district cooling and heating"
"Hybrid micro-grids exploiting renewables sources, battery energy storages, and bi-directional converters",24,2019,"… bi-directional energy flows. The micro-grid nodes are the main grid, the RES and the energy … This model is further sustained by the new products emerging in the market, since new solar …",https://www.mdpi.com/576954,,0,"bi-directional, models, district cooling and heating"
Deep bi-directional recurrent networks over spectral windows,54,2015,"… Specifically, we use a deep bi-directional LSTM RNN [6] that recurrently … The model consists of several stacked bi-directional LSTM RNNs (up to 6 in our case), where each bi-directional …",https://ieeexplore.ieee.org/abstract/document/7404777/,,0,"bi-directional, models, district cooling and heating"
Optimization of thermoelectric heat pumps by operating condition management and heat exchanger design,80,2012,… for improving thermoelectric heat pump performance by … and design optimization of the heat exchangers linked to the TEMs… heat pump unit considered in this study comprises three heat …,https://www.sciencedirect.com/science/article/pii/S0196890412000611,,0,"fifth generation, model, district heat pump"
The role of district heating in the future Danish energy system,246,2012,… Large heat pumps may be installed in the district heating network utilizing excess power production from wind turbines when there is plenty of wind. The district heating system may then …,https://www.sciencedirect.com/science/article/pii/S0360544212004628,,0,"fifth generation, model, district heat pump"
Comfort-constrained distributed heat pump management,82,2011,"… heating demand to the electrical load can be met efficiently with colocated renewable generation… Thus, this work focuses on applying the proposed distributed heat pump control …",https://www.sciencedirect.com/science/article/pii/S1876610211019382,,0,"fifth generation, model, district heat pump"
Reduction of heat pump induced peak electricity use and required generation capacity through thermal energy storage and demand response,149,2017,"… a detailed emulator model for the hot water storage tank and a heat pump performance map to … dependency of the heat pump output. In addition, the heating control system employs an …",https://www.sciencedirect.com/science/article/pii/S0306261917302854,,0,"fifth generation, model, district heat pump"
A review of district heating systems: modeling and optimization,111,2016,"The ever-increasing demand for heating in different sectors, along with more preventative … countries to seek new alternatives to heat buildings such as district heating system (DHS). …",https://www.frontiersin.org/articles/10.3389/fbuil.2016.00022/full,,0,"review, simulation, district heating"
Optimal utilisation of heat demand in district heating system—A case study,50,2014,"… This paper presents the results of a model study of a district heating system (DHS). As a … /simulation of district heating and electricity generation. During the years, over 50 district heating …",https://www.sciencedirect.com/science/article/pii/S1364032113007089,,0,"review, simulation, district heating"
Introducing modern heat pumps to existing district heating systems–Global lessons from viable decarbonizing of district heating in Finland,82,2019,"… heat pumps in existing district heating systems. The study uses three types of systems to simulate how increasing the share of heat … However, interviews and the literature review showed …",https://www.sciencedirect.com/science/article/pii/S036054421832067X,,0,"review, simulation, district heating"
Towards next generation district heating in Finland,105,2016,"… Finnish district heating towards the future generation. Authors, after an extensive review of the existing district heating … Simulations are usually used to perform different energy scenarios …",https://www.sciencedirect.com/science/article/pii/S1364032116303768,,0,"review, simulation, district heating"
Advances in seasonal thermal energy storage for solar district heating applications: A critical review on large-scale hot-water tank and pit thermal energy storage …,207,2019,"… For instance, Ferroukhi et al. developed a successful co-simulation platform between TRNSYS and COMSOL Multiphysics to simulate heat, air and moisture transfer for multilayered …",https://www.sciencedirect.com/science/article/pii/S0306261919301837,,0,"review, simulation, district heating"
A review of leakage detection methods for district heating networks,68,2018,"… ) methods for urban district heating (DH) networks with an extensive literature review, this paper … Key findings from this critical literature review include: (1) a need exists to explore new …",https://www.sciencedirect.com/science/article/pii/S1359431118301169,,0,"review, simulation, district heating"
A state of art review on the district heating systems,146,2018,"… District heating (DH) has been widely acknowledged as the future for urban heating, as concerns of sustainability and greenhouse gas emissions are pushing, to revamp the …",https://www.sciencedirect.com/science/article/pii/S1364032118305720,,0,"review, simulation, district heating"
Integration of storage and renewable energy into district heating systems: A review of modelling and optimization,213,2016,"… to the mentioned review articles, the focus of this paper is to review the … This paper further presents the integration of heat storage … Smart district heating networks – a simulation study of …",https://www.sciencedirect.com/science/article/pii/S0038092X16302353,,0,"review, simulation, district heating"
Simulation method for assessing hourly energy flows in district heating system with seasonal thermal energy storage,26,2020,… This paper presents a simulation method and a … heat exchangers and/or heat pumps in a district heating system. The developed method and tool are generic and allow the simulation of …,https://www.sciencedirect.com/science/article/pii/S0960148119318154,,0,"fifth-generation, simulation, district heat pump"
A study on the cooling effects of greening in a high-density city: An experience from Hong Kong,845,2012,"… first provides a comprehensive review of planning with urban … using field measurements, to simulate 33 cases with different … Modeling System (RAMS) has been employed to simulate …",https://www.sciencedirect.com/science/article/pii/S0360132311002228,,0,"review, simulation, district cooling and heating"
Advances in research and applications of energy-related occupant behavior in buildings,519,2016,… consumption and contributing to uncertainty in building energy use prediction and simulation. … This review covered a combination of methods to measure and collect data on occupant …,https://www.sciencedirect.com/science/article/pii/S0378778815005307,,0,"review, simulation, district cooling and heating"
A review on phase-change materials: Mathematical modeling and simulations,722,2011,"… In this section, we review the scientific literature on … review of numerical methods applied to the solutions of heat-transfer problems involving phase-change materials for thermal energy …",https://www.sciencedirect.com/science/article/pii/S1364032110001589,,0,"review, simulation, district cooling and heating"
Determination of influential parameters for heat consumption in district heating systems using machine learning,17,2020,… of 4th Generation District Heating Systems that indicates that district heating systems will have … is to evaluate the best prediction model for forecasting consumption of final consumers in …,https://www.sciencedirect.com/science/article/pii/S0360544220306927,,0,"fifth generation, model, district energy"
MadGraph 5: going beyond,6026,2011,"… To validate both MadGraph 5 and the models provided with it, we have extensively … 5 supports different input model formats (the MadGraph 4 format models and the new UFO models) …",https://link.springer.com/article/10.1007/JHEP06(2011)128,,0,"fifth generation, models, district heating"
Domestic electricity use: A high-resolution energy demand model,1219,2010,… model does not currently include central heating pumps or boiler fans. Most of the measured dwellings have oil or gas fired central heating… heating appliances (including central heating …,https://www.sciencedirect.com/science/article/pii/S0378778810001854,,0,"fifth generation, models, district heating"
"Power generation, operation, and control",12577,2013,"… a competitive market for the generation of electric energy. The sections on security … district heating plants. In the United States, “district heating” implies the supply of steam to heat …","https://books.google.com/books?hl=en&lr=&id=JDVmAgAAQBAJ&oi=fnd&pg=PA17&dq=fifth+generation,+models,+district+heating&ots=CSPZjNe7h4&sig=dv5tfS17Nsr8aHO_5FweO986cU4",,0,"fifth generation, models, district heating"
Designing microgrid energy markets: A case study: The Brooklyn Microgrid,1392,2018,… The virtual community energy market platform: This platform provides the technical infrastructure for the local electricity market. It is based on a private blockchain using the Tendermint …,https://www.sciencedirect.com/science/article/pii/S030626191730805X,,0,"fifth generation, models, district heating"
"Trust and community: Exploring the meanings, contexts and dynamics of community renewable energy",803,2010,"… to the farmers in a national competition for community energy projects—was an entirely illegitimate and misrepresented notion of community to others, a misrepresentation which itself …",https://www.sciencedirect.com/science/article/pii/S0301421509003541,,0,"fifth generation, models, district heating"
A review of energy analysis simulation tools,31,2013,"… loads, such as solar gain, equipment loads, people loads, lighting loads, and air conditioning systems can be modeled and simulated with the engine. The geometry for the simulation …",https://machinery.mas.bg.ac.rs/bitstream/handle/123456789/4384/bitstream_10476.pdf?sequence=1,,0,"review, simulation, district heating and cooling"
Review of passive solar heating and cooling technologies,464,2010,… by researchers is the development of solar heating and cooling technologies. The objective of this paper is to review the passive solar technologies for space heating and cooling. The …,https://www.sciencedirect.com/science/article/pii/S1364032109002615,,0,"review, simulation, district heating and cooling"
Optimization of PV/wind/micro-hydro/diesel hybrid power system in HOMER for the study area,274,2011,"… generation system suitable for remote area application. The concept of hybridizing renewable energy … The study is based on modeling, simulation and optimization of renewable energy …",http://cloud.politala.ac.id/politala/1.%20Jurusan/Teknik%20Informatika/19.%20e-journal/Jurnal%20Internasional%20TI/International%20Journal%20on%20Electrical%20Engineering%20and%20Informatics/2011-Volume-3-3/docs-7554093134e8e5feb77ee9_Optimization%20of%20PVWindMicro-Hydro%20Diesel%20Hybrid%20Power%20System%20in%20HOMER%20for%20th.pdf,http://cloud.politala.ac.id/politala/1.%20Jurusan/Teknik%20Informatika/19.%20e-journal/Jurnal%20Internasional%20TI/International%20Journal%20on%20Electrical%20Engineering%20and%20Informatics/2011-Volume-3-3/docs-7554093134e8e5feb77ee9_Optimization%20of%20PVWindMicro-Hydro%20Diesel%20Hybrid%20Power%20System%20in%20HOMER%20for%20th.pdf,0,"5th generation, model, district cooling"
"Exergy: energy, environment and sustainable development",2611,2012,"… systems (Chapter 11), steam power plants (Chapter 12), cogeneration and district energy (Chapter 13), trigeneration and multigeneration (Chapter 14), cryogenics and liquefaction (…","https://books.google.com/books?hl=en&lr=&id=FrUolHxhGVYC&oi=fnd&pg=PP1&dq=5th+generation,+model,+district+cooling&ots=9Kllf04eaa&sig=eamzTXOA-2H383xFZyOmHO-6en8",,0,"5th generation, model, district cooling"
Power conversion and control of wind energy systems,1459,2011,… -state models of these generators are also derived to facilitate the analysis of wind energy … converters are presented with an emphasis on high-power wind energy system. Chapter …,"https://books.google.com/books?hl=en&lr=&id=Jb3e3203npIC&oi=fnd&pg=PR11&dq=5th+generation,+model,+district+cooling&ots=0Hlp6YC2Y9&sig=PpPLrUjU8O-DW3wXy1AgEkwZcE4",,0,"5th generation, model, district cooling"
A microgrid energy management system based on the rolling horizon strategy,871,2013,… Solar and wind energy forecasting are based on phenomenological models with updated data. A neural network for two-day-ahead electric consumption forecasting is also designed. …,https://ieeexplore.ieee.org/abstract/document/6417004/,,0,"5th generation, model, district cooling"
A review of the pricing mechanisms for district heating systems,144,2015,"… In this paper, existing methods and models regarding heat pricing have been reviewed. The features of different pricing mechanisms have been analysed, including advantages and …",https://www.sciencedirect.com/science/article/pii/S136403211400820X,,0,"review, models, district heating"
Large-scale solar district heating plants in Danish smart thermal grid: Developments and recent trends,124,2019,"… Furthermore, more than 70% of the large solar district heating … study reviews the development of large solar district heating … models for other countries, where solar district heating can …",https://www.sciencedirect.com/science/article/pii/S0196890419303759,,0,"review, models, district heating"
Reversible bidirectional shape memory effect in polyurethanes through molecular flipping,63,2016,… bidirectional shape memory effect (rbSME) in thermoplastic polyurethane capable of actuation between two different shapes under heating and cooling … A model has been proposed on …,https://pubs.acs.org/doi/abs/10.1021/acs.macromol.6b00536,,0,"bidirectional, model, district heating and cooling"
One-Way Multishape-Memory Effect and Tunable Two-Way Shape Memory Effect of Ionomer Poly(ethylene-co-methacrylic acid),86,2016,"… Here, we would like to clarify programming and the constant external load during two-way … The two-way shape-memory effect was first reported for liquid crystalline elastomers. (22) …",https://pubs.acs.org/doi/abs/10.1021/acsami.6b04105,,0,"bidirectional, model, district heating and cooling"
Anthropogenic heating of the urban environment due to air conditioning,263,2014,… community to model the two-way interactions between urban climate and building energy use. … The atmospheric and building energy models are dynamically coupled. The atmospheric …,https://agupubs.onlinelibrary.wiley.com/doi/abs/10.1002/2013jd021225,,0,"bidirectional, model, district heating and cooling"
Impact of strategic deployment of CHP-based DERs on microgrid reliability,153,2010,"… pipe is proportional to the heat load supplied through it, and 4) … by simulation show bus number 4 to be the optimal central … In the DH case 5), the central generator is assumed as a GT …",https://ieeexplore.ieee.org/abstract/document/5466051/,,0,"fifth generation, simulation, district heating"
Impact of spatial accuracy on district energy simulations,15,2017,"… building representation in district energy models, for a given district. Three approaches to … However, a literature review [2,4-7] shows that district energy simulations are often carried …",https://www.sciencedirect.com/science/article/pii/S1876610217348920,,0,"review, model, district energy"
Workflow automation for combined modeling of buildings and district energy systems,46,2016,"… automation approaches to model buildings and district energy systems for dynamic … modeling the district energy system, we aim at a solution to provide a holistic dynamic system model …",https://www.sciencedirect.com/science/article/pii/S0360544216304297,,0,"review, model, district energy"
A review of data centers as prosumers in district energy systems: Renewable energy integration and waste heat reuse for district heating,127,2020,"… As this study reviews the data center as part of the district energy systems, utilization of the data centers’ waste heat for DH is reviewed separately from other waste heat reuse …",https://www.sciencedirect.com/science/article/pii/S0306261919317969,,0,"review, model, district energy"
Review of district-scale energy performance analysis: Outlooks towards holistic urban frameworks,50,2018,"… Consequently, a comprehensive framework is required to use the district level models as an … The following section reviews the predominant objectives of district energy performance …",https://www.sciencedirect.com/science/article/pii/S2210670718304451,,0,"review, model, district energy"
"Heating, cooling, and electrical load forecasting for a large-scale district energy system",216,2014,… different models and discusses each model's ability to accurately forecast hourly loads for a district energy system up to … A review of the literature has found that early investigations into …,https://www.sciencedirect.com/science/article/pii/S036054421400886X,,0,"review, model, district energy"
Sensitivity assessment of a district energy assessment characterisation model based on cadastral data,6,2018,… the district energy assessment. It allows detecting possible sources of errors in the considerations and fine-tuning the energy model … sector: A review of modeling techniques. Renewable …,https://www.sciencedirect.com/science/article/pii/S1876610218302091,,0,"review, model, district energy"
URBANopt: An open-source software development kit for community and urban district energy modeling,22,2020,"… individual buildings, district energy systems, distributed energy resources, and the … model a hypothetical mixed-use urban project and simulate various scenarios to meet district energy …",https://www.osti.gov/biblio/1677416,,0,"review, model, district energy"
District cooling versus individual cooling in urban energy systems: The impact of district energy share in cities on the optimal storage sizing,21,2019,"… model of the whole energy system, using Singapore for a case study. Results showed that optimal district cooling share was 30% of the total cooling energy … literature review shows that …",https://www.mdpi.com/402740,,0,"review, model, district energy"
Optimizing for clean-heating improvements in a district energy system with high penetration of wind power,21,2019,… thermal energy storage (TES) system to the existing district energy system (… model was proposed to find out the optimal configurations of clean-heating improvements in a district energy …,https://www.sciencedirect.com/science/article/pii/S0360544219305730,,0,"review, model, district energy"
A modified bidirectional thermal resistance model for junction and phosphor temperature estimation in phosphor-converted light-emitting diodes,57,2017,"… In this paper, we proposed a modified bidirectional thermal resistance model for the junction … thermal resistance model, both the heat generation of the phosphor layer and the heat flow …",https://www.sciencedirect.com/science/article/pii/S0017931016326588,,0,"bidirectional, models, district heating and cooling"
Refining space object radiation pressure modeling with bidirectional reflectance distribution functions,55,2014,… model used to calculate the brightness of the SO must be physically consistent with the model … Brightness models are based on the surface bidirectional reflectance distribution function (…,https://arc.aiaa.org/doi/abs/10.2514/1.60577,,0,"bidirectional, models, district heating and cooling"
Smart Energy Systems for coherent 100% renewable energy and transport solutions,1050,2015,"… district heating networks were converted to district heating. In the second scenario, all buildings in natural gas areas adjacent to district heating … neighbours to district heating areas, or …",https://www.sciencedirect.com/science/article/pii/S0306261915001117,,0,"5th generation, models, district heating"
Study on the performance of a solar assisted air source heat pump system for building heating,126,2011,"… It was equal to the sole working of air source heat pump when the solar collector area was 0 m 2 . In the simulation process, we did not consider the change in the thermal loads of …",https://www.sciencedirect.com/science/article/pii/S0378778811001812,,0,"fifth generation, simulation, district heat pump"
Prosumers in district heating networks–A Swedish case study,187,2016,… NetSim is a commercial district energy simulation … electric DHW heating and the cases with heat pump temperature … superior to the heat pump solution when unlimited heat production is …,https://www.sciencedirect.com/science/article/pii/S0306261915015937,,0,"fifth generation, simulation, district heat pump"
A 12.08-TOPS/W all-digital time-domain CNN engine using bi-directional memory delay lines for energy efficient edge computing,34,2019,… of precision in averaging since it is performed by right shift operation in the bi-directional shifter. The predicted class from this simulation model matches with the experimental results …,https://ieeexplore.ieee.org/abstract/document/8867969/,,0,"bi-directional, simulation, district cooling"
Photovoltaic system performance enhancement with non-tracking planar concentrators: experimental results and Bi-directional reflectance function (BDRF) based …,26,2013,… This paper presents new methodologies for properly modeling this type of system design and experimental results using a bi-directional reflectance function (BDRF) of non-ideal …,https://hal.science/hal-02113584/,,0,"bi-directional, simulation, district cooling"
A hybrid bi-directional IPT system with improved spatial tolerance,20,2015,… 9 depicts the simulated relationship between the output power of individual CL and LCL sub… are considered as a practical displacement region in simulation. Since the output power of …,https://ieeexplore.ieee.org/abstract/document/7361591/,,0,"bi-directional, simulation, district cooling"
Design and experimental verification of a bi-directional nonlinear piezoelectric energy harvester,68,2014,… This paper proposes a compact bi-directional nonlinear PEH that is … Both simulation and experiment indicate that the proposed PEH exhibits not only the capability of harvesting energy …,https://www.sciencedirect.com/science/article/pii/S0196890414005469,,0,"bi-directional, simulation, district cooling"
A district energy management based on thermal comfort satisfaction and real-time power balancing,54,2015,"… iii) The district energy management solutions for both public … the literature review, Section III presents the district energy … collaborative energy management, through different models and …",https://ieeexplore.ieee.org/abstract/document/7258400/,,0,"review, models, district energy"
Strategies on implementation of waste-to-energy (WTE) supply chain for circular economy system: a review,524,2015,"… , the waste-to-energy (WTE) supply chain as district energy system should be a viable method … and CO 2 emission should be linked together for establishing the CES business model in …",https://www.sciencedirect.com/science/article/pii/S0959652615008574,,0,"review, models, district energy"
An exergy-rational district energy model for 100% renewable cities with distance limitations,11,2020,… that an environmentally admissible district energy system is … of the 2030 EU climate and energy framework. This framework … [13] provided a wide review of an all-renewable energy …,http://www.doiserbia.nb.rs/Article.aspx?id=0354-98362000287K,,0,"review, models, district energy"
Basic methods for automated fault detection and energy data validation in existing district heating systems,10,2012,… simple tools are commonly deployed in the district energy industry. Some of the methods … and review; attempts to model the time variation of energy usage with analytical models [16]; …,https://www.diva-portal.org/smash/record.jsf?pid=diva2:1014041,,0,"review, models, district energy"
Efficiency optimization in bi-directional inductive power transfer systems,27,2015,"… area scenario, IPT is a proper method aiming at the energy transfer from the vehicle battery to the electric grid too. Bi-Directional … 2 – Model of the proposed Bi-Directional IPT system …",https://ieeexplore.ieee.org/abstract/document/7101471/,,0,"bi-directional, model, district cooling"
Impact of Germany's energy transition on the Nordic power market–a market-based multi-region energy system model,48,2016,"… We solve the problem for a bi-directional network of transmission lines with possibly different maximum capacities in each direction.(12) ∀ i , t d i , t + ∑ k e i k , t − p i , t − ∑ j e j i , t = 0 …",https://www.sciencedirect.com/science/article/pii/S0360544216310088,,0,"bi-directional, model, district cooling"
Openideas-an open framework for integrated district energy simulations,123,2015,"… reviews the development of the OpenIDEAS framework, an open framework developed for integrated district energy simulations … in the multidisciplinary building energy domain. The …",https://www.researchgate.net/profile/Ruben-Baetens/publication/281974322_OpenIDEAS_-_An_Open_Framework_for_Integrated_District_Energy_Simulations/links/560265d408ae42bbd541fd09/OpenIDEAS-An-Open-Framework-for-integrated-District-Energy-Simulations.pdf,http://scholar.google.com/https://www.researchgate.net/profile/Ruben-Baetens/publication/281974322_OpenIDEAS_-_An_Open_Framework_for_Integrated_District_Energy_Simulations/links/560265d408ae42bbd541fd09/OpenIDEAS-An-Open-Framework-for-integrated-District-Energy-Simulations.pdf,0,"review, simulation, district energy"
MESCOS—A multienergy system cosimulator for city district energy systems,66,2014,… for a simulator of city district scale energy systems. Section III provides a literature review followed … This work introduces a co-simulation framework for city district energy systems mainly …,https://ieeexplore.ieee.org/abstract/document/6846298/,,0,"review, simulation, district energy"
"District energy network (DEN), current global status and future development",62,2017,"… of district energy networks (DEN). This work has focused on different district energy network … Finally, the future direction and research gaps are concluded from this review work. …",https://www.sciencedirect.com/science/article/pii/S1364032116307791,,0,"review, simulation, district energy"
Economic feasibility of utilizing forest biomass in district energy systems–A review,86,2014,"… energy generation, a review of the world literature on techno-economic assessment of district energy … Although energy generation from forest biomass is found to be expensive in many …",https://www.sciencedirect.com/science/article/pii/S1364032114000690,,0,"review, simulation, district energy"
Modelling uncertainty in district energy simulations by stochastic residential occupant behaviour,126,2016,"… in building energy simulations, the interest grows in district energy simulations due to the … Without elaborating on a full-length literature review of related works on occupant behaviour …",https://www.tandfonline.com/doi/abs/10.1080/19401493.2015.1070203,,0,"review, simulation, district energy"
A comparative analysis of renewable energy simulation tools: Performance simulation model vs. system optimization,92,2017,… Although previous reviews have assessed different modeling tools and … reviews have specifically targeted renewable energy modeling tools. This review will focus on renewable energy …,https://www.sciencedirect.com/science/article/pii/S1364032117307761,,0,"review, simulation, district energy"
A review of simulation-based urban form generation and optimization for energy-driven urban design,95,2017,"… , this paper reviews the state-of-the-art of simulation-based … its application on energy-driven urban design at the district scale. … of both simulation for energy demand and district energy …",https://www.sciencedirect.com/science/article/pii/S0360132317301865,,0,"review, simulation, district energy"
Simulation tools to build urban-scale energy models: A review,86,2018,"… In general, the simulation of district energy systems requires the calculation of the energy flows … of building stock energy demand, the present paper additionally reviews tools for urban …",https://www.mdpi.com/370252,,0,"review, simulation, district energy"
Multi-domain urban-scale energy modelling tools: A review,74,2020,… all district energy system components in one simulation environment… district energy commodity flow modelling environment that integrates multi-zone thermal building energy simulations…,https://www.sciencedirect.com/science/article/pii/S2210670719304470,,0,"review, simulation, district energy"
Smart dual thermal network,6,2017,… of a district cooling plant and a dedicated cooling distribution … bidirectional heat exchange functionality (absence of cooling … building system modeling and TRNSYS for cooling collector …,"https://books.google.com/books?hl=en&lr=&id=SoJWDwAAQBAJ&oi=fnd&pg=PA1&dq=bidirectional,+models,+district+cooling&ots=phA_f_UaHR&sig=yAWAJZB-VOHTDEFQ-T6krIwqM70",,0,"bidirectional, models, district cooling"
"… (Pohl) Toledo (Melastomataceae), an endangered tree species from rocky savannas, suggests bidirectional expansion due to climate cooling in the Pleistocene",47,2012,… (B) The model of bidirectional expansion of ancestral population from PIR to SDO and NAT. The arrows show the possible paths following the hills with two possible paths from PIR to …,https://onlinelibrary.wiley.com/doi/abs/10.1002/ece3.236,,0,"bidirectional, models, district cooling"
Open source modelling and optimisation of energy infrastructure at urban scale,56,2016,… of mathematical optimisation models adapted to energy systems. These models allow to explore … An optimisation model for district cooling systems has been presented in 2007 by Söder…,https://mediatum.ub.tum.de/1285570,,0,"bidirectional, models, district cooling"
"Performance prediction of a solar district cooling system in Riyadh, Saudi Arabia–A case study",39,2018,… The simulation of the district cooling network was carried out over a 1-year period with a time-step of 0.125 h to ensure a high resolution of the results. The computed thermal losses …,https://www.sciencedirect.com/science/article/pii/S0196890418303960,,0,"review, simulation, district cooling"
Characteristics of CO2 hydrate formation/dissociation in H2O+ THF aqueous solution and estimation of CO2 emission reduction by district cooling application,31,2017,"… cycle simulation for district cooling application. In the conventional district cooling systems, … Owing to the usage of fossil fuels, the conventional district cooling systems have produced …",https://www.sciencedirect.com/science/article/pii/S0360544216317169,,0,"review, simulation, district cooling"
Influence of household air-conditioning use modes on the energy performance of residential district cooling systems,59,2016,… computer simulations were used to analyze the influence of AC use modes on energy performance of district cooling … District heating and cooling: Review of technology and potential …,http://pbc-caup.com/uploads/201607/577b7cd049d1a.pdf,http://pbc-caup.com/uploads/201607/577b7cd049d1a.pdf,0,"review, simulation, district cooling"
Ten questions about radiant heating and cooling systems,227,2017,"… of comfort, heat transfer analysis, energy simulation, control … building energy consumption for heating and cooling. On the … , higher capital cost and cooling load than conventional air …",https://www.sciencedirect.com/science/article/pii/S0360132316304541,,0,"5th generation, simulation, district heating and cooling"
Automatic generation and simulation of urban building energy models based on city datasets for city-scale building retrofit analysis,293,2017,"… to existing heating, ventilation and air-conditioning (HVAC) … city’s mild climate and minimal cooling and heating loads. The … for the generation and simulation of building energy models, …",https://www.sciencedirect.com/science/article/pii/S0306261917310024,,0,"5th generation, simulation, district heating and cooling"
Integrated model for characterization of spatiotemporal building energy consumption patterns in neighborhoods and city districts,296,2015,"… energy planning domains such as spatial analysis, dynamic building energy modeling and energy … zones for the integration of district heating and cooling schemes. These zones are …",https://www.sciencedirect.com/science/article/pii/S0306261914013257,,0,"fifth generation, simulation, district energy"
Industrial waste heat utilization for low temperature district heating,253,2013,… Recovering industrial waste heat for use in district heating (… : (1) improvement of the thermal energy efficiency of industrial … consumption obtained from either computer simulation or in-…,https://www.sciencedirect.com/science/article/pii/S0301421513006113,,0,"fifth generation, simulation, district energy"
Optimising Community Energy Supply with Exergy Principles,3,2016,… modules of heat and cold enables the realisation of smart bi-directional supply grids in the heat and … Furthermore business models are part of this work. They are important to ensure the …,https://vbn.aau.dk/ws/files/233932340/paper_TS4_1.pdf,http://scholar.google.com/https://vbn.aau.dk/ws/files/233932340/paper_TS4_1.pdf,0,"bi-directional, model, district heating and cooling"
Numerical simulation of a magnetocaloric heat pump for domestic hot water production in residential buildings,3,2019,… magnetocaloric heat pumps have limited temperature span between heat source and heat sink… is contained as a porous medium inside regenerators allowing bi-directional circulation of …,https://vbn.aau.dk/en/publications/numerical-simulation-of-a-magnetocaloric-heat-pump-for-domestic-h,,0,"bi-directional, simulation, district heat pump"
Pump and signal combiner for bi-directional pumping of all-fiber lasers and amplifiers,122,2012,"… For multiple pump ports, the simulations and experiments showed that with each additional … and simulations in Section 4 showed that for a pump combiner with a single pump port, a TL …",https://opg.optica.org/abstract.cfm?uri=oe-20-27-28125,,0,"bi-directional, simulation, district heat pump"
Simulation and optimization of a hybrid unglazed solar photovoltaic-thermal collector and heat pump system with two storage tanks,31,2020,"… operation including the pipe loops on the source and load side, was simulated in TRNSYS. … -to-water heat pump” was used for the heat pump and “Type 604: Bi-directional, node pipe …",https://www.sciencedirect.com/science/article/pii/S0196890419314360,,0,"bi-directional, simulation, district heat pump"
Development of a bi-directional electrohydrodynamic pump: Parametric study with numerical simulation and flow visualization,16,2016,… a bi-directional electrohydrodynamic pump developed for … Multi-physics software is used to perform numerical simulation … of the experimental and simulation results. We demonstrate …,https://journals.sagepub.com/doi/pdf/10.1177/1687814016655777,,0,"bi-directional, simulation, district heat pump"
Smart district heating: Distributed generation systems' effects on the network,47,2015,"… obtained from the simulations, carried out with the software Intelligent Heat Energy Network … of Smart District Heating Networks (SDHNs) – ie the possibility of a bidirectional energy …",https://www.sciencedirect.com/science/article/pii/S187661021500925X,,0,"bidirectional, simulation, district heating"
Utilities substations in smart district heating networks,17,2015,"… In this preliminary study, four substations able to exchange heat in a bidirectional way with a distribution network are presented, simulated and discussed. In order to study SDHNs, a …",https://www.sciencedirect.com/science/article/pii/S1876610215026934,,0,"bidirectional, simulation, district heating"
Introducing solar thermal “net metering” in an actual small-scale district heating system: a case-study analysis,7,2016,"… the heat loads to the supplied building or to the DHS. For the present case-study, the simulated scheme of bidirectional … to satisfy the building’s heat loads. The operating principle of the …",https://www.sciencedirect.com/science/article/pii/S1876610216312401,,0,"bidirectional, simulation, district heating"
Research and developments on solar assisted compression heat pump systems–A comprehensive review (Part A: Modeling and modifications),164,2018,"… comprehensive review on research and developments on solar assisted compression heat pump … , system modeling, enhancement of system performance, modifications in compression …",https://www.sciencedirect.com/science/article/pii/S1364032117311668,,0,"review, simulation, district heat pump"
Solar assisted heat pump systems for low temperature water heating applications: A systematic review,248,2016,… review of the research and developments on solar assisted heat pump systems for low temperature water heating … a computer model for system simulation of heat pump performance. …,https://www.sciencedirect.com/science/article/pii/S1364032115012368,,0,"review, simulation, district heat pump"
Review of control strategies for improving the energy flexibility provided by heat pump systems in buildings,130,2019,"… However, the existing work on MPC for heat pump control primarily relies on simulations; few implementations in real buildings have been realized [30] (see also Table 2). Now that this …",https://www.sciencedirect.com/science/article/pii/S0959152418300489,,0,"review, simulation, district heat pump"
Research and developments on solar assisted compression heat pump systems–A comprehensive review (Part-B: Applications),149,2018,… of this review presents a comprehensive review on applications of solar assisted compression heat pump … DXSAHP using solar simulator was investigated for space heating and water …,https://www.sciencedirect.com/science/article/pii/S1364032117312303,,0,"review, simulation, district heat pump"
Replacing hard coal with wind and nuclear power in Finland-impacts on electricity and district heating markets,38,2020,"… that large-scale heat pumps are located along with the district heating network, and thus the … -scale heat pumps into district heating network based on the size of each district heating …",https://www.sciencedirect.com/science/article/pii/S0360544220309919,,0,"5th generation, model, district heat pump"
Power-consumption outage in beyond fifth generation mobile communication systems,9,2020,"… The theoretical analysis shows that continuously receiving data will generate more heat and thus increase the device’s temperature. Moreover, simulation results indicate that power con…",https://ieeexplore.ieee.org/abstract/document/9222556/,,0,"fifth-generation, simulation, district cooling and heating"
Thermodynamic analysis of ultralow-temperature district heating system with shared power heat pumps and triple-pipes,15,2020,"… bidirectional low-temperature district heating systems and compared them with the other existing solutions and found out that the bidirectional … For doing the simulations, in addition to …",https://www.sciencedirect.com/science/article/pii/S0360544220300256,,0,"bidirectional, simulation, district heat pump"
Advances in seasonal thermal energy storage for solar district heating applications: A critical review on large-scale hot-water tank and pit thermal energy …,207,2019,"… , this study reviews briefly the different seasonal thermal energy storage technologies that are feasible for district heating … This is because both models employ FDM for modeling the heat …",https://www.sciencedirect.com/science/article/pii/S0306261919301837,,0,"review, model, district heating"
"A review on energetic, exergetic and exergoeconomic aspects of geothermal district heating systems (GDHSs)",122,2010,"… district heating applications in Turkey and (b) to present the Izmir–Balcova GDHS, which was one example of the high temperature district heating … using the models mentioned here …",https://www.sciencedirect.com/science/article/pii/S0196890410001044,,0,"review, model, district heating"
Applied machine learning: Forecasting heat load in district heating system,166,2016,"… A comparative review of recently developed models for the prediction of … the review are classified into engineering, statistical, neural networks, support vector machines and grey models…",https://www.sciencedirect.com/science/article/pii/S0378778816310155,,0,"review, model, district heating"
A comparative study of DC and AC microgrids in commercial buildings across different climates and operating profiles,148,2015,"… energy-efficient DC lighting, DC ventilation, and other DC loads via a 380 V nominal DC bus. A central AC/… The bidirectional DCMG still performs better than the AC baseline because it …",https://ieeexplore.ieee.org/abstract/document/7152031/,,0,"bidirectional, model, district cooling and heating"
Coordinated regional-district operation of integrated energy systems for resilience enhancement in natural disasters,128,2018,… energy system (IES) for enhancing resilience in extreme conditions. A bi-directional flow model is established for regional-district … which shows how regional and district IES can jointly …,https://ieeexplore.ieee.org/abstract/document/8466024/,,0,"bidirectional, model, district cooling and heating"
… test and numerical investigation on the heat transfer characteristics and optimal design of the heat exchangers of a deep borehole ground source heat pump …,154,2017,… source heat pump (DBGSHP) is a new type of heat pump heating system which extracts deep geothermal energy through heat exchange and can be applied for space heating in winter. …,https://www.sciencedirect.com/science/article/pii/S019689041730972X,,0,"fifth generation, models, district heat pump"
Performance study of heat-pipe solar photovoltaic/thermal heat pump system,81,2017,"… heat pump, compressor power and system performance as well. The optimization of HPS PV/T heat pump … to solve the mathematical model of HPS PV/T heat pump system in this paper. …",https://www.sciencedirect.com/science/article/pii/S0306261916319286,,0,"fifth generation, models, district heat pump"
A bidirectional shape memory alloy folding actuator,90,2012,… bidirectional folding actuator that produces two opposing 180 motions. A laser-patterned nickel alloy (Inconel 600) heater … a) heat flow modeling to explore the effect of one heater on the …,https://iopscience.iop.org/article/10.1088/0964-1726/21/6/065013/meta,,0,"bidirectional, simulation, district cooling and heating"
A bidirectional power charging control strategy for plug-in hybrid electric vehicles,78,2019,"… The simulation results prove the validity of the proposed … The proposed model has a central AC/DC VSC station and … , which has been regulated by the central AC/DC VSC station. Two …",https://www.mdpi.com/512578,,0,"bidirectional, simulation, district cooling and heating"
Heat transfer enhancement in microchannel heat sink with bidirectional rib,98,2019,"The heat transfer and flow characteristics of the microchannel heat sink (MCHS) with bidirectional ribs (BRs) are experimentally and numerically studied in the present paper. The BR, …",https://www.sciencedirect.com/science/article/pii/S0017931018343990,,0,"bidirectional, simulation, district cooling and heating"
High power current sensorless bidirectional 16-phase interleaved DC-DC converter for hybrid vehicle application,221,2011,"… The simulation was taken from local driving condition in urban area of Lincoln, Nebraska, using 2004 … Detailed modeling and calculation of battery power requirement is available in [23]. …",https://ieeexplore.ieee.org/abstract/document/5986729/,,0,"bidirectional, simulation, district cooling and heating"
Global three‐dimensional simulation of Earth's dayside reconnection using a two‐way coupled magnetohydrodynamics with embedded particle‐in‐cell model: Initial …,79,2017,… We perform a three-dimensional (3-D) global simulation of Earth's magnetosphere with kinetic reconnection physics to study the flux transfer events (FTEs) and dayside magnetic …,https://agupubs.onlinelibrary.wiley.com/doi/abs/10.1002/2017JA024186,,0,"bidirectional, simulation, district cooling and heating"
Model predictive-based secondary frequency control considering heat pump water heaters,21,2019,… There is a bidirectional relation between the central control centre and the local … a model predictive control (MPC)-based controller for a two-area power system considering heat pump …,https://www.mdpi.com/402878,,0,"bidirectional, models, district heat pump"
Thermal energy storage to minimize cost and improve efficiency of a polygeneration district energy system in a real-time electricity market,82,2016,"… district heating, district cooling, and TES. The CHP plant utilizes a gas turbine (43.1 MW e capacity) for primary power generation… model as a gas turbine, heat recovery steam generator, …",https://www.sciencedirect.com/science/article/pii/S0360544216309252,,0,"fifth generation, model, district heating and cooling"
Performance assessment of district cooling systems for a new development district at planning stage,54,2015,… assess the performance of the district cooling system in a new … The models in this study contain and embody such … District heating and cooling: review of technology and potential …,https://www.sciencedirect.com/science/article/pii/S0306261914011635,,0,"review, models, district cooling"
Optimal chiller loading in a district cooling system with thermal energy storage,126,2013,… to a district cooling … models generated from these fits are used for subsequent analysis in this paper. Table 1 summarizes the model fitting analysis and indicates that reasonable model …,https://www.sciencedirect.com/science/article/pii/S0360544212008432,,0,"review, models, district cooling"
"Solar energy based integrated system for power generation, refrigeration and desalination",83,2017,… heat and electrical power loads for the baseline model of the … the integration of heating and cooling systems that provide … and/or surrounding area (ie district energy system). These …,https://www.sciencedirect.com/science/article/pii/S1359431117320033,,0,"fifth generation, model, district cooling and heating"
Improving the district heating operation by innovative layout and control strategy of the hot water storage tank,14,2020,"… Therefore, the well-controlled storage tank is of great help to stabilize the district heating … configurations were built by numerical models. The model inputs were referenced from the …",https://www.sciencedirect.com/science/article/pii/S0378778820306733,,0,"5th generation, model, district energy"
Key issues and solutions in a district heating system using low-grade industrial waste heat,154,2015,"… of heat for DH (district heating) systems in cold regions to fill shortfalls in heating requirements, while consuming less fossil energy than with conventional heating sources. Most existing …",https://www.sciencedirect.com/science/article/pii/S0360544215005071,,0,"5th generation, model, district energy"
Modelling a fifth-generation bidirectional low temperature district heating and cooling (5GDHC) network for nearly Zero Energy District (nZED),17,2021,"… In 2018, [6] developed an agent-based model control to optimize the set point temperature of a bidirectional district heating and cooling network. After developing their own model in …",https://www.sciencedirect.com/science/article/pii/S2352484721002729,,0,"bidirectional, model, district cooling"
Thermohydraulic model of Smart Thermal Grids with bidirectional power flow between prosumers,11,2021,"… power and volume flows, the complexity of modeling the hydraulic network state increases … This holds not only for our model, but for all models that want to cover bidirectional thermal …",https://www.sciencedirect.com/science/article/pii/S0360544221010732,,0,"bidirectional, model, district cooling"
Experimental characterization of a prototype of bidirectional substation for district heating with thermal prosumers,17,2021,"… The present paper aims at providing a comprehensive contribution to the design and testing of an innovative bidirectional substation for active district heating, focusing on the hydraulic …",https://www.sciencedirect.com/science/article/pii/S0360544221002851,,0,"bidirectional, model, district cooling"
Night setback identification of district heat substations using bidirectional long short term memory with attention mechanism,4,2021,"… In this study, a bidirectional long short term memory neural network based approach with … testing show that the proposed approach outperform the baseline models in this study. …",https://www.sciencedirect.com/science/article/pii/S0360544221004126,,0,"bidirectional, model, district cooling"
District heating load prediction algorithm based on bidirectional long short-term memory network model,3,2022,"… models using LSTM models are focused on the unidirectional (Uni-LSTM) network. In this paper, a bidirectional … full use of the model hyperparameters to obtain the optimal model and to …",https://www.sciencedirect.com/science/article/pii/S0360544222011860,,0,"bidirectional, model, district cooling"
Perspectives on fourth and fifth generation district heating,91,2021,"… District cooling is seen as an integrated part of 4GDH; however, … Current control principles also allow bidirectional deliveries … This is consistent with bidirectional deliveries of 5GDHC …",https://www.sciencedirect.com/science/article/pii/S0360544221007696,,0,"bidirectional, model, district cooling"
Heat pump efficiency in fifth generation ultra-low temperature district heating networks using a wastewater heat source,29,2021,"… of the heat pump were examined on the basis a heat pump model, which … Within the scope of this work, heat pumps of larger … of other heat pump models can differ from the results. For all …",https://www.sciencedirect.com/science/article/pii/S0360544221015668,,0,"fifth-generation, models, district heat pump"
Investigation on Individual and Collective PV Self-Consumption for a Fifth Generation District Heating Network,8,2022,"… purchased by the utility for heat pumps and circulation pumps, this work investigates … and statistical models for the evaluation of electrical load profiles at the district level. Results …",https://www.mdpi.com/1996-1073/15/3/1022,,0,"fifth-generation, models, district heat pump"
The future role of energy geostructures in fifth generation district heating and cooling networks,15,2022,"… In the single-pipeline fifth generation networks, both heating and cooling demands of … of using water source heat pumps (WSHP) that draws/discharge heat transfer fluid directly from/to …",https://www.sciencedirect.com/science/article/pii/S0360544221027304,,0,"fifth-generation, models, district heat pump"
Model predictive control of smart districts with fifth generation heating and cooling networks,8,2021,"… (5GDHC) networks, in which low temperature water is distributed to water-source heat pumps (WSHPs) in order to meet thermal demands, are expected to have a significant impact on …",https://ieeexplore.ieee.org/abstract/document/9437972/,,0,"fifth-generation, models, district heat pump"
Survey of 53 Fifth‐Generation District Heating and Cooling (5GDHC) Networks in Germany,4,2022,"… district heating systems. On the other hand, the planning process of 5GHDC networks is more complex than for conventional district heating systems: Firstly, the heat pumps in the …",https://onlinelibrary.wiley.com/doi/abs/10.1002/ente.202200749,,0,"fifth-generation, models, district heat pump"
A novel method for designing fifth-generation district heating and cooling systems,6,2021,"… SR contains the installed heat pump (HP) … heat pump in other system configurations. In this study, we present a system with separate heat pump and chiller for the production of heating …",https://www.e3s-conferences.org/articles/e3sconf/abs/2021/22/e3sconf_hvac2021_09001/e3sconf_hvac2021_09001.html,,0,"fifth-generation, models, district heat pump"
Modelling and Simulation of the Fifth-Generation District Heating and Cooling,3,2021,"… Local heat pumps and chillers in decentralised substations modulate the low network … waste heat from chillers, while also utilising heat pumps to provide direct cooling. The heat carrier …",https://lup.lub.lu.se/record/f7f1be4c-ea6f-41a1-a40d-2d85db0ed917,,0,"fifth-generation, models, district heat pump"
"Energy Benefits of Heat Pipe Technology for Achieving 100% Renewable Heating and Cooling for Fifth-Generation, Low-Temperature District Heating Systems",10,2021,"… limit for heat pumps, even if a case of infinitely cascaded heat pumps in parallel is considered [25]. The theoretical ideal limit is the ratio of T peak /(T peak − T sup ). For example, if a …",https://www.mdpi.com/1996-1073/14/17/5398,,0,"fifth-generation, models, district heat pump"
Development of a metamodelling framework for building energy models with application to fifth-generation district heating and cooling networks,4,2021,… heat pump (WSHP) to remove energy from the district system and use the heat pump to meet heating … The water-source heat pump is needed to boost or reduce the temperature of the …,https://www.tandfonline.com/doi/abs/10.1080/19401493.2021.1884291,,0,"fifth-generation, models, district heat pump"
"Economic feasibility study of a fuel cell-based combined cooling, heating and power system for a data centre",39,2016,… electricity and 865 MW h for cooling for these systems. The centre's electricity comes from the Swedish grid and the cooling is mainly uses district cooling. There are also backup systems…,https://www.sciencedirect.com/science/article/pii/S0378778815303765,,0,"5th generation, models, district cooling and heating"
Temperature control in 5th generation district heating and cooling networks: An MILP-based operation optimization,30,2021,"… In this paper, a novel operation optimization model for 5GDHC networks is presented. It is designed to be used in a model predictive control (MPC) as depicted in Fig. 1. The model …",https://www.sciencedirect.com/science/article/pii/S0306261921001422,,0,"5GDHC, model, district heating and cooling"
Investigation on sector coupling potentials of a 5th generation district heating and cooling network,19,2021,… energy simulation model is presented to analyse an existing 5th generation district heating and cooling network (5GDHC… the heat energy production through large industrial heat pumps …,https://www.sciencedirect.com/science/article/pii/S0360544221010847,,0,"5GDHC, model, district heating and cooling"
A review of the current status and development of 5GDHC and characterization of a novel shared energy system,9,2022,… analysis of modeling 5GDHC systems was … district and building energy systems is a prevalent modeling approach. One of the challenges of using it for 5GDHC purposes is the modeling …,https://www.tandfonline.com/doi/abs/10.1080/23744731.2022.2057111,,0,"5GDHC, model, district heating and cooling"
An efficient numerical solution method for detailed modelling of large 5th generation district heating and cooling networks,4,2022,"… We take into account the current flow regime for heat loss calculation, which significantly … used literature model. We demonstrate our model's capability on a real-world 5GDHC network …",https://www.sciencedirect.com/science/article/pii/S0360544222013883,,0,"5GDHC, model, district heating and cooling"
Assessment of district heating and cooling systems transition with respect to future changes in demand profiles and renewable energy supplies,3,2022,"… on various 5GDHC and 4GDH systems presented in Table 1. In specific district energy system … the central DHC, ULTDHC, and 5GDHC were simulated and compared in terms of the …",https://www.sciencedirect.com/science/article/pii/S0196890422008287,,0,"5GDHC, simulation, district cooling"
Explainable heat demand forecasting for the novel control strategies of district heating systems,5,2022,"… bi-directional LSTM, encoder-decoder and attention models. The initial results of forecasting heat demand and local explanations are provided for the case of small 8MW DHS. For local …",https://www.sciencedirect.com/science/article/pii/S1367578822000153,,0,"bi-directional, models, district energy"
"Ambient loop district heating and cooling networks with integrated mobility, power and interseasonal storage",3,2022,… permits bi-directional flow within the pipes to allow energy ex… around a fifth generation district heating and cooling (5DHC) … producers and/or consumers (prosumers) of thermal energy …,https://journals.sagepub.com/doi/pdf/10.1177/01436244221085921,,0,"bi-directional, models, district energy"
Bi-directional mutual energy trade between smart grid and energy districts using renewable energy credits,5,2021,"… Energy transactions from Prosumer (P) to Prosumer, Energy District to Energy District, and Energy District … A robust demand-side optimized model is proposed using Genetic Algorithm (…",https://www.mdpi.com/1424-8220/21/9/3088,,0,"bi-directional, models, district energy"
Advanced control and fault detection strategies for district heating and cooling systems—A review,38,2021,… to meet in advanced district heating and cooling (DHC… model predictive control and machine learning algorithms with applications also on both fourth and fifth generation district heating …,https://www.mdpi.com/950162,,0,"fifth-generation, models, district heating"
An exergy-based minimum carbon footprint model for optimum equipment oversizing and temperature peaking in low-temperature district heating systems,17,2021,"… As a method of this paper, the Rational Exergy Management Model (REMM) derived fourteen … is a fifth-generation district energy system concept with a 250 MW design heating load of …",https://www.sciencedirect.com/science/article/pii/S0360544221015875,,0,"fifth-generation, models, district heating"
"An energy paradigm transition framework from negative towards positive district energy sharing networks—Battery cycling aging, advanced battery management …",46,2021,"… Dynamic battery cycling aging and advanced modelling tool in this study outperforms traditional rough battery cycling aging approaches, and correct conclusions on battery and vehicle-…",https://www.sciencedirect.com/science/article/pii/S0306261921001446,,0,"bidirectional, models, district energy"
Analysis of the integration of photovoltaic excess into a 5th generation district heating and cooling system for network energy storage,16,2022,"… In this paper, an annual simulation of a 5GDHC system that integrates PV generation … In fact, the simulation carried out in this paper is on a real DHC network not initially designed for …",https://www.sciencedirect.com/science/article/pii/S0360544221024506,,0,"5GDHC, simulation, district heating"
Optimal design of a 5th generation district heating and cooling network based on seawater heat pumps,4,2022,"… In particular, a 5GDHC network is a thermal energy supply network using a heat transfer fluid … aims at dynamically simulating the energy performance of a 5GDHC driven by renewable …",https://www.sciencedirect.com/science/article/pii/S0196890422007087,,0,"5GDHC, simulation, district heating"
Modelica-based simulations of decentralised substations to support decarbonisation of district heating and cooling,3,2021,… heat through a bidirectional network; and the decentralised production of heating and cooling. … We present in this paper Modelica-based simulations of two design cases for substations. …,https://www.sciencedirect.com/science/article/pii/S2352484721006831,,0,"bidirectional, simulation, district cooling"
A solar-driven 5th generation district heating and cooling network with ground-source heat pumps: a thermo-economic analysis,21,2022,"… District Heating and Cooling is considered an efficient … In this paper, a 5 th generation bidirectional heating/cooling … dynamic modeling and evaluation of a 5 th generation bidirectional …",https://www.sciencedirect.com/science/article/pii/S2210670721007113,,0,"bidirectional, models, district heating"
Energy Performance Investigation of Bi-Directional Convergence Energy Prosumers for an Energy Sharing Community,4,2021,… methods for using a gas boiler and heat pump to implement a thermal prosumer in a district … bidirectional heat exchange using a heat pump in the district cooling and heating network …,https://www.mdpi.com/1258898,,0,"bi-directional, model, district heat pump"
