Key,Item Type,Publication Year,Author,Title,Publication Title,ISBN,ISSN,DOI,Url,Abstract Note,Date,Date Added,Date Modified,Access Date,Pages,Num Pages,Issue,Volume,Number Of Volumes,Journal Abbreviation,Short Title,Series,Series Number,Series Text,Series Title,Publisher,Place,Language,Rights,Type,Archive,Archive Location,Library Catalog,Call Number,Extra,Notes,File Attachments,Link Attachments,Manual Tags,Automatic Tags,Editor,Series Editor,Translator,Contributor,Attorney Agent,Book Author,Cast Member,Commenter,Composer,Cosponsor,Counsel,Interviewer,Producer,Recipient,Reviewed Author,Scriptwriter,Words By,Guest,Number,Edition,Running Time,Scale,Medium,Artwork Size,Filing Date,Application Number,Assignee,Issuing Authority,Country,Meeting Name,Conference Name,Court,References,Reporter,Legal Status,Priority Numbers,Programming Language,Version,System,Code,Code Number,Section,Session,Committee,History,Legislative Body
YXHBKMNG,journalArticle,2023,"Wirtz, Marco",nPro: A web-based planning tool for designing district energy systems and thermal networks,Energy,,0360-5442,10.1016/j.energy.2022.126575,https://www.sciencedirect.com/science/article/pii/S0360544222034624,"District energy systems play a key role in the energy transition, especially for the decarbonization of the heating and cooling sector. However, there is a lack of suitable software tools to simulate and optimize district energy systems in the conceptual design phase. In this paper, the web-based tool nPro for planning district energy systems is presented which focuses on district heating and cooling networks and is available at www.npro.energy. The tool helps to generate tailor-made demand profiles for space heating, domestic hot water, space cooling, process cooling, as well as electricity demands (plug-loads and e-mobility). In addition, simulation models for district heating and cooling networks (including 5th generation district heating and cooling) are implemented. Key advantage over existing tools is that the scope of input data is tailored for the early planning phase when only a few design parameters and boundary conditions of a district are known. Small computation times allow for frequent iterations as they typically occur in the early planning phase. With its easy-to-use graphical user interface, the tool can also be used by non-specialists outside the academic community.",4/1/2023,7/3/2023 19:09,7/18/2023 15:43,7/3/2023 19:09,126575,,,268,,Energy,nPro,,,,,,,en,,,,,ScienceDirect,,,,C:\Users\yuhang.zhang\Zotero\storage\JLUPMFLS\Wirtz - 2023 - nPro A web-based planning tool for designing dist.pdf; C:\Users\yuhang.zhang\Zotero\storage\GLXTD6QZ\S0360544222034624.html,,,5GDHC; District heating; District cooling; 4GDH; District energy; Hybrid energy system,,,,,,,,,,,,,,,,,,,,,,,,,,,,,,,,,,,,,,,,,,,,,,
MJVZMKQQ,journalArticle,2023,"Gjoka, Kristian; Rismanchi, Behzad; Crawford, Robert H.",Fifth-generation district heating and cooling systems: A review of recent advancements and implementation barriers,Renewable and Sustainable Energy Reviews,,1364-0321,10.1016/j.rser.2022.112997,https://www.sciencedirect.com/science/article/pii/S1364032122008784,"As global urbanisation levels continue to rise, supplying urban areas with low emissions energy becomes imperative in the fight against climate change. In areas with high demand density, district heating and cooling systems are generally a more efficient alternative compared to individual solutions, but current systems are mainly powered by fossil fuels and suffer from significant thermal losses due to high operating temperatures. Fifth-generation district heating and cooling systems (5GDHC) is a promising technology, able to address these drawbacks. 5GDHC systems operate at near ambient temperature, ensuring efficient integration of renewable energy sources and waste heat recovery potential. Their ability to provide simultaneous heating and cooling through the same pipeline and bidirectional energy flows allow for load balancing through the harvesting of demand synergies between different users. 5GDHC systems can play an important role in the energy transition but not much is known about their environmental performance over their life cycle and the novelty of the concept means that planning and design guidelines are scarcely present in the literature, hindering their development and further adoption. This study critically reviews recent advancements in the relevant literature as the 5GDHC technology transitions from research and development to the demonstration phase. Moreover, the paper addresses the design parameters and methodologies encountered in the literature for the modelling and operation of 5GDHC systems. Finally, the economic and environmental performance are discussed while presenting an overview of future developments and challenges related to full-scale deployment.",1/1/2023,4/3/2023 9:10,7/18/2023 15:44,4/3/2023 9:10,112997,,,171,,Renewable and Sustainable Energy Reviews,Fifth-generation district heating and cooling systems,,,,,,,en,,,,,ScienceDirect,,,,C:\Users\yuhang.zhang\Zotero\storage\BW7FXJ4A\Gjoka et al. - 2023 - Fifth-generation district heating and cooling syst.pdf; C:\Users\yuhang.zhang\Zotero\storage\P46QVWUB\S1364032122008784.html,,,,,,,,,,,,,,,,,,,,,,,,,,,,,,,,,,,,,,,,,,,,,,,,,
F6ZNE64Z,journalArticle,2023,Y.L. Shao; K.Y. Soh; M.R. Islam; K.J. Chua,"Thermal, exergy and economic analysis of a cascaded packed-bed tank with multiple phase change materials for district cooling system",,,,10.1016/j.energy.2023.126746,https://www.sciencedirect.com/science/article/pii/S0360544223001408,,2023,7/18/2023 15:39,7/18/2023 15:39,,,,,,,,,,,,,,,,,,,,,,Publisher: Elsevier BV,,"C:\Users\yuhang.zhang\Zotero\storage\Z5DHBQES\Y.L. Shao et al. - 2023 - Thermal, exergy and economic analysis of a cascade.pdf",,,,,,,,,,,,,,,,,,,,,,,,,,,,,,,,,,,,,,,,,,,,,,,,,
ET966K79,journalArticle,2023,Michael Taylor; Wu Gao; Shakil Masum; Meysam Qadrdan,Techno-economic assessment of Bi-directional Low Temperature Networks,,,,10.1016/j.apenergy.2023.121202,https://www.sciencedirect.com/science/article/pii/S0306261923005664,,2023,7/17/2023 21:50,7/18/2023 15:42,,,,,,,,,,,,,,,,,,,,,,Publisher: Elsevier BV,,C:\Users\yuhang.zhang\Zotero\storage\WHMC2DNC\2023 - Techno-economic assessment of Bi-directional Low T.pdf,,,,,,,,,,,,,,,,,,,,,,,,,,,,,,,,,,,,,,,,,,,,,,,,,
6IQTN3GP,journalArticle,2023,Nicholas Brunt; Jean Duquette; William O'Brien,Techno-economic and environmental performance of two state-of-the-art solar-assisted district energy system topologies,,,,10.1016/j.energy.2023.127638,https://www.sciencedirect.com/science/article/pii/S0360544223010320,,2023,7/18/2023 15:39,7/18/2023 15:39,,,,,,,,,,,,,,,,,,,,,,Publisher: Elsevier BV,,C:\Users\yuhang.zhang\Zotero\storage\WJYXYREG\Nicholas Brunt et al. - 2023 - Techno-economic and environmental performance of t.pdf,,,,,,,,,,,,,,,,,,,,,,,,,,,,,,,,,,,,,,,,,,,,,,,,,
AGV6SW64,journalArticle,2023,Puneet Saini; Pei Huang; Frank fiedler; Anna Volkova; Xingxing Zhang,Techno-economic analysis of a 5th generation district heating system using thermo-hydraulic model: A multi-objective analysis for a case study in heating …,,,,10.1016/j.enbuild.2023.113347,https://www.sciencedirect.com/science/article/pii/S0378778823005777,,2023,7/18/2023 15:39,7/18/2023 15:39,,,,,,,,,,,,,,,,,,,,,,Publisher: Elsevier BV,,C:\Users\yuhang.zhang\Zotero\storage\83QQJW5Q\Puneet Saini et al. - 2023 - Techno-economic analysis of a 5th generation distr.pdf,,,,,,,,,,,,,,,,,,,,,,,,,,,,,,,,,,,,,,,,,,,,,,,,,
G3MAQSBC,journalArticle,2023,Yuexuan Gong; Guoyuan Ma; Yuepeng Jiang; Lei Wang,Research progress on the fifth-generation district heating system based on heat pump technology,,,,10.1016/j.jobe.2023.106533,https://www.sciencedirect.com/science/article/pii/S235271022300712X,,2023,7/18/2023 15:39,7/18/2023 15:39,,,,,,,,,,,,,,,,,,,,,,Publisher: Elsevier BV,,C:\Users\yuhang.zhang\Zotero\storage\QURFD56K\Yuexuan Gong et al. - 2023 - Research progress on the fifth-generation district.pdf,,,,,,,,,,,,,,,,,,,,,,,,,,,,,,,,,,,,,,,,,,,,,,,,,
MFZKBF7M,journalArticle,2023,Wei Dai; Wenjiao Xia; Huihwang Goh; Zining Liu; Ceheng Luo; Fangjun Wen; Zhijie Zhang,Reduce operational costs of thermal power units in power systems using the flexibility of district cooling systems,,,,10.1016/j.egyr.2023.04.138,https://www.sciencedirect.com/science/article/pii/S2352484723005048,,2023,7/18/2023 15:39,7/18/2023 15:39,,,,,,,,,,,,,,,,,,,,,,Publisher: Elsevier BV,,C:\Users\yuhang.zhang\Zotero\storage\9TYITESB\Wei Dai et al. - 2023 - Reduce operational costs of thermal power units in.pdf,,,,,,,,,,,,,,,,,,,,,,,,,,,,,,,,,,,,,,,,,,,,,,,,,
JTSXIBCF,journalArticle,2023,Yichi Zhang; Pär Johansson; Angela Sasic Kalagasidis,Quantification of overlapping heating and cooling demand for the feasibility assessment of bi-directional systems over Europe,,,,10.2139/ssrn.4372787,https://www.sciencedirect.com/science/article/pii/S0378778823004747,,2023,7/18/2023 15:39,7/18/2023 15:39,,,,,,,,,,,,,,,,,,,,,,Publisher: Elsevier BV,,C:\Users\yuhang.zhang\Zotero\storage\3GDZAIPG\Yichi Zhang et al. - 2023 - Quantification of overlapping heating and cooling .pdf,,,,,,,,,,,,,,,,,,,,,,,,,,,,,,,,,,,,,,,,,,,,,,,,,
NMNE3XEZ,journalArticle,2023,Paolo Sdringola; Mattia Ricci; Maria Alessandra Ancona; Federico Gianaroli; Cristina Capodaglio; Francesco Melino,Modelling a Prototype of Bidirectional Substation for District Heating with Thermal Prosumers,,,,10.3390/su15064938,https://www.mdpi.com/2071-1050/15/6/4938,,2023,7/18/2023 15:39,7/18/2023 15:39,,,,,,,,,,,,,,,,,,,,,,Publisher: MDPI AG,,C:\Users\yuhang.zhang\Zotero\storage\HN3NNNQZ\Paolo Sdringola et al. - 2023 - Modelling a Prototype of Bidirectional Substation .pdf,,,,,,,,,,,,,,,,,,,,,,,,,,,,,,,,,,,,,,,,,,,,,,,,,
8YHK5GWW,journalArticle,2023,Emad Ali; Abdelhamid Ajbar; Bilal Lamrani,Modeling and Dynamic Simulation of a Phase-Change Material Tank for Powering Chiller Generators in District Cooling Networks,,,,10.3390/su151310332,https://www.mdpi.com/2071-1050/15/13/10332,,2023,7/18/2023 15:39,7/18/2023 15:39,,,,,,,,,,,,,,,,,,,,,,Publisher: MDPI AG,,C:\Users\yuhang.zhang\Zotero\storage\J2JS3XYG\Emad Ali et al. - 2023 - Modeling and Dynamic Simulation of a Phase-Change .pdf,,,,,,,,,,,,,,,,,,,,,,,,,,,,,,,,,,,,,,,,,,,,,,,,,
VNG9JFWB,journalArticle,2023,Manish Kumar Yadav; Ashu Verma; Bijaya Ketan Panigrahi,Frequency Regulation Support from District Cooling System and V2G Facility in Cluster of Buildings,,,,10.1109/icsmartgrid58556.2023.10171099,https://ieeexplore.ieee.org/abstract/document/10171099/,,2023,7/18/2023 15:39,7/18/2023 15:39,,,,,,,,,,,,,,,,,,,,,,Publisher: IEEE,,C:\Users\yuhang.zhang\Zotero\storage\6JYLWZ9Y\Manish Kumar Yadav et al. - 2023 - Frequency Regulation Support from District Cooling.pdf,,,,,,,,,,,,,,,,,,,,,,,,,,,,,,,,,,,,,,,,,,,,,,,,,
K4VSPE6F,journalArticle,2023,Meryem TERHAN; Sena Saliha ABAK,"Energy, exergy analysis and optimization of insulation thickness on buildings in a low-temperature district heating system",,,,10.18186/thermal.1243502,https://dergipark.org.tr/en/pub/thermal/issue/75743/1243502,,2023,7/18/2023 15:39,7/18/2023 15:39,,,,,,,,,,,,,,,,,,,,,,Publisher: Journal of Thermal Engineering,,"C:\Users\yuhang.zhang\Zotero\storage\KBD32FQ4\Meryem TERHAN and Sena Saliha ABAK - 2023 - Energy, exergy analysis and optimization of insula.pdf",,,,,,,,,,,,,,,,,,,,,,,,,,,,,,,,,,,,,,,,,,,,,,,,,
HGKFYEU4,journalArticle,2023,Marlena Rogowska,"District energy within the planning context: Exploring the barriers and opportunities for district energy and community energy solutions in ontario, canada",,,,10.32920/ryerson.14661681.v1,https://scholar.archive.org/work/rs7oaus3kvgn3ay6egrnzxnr7y/access/wayback/https://s3.ca-central-1.amazonaws.com/pstorage-ryerson-5010877717/28144377/Rogowska_Marlena.pdf,,2023,7/18/2023 15:39,7/18/2023 15:39,,,,,,,,,,,,,,,,,,,,,,Publisher: Ryerson University Library and Archives,,C:\Users\yuhang.zhang\Zotero\storage\TH6WYP9T\Marlena Rogowska - 2023 - District energy within the planning context Explo.pdf,,,,,,,,,,,,,,,,,,,,,,,,,,,,,,,,,,,,,,,,,,,,,,,,,
J2HWMI8W,journalArticle,2023,Gianni Martinazzoli; Daniele Pasinelli; Adriano Maria Lezzi; Mariagrazia Pilotelli,Design of a 5th Generation District Heating Substation Prototype for a Real Case Study,,,,10.3390/su15042972,https://www.mdpi.com/2071-1050/15/4/2972,,2023,7/18/2023 15:39,7/18/2023 15:39,,,,,,,,,,,,,,,,,,,,,,Publisher: MDPI AG,,C:\Users\yuhang.zhang\Zotero\storage\Q8JPUMNG\Gianni Martinazzoli et al. - 2023 - Design of a 5th Generation District Heating Substa.pdf,,,,,,,,,,,,,,,,,,,,,,,,,,,,,,,,,,,,,,,,,,,,,,,,,
CFAQXK68,journalArticle,2023,Ting Bu; Rui Fan; Bin Zheng; Kexin Sun; Yibing Zhou,Design and operation investigation for the fifth-generation heating and cooling system based on load forecasting in business districts,,,,10.1016/j.enbuild.2023.113243,https://www.sciencedirect.com/science/article/pii/S0378778823004735,,2023,7/18/2023 15:39,7/18/2023 15:39,,,,,,,,,,,,,,,,,,,,,,Publisher: Elsevier BV,,C:\Users\yuhang.zhang\Zotero\storage\AYXLNAQT\Ting Bu et al. - 2023 - Design and operation investigation for the fifth-g.pdf,,,,,,,,,,,,,,,,,,,,,,,,,,,,,,,,,,,,,,,,,,,,,,,,,
L7BLN4SY,journalArticle,2023,Xingwang Zhao; Yonggao Yin; Siyu Zhang; Guoying Xu,Data-driven prediction of energy consumption of district cooling systems (DCS) based on the weather forecast data,,,,10.1016/j.scs.2022.104382,https://www.sciencedirect.com/science/article/pii/S2210670722006874,,2023,7/18/2023 15:39,7/18/2023 15:39,,,,,,,,,,,,,,,,,,,,,,Publisher: Elsevier BV,,C:\Users\yuhang.zhang\Zotero\storage\NIJRLZ3C\Xingwang Zhao et al. - 2023 - Data-driven prediction of energy consumption of di.pdf,,,,,,,,,,,,,,,,,,,,,,,,,,,,,,,,,,,,,,,,,,,,,,,,,
XRBXSGP2,journalArticle,2023,Jarosław Mikielewicz; Dariusz Mikielewicz,Comparison of traditional district heating with low temperature district heating systems featuring organic Rankine cycle and heat pump,,,,10.1016/j.energy.2023.128347,https://www.sciencedirect.com/science/article/pii/S0360544223017413,,2023,7/18/2023 15:39,7/18/2023 15:39,,,,,,,,,,,,,,,,,,,,,,Publisher: Elsevier BV,,C:\Users\yuhang.zhang\Zotero\storage\EWV6C2AD\Jarosław Mikielewicz and Dariusz Mikielewicz - 2023 - Comparison of traditional district heating with lo.pdf,,,,,,,,,,,,,,,,,,,,,,,,,,,,,,,,,,,,,,,,,,,,,,,,,
FKPQ6I6B,journalArticle,2023,Ieva Pakere; Marika Kacare; Lina Murauskaite; Pei Huang; Anna Volkova,Comparison of Suitable Business Models for the 5 Generation District Heating System Implementation through Game Theory Approach,,,,10.2478/rtuect-2023-0001,https://sciendo.com/pdf/10.2478/rtuect-2023-0001,,2023,7/18/2023 15:39,7/18/2023 15:39,,,,,,,,,,,,,,,,,,,,,,Publisher: Walter de Gruyter GmbH,,C:\Users\yuhang.zhang\Zotero\storage\M3FSYJZD\Ieva Pakere et al. - 2023 - Comparison of Suitable Business Models for the 5 G.pdf,,,,,,,,,,,,,,,,,,,,,,,,,,,,,,,,,,,,,,,,,,,,,,,,,
AUMXRB8L,journalArticle,2023,Young Jik Youn; Yong Hoon Im,Analysis of operating characteristics of interconnected operation of thermal grids with bidirectional heat trade,,,,10.1016/j.applthermaleng.2023.120608,https://www.sciencedirect.com/science/article/pii/S1359431123006373,,2023,7/18/2023 15:39,7/18/2023 15:39,,,,,,,,,,,,,,,,,,,,,,Publisher: Elsevier BV,,C:\Users\yuhang.zhang\Zotero\storage\IZLPIQLZ\Young Jik Youn and Yong Hoon Im - 2023 - Analysis of operating characteristics of interconn.pdf,,,,,,,,,,,,,,,,,,,,,,,,,,,,,,,,,,,,,,,,,,,,,,,,,
Z77KVCJI,journalArticle,2023,Wei Zhang; Xu Jin; Ling Zhang; Wenpeng Hong,A novel method of variable flow operation in district cooling system: A case study,,,,10.1016/j.csite.2023.102820,https://www.sciencedirect.com/science/article/pii/S2214157X23001260,,2023,7/18/2023 15:39,7/18/2023 15:39,,,,,,,,,,,,,,,,,,,,,,Publisher: Elsevier BV,,C:\Users\yuhang.zhang\Zotero\storage\B7FVJ6YF\Wei Zhang et al. - 2023 - A novel method of variable flow operation in distr.pdf,,,,,,,,,,,,,,,,,,,,,,,,,,,,,,,,,,,,,,,,,,,,,,,,,
85H963RZ,journalArticle,2022,"Gautier, Antoine; Wetter, Michael; Sulzer, Matthias",Resilient cooling through geothermal district energy system,Applied Energy,,3062619,10.1016/j.apenergy.2022.119880,https://linkinghub.elsevier.com/retrieve/pii/S030626192201145X,"Decarbonization and resilience to heat waves have recently become high priorities for building and district energy systems. Geothermal coupled district heating and cooling systems that operate a water loop near ground temperature gain increasing adoption to support decarbonization. In these systems, vapor-compression machines, distributed in the energy transfer stations, lift the temperature up or down to the needs of the particular building. In principle, these systems can provide low-power, free cooling from the geothermal bore field during heat waves when electricity is often scarce.",2022-11,2/7/2023 1:01,7/18/2023 15:44,1/9/2023 17:40,119880,,,325,,Applied Energy,,,,,,,,en,,,,,DOI.org (Crossref),,0 citations (Crossref) [2023-03-05],,C:\Users\yuhang.zhang\Zotero\storage\PQ7H3PYT\Gautier et al. - 2022 - Resilient cooling through geothermal district ener.pdf,,Read,,,,,,,,,,,,,,,,,,,,,,,,,,,,,,,,,,,,,,,,,,,,,,,
H6CC2KNQ,journalArticle,2022,"Quirosa, Gonzalo; Torres, Miguel; Soltero, V. M.; Chacartegui, Ricardo",Analysis of an ultra-low temperature district heating and cooling as a storage system for renewable integration,APPLIED THERMAL ENGINEERING,,1359-4311,10.1016/j.applthermaleng.2022.119052,,,11/5/2022,3/7/2023 3:38,7/18/2023 15:44,,,,,216,,,,,,,,,,,,,,,,,,,C:\Users\yuhang.zhang\Zotero\storage\2IW9BSIU\Quirosa 等 - 2022 - Analysis of an ultra-low temperature district heat.pdf,,,,,,,,,,,,,,,,,,,,,,,,,,,,,,,,,,,,,,,,,,,,,,,,,
QHF3GLDC,journalArticle,2022,"Revesz, Akos; Jones, Phil; Dunham, Chris; Riddle, Anthony; Gatensby, Norman; Maidment, Graeme","Ambient loop district heating and cooling networks with integrated mobility, power and interseasonal storage",BUILDING SERVICES ENGINEERING RESEARCH & TECHNOLOGY,,0143-6244,10.1177/01436244221085921,,,2022-05,3/7/2023 3:38,7/18/2023 15:44,,333-345,,"3, SI",43,,,,,,,,,,,,,,,,,,,C:\Users\yuhang.zhang\Zotero\storage\B4A6MP69\Revesz 等 - 2022 - Ambient loop district heating and cooling networks.pdf,,,,,,,,,,,,,,,,,,,,,,,,,,,,,,,,,,,,,,,,,,,,,,,,,
WX9TII8Y,journalArticle,2022,"Toffanin, Riccardo; Caputo, Paola; Belliardi, Marco; Curti, Vinicio",Low and Ultra-Low Temperature District Heating Equipped by Heat Pumps-An Analysis of the Best Operative Conditions for a Swiss Case Study,ENERGIES,,,10.3390/en15093344,,,2022-05,3/7/2023 3:38,7/18/2023 15:44,,,,9,15,,,,,,,,,,,,,,,,,,,C:\Users\yuhang.zhang\Zotero\storage\GLRB3LZG\Toffanin 等 - 2022 - Low and Ultra-Low Temperature District Heating Equ.pdf,,,,,,,,,,,,,,,,,,,,,,,,,,,,,,,,,,,,,,,,,,,,,,,,,
JY3H4IAJ,journalArticle,2022,"Meibodi, Saleh S.; Loveridge, Fleur",The future role of energy geostructures in fifth generation district heating and cooling networks,Energy,,0360-5442,10.1016/j.energy.2021.122481,https://www.sciencedirect.com/science/article/pii/S0360544221027304,"Energy geostructures are novel dual use engineering sub-structures that can be used for heat transfer and storage as well as original structural function. Their use is becoming increasingly popular in delivering cost-effective shallow geothermal energy. Currently, they are mostly used as a part of ground-source heat pump (GSHP) systems for supplying partial or full heating and cooling demands of different types of buildings. The recent introduction of fifth generation district heating and cooling (5GDHC) networks can pave the way for the exploitation of energy geostructures as ground-coupled low-temperature energy sources and stores for providing energy demands of a wider range of energy users in districts rather than single buildings. In this article, the capability and feasibility of the novel concept of integration of energy geostructures into the 5GDHC networks are evaluated through reviewing different aspects of thermal performance of operating energy geostructures and 5GDHC networks. The potential advantages and challenges along with the knowledge gaps in such integration are discussed, and some practical recommendations are provided concerning dealing with some implementation challenges. It is highlighted that the incorporation of energy geostructures in 5GDHC networks can enhance the sustainability, flexibility and resilience of the network. There is the potential to exploit a greater share of cost-effective geothermal energy, and the ability to act as both thermal energy sources and stores for efficiently supplying both heating and cooling demands. However, since the development of fifth generation thermal networks and energy geostructures, particularly energy walls and energy tunnels, are still in their infancy, further research is required to assess the magnitude of the opportunities and quantify the advantages of integrating energy geostructures into the 5GDHC networks.",2/1/2022,4/4/2023 1:49,7/18/2023 15:44,4/4/2023 1:49,122481,,,240,,Energy,,,,,,,,en,,,,,ScienceDirect,,,,C:\Users\yuhang.zhang\Zotero\storage\ALCBYPME\Meibodi 和 Loveridge - 2022 - The future role of energy geostructures in fifth g.pdf; C:\Users\yuhang.zhang\Zotero\storage\4CQ3AMFZ\S0360544221027304.html,,,,,,,,,,,,,,,,,,,,,,,,,,,,,,,,,,,,,,,,,,,,,,,,,
RCTRGQ6Z,journalArticle,2022,"Barco-Burgos, J.; Bruno, J. C.; Eicker, U.; Saldaña-Robles, A. L.; Alcántar-Camarena, V.",Review on the integration of high-temperature heat pumps in district heating and cooling networks,Energy,,0360-5442,10.1016/j.energy.2021.122378,https://www.sciencedirect.com/science/article/pii/S036054422102627X,"The integration of heat pumps into DHC (District Heating and Cooling) networks provides significant environmental and performance improvements, an innovative and profitable solution for different decarbonizing sectors. This work reviews different district heating and cooling networks and the integration of high-temperature commercial heat pumps. Likewise, it describes placement options and connection modes of a heat pump unit in DHC networks, identifying twelve generic configurations of heat pumps and how they can be integrated into DHC systems, where four (4) of them have not been studied in the literature. The 3G, and 4G, are the most common district heating and cooling network generations for reference conditions reviewed. When considering a case where a central heat pump and CHP plant were located in the DHC network, the resulting coefficient of system performance (COSP) was in the range of 3–4 for commercial equipment with a range of coefficients of performance (COP) between 2 and 6. Using local HPs in the fourth and fifth-generation district heating networks, the resulting COSP was in the range of 0.95–1.5 for commercial equipment with a range of coefficients of performance (COP) between 2 and 6. Finally, for individual HPs in the district heating and cooling network, the resulting COSP was in the range 3–4 for commercial equipment with a range of coefficients of performance (COP) between 2 and 8.",1/15/2022,2/7/2023 1:01,7/18/2023 15:44,2/2/2023 2:21,122378,,,239,,Energy,,,,,,,,en,,,,,ScienceDirect,,18 citations (Crossref) [2023-02-08],,C:\Users\yuhang.zhang\Zotero\storage\8K9Y3YCP\Barco-Burgos et al. - 2022 - Review on the integration of high-temperature heat.pdf; C:\Users\yuhang.zhang\Zotero\storage\L5GA95ZX\Barco-Burgos et al. - 2022 - Review on the integration of high-temperature heat.pdf; C:\Users\yuhang.zhang\Zotero\storage\R6RAKY4M\S036054422102627X.html,,,District heating and cooling network high-temperature heat pumps placement connection operation modes combined heat and power,,,,,,,,,,,,,,,,,,,,,,,,,,,,,,,,,,,,,,,,,,,,,,
7RVT25M8,journalArticle,2022,"Werner, Sven",Network configurations for implemented low-temperature district heating,Energy,,0360-5442,10.1016/j.energy.2022.124091,https://www.sciencedirect.com/science/article/pii/S036054422200994X,"This paper presents the findings and conclusions from an inventory of network configurations implemented in several early projects concerning low-temperature district heating systems implemented in both existing and new networks. The main findings are presented for each configuration group, including configuration layouts, typical temperature levels and several implemented installation examples, together with the advantages and disadvantages of each network configuration. In the assessment, a classification system comprising six different groups of typical network configurations was identified for low-temperature heat distribution. Together with eight variants within three of these six groups, fourteen possible network configurations were identified for low-temperature district heating. The main feature became the choice between a cold or warm network for the heat distribution, while the suitability of each network configuration depends on the temperatures of the available heat sources.",9/1/2022,6/22/2023 21:46,7/18/2023 15:44,6/22/2023 21:46,124091,,,254,,Energy,,,,,,,,en,,,,,ScienceDirect,,,,C:\Users\yuhang.zhang\Zotero\storage\3KX2NKHC\Werner - 2022 - Network configurations for implemented low-tempera.pdf; C:\Users\yuhang.zhang\Zotero\storage\794HTNBT\S036054422200994X.html,,,District heating; District cooling; Classification; Inventory; Low-temperature,,,,,,,,,,,,,,,,,,,,,,,,,,,,,,,,,,,,,,,,,,,,,,
WBIRBJLF,journalArticle,2022,"Hermansen, Rune; Smith, Kevin; Thorsen, Jan Eric; Wang, Jiawei; Zong, Yi",Model predictive control for a heat booster substation in ultra low temperature district heating systems,ENERGY,,0360-5442,10.1016/j.energy.2021.121631,,,1/1/2022,3/7/2023 3:38,7/18/2023 15:44,,,,A,238,,,,,,,,,,,,,,,,,,,C:\Users\yuhang.zhang\Zotero\storage\6I6JRJ4E\Hermansen 等 - 2022 - Model predictive control for a heat booster substa.pdf,,,,,,,,,,,,,,,,,,,,,,,,,,,,,,,,,,,,,,,,,,,,,,,,,
GPPRDVUE,journalArticle,2022,"Mikielewicz, Jaroslaw; Ochrymiuk, Tomasz; Cenian, Adam",Comparison of traditional with low temperature district heating systems based on organic Rankine cycle,ENERGY,,0360-5442,10.1016/j.energy.2022.123280,,,4/15/2022,3/7/2023 3:38,7/18/2023 15:44,,,,,245,,,,,,,,,,,,,,,,,,,C:\Users\yuhang.zhang\Zotero\storage\6KHG2FCM\Mikielewicz 等 - 2022 - Comparison of traditional with low temperature dis.pdf,,,,,,,,,,,,,,,,,,,,,,,,,,,,,,,,,,,,,,,,,,,,,,,,,
ESKZ3AYA,journalArticle,2022,"Quirosa, Gonzalo; Torres, Miguel; Chacartegui, Ricardo",Analysis of the integration of photovoltaic excess into a 5th generation district heating and cooling system for network energy storage,Energy,,0360-5442,10.1016/j.energy.2021.122202,https://www.sciencedirect.com/science/article/pii/S0360544221024506,"5th Generation District Heating and Cooling systems are promising technologies for using and storing renewable energy generation excess. An annual simulation using data of a location in the south of Spain is carried out to study this context. The novelty of this work is that a common distribution network is used as an energy storage system and integrates the PV electricity excess from the buildings into the 5GDHC system, at ultra-low temperature. The aim is to analyse if it is interesting to use 5GDHC networks, not designed initially for this purpose, to store energy. For the analysed case, it is estimated that 105 MWh of hot thermal energy and 211 MWh of cold energy are stored. This integration of renewable energy excess would reduce 30.2% of the grid electricity consumption by the 5GDHC energy hub, showing the interest of the strategy for balancing the electricity grid. On the other hand, the storage process implies an annual savings of 2.1% in the grid electricity consumption by the energy hub due to the limited thermal inertia of the network. Moreover, the system can store more energy in hours where storage capacity is still available, so its full potential is not being used.",1/15/2022,2/9/2023 0:34,7/18/2023 15:43,2/9/2023 0:34,122202,,,239,,Energy,,,,,,,,en,,,,,ScienceDirect,,10 citations (Crossref) [2023-03-05],,C:\Users\yuhang.zhang\Zotero\storage\A3NCZNXW\Quirosa 等 - 2022 - Analysis of the integration of photovoltaic excess.pdf; C:\Users\yuhang.zhang\Zotero\storage\9UHGTY2S\Quirosa 等 - 2022 - Analysis of the integration of photovoltaic excess.pdf,,Read; Important,,,,,,,,,,,,,,,,,,,,,,,,,,,,,,,,,,,,,,,,,,,,,,,
284JCJTL,journalArticle,2022,"Abugabbara, Marwan; Javed, Saqib; Johansson, Dennis",A simulation model for the design and analysis of district systems with simultaneous heating and cooling demands,Energy,,0360-5442,10.1016/j.energy.2022.125245,https://www.sciencedirect.com/science/article/pii/S0360544222021314,"Latest generations of district heating and cooling systems are characterised by low network temperature with uninsulated pipes, decentralised heat pumps and chillers to modulate the network temperature, and shared energy flows between interconnected buildings. This paper presents a simulation model for the design and analysis of these systems. The model was developed using the Modelica language and it consists of component models from thermal, fluid, and control domains. The model was employed to simulate and analyse the first existing Swedish district system with simultaneous heating and cooling demands and bidirectional energy flows. The system currently connects nine buildings with total respective annual heating and cooling demands of 4.2 and 1.2 GWh. Simulation results revealed several benefits for integrating district and heat pump technologies, including (1) sharing energy flows between interconnected buildings to cover 40 % of the total carried heat in the network, (2) reducing the total purchased energy by 69 % compared to a traditional four-pipe district system, and (3) reducing distribution losses by 28 % compared to traditional networks with insulated pipes. The model can be utilised to support future research and development of new advanced district heating and cooling systems.",12/15/2022,5/5/2023 16:59,7/18/2023 15:44,5/5/2023 16:59,125245,,,261,,Energy,,,,,,,,en,,,,,ScienceDirect,,,,C:\Users\yuhang.zhang\Zotero\storage\IHVMEKNR\Abugabbara et al. - 2022 - A simulation model for the design and analysis of .pdf; C:\Users\yuhang.zhang\Zotero\storage\W9RTJZEK\S0360544222021314.html,,,5GDHC; District heating and cooling; Modelica; Heat pumps; Decentralised substations,,,,,,,,,,,,,,,,,,,,,,,,,,,,,,,,,,,,,,,,,,,,,,
FG8NZ8MM,journalArticle,2022,"Calise, Francesco; Liberato Cappiello, Francesco; Cimmino, Luca; Dentice d'Accadia, Massimo; Vicidomini, Maria",Optimal design of a 5th generation district heating and cooling network based on seawater heat pumps,Energy Conversion and Management,,0196-8904,10.1016/j.enconman.2022.115912,https://www.sciencedirect.com/science/article/pii/S0196890422007087,"This work presents the design and the thermo-economic optimization of a novel layout of a 5th generation district heating and cooling network, for a residential district located in the Pantelleria island (South of Italy). The research focuses on a novel arrangement based on two bidirectional low-temperature neutral rings. For both rings, the fluid temperature is controlled by means of two groups of heat pumps cooled by seawater. The investigated layout also includes wind turbines and photovoltaic panels for power production. This layout will be used as a driver to promote the transition from the present centralized energy paradigm to a novel one, based on small-scale distributed generation integrated with renewables. The paper aims at evaluating the energy, economic and environmental savings achieved by this novel layout. A thermo-economic optimization is also implemented in order to determine the set of design/operating variables, maximizing system economic profitability. To this scope, a detailed approach is implemented, developing a dynamic simulation model of the system in TRNSYS 17. The developed simulation tool is able to mimic the real time operation of the system, for whatever weather condition, boundary and/or design variable. The results of the simulations show that the proposed layout achieves significantly positive results, with a primary energy saving and avoided greenhouse gases emissions equal to 133% and 134%, respectively. The economic profitability of the system is limited with the payback period close to 15 years, due to the high capital cost of the plant. The renewable electric production of the plant meets 57% of the district demand, although only 37% of this amount is self-consumed by the district. The study also includes a sensitivity analysis suggesting to limit the capacities of solar and wind fields to reduce the electricity in excess sold to the grid.",9/1/2022,2/7/2023 1:01,7/18/2023 15:44,2/2/2023 2:18,115912,,,267,,Energy Conversion and Management,,,,,,,,en,,,,,ScienceDirect,,4 citations (Crossref) [2023-03-05],,C:\Users\yuhang.zhang\Zotero\storage\DYQGLJ9M\Calise et al. - 2022 - Optimal design of a 5th generation district heatin.pdf,,5GDHC,,,,,,,,,,,,,,,,,,,,,,,,,,,,,,,,,,,,,,,,,,,,,,,
BIICMZ97,journalArticle,2022,"Zhang, Yichi; Johansson, Par; Kalagasidis, Angela Sasic",Assessment of district heating and cooling systems transition with respect to future changes in demand profiles and renewable energy supplies,ENERGY CONVERSION AND MANAGEMENT,,0196-8904,10.1016/j.enconman.2022.116038,,,9/15/2022,3/7/2023 3:38,7/18/2023 15:44,,,,,268,,,,,,,,,,,,,,,,,,,C:\Users\yuhang.zhang\Zotero\storage\4SQKLCMP\Zhang et al. - 2022 - Assessment of district heating and cooling systems.pdf; C:\Users\yuhang.zhang\Zotero\storage\35RZRM9E\S0196890422008287.html; C:\Users\yuhang.zhang\Zotero\storage\E3BZ5YLT\Zhang 等 - 2022 - Assessment of district heating and cooling systems.pdf,,,Bi-directional system; Building renovation; Climate change; District heating and cooling; Renewable energy; Thermal energy storage,,,,,,,,,,,,,,,,,,,,,,,,,,,,,,,,,,,,,,,,,,,,,,
5LG2J3S7,journalArticle,2022,"Bordignon, S.; Quaggiotto, D.; Vivian, J.; Emmi, G.; De Carli, M.; Zarrella, A.",A solar-assisted low-temperature district heating and cooling network coupled with a ground-source heat pump,Energy Conversion and Management,,0196-8904,10.1016/j.enconman.2022.115838,https://www.sciencedirect.com/science/article/pii/S0196890422006343,"Towards the development of highly integrated and energy efficient heating and cooling systems, with an energy community perspective, the present paper proposes a novel technical solution for the provision of air-conditioning, domestic hot water and electricity to a small residential district in heating-dominant regions. Three reference climates have been considered: Helsinki, Berlin and Strasbourg. Detailed dynamic models have been created using TRNSYS and NeMo, and long term operations of the energy system, including a new-generation ultra-low temperature district heating and cooling network have been performed. The core of the energy system is the network supplied by a high-efficiency ground source heat pump and used as the source and sink by booster heat pumps installed in the substations. Rooftop photovoltaic thermal panels partially meet the electrical demand of the district, as well as the thermal load for domestic hot water production. Moreover, the panels are cooled by the network, obtaining a reduction in the thermal unbalance to the ground and enhancing their electrical efficiency. This solution allows obtaining high coefficient of performance for the heat pumps in the substations and supply stations, reaching values of 5.4 and 4.0, respectively, for heating provision in the coldest locality. The proposed multi-energy district reaches an electrical self-consumption of 71% in the coldest locality and efficiently combines different renewable energy sources at district level in cold climates.",9/1/2022,2/7/2023 1:01,7/18/2023 15:44,2/2/2023 2:19,115838,,,267,,Energy Conversion and Management,,,,,,,,en,,,,,ScienceDirect,,8 citations (Crossref) [2023-03-05],,C:\Users\yuhang.zhang\Zotero\storage\LNNMWL34\Bordignon 等 - 2022 - A solar-assisted low-temperature district heating .pdf,,5GDHC,,,,,,,,,,,,,,,,,,,,,,,,,,,,,,,,,,,,,,,,,,,,,,,
UWWIQ7LI,journalArticle,2022,"Quirosa, Gonzalo; Torres, Miguel; Soltero, Victor Manuel; Chacartegui, Ricardo",Energetic and economic analysis of decoupled strategy for heating and cooling production with CO2 booster heat pumps for ultra-low temperature district network,JOURNAL OF BUILDING ENGINEERING,,,10.1016/j.jobe.2021.103538,,,2022-01,3/7/2023 3:38,7/18/2023 15:44,,,,,45,,,,,,,,,,,,,,,,,,,C:\Users\yuhang.zhang\Zotero\storage\U8RUVHUT\Quirosa 等 - 2022 - Energetic and economic analysis of decoupled strat.pdf,,,,,,,,,,,,,,,,,,,,,,,,,,,,,,,,,,,,,,,,,,,,,,,,,
VUG336NK,journalArticle,2022,"Calise, Francesco; Cappiello, Francesco Liberato; Dentice d'Accadia, Massimo; Petrakopoulou, Fontina; Vicidomini, Maria",A solar-driven 5th generation district heating and cooling network with ground-source heat pumps: a thermo-economic analysis,Sustainable Cities and Society,,2210-6707,10.1016/j.scs.2021.103438,https://www.sciencedirect.com/science/article/pii/S2210670721007113,"District Heating and Cooling is considered an efficient solution to address the thermal energy demand of the building sector and reduce its environmental impact. In this paper, a 5th generation bidirectional heating/cooling network is designed and modelled. The network is coupled with water-to-water heat pumps, ground heat pumps and a photovoltaic field and is designed to meet the energy requirements of a 50-building district in the city of Leganés (Madrid). All components are modelled in TRNSYS 18. The studied network achieves a primary energy saving index of 64% and reduces the CO2 emissions by 76% relative to the current situation. The economic analysis of the system results in the relatively long payback period of 33 years, mainly due to the high costs of excavation and the installation of the heat pumps and pipes. With the current design, the photovoltaic field meets only 30% of the electricity demand of the district. However, additional energy storage could help align the power production with the actual power demand better and avoid grid balancing issues. The inclusion of other types of thermal energy consumers would also enhance the performance of the network by increasing the simultaneity between cooling and heating demands.",1/1/2022,2/7/2023 1:01,7/18/2023 15:44,2/2/2023 2:18,103438,,,76,,Sustainable Cities and Society,A solar-driven 5th generation district heating and cooling network with ground-source heat pumps,,,,,,,en,,,,,ScienceDirect,,18 citations (Crossref) [2023-03-05],,C:\Users\yuhang.zhang\Zotero\storage\JABK8AVV\Calise et al. - 2022 - A solar-driven 5th generation district heating and.pdf,,5GDHC,,,,,,,,,,,,,,,,,,,,,,,,,,,,,,,,,,,,,,,,,,,,,,,
UU7NHLRK,journalArticle,2022,Sambhaji T. Kadam; Alexios-Spyridon Kyriakides; Muhammad Saad Khan; Mohammad Shehabi; Athanasios I. Papadopoulos; Ibrahim Hassan; Mohammad Azizur Rahman; Panos Seferlis,Thermo-economic and environmental assessment of hybrid vapor compression-absorption refrigeration systems for district cooling,,,,10.1016/j.energy.2021.122991,https://www.sciencedirect.com/science/article/pii/S0360544221032400,,2022,7/18/2023 15:39,7/18/2023 15:39,,,,,,,,,,,,,,,,,,,,,,Publisher: Elsevier BV,,C:\Users\yuhang.zhang\Zotero\storage\MBUASFQ2\Sambhaji T. Kadam et al. - 2022 - Thermo-economic and environmental assessment of hy.pdf,,,,,,,,,,,,,,,,,,,,,,,,,,,,,,,,,,,,,,,,,,,,,,,,,
8RWP3EKR,journalArticle,2022,Poul Alberg Østergaard; Sven Werner; Anders Dyrelund; Henrik Lund; Ahmad Arabkoohsar; Peter Sorknæs; Oddgeir Gudmundsson; Jan Eric Thorsen; Brian Vad Mathiesen,The four generations of district cooling-A categorization of the development in district cooling from origin to future prospect,,,,10.1016/j.energy.2022.124098,https://www.sciencedirect.com/science/article/pii/S0360544222010015,,2022,7/18/2023 15:39,7/18/2023 15:39,,,,,,,,,,,,,,,,,,,,,,Publisher: Elsevier BV,,C:\Users\yuhang.zhang\Zotero\storage\99284ZNL\Poul Alberg Østergaard et al. - 2022 - The four generations of district cooling-A categor.pdf,,,,,,,,,,,,,,,,,,,,,,,,,,,,,,,,,,,,,,,,,,,,,,,,,
ZLVPC5VZ,journalArticle,2022,Qiong Chen; Wenhan Wei; Nan Li,Techno-economic control strategy optimization for water-source heat pump coupled with ice storage district cooling system,,,,10.1016/j.ijrefrig.2022.03.010,https://www.sciencedirect.com/science/article/pii/S0140700722000640,,2022,7/18/2023 15:39,7/18/2023 15:39,,,,,,,,,,,,,,,,,,,,,,Publisher: Elsevier BV,,C:\Users\yuhang.zhang\Zotero\storage\IGT598S6\Qiong Chen et al. - 2022 - Techno-economic control strategy optimization for .pdf,,,,,,,,,,,,,,,,,,,,,,,,,,,,,,,,,,,,,,,,,,,,,,,,,
B2FQ7N9Q,journalArticle,2022,A.M. Jodeiri; M.J. Goldsworthy; S. Buffa; M. Cozzini,Role of sustainable heat sources in transition towards fourth generation district heating–A review,,,,10.1016/j.rser.2022.112156,https://www.sciencedirect.com/science/article/pii/S1364032122000843,,2022,7/18/2023 15:39,7/18/2023 15:39,,,,,,,,,,,,,,,,,,,,,,Publisher: Elsevier BV,,C:\Users\yuhang.zhang\Zotero\storage\Y6IXJPXA\A.M. Jodeiri et al. - 2022 - Role of sustainable heat sources in transition tow.pdf,,,,,,,,,,,,,,,,,,,,,,,,,,,,,,,,,,,,,,,,,,,,,,,,,
GD8BW4CB,journalArticle,2022,Dorte Skaarup Østergaard; Kevin Michael Smith; Michele Tunzi; Svend Svendsen,Low-temperature operation of heating systems to enable 4th generation district heating: A review,,,,10.1016/j.energy.2022.123529,https://www.sciencedirect.com/science/article/pii/S0360544222004327,,2022,7/18/2023 15:39,7/18/2023 15:39,,,,,,,,,,,,,,,,,,,,,,Publisher: Elsevier BV,,C:\Users\yuhang.zhang\Zotero\storage\JI3APH94\Dorte Skaarup Østergaard et al. - 2022 - Low-temperature operation of heating systems to en.pdf,,,,,,,,,,,,,,,,,,,,,,,,,,,,,,,,,,,,,,,,,,,,,,,,,
83CAIEPT,journalArticle,2022,Jacopo Vivian; Mattia Chinello; Angelo Zarrella; Michele De Carli,Investigation on Individual and Collective PV Self-Consumption for a Fifth Generation District Heating Network,,,,10.3390/en15031022,https://www.mdpi.com/1996-1073/15/3/1022,,2022,7/18/2023 15:39,7/18/2023 15:39,,,,,,,,,,,,,,,,,,,,,,Publisher: MDPI AG,,C:\Users\yuhang.zhang\Zotero\storage\LWGRRKVX\Jacopo Vivian et al. - 2022 - Investigation on Individual and Collective PV Self.pdf,,,,,,,,,,,,,,,,,,,,,,,,,,,,,,,,,,,,,,,,,,,,,,,,,
IAWSA6SK,journalArticle,2022,Lan Qin; Di Bai; Meng Song,Integrated system model of district cooling for energy consumption optimization,,,,10.1109/cieec54735.2022.9846549,https://scholarworks.iupui.edu/handle/1805/28049,,2022,7/18/2023 15:39,7/18/2023 15:39,,,,,,,,,,,,,,,,,,,,,,Publisher: IEEE,,C:\Users\yuhang.zhang\Zotero\storage\HXJM7A49\Lan Qin et al. - 2022 - Integrated system model of district cooling for en.pdf,,,,,,,,,,,,,,,,,,,,,,,,,,,,,,,,,,,,,,,,,,,,,,,,,
5T7PW36F,journalArticle,2022,Anna Volkova; Stefan Reuter; Stefan Puschnigg; Hanne Kauko; Ralf-Roman Schmidt; Benedikt Leitner; Simon Moser,Heating of existing buildings by low-temperature district heating,,,,10.1016/j.segy.2022.100064,https://orbit.dtu.dk/en/publications/heating-of-existing-buildings-by-low-temperature-district-heating,,2022,7/18/2023 15:39,7/18/2023 15:39,,,,,,,,,,,,,,,,,,,,,,Publisher: Elsevier BV,,C:\Users\yuhang.zhang\Zotero\storage\6QED96BQ\Anna Volkova et al. - 2022 - Heating of existing buildings by low-temperature d.pdf,,,,,,,,,,,,,,,,,,,,,,,,,,,,,,,,,,,,,,,,,,,,,,,,,
7LISW7PK,journalArticle,2022,Salvatore Fabozzi; Giuseppina De Luca; Laura Vanoli,From third to fourth generation district heating in Leeuwarden: an exploration of feasibility and risks,,,,10.1016/b978-0-12-820625-6.00003-7,https://essay.utwente.nl/79496/,,2022,7/18/2023 15:39,7/18/2023 15:44,,,,,,,,,,,,,,,,,,,,,,Publisher: Elsevier,,C:\Users\yuhang.zhang\Zotero\storage\B58VT5IZ\Salvatore Fabozzi et al. - 2022 - From third to fourth generation district heating i.pdf,,,,,,,,,,,,,,,,,,,,,,,,,,,,,,,,,,,,,,,,,,,,,,,,,
KFB5RLSQ,journalArticle,2022,Henrik Lund; Jan Eric Thorsen; Steen Schelle Jensen; Flemming Pentz Madsen,Fourth-generation district heating and motivation tariffs,,,,10.1115/1.4053420,https://asmedigitalcollection.asme.org/openengineering/article/doi/10.1115/1.4053420/1137767,,2022,7/18/2023 15:39,7/18/2023 15:39,,,,,,,,,,,,,,,,,,,,,,Publisher: ASME International,,C:\Users\yuhang.zhang\Zotero\storage\UKE9FK6H\Henrik Lund et al. - 2022 - Fourth-generation district heating and motivation .pdf,,,,,,,,,,,,,,,,,,,,,,,,,,,,,,,,,,,,,,,,,,,,,,,,,
XWCAHVQG,journalArticle,2022,Milan Zdravković; Ivan Ćirić; Marko Ignjatović,Explainable heat demand forecasting for the novel control strategies of district heating systems,,,,10.1016/j.arcontrol.2022.03.009,https://www.sciencedirect.com/science/article/pii/S1367578822000153,,2022,7/18/2023 15:39,7/18/2023 15:39,,,,,,,,,,,,,,,,,,,,,,Publisher: Elsevier BV,,,,,,,,,,,,,,,,,,,,,,,,,,,,,,,,,,,,,,,,,,,,,,,,,,,
8SC5J47Q,journalArticle,2022,Tingting Cui; Yun‐Peng Wang; Tong Ye; Jiao Wu; Zhiqiang Chen; Jiong Li; Yongpeng Lei; Dingsheng Wang; Yadong Li,Engineering dual single‐atom sites on 2D ultrathin N‐doped carbon nanosheets attaining ultra‐low‐temperature zinc‐air battery,,,,10.1002/ange.202115219,https://onlinelibrary.wiley.com/doi/abs/10.1002/anie.202115219,,2022,7/18/2023 15:39,7/18/2023 15:39,,,,,,,,,,,,,,,,,,,,,,Publisher: Wiley,,C:\Users\yuhang.zhang\Zotero\storage\3KGLMVNN\Tingting Cui et al. - 2022 - Engineering dual single‐atom sites on 2D ultrathin.pdf,,,,,,,,,,,,,,,,,,,,,,,,,,,,,,,,,,,,,,,,,,,,,,,,,
XK93YA8I,journalArticle,2022,Mianshan Cui,District heating load prediction algorithm based on bidirectional long short-term memory network model,,,,10.1016/j.energy.2022.124283,https://www.sciencedirect.com/science/article/pii/S0360544222011860,,2022,7/18/2023 15:39,7/18/2023 15:39,,,,,,,,,,,,,,,,,,,,,,Publisher: Elsevier BV,,C:\Users\yuhang.zhang\Zotero\storage\GZQMGJ38\Mianshan Cui - 2022 - District heating load prediction algorithm based o.pdf,,,,,,,,,,,,,,,,,,,,,,,,,,,,,,,,,,,,,,,,,,,,,,,,,
5R3STDND,journalArticle,2022,Xuewei Wu; Jiakun Fang; Zhe Chen,Distributionally robust unit commitment of integrated electricity and heat system under bi-directional variable mass flow,,,,10.1016/j.apenergy.2022.119788,https://www.sciencedirect.com/science/article/pii/S0306261922010650,,2022,7/18/2023 15:39,7/18/2023 15:39,,,,,,,,,,,,,,,,,,,,,,Publisher: Elsevier BV,,C:\Users\yuhang.zhang\Zotero\storage\R7XVSK99\Xuewei Wu et al. - 2022 - Distributionally robust unit commitment of integra.pdf,,,,,,,,,,,,,,,,,,,,,,,,,,,,,,,,,,,,,,,,,,,,,,,,,
WRMUL9R5,journalArticle,2022,Manfredi Neri; Elisa Guelpa; Vittorio Verda,Design and connection optimization of a district cooling network: Mixed integer programming and heuristic approach,,,,10.1016/j.apenergy.2021.117994,https://www.sciencedirect.com/science/article/pii/S0306261921012939,,2022,7/18/2023 15:39,7/18/2023 15:39,,,,,,,,,,,,,,,,,,,,,,Publisher: Elsevier BV,,C:\Users\yuhang.zhang\Zotero\storage\FVU3YRX3\Manfredi Neri et al. - 2022 - Design and connection optimization of a district c.pdf,,,,,,,,,,,,,,,,,,,,,,,,,,,,,,,,,,,,,,,,,,,,,,,,,
2D5QT379,journalArticle,2022,Zahra Mohammadi; Farayi Musharavati; Pouria Ahmadi; Shayan Rahimi; Shoaib Khanmohammadi,Advanced exergy investigation of a combined cooling and power system with low-temperature geothermal heat as a prime mover for district cooling applications,,,,10.1016/j.seta.2021.101868,https://www.sciencedirect.com/science/article/pii/S2213138821008821,,2022,7/18/2023 15:39,7/18/2023 15:39,,,,,,,,,,,,,,,,,,,,,,Publisher: Elsevier BV,,,,,,,,,,,,,,,,,,,,,,,,,,,,,,,,,,,,,,,,,,,,,,,,,,,
GJYNPKX5,journalArticle,2022,Anna Volkova; Ieva Pakere; Lina Murauskaite; Pei Huang; Kertu Lepiksaar; Xinxing Zhang,5th generation district heating and cooling (5GDHC) implementation potential in urban areas with existing district heating systems,,,,10.1016/j.egyr.2022.07.162,https://www.sciencedirect.com/science/article/pii/S2352484722014275,,2022,7/18/2023 15:39,7/18/2023 15:39,,,,,,,,,,,,,,,,,,,,,,Publisher: Elsevier BV,,C:\Users\yuhang.zhang\Zotero\storage\D5M22QNR\Anna Volkova et al. - 2022 - 5th generation district heating and cooling (5GDHC.pdf,,,,,,,,,,,,,,,,,,,,,,,,,,,,,,,,,,,,,,,,,,,,,,,,,
MXCY5W6U,journalArticle,2021,"Wirtz, Marco; Neumaier, Lisa; Remmen, Peter; Müller, Dirk",Temperature control in 5th generation district heating and cooling networks: An MILP-based operation optimization,Applied Energy,,0306-2619,10.1016/j.apenergy.2021.116608,https://www.sciencedirect.com/science/article/pii/S0306261921001422,"In order to realize an energy efficient and emission-free heat and cold supply in urban areas, 5th Generation District Heating and Cooling (5GDHC) networks are a promising technology. In 5GDHC networks, the control of the network temperature is crucial since it affects the efficiency of connected heat pumps and chillers, the heat losses (or gains) of the network, as well as the integration of waste heat or free cooling. Due to the large number of opposing effects, the optimal control of network temperatures is a challenging task. In this paper, a mixed-integer linear program (MILP) is proposed for short-term optimization of the network temperature in 5GDHC systems. The model comprises an air-source heat pump, compression chiller and thermal storage in a central generation unit as well as heat pumps, chillers, electric boilers and thermal storages in buildings. Furthermore, the model considers the thermal inertia of the water mass in the network which functions as additional thermal storage. The optimization model is real-time capable and designed to be deployed in a model-predictive control. In a case study, the optimization approach leads to cost savings in two of three investigated months (by 10 % and 60 % respectively) compared to a reference operation strategy (free floating network temperature).",4/15/2021,2/7/2023 1:01,7/18/2023 15:44,2/2/2023 2:21,116608,,,288,,Applied Energy,Temperature control in 5th generation district heating and cooling networks,,,,,,,en,,,,,ScienceDirect,,26 citations (Crossref) [2023-02-08],,C:\Users\yuhang.zhang\Zotero\storage\DAPYTNTS\Wirtz et al. - 2021 - Temperature control in 5th generation district hea.pdf; C:\Users\yuhang.zhang\Zotero\storage\5RRLY2ZF\S0306261921001422.html,,,,,,,,,,,,,,,,,,,,,,,,,,,,,,,,,,,,,,,,,,,,,,,,,
VC89ZLG4,journalArticle,2021,"Buffa, Simone; Fouladfar, Mohammad Hossein; Franchini, Giuseppe; Lozano Gabarre, Ismael; Andres Chicote, Manuel",Advanced Control and Fault Detection Strategies for District Heating and Cooling Systems-A Review,Applied Sciences-Basel,,,10.3390/app11010455,https://www.mdpi.com/2076-3417/11/1/455,"Peak shaving, demand response, fast fault detection, emissions and costs reduction are some of the main objectives to meet in advanced district heating and cooling (DHC) systems. In order to enhance the operation of infrastructures, challenges such as supply temperature reduction and load uncertainty with the development of algorithms and technologies are growing. Therefore, traditional control strategies and diagnosis approaches cannot achieve these goals. Accordingly, to address these shortcomings, researchers have developed plenty of innovative methods based on their applications and features. The main purpose of this paper is to review recent publications that include both hard and soft computing implementations such as model predictive control and machine learning algorithms with applications also on both fourth and fifth generation district heating and cooling networks. After introducing traditional approaches, the innovative techniques, accomplished results and overview of the main strengths and weaknesses have been discussed together with a description of the main capabilities of some commercial platforms.",2021-01,6/21/2023 22:37,7/18/2023 15:44,6/21/2023 22:37,455,,1,11,,Appl. Sci.-Basel,,,,,,,,English,,,,,Web of Science Nextgen,,Place: Basel Publisher: Mdpi WOS:000605831800001,,C:\Users\yuhang.zhang\Zotero\storage\28ZG5F8H\Buffa et al. - 2021 - Advanced Control and Fault Detection Strategies fo.pdf,,,optimization; 4gdh; 5gdhc; building systems; design; diagnostics; energy; flexibility; leakage detection; load   forecast; load   prediction; mixed-integer linear programming; model predictive control; model-predictive control; networks; predictive maintenance,,,,,,,,,,,,,,,,,,,,,,,,,,,,,,,,,,,,,,,,,,,,,,
WKYX6ZRL,journalArticle,2021,"Kim, Min-Hwi; Lee, Dong-Won; Kim, Deuk-Won; An, Young-Sub; Yun, Jae-Ho",Energy Performance Investigation of Bi-Directional Convergence Energy Prosumers for an Energy Sharing Community,Energies,,1996-1073,10.3390/en14175544,https://www.mdpi.com/1996-1073/14/17/5544,"Due to the wide-spread use of photovoltaic (PV) systems, interest regarding economic benefit and energy-sharing from surplus electricity has been raised. In this study, decentralized thermal and electric convergence energy prosumers for an energy-sharing community are proposed. For the convergence energy system, a simultaneous heating and cooling heat pump (SHCHP) system integrated with a thermal network is proposed, and the energy performance and operating energy savings of the proposed system were investigated. A smart village located in the Busan Eco Delta Smart City was selected as a case study for the simulation analysis. Experimental data of the heat pump system were used to analyze the SHCHP. The analysis results showed that the proposed system could provide over 53% and 86% of the load cover and supply cover factors, respectively. The proposed system can earn economic benefits, such as energy trading from the surplus electricity of PV systems and thermal energy produced by an SHCHP, more than 30.5 times those of conventional air-source heat pump systems. These benefits mainly originate that a conventional system can trade the surplus electricity from a PV system but the proposed system can trade produced thermal energy from SHCHPs and the surplus electricity from PV systems.",2021-01,4/4/2023 1:55,7/18/2023 15:44,4/4/2023 1:55,5544,,17,14,,,,,,,,,,en,http://creativecommons.org/licenses/by/3.0/,,,,www.mdpi.com,,Number: 17 Publisher: Multidisciplinary Digital Publishing Institute,,C:\Users\yuhang.zhang\Zotero\storage\U38VPSMA\Kim 等 - 2021 - Energy Performance Investigation of Bi-Directional.pdf,,,,,,,,,,,,,,,,,,,,,,,,,,,,,,,,,,,,,,,,,,,,,,,,,
TRLKV45J,journalArticle,2021,"Zhu, Tingting; Ommen, Torben; Meesenburg, Wiebke; Thorsen, Jan Eric; Elmegaard, Brian",Steady state behavior of a booster heat pump for hot water supply in ultra-low temperature district heating network,ENERGY,,0360-5442,10.1016/j.energy.2021.121528,,,12/15/2021,3/7/2023 3:38,7/18/2023 15:44,,,,,237,,,,,,,,,,,,,,,,,,,C:\Users\yuhang.zhang\Zotero\storage\74MQ3DLI\Zhu 等 - 2021 - Steady state behavior of a booster heat pump for h.pdf,,,,,,,,,,,,,,,,,,,,,,,,,,,,,,,,,,,,,,,,,,,,,,,,,
TBKRZR3I,journalArticle,2021,"Lund, Henrik; Østergaard, Poul Alberg; Nielsen, Tore Bach; Werner, Sven; Thorsen, Jan Eric; Gudmundsson, Oddgeir; Arabkoohsar, Ahmad; Mathiesen, Brian Vad",Perspectives on fourth and fifth generation district heating,Energy,,0360-5442,10.1016/j.energy.2021.120520,https://www.sciencedirect.com/science/article/pii/S0360544221007696,"Fourth-generation district heating (4GDH) has been used as a label or expression since 2008 to describe a transition path for decarbonization of the district heating sector and was defined in more detail in 2014. During recent years, several papers have been published on a concept called fifth generation district heating and cooling (5GDHC). This article identifies differences and similarities between 4GDH and 5GDHC regarding aims and abilities. The analysis shows that these two are common not only in the overarching aim of decarbonization but that they also to some extent share the five essential abilities first defined for 4GDH. The main driver for 5GDHC has been a strong focus on combined heating and cooling, using a collective network close to ambient temperature levels as common heat source or sink for building-level heat pumps. It is found that 5GDHC can be regarded as a promising technology with its own merits, yet a complementary technology that may coexist in parallel with other 4GDH technologies. However, the term “generation” implies a chronological succession, and the label 5GDHC does not seem compatible with the established labels 1GDH to 4GDH.",7/15/2021,2/7/2023 1:01,7/18/2023 15:44,1/29/2023 1:48,120520,,,227,,Energy,,,,,,,,en,,,,,ScienceDirect,,78 citations (Crossref) [2023-03-05],,C:\Users\yuhang.zhang\Zotero\storage\ESL5XZYE\Lund et al. - 2021 - Perspectives on fourth and fifth generation distri.pdf; C:\Users\yuhang.zhang\Zotero\storage\WDPEBUFU\S0360544221007696.html,,,,,,,,,,,,,,,,,,,,,,,,,,,,,,,,,,,,,,,,,,,,,,,,,
AAYRA9PP,journalArticle,2021,"Edtmayer, Hermann; Nageler, Peter; Heimrath, Richard; Mach, Thomas; Hochenauer, Christoph",Investigation on sector coupling potentials of a 5th generation district heating and cooling network,Energy,,0360-5442,10.1016/j.energy.2021.120836,https://www.sciencedirect.com/science/article/pii/S0360544221010847,"In this paper the development and application of an urban building energy simulation model is presented to analyse an existing 5th generation district heating and cooling network (5GDHC) with regard to possible sector coupling potentials. It was evaluated, how the heat energy production through large industrial heat pumps and the total thermal capacities of the 5GDHC network can provide flexibilities for power to heat applications. In a first step a multi model dynamic simulation was set up using the simulation environment IDA ICE. A previously developed urban energy simulation model formed the basis to implement the special requirements of the investigated 5GDHC network. This was followed by the calibration of the multi model simulation utilising the monitoring data of the existing 5GDHC network. In a second step the flexibilities of network sub areas were systematically investigated using step response tests. This was done with respect to key performance indicators like heat-up time or electrical energy consumption as a function of different boundary conditions like indoor comfort or outdoor air temperature. The third step comprised of a cumulative network analysis using different heating setpoint control strategies to optimise the operation of the network regarding heat production costs.",9/1/2021,2/7/2023 1:01,7/18/2023 15:44,2/2/2023 2:18,120836,,,230,,Energy,,,,,,,,en,,,,,ScienceDirect,,16 citations (Crossref) [2023-03-05],,C:\Users\yuhang.zhang\Zotero\storage\GFUSY5WE\Edtmayer et al. - 2021 - Investigation on sector coupling potentials of a 5.pdf,,5GDHC,,,,,,,,,,,,,,,,,,,,,,,,,,,,,,,,,,,,,,,,,,,,,,,
HQ7ZF56Q,journalArticle,2021,"Reiners, Tobias; Gross, Michel; Altieri, Lisa; Wagner, Hermann-Josef; Bertsch, Valentin",Heat pump efficiency in fifth generation ultra-low temperature district heating networks using a wastewater heat source,ENERGY,,0360-5442,10.1016/j.energy.2021.121318,,,12/1/2021,3/7/2023 3:38,7/18/2023 15:44,,,,,236,,,,,,,,,,,,,,,,,,,C:\Users\yuhang.zhang\Zotero\storage\E3G87PRQ\Reiners 等 - 2021 - Heat pump efficiency in fifth generation ultra-low.pdf,,,,,,,,,,,,,,,,,,,,,,,,,,,,,,,,,,,,,,,,,,,,,,,,,
H75HS8GV,journalArticle,2021,"Xu, Qian; Wang, Kang; Zou, Zhenwei; Zhong, Liqiong; Akkurt, Nevzat; Feng, Junxiao; Xiong, Yaxuan; Han, Jingxiao; Wang, Jiulong; Du, Yanping","A new type of two-supply, one-return, triple pipe-structured heat loss model based on a low temperature district heating system",Energy,,0360-5442,10.1016/j.energy.2020.119569,https://www.sciencedirect.com/science/article/pii/S0360544220326761,"Based on the design concept of a fourth-generation smart pipe network system, this paper innovatively proposes a new TOTS (Two-supply/One-return, triple pipe structure) arrangement method for district heating systems. Moreover, to accurately predict the heat loss due to the pipeline operation of the multi-pipe system, based on the multipole calculation method, a new heat loss theoretical analytical model for the TOTS was created; additionally, a corresponding three-dimensional numerical simulation model was established, which was analyzed and numerically solved. The results showed that in comparison with thermal loss data measured by Danfoss et al., the above analytical and numerical models have a high accuracy, and the deviation is within 2%. Additionally, through calculations, it was found that the distance between the heating pipes is an important factor that affects the total heat loss from the new multi-control heating system and the actual heat exchange between pipes.",3/1/2021,3/6/2023 0:31,7/18/2023 15:44,3/6/2023 0:31,119569,,,218,,Energy,,,,,,,,en,,,,,ScienceDirect,,,,"C:\Users\yuhang.zhang\Zotero\storage\DTHNU8W6\Xu 等 - 2021 - A new type of two-supply, one-return, triple pipe-.pdf; C:\Users\yuhang.zhang\Zotero\storage\MFLAUSTI\S0360544220326761.html",,,,,,,,,,,,,,,,,,,,,,,,,,,,,,,,,,,,,,,,,,,,,,,,,
NCD3M7KI,journalArticle,2021,"Bilardo, Matteo; Sandrone, Federico; Zanzottera, Guido; Fabrizio, Enrico",Modelling a fifth-generation bidirectional low temperature district heating and cooling (5GDHC) network for nearly Zero Energy District (nZED),Energy Reports,,2352-4847,10.1016/j.egyr.2021.04.054,https://www.sciencedirect.com/science/article/pii/S2352484721002729,"Current sustainability challenges place entire communities at the centre of the energy revolution, rather than individual buildings. The need to develop energy-efficient and low-carbon economies lies at the heart of fifth-generation district heating and cooling (5GDHC) networks. The potential of these networks is represented by a lower working temperature close to the ground temperature, usually between 10 and 25 °C. Thanks to this feature, the network presents optimal conditions to be used as a heat source for reversible heat pumps. 5GDHC networks provide users with a fundamental active role, giving the possibility of extracting and releasing energy into the thermal network, while producing heating and cooling simultaneously. The integration of renewable sources and reduced heat losses are added values to be taken into consideration. Given the limited application of 5GDHC networks, this paper aims to evaluate the energy advantages of coupling several users within a bidirectional fifth-generation network based on the integration of reversible heat pumps with on-site production by renewable sources and waste energy recovery. An integrated model of 5GDHC network with buildings was developed in order to meet the energy needs of a neighbourhood made up of users with different energy profiles throughout a whole year. To enhance future applications, the energy performance of the 5GDHC network model was studied through a simulation tool. An hourly numerical calculation tool was developed to simulate the behaviour of the network and the users’ response over an annual period, estimating the energy shared between users during both the heating and cooling seasons. The results obtained are presented not only in terms of energy exchanged in the network, but also in the form of performance indexes of the individual users, identifying advantageous combinations between the users for future design developments of these systems. The outcomes of this paper highlight the integration of established technologies into fifth-generation thermal networks, with a view to a future development of nearly Zero Energy Districts (nZED).",11/1/2021,2/8/2023 3:25,7/18/2023 15:44,2/8/2023 3:25,8390-8405,,,7,,Energy Reports,,,,,,,,en,,,,,ScienceDirect,,12 citations (Crossref) [2023-03-05],,C:\Users\yuhang.zhang\Zotero\storage\4FU75SCB\Bilardo 等 - 2021 - Modelling a fifth-generation bidirectional low tem.pdf; C:\Users\yuhang.zhang\Zotero\storage\IQDYJAAH\Bilardo 等 - 2021 - Modelling a fifth-generation bidirectional low tem.pdf; C:\Users\yuhang.zhang\Zotero\storage\CXZQP2FV\S2352484721002729.html,,Important,,,,,,,,,,,,,,,,,,,,,,,,,,,,,,,,,,,,,,,,,,,,,,,
H5NXBM3Q,journalArticle,2021,"Abugabbara, Marwan; Lindhe, Jonas; Javed, Saqib; Bagge, Hans; Johansson, Dennis",Modelica-based simulations of decentralised substations to support decarbonisation of district heating and cooling,Energy Reports,,2352-4847,10.1016/j.egyr.2021.08.081,https://www.sciencedirect.com/science/article/pii/S2352484721006831,"District heating and cooling are considered effective solutions to decarbonise the energy use in the building sector. The latest generation of district heating and cooling also increases the potential of integrating heat pumps and chillers in each building substation. The benefits of such integration are the reduction of network temperature and distribution losses; the recovery of waste heat through a bidirectional network; and the decentralised production of heating and cooling. Sizing the network depends mainly on the heat flows between connected buildings. The substation performance and technical installations determine these heat flows. We present in this paper Modelica-based simulations of two design cases for substations. The first design case involves installed heat pump, chiller, and circulation pumps. Alternatively, the second design enables the heat pump to provide direct cooling through a heat exchanger. The models for these installations were developed using the Modelica language to perform continuous-time simulations. The performance in each design case was evaluated in terms of seasonal coefficient of performance and total electric energy use. An analysis on a cluster of 11 buildings suggests that the addition of the direct cooling heat exchanger can save up to 10% of the total annual electric energy use. Additional savings can be achieved by optimising the building supply temperatures and the district network temperature.",10/1/2021,4/4/2023 1:59,7/18/2023 15:44,4/4/2023 1:59,465-472,,,7,,Energy Reports,,The 17th International Symposium on District Heating and Cooling,,,,,,en,,,,,ScienceDirect,,,,C:\Users\yuhang.zhang\Zotero\storage\426HHHMV\Abugabbara et al. - 2021 - Modelica-based simulations of decentralised substa.pdf; C:\Users\yuhang.zhang\Zotero\storage\NW2JLEL8\Abugabbara 等 - 2021 - Modelica-based simulations of decentralised substa.pdf; C:\Users\yuhang.zhang\Zotero\storage\XLALJCH8\S2352484721006831.html,,,5GDHC; Modelica; Heat pumps; Waste heat recovery,,,,,,,,,,,,,,,,,,,,,,,,,,,,,,,,,,,,,,,,,,,,,,
DQRL9FBU,journalArticle,2021,"Taylor, Michael; Long, Sebastian; Marjanovic, Ognjen; Parisio, Alessandra",Model Predictive Control of Smart Districts With Fifth Generation Heating and Cooling Networks,IEEE Transactions on Energy Conversion,,1558-0059,10.1109/TEC.2021.3082405,,"Fifth Generation District Heating and Cooling (5GDHC) networks, in which low temperature water is distributed to water-source heat pumps (WSHPs) in order to meet thermal demands, are expected to have a significant impact on the decarbonisation of energy supply. Thermal storage installed in these networks offers operational flexibility that can be leveraged to integrate renewable electrical and thermal energy sources. Thus, when considered as part of a smart multi-energy district, 5GDHC substation devices (e.g., WSHPs, storage) may be optimally operated using Model Predictive Control (MPC) in order to match demand with low-cost supply of electricity. However, the application of MPC requires the ability to model 5GDHC networks within the context of a multi-energy system. Hence, this paper extends an existing, generalised control-oriented modelling framework for multi-energy systems to accommodate 5GDHC networks. Additions include the ability to represent hydraulic pumps, thermodynamic cycle devices (such as WSHPs) and multi-energy networks within the framework. Furthermore, an economic MPC (eMPC) scheme is proposed for energy management of 5GDHC-based smart districts. Finally, a case study is presented in which the proposed eMPC controller is compared with rule-based control for economic operation of a smart district.",2021-12,3/24/2023 20:31,7/18/2023 15:44,,2659-2669,,4,36,,,,,,,,,,,,,,,IEEE Xplore,,Conference Name: IEEE Transactions on Energy Conversion,,C:\Users\yuhang.zhang\Zotero\storage\ZBI4H5FH\9437972.html; C:\Users\yuhang.zhang\Zotero\storage\6Z3Y8KHS\Taylor 等 - 2021 - Model Predictive Control of Smart Districts With F.pdf,,,Heat pumps; Bidirectional control; district heating and cooling; Electronic countermeasures; Energy management; Hydraulic systems; Model predictive control; multi-energy systems; smart districts; Substations; Water heating,,,,,,,,,,,,,,,,,,,,,,,,,,,,,,,,,,,,,,,,,,,,,,
DWKX4UD7,journalArticle,2021,"Sulzer, Matthias; Werner, Sven; Mennel, Stefan; Wetter, Michael",Vocabulary for the fourth generation of district heating and cooling,Smart Energy,,2666-9552,10.1016/j.segy.2021.100003,https://www.sciencedirect.com/science/article/pii/S2666955221000034,"The fourth generation of district heating is an established expression for new features and configurations. This generation’s overarching goal is to develop heating concepts for smart energy systems contributing to the net-zero carbon emission society by substituting older district heating generations, originally developed for fossil fuels. The evolving technology generation has to consider the future challenges of lower heat demands, increased cooling demands, and integration of renewable and recycled thermal sources. Driven by these challenges, the district heating and cooling community is fast growing and very dynamic in its innovation. This trend can be observed in the development of cold networks for both heating and cooling. Several new systems in Europe, North America, and Asia have applied newly developed heating and cooling network configurations. It is essential to consolidate these novel technical solutions into the entire family of fourth generation at this stage of development to efficiently and effectively deploy and expand district heating and cooling solutions. This paper exemplary discusses ambiguous terms to demonstrate the shortfall of not having a broad and internationally accepted vocabulary. The conclusion gives suggestions for harmonising expressions, terms, and definitions introduced and used during the last years. An interactive vocabulary will facilitate innovation and a common language.",2/1/2021,2/7/2023 1:01,7/18/2023 15:55,1/31/2023 20:06,100003,,,1,,Smart Energy,,,,,,,,en,,,,,ScienceDirect,,19 citations (Crossref) [2023-02-08],,C:\Users\yuhang.zhang\Zotero\storage\NAXLDVRI\Sulzer et al. - 2021 - Vocabulary for the fourth generation of district h.pdf; C:\Users\yuhang.zhang\Zotero\storage\C8MAXK4K\S2666955221000034.html,,,District heating; District cooling; Definitions; Fourth generation; Terms; Vocabulary,,,,,,,,,,,,,,,,,,,,,,,,,,,,,,,,,,,,,,,,,,,,,,
5Y4IHWZW,journalArticle,2021,Thomas Licklederer; Thomas Hamacher; Michael Kramer; Vedran S. Perić,Thermohydraulic model of Smart Thermal Grids with bidirectional power flow between prosumers,,,,10.1016/j.energy.2021.120825,https://www.sciencedirect.com/science/article/pii/S0360544221010732,,2021,7/18/2023 15:39,7/18/2023 15:39,,,,,,,,,,,,,,,,,,,,,,Publisher: Elsevier BV,,C:\Users\yuhang.zhang\Zotero\storage\Z799Q5RK\Thomas Licklederer et al. - 2021 - Thermohydraulic model of Smart Thermal Grids with .pdf,,,,,,,,,,,,,,,,,,,,,,,,,,,,,,,,,,,,,,,,,,,,,,,,,
L3YIZ9NK,journalArticle,2021,Dominik Hering; Mehmet Ege Cansev; Eugenio Tamassia; André Xhonneux; Dirk Müller,Temperature control of a low-temperature district heating network with Model Predictive Control and Mixed-Integer Quadratically Constrained Programming,,,,10.1016/j.energy.2021.120140,https://www.sciencedirect.com/science/article/pii/S0360544221003893,,2021,7/18/2023 15:39,7/18/2023 15:39,,,,,,,,,,,,,,,,,,,,,,Publisher: Elsevier BV,,C:\Users\yuhang.zhang\Zotero\storage\4FTQ2T52\Dominik Hering et al. - 2021 - Temperature control of a low-temperature district .pdf,,,,,,,,,,,,,,,,,,,,,,,,,,,,,,,,,,,,,,,,,,,,,,,,,
PIL2DTSL,journalArticle,2021,John Holoubek; Haodong Liu; Zhaohui Wu; Yijie Yin; Xing Xing; Guorui Cai; Sicen Yu; Hongyao Zhou; Tod A. Pascal; Zheng Chen; Ping Liu,Tailoring electrolyte solvation for Li metal batteries cycled at ultra-low temperature,,,,10.1038/s41560-021-00783-z,https://www.nature.com/articles/s41560-021-00783-z,,2021,7/18/2023 15:39,7/18/2023 15:39,,,,,,,,,,,,,,,,,,,,,,Publisher: Springer Science and Business Media LLC,,C:\Users\yuhang.zhang\Zotero\storage\Z3MGPWX3\John Holoubek et al. - 2021 - Tailoring electrolyte solvation for Li metal batte.pdf,,,,,,,,,,,,,,,,,,,,,,,,,,,,,,,,,,,,,,,,,,,,,,,,,
G9HGZ32S,journalArticle,2021,Izgh Hadachi; Marcus Voss; Sahin Albayrak,Sector-Coupled District Energy Management with Heating and Bi-Directional EV-Charging,,,,10.1109/powertech46648.2021.9495040,https://ieeexplore.ieee.org/abstract/document/9495040/,,2021,7/18/2023 15:39,7/18/2023 15:39,,,,,,,,,,,,,,,,,,,,,,Publisher: IEEE,,C:\Users\yuhang.zhang\Zotero\storage\BUINS7KX\Izgh Hadachi et al. - 2021 - Sector-Coupled District Energy Management with Hea.pdf,,,,,,,,,,,,,,,,,,,,,,,,,,,,,,,,,,,,,,,,,,,,,,,,,
V2MHV4XV,journalArticle,2021,Fan Zhang; Chris Bales; Hasan Fleyeh,Night setback identification of district heat substations using bidirectional long short term memory with attention mechanism,,,,10.1016/j.energy.2021.120163,https://www.sciencedirect.com/science/article/pii/S0360544221004126,,2021,7/18/2023 15:39,7/18/2023 15:39,,,,,,,,,,,,,,,,,,,,,,Publisher: Elsevier BV,,C:\Users\yuhang.zhang\Zotero\storage\UT7TUF8Q\Fan Zhang et al. - 2021 - Night setback identification of district heat subs.pdf,,,,,,,,,,,,,,,,,,,,,,,,,,,,,,,,,,,,,,,,,,,,,,,,,
8PDGYFQI,journalArticle,2021,A. Kallert; D. Lottis; M. Shan; D. Schmidt,New experimental facility for innovative district heating systems—District LAB,,,,10.1016/j.egyr.2021.09.039,https://www.sciencedirect.com/science/article/pii/S2352484721008453,,2021,7/18/2023 15:39,7/18/2023 15:39,,,,,,,,,,,,,,,,,,,,,,Publisher: Elsevier BV,,C:\Users\yuhang.zhang\Zotero\storage\JEXFEDQD\A. Kallert et al. - 2021 - New experimental facility for innovative district .pdf,,,,,,,,,,,,,,,,,,,,,,,,,,,,,,,,,,,,,,,,,,,,,,,,,
94X6NWGG,journalArticle,2021,"Madan, Violeta; Weidlich, Ingo",MODELING ENERGY LOSSES AND GAINS IN LOW TEMPERATURE BI-DIRECTIONAL HEATING AND COOLING GRIDS,,,,10.2478/rtuect-2021-0035,https://lup.lub.lu.se/luur/download?func=downloadFile&recordOId=9103435&fileOId=9103436,,2021,7/18/2023 15:39,7/18/2023 15:49,,,,,,,,,,,,,,,,,,,,,,Publisher: Walter de Gruyter GmbH,,C:\Users\yuhang.zhang\Zotero\storage\L8QU27AE\Madan and Weidlich - 2021 - MODELING ENERGY LOSSES AND GAINS IN LOW TEMPERATUR.pdf,,,,,,,,,,,,,,,,,,,,,,,,,,,,,,,,,,,,,,,,,,,,,,,,,
759Q33N8,journalArticle,2021,Chima Cyril Hampo; Ainul Bt Akmar; Mohd Amin Abd Majid,Life cycle assessment of an electric chiller integrated with a large district cooling plant,,,,10.3390/su13010389,https://www.mdpi.com/2071-1050/13/1/389,,2021,7/18/2023 15:39,7/18/2023 15:39,,,,,,,,,,,,,,,,,,,,,,Publisher: MDPI AG,,C:\Users\yuhang.zhang\Zotero\storage\4J8VTRGQ\Chima Cyril Hampo et al. - 2021 - Life cycle assessment of an electric chiller integ.pdf,,,,,,,,,,,,,,,,,,,,,,,,,,,,,,,,,,,,,,,,,,,,,,,,,
5DF5LSDX,journalArticle,2021,Morteza Saleh Kandezi; Seyed Mojtaba Mousavi Naeenian,Investigation of an efficient and green system based on liquid air energy storage (LAES) for district cooling and peak shaving: Energy and exergy analyses,,,,10.1016/j.seta.2021.101396,https://www.sciencedirect.com/science/article/pii/S2213138821004069,,2021,7/18/2023 15:39,7/18/2023 15:39,,,,,,,,,,,,,,,,,,,,,,Publisher: Elsevier BV,,,,,,,,,,,,,,,,,,,,,,,,,,,,,,,,,,,,,,,,,,,,,,,,,,,
EZLCL4YR,journalArticle,2021,Akshay S. Dalvi; Hazim El-Mounayri,Integrated System Architecture Development and Analysis Framework Applied to a District Cooling System,,,,10.1115/imece2021-67515,https://scholarworks.iupui.edu/handle/1805/24784,,2021,7/18/2023 15:39,7/18/2023 15:39,,,,,,,,,,,,,,,,,,,,,,Publisher: American Society of Mechanical Engineers,,C:\Users\yuhang.zhang\Zotero\storage\E2AUHTYL\Akshay S. Dalvi and Hazim El-Mounayri - 2021 - Integrated System Architecture Development and Ana.pdf,,,,,,,,,,,,,,,,,,,,,,,,,,,,,,,,,,,,,,,,,,,,,,,,,
SMMBAGRK,journalArticle,2021,Víctor F. Sánchez; Antonio Garrido Marijuan,Integrated model concept for district energy management optimisation platforms,,,,10.1016/j.applthermaleng.2021.117233,https://www.sciencedirect.com/science/article/pii/S1359431121006712,,2021,7/18/2023 15:39,7/18/2023 15:39,,,,,,,,,,,,,,,,,,,,,,Publisher: Elsevier BV,,C:\Users\yuhang.zhang\Zotero\storage\Z96NTAGV\Víctor F. Sánchez and Antonio Garrido Marijuan - 2021 - Integrated model concept for district energy manag.pdf,,,,,,,,,,,,,,,,,,,,,,,,,,,,,,,,,,,,,,,,,,,,,,,,,
9TUPK6MD,journalArticle,2021,Michael-Allan Millar; Zhibin Yu; Neil Burnside; Greg Jones; Bruce Elrick,Identification of key performance indicators and complimentary load profiles for 5th generation district energy networks,,,,10.1016/j.apenergy.2021.116672,https://www.sciencedirect.com/science/article/pii/S0306261921002014,,2021,7/18/2023 15:39,7/18/2023 15:39,,,,,,,,,,,,,,,,,,,,,,Publisher: Elsevier BV,,C:\Users\yuhang.zhang\Zotero\storage\BMG7RIRB\Michael-Allan Millar et al. - 2021 - Identification of key performance indicators and c.pdf,,,,,,,,,,,,,,,,,,,,,,,,,,,,,,,,,,,,,,,,,,,,,,,,,
PCH3DFMK,journalArticle,2021,Sujeetha Selvakkumaran; Lina Eriksson; Jonas Ottosson; Kristina Lygnerud; Inger-Lise Svensson,How are business models capturing flexibility in the District Energy (DE) grid?,,,,10.1016/j.egyr.2021.08.146,https://www.sciencedirect.com/science/article/pii/S2352484721007484,,2021,7/18/2023 15:39,7/18/2023 15:39,,,,,,,,,,,,,,,,,,,,,,Publisher: Elsevier BV,,C:\Users\yuhang.zhang\Zotero\storage\VT2T8Q7B\Sujeetha Selvakkumaran et al. - 2021 - How are business models capturing flexibility in t.pdf,,,,,,,,,,,,,,,,,,,,,,,,,,,,,,,,,,,,,,,,,,,,,,,,,
4HJ8Z4JX,journalArticle,2021,Ankita Singh Gaur; Desta Z. Fitiwi; John Curtis,Heat pumps and our low-carbon future: A comprehensive review,,,,10.1016/j.erss.2020.101764,https://www.sciencedirect.com/science/article/pii/S221462962030339X,,2021,7/18/2023 15:39,7/18/2023 15:39,,,,,,,,,,,,,,,,,,,,,,Publisher: Elsevier BV,,C:\Users\yuhang.zhang\Zotero\storage\JW25WXQ5\Ankita Singh Gaur et al. - 2021 - Heat pumps and our low-carbon future A comprehens.pdf,,,,,,,,,,,,,,,,,,,,,,,,,,,,,,,,,,,,,,,,,,,,,,,,,
TQJQFAAY,journalArticle,2021,Mauro Pipiciello; Matteo Caldera; Marco Cozzini; Maria A. Ancona; Francesco Melino; Biagio Di Pietra,Experimental characterization of a prototype of bidirectional substation for district heating with thermal prosumers,,,,10.1016/j.energy.2021.120036,https://www.sciencedirect.com/science/article/pii/S0360544221002851,,2021,7/18/2023 15:39,7/18/2023 15:39,,,,,,,,,,,,,,,,,,,,,,Publisher: Elsevier BV,,C:\Users\yuhang.zhang\Zotero\storage\Q4P7MF7P\Mauro Pipiciello et al. - 2021 - Experimental characterization of a prototype of bi.pdf,,,,,,,,,,,,,,,,,,,,,,,,,,,,,,,,,,,,,,,,,,,,,,,,,
KMC8FJSK,journalArticle,2021,Min-Hwi Kim; Dong-Won Lee; Duek-Won Kim; Jaehyeok Heo,Experimental analysis of heat prosumers under low temperature thermal network,,,,10.1088/1742-6596/2042/1/012102,https://iopscience.iop.org/article/10.1088/1742-6596/2042/1/012102/meta,,2021,7/18/2023 15:39,7/18/2023 15:39,,,,,,,,,,,,,,,,,,,,,,Publisher: IOP Publishing,,C:\Users\yuhang.zhang\Zotero\storage\C59JXT67\Min-Hwi Kim et al. - 2021 - Experimental analysis of heat prosumers under low .pdf,,,,,,,,,,,,,,,,,,,,,,,,,,,,,,,,,,,,,,,,,,,,,,,,,
JW3KSTR4,journalArticle,2021,Min-Hwi Kim; Deuk-Won Kim; Dong-Won Lee; Jaehyeok Heo,Experimental Analysis of Bi-Directional Heat Trading Operation Integrated with Heat Prosumers in Thermal Networks,,,,10.3390/en14185881,https://www.mdpi.com/1996-1073/14/18/5881,,2021,7/18/2023 15:39,7/18/2023 15:39,,,,,,,,,,,,,,,,,,,,,,Publisher: MDPI AG,,C:\Users\yuhang.zhang\Zotero\storage\TWTF6G28\Min-Hwi Kim et al. - 2021 - Experimental Analysis of Bi-Directional Heat Tradi.pdf,,,,,,,,,,,,,,,,,,,,,,,,,,,,,,,,,,,,,,,,,,,,,,,,,
6Q3BR59K,journalArticle,2021,Jungo KAJITA; Akira YOSHIDA; Yoshiharu AMANO,Evaluation of a CO2 Network System for District Heating and Cooling Using Energy Storage Tanks,,,,10.1299/jsmeicope.2021.15.2021-0225,https://www.jstage.jst.go.jp/article/jsmeicope/2021.15/0/2021.15_2021-0225/_article/-char/ja/,,2021,7/18/2023 15:39,7/18/2023 15:39,,,,,,,,,,,,,,,,,,,,,,Publisher: Japan Society of Mechanical Engineers,,,,,,,,,,,,,,,,,,,,,,,,,,,,,,,,,,,,,,,,,,,,,,,,,,,
JQFCXJ28,journalArticle,2021,Yang Wang; Shanhong Zhang; David Chow; Jens M. Kuckelkorn,Evaluation and optimization of district energy network performance: Present and future,,,,10.1016/j.rser.2020.110577,https://www.sciencedirect.com/science/article/pii/S1364032120308613,,2021,7/18/2023 15:39,7/18/2023 15:39,,,,,,,,,,,,,,,,,,,,,,Publisher: Elsevier BV,,C:\Users\yuhang.zhang\Zotero\storage\YXW26WP9\Yang Wang et al. - 2021 - Evaluation and optimization of district energy net.pdf,,,,,,,,,,,,,,,,,,,,,,,,,,,,,,,,,,,,,,,,,,,,,,,,,
4GLYLJMW,journalArticle,2021,Birol Kılkış; Malik Çağlar; Mert Şengül,"Energy Benefits of Heat Pipe Technology for Achieving 100% Renewable Heating and Cooling for Fifth-Generation, Low-Temperature District Heating Systems",,,,10.3390/en14175398,https://www.mdpi.com/1996-1073/14/17/5398,,2021,7/18/2023 15:39,7/18/2023 15:39,,,,,,,,,,,,,,,,,,,,,,Publisher: MDPI AG,,C:\Users\yuhang.zhang\Zotero\storage\5KGC93NJ\Birol Kılkış et al. - 2021 - Energy Benefits of Heat Pipe Technology for Achiev.pdf,,,,,,,,,,,,,,,,,,,,,,,,,,,,,,,,,,,,,,,,,,,,,,,,,
XU96E3SA,journalArticle,2021,Henrik Pieper; Tanel Kirs; Igor Krupenski; Aleksandr Ledvanov; Kertu Lepiksaar; Anna Volkova,Efficient use of heat from CHP distributed by district heating system in district cooling networks,,,,10.1016/j.egyr.2021.09.041,https://www.sciencedirect.com/science/article/pii/S2352484721008489,,2021,7/18/2023 15:39,7/18/2023 15:39,,,,,,,,,,,,,,,,,,,,,,Publisher: Elsevier BV,,C:\Users\yuhang.zhang\Zotero\storage\MU6NVS25\Henrik Pieper et al. - 2021 - Efficient use of heat from CHP distributed by dist.pdf,,,,,,,,,,,,,,,,,,,,,,,,,,,,,,,,,,,,,,,,,,,,,,,,,
8J9ZQAM9,journalArticle,2021,Amir Ebrahimi-Moghadam; Mahmood Farzaneh-Gord; Ali Jabari Moghadam; Nidal H. Abu-Hamdeh; Mohammad Ali Lasemi; Ahmad Arabkoohsar; Ashkan Alimoradi,"Design and multi-criteria optimisation of a trigeneration district energy system based on gas turbine, Kalina, and ejector cycles: Exergoeconomic and …",,,,10.1016/j.enconman.2020.113581,https://www.sciencedirect.com/science/article/pii/S0196890420311109,,2021,7/18/2023 15:39,7/18/2023 15:39,,,,,,,,,,,,,,,,,,,,,,Publisher: Elsevier BV,,C:\Users\yuhang.zhang\Zotero\storage\XEFXNCG4\Amir Ebrahimi-Moghadam et al. - 2021 - Design and multi-criteria optimisation of a trigen.pdf,,,,,,,,,,,,,,,,,,,,,,,,,,,,,,,,,,,,,,,,,,,,,,,,,
DEERX8FT,journalArticle,2021,Robert Weiss; Heidi Saastamoinen; Jussi Ikäheimo; Rinat Abdurafikov; Teemu Sihvonen; Jari Shemeikka,"Decarbonised district heat, electricity and synthetic renewable gas in wind-and solar-based district energy systems",,,,10.13044/j.sdewes.d8.0340,https://hrcak.srce.hr/clanak/370138,,2021,7/18/2023 15:39,7/18/2023 15:39,,,,,,,,,,,,,,,,,,,,,,Publisher: SDEWES Centre,,"C:\Users\yuhang.zhang\Zotero\storage\IBN9JUSU\Robert Weiss et al. - 2021 - Decarbonised district heat, electricity and synthe.pdf",,,,,,,,,,,,,,,,,,,,,,,,,,,,,,,,,,,,,,,,,,,,,,,,,
XD7SIRDR,journalArticle,2021,Sana Rehman; Bilal Khan; Jawad Arif; Zahid Ullah; Abdullah J. Aljuhani; Ahmad Alhindi; Sahibzada M. Ali,Bi-directional mutual energy trade between smart grid and energy districts using renewable energy credits,,,,10.3390/s21093088,https://www.mdpi.com/1424-8220/21/9/3088,,2021,7/18/2023 15:39,7/18/2023 15:39,,,,,,,,,,,,,,,,,,,,,,Publisher: MDPI AG,,C:\Users\yuhang.zhang\Zotero\storage\Z98EASRD\Sana Rehman et al. - 2021 - Bi-directional mutual energy trade between smart g.pdf,,,,,,,,,,,,,,,,,,,,,,,,,,,,,,,,,,,,,,,,,,,,,,,,,
FU2Q8HNA,journalArticle,2021,Birol Kilkis,An exergy-based minimum carbon footprint model for optimum equipment oversizing and temperature peaking in low-temperature district heating systems,,,,10.1016/j.energy.2021.121339,https://www.sciencedirect.com/science/article/pii/S0360544221015875,,2021,7/18/2023 15:39,7/18/2023 15:39,,,,,,,,,,,,,,,,,,,,,,Publisher: Elsevier BV,,C:\Users\yuhang.zhang\Zotero\storage\S8NB5FMD\Birol Kilkis - 2021 - An exergy-based minimum carbon footprint model for.pdf,,,,,,,,,,,,,,,,,,,,,,,,,,,,,,,,,,,,,,,,,,,,,,,,,
MSZ8SXLL,journalArticle,2021,Yuekuan Zhou; Sunliang Cao; Jan L.M. Hensen,"An energy paradigm transition framework from negative towards positive district energy sharing networks—Battery cycling aging, advanced battery …",,,,10.1016/j.apenergy.2021.116606,https://www.sciencedirect.com/science/article/pii/S0306261921001446,,2021,7/18/2023 15:39,7/18/2023 15:39,,,,,,,,,,,,,,,,,,,,,,Publisher: Elsevier BV,,C:\Users\yuhang.zhang\Zotero\storage\UUZBBDDD\Yuekuan Zhou et al. - 2021 - An energy paradigm transition framework from negat.pdf,,,,,,,,,,,,,,,,,,,,,,,,,,,,,,,,,,,,,,,,,,,,,,,,,
XMP8PQFF,journalArticle,2021,Stefan Puschnigg; Gabriela Jauschnik; Simon Moser; Anna Volkova; Matthias Linhart,"A review of low-temperature sub-networks in existing district heating networks: Examples, conditions, replicability",,,,10.1016/j.egyr.2021.09.044,https://www.sciencedirect.com/science/article/pii/S2352484721008507,,2021,7/18/2023 15:39,7/18/2023 15:39,,,,,,,,,,,,,,,,,,,,,,Publisher: Elsevier BV,,C:\Users\yuhang.zhang\Zotero\storage\XIIVEHGN\Stefan Puschnigg et al. - 2021 - A review of low-temperature sub-networks in existi.pdf,,,,,,,,,,,,,,,,,,,,,,,,,,,,,,,,,,,,,,,,,,,,,,,,,
NW5JULKE,journalArticle,2021,Abolfazl Rezaei; Bahador Samadzadegan; Hadise Rasoulian; Saeed Ranjbar; Soroush Samareh Abolhassani; Azin Sanei; Ursula Eicker,A new modeling approach for low-carbon district energy system planning,,,,10.3390/en14051383,https://www.mdpi.com/1996-1073/14/5/1383,,2021,7/18/2023 15:39,7/18/2023 15:39,,,,,,,,,,,,,,,,,,,,,,Publisher: MDPI AG,,C:\Users\yuhang.zhang\Zotero\storage\XAP9XLXJ\Abolfazl Rezaei et al. - 2021 - A new modeling approach for low-carbon district en.pdf,,,,,,,,,,,,,,,,,,,,,,,,,,,,,,,,,,,,,,,,,,,,,,,,,
I8VDXRKB,journalArticle,2021,Rasool Alizadeh; Javad Mohebbi Najm Abad; Abolfazl Fattahi; Mohamad Reza Mohebbi; Mohammad Hossein Doranehgard; Larry K. B. Li; Ebrahim Alhajri; Nader Karimi,A machine learning approach to predicting the heat convection and thermodynamics of an external flow of hybrid nanofluid,,,,10.1115/1.4049454,https://asmedigitalcollection.asme.org/energyresources/article-abstract/143/7/070902/1093311,,2021,7/18/2023 15:39,7/18/2023 15:39,,,,,,,,,,,,,,,,,,,,,,Publisher: ASME International,,C:\Users\yuhang.zhang\Zotero\storage\VTD7V6P4\Rasool Alizadeh et al. - 2021 - A machine learning approach to predicting the heat.pdf,,,,,,,,,,,,,,,,,,,,,,,,,,,,,,,,,,,,,,,,,,,,,,,,,
K8VNPBU5,journalArticle,2021,Daniel Zinsmeister; Thomas Licklederer; Franz Christange; Peter Tzscheutschler; Vedran S. Perić,A comparison of prosumer system configurations in district heating networks,,,,10.1016/j.egyr.2021.08.085,https://www.sciencedirect.com/science/article/pii/S2352484721006879,,2021,7/18/2023 15:39,7/18/2023 15:39,,,,,,,,,,,,,,,,,,,,,,Publisher: Elsevier BV,,C:\Users\yuhang.zhang\Zotero\storage\35ZVJJWZ\Daniel Zinsmeister et al. - 2021 - A comparison of prosumer system configurations in .pdf,,,,,,,,,,,,,,,,,,,,,,,,,,,,,,,,,,,,,,,,,,,,,,,,,
7U6P69IP,journalArticle,2020,"Wirtz, Marco; Kivilip, Lukas; Remmen, Peter; Müller, Dirk",5th Generation District Heating: A novel design approach based on mathematical optimization,Applied Energy,,0306-2619,10.1016/j.apenergy.2019.114158,https://www.sciencedirect.com/science/article/pii/S0306261919318458,"This paper presents a novel design methodology based on Linear Programming for designing and evaluating distributed energy systems with bidirectional low temperature networks (BLTNs). The mathematical model determines the optimal selection and sizing of all energy conversion units in buildings and energy hubs connected to the BLTN while minimizing total annualized costs. The optimization superstructure of building energy systems comprises heat pumps, compression chillers, heat exchangers for direct cooling, cooling towers and thermal energy storages. The design approach is applied to a real-world use case in Germany and the BLTN performance is compared to a reference case with individual HVAC systems. The BLTN concept shows a cost reduction of 42% and causes 56% less CO2 emissions compared to individual HVAC systems.",2/15/2020,2/7/2023 1:01,7/18/2023 15:44,1/30/2023 6:00,114158,,,260,,Applied Energy,5th Generation District Heating,,,,,,,en,,,,,ScienceDirect,,76 citations (Crossref) [2023-03-05],,C:\Users\yuhang.zhang\Zotero\storage\TC63U2HM\Wirtz et al. - 2020 - 5th Generation District Heating A novel design ap.pdf; C:\Users\yuhang.zhang\Zotero\storage\SYBVMVQ7\Wirtz 等 - 2020 - 5th Generation District Heating A novel design ap.pdf; C:\Users\yuhang.zhang\Zotero\storage\A9XEBPXM\S0306261919318458.html,,5GDHC,District heating; District cooling; Bidirectional low temperature network; Linear Programming; Prosumer; Waste heat,,,,,,,,,,,,,,,,,,,,,,,,,,,,,,,,,,,,,,,,,,,,,,
I7EHDSIJ,journalArticle,2020,"Millar, Michael-Allan; Elrick, Bruce; Jones, Greg; Yu, Zhibin; Burnside, Neil M.",Roadblocks to Low Temperature District Heating,Energies,,1996-1073,10.3390/en13225893,https://www.mdpi.com/1996-1073/13/22/5893,"Energy usage in buildings is coming increasingly under the spotlight as carbon policy focus shifts towards the utilization of thermal energy. In the UK, heating and hot water accounts for around 40% of energy consumption and 20% of greenhouse gas emissions. Heating is typically produced onsite, making widescale carbon or energetic improvements challenging. District heating networks (DHNs) can offer significant carbon reduction for many users but can only be implemented if the end user buildings have good thermal energy efficiency. This greatly limits the ability to implement advancing 4th and 5th generation DHNs, which are the most advanced systems available. We elucidate the current state of thermal efficiency in buildings in the UK and provide recommendations for necessary building requirements and modifications in order to accommodate 4th and 5th generation district heating. We conclude that key sectors must be addressed including creating a skilled workforce, producing relevant metrics and benchmarks, and providing financial support for early stage design exploration.",2020-01,4/4/2023 19:43,7/18/2023 15:45,4/4/2023 19:43,5893,,22,13,,,,,,,,,,en,http://creativecommons.org/licenses/by/3.0/,,,,www.mdpi.com,,Number: 22 Publisher: Multidisciplinary Digital Publishing Institute,,C:\Users\yuhang.zhang\Zotero\storage\6XC6WJI9\Millar 等 - 2020 - Roadblocks to Low Temperature District Heating.pdf,,,district heating; 5th generation; low temperature,,,,,,,,,,,,,,,,,,,,,,,,,,,,,,,,,,,,,,,,,,,,,,
N42D683U,journalArticle,2020,"Buffa, Simone; Soppelsa, Anton; Pipiciello, Mauro; Henze, Gregor; Fedrizzi, Roberto",Fifth-Generation District Heating and Cooling Substations: Demand Response with Artificial Neural Network-Based Model Predictive Control,Energies,,1996-1073,10.3390/en13174339,https://www.mdpi.com/1996-1073/13/17/4339,"District heating and cooling (DHC) is considered one of the most sustainable technologies to meet the heating and cooling demands of buildings in urban areas. The fifth-generation district heating and cooling (5GDHC) concept, often referred to as ambient loops, is a novel solution emerging in Europe and has become a widely discussed topic in current energy system research. 5GDHC systems operate at a temperature close to the ground and include electrically driven heat pumps and associated thermal energy storage in a building-sited energy transfer station (ETS) to satisfy user comfort. This work presents new strategies for improving the operation of these energy transfer stations by means of a model predictive control (MPC) method based on recurrent artificial neural networks. The results show that, under simple time-of-use utility rates, the advanced controller outperforms a rule-based controller for smart charging of the domestic hot water (DHW) thermal energy storage under specific boundary conditions. By exploiting the available thermal energy storage capacity, the MPC controller is capable of shifting up to 14% of the electricity consumption of the ETS from on-peak to off-peak hours. Therefore, the advanced control implemented in 5GDHC networks promotes coupling between the thermal and the electric sector, producing flexibility on the electric grid.",2020-01,4/6/2023 19:40,7/18/2023 15:45,4/6/2023 19:40,4339,,17,13,,,Fifth-Generation District Heating and Cooling Substations,,,,,,,en,http://creativecommons.org/licenses/by/3.0/,,,,www.mdpi.com,,Number: 17 Publisher: Multidisciplinary Digital Publishing Institute,,C:\Users\yuhang.zhang\Zotero\storage\A8UIRTIQ\Buffa et al. - 2020 - Fifth-Generation District Heating and Cooling Subs.pdf,,,5GDHC; smart energy systems; ambient loops; cold district heating; demand side management; heat pump systems,,,,,,,,,,,,,,,,,,,,,,,,,,,,,,,,,,,,,,,,,,,,,,
RAJGYJIY,journalArticle,2020,"Arabkoohsar, Ahmad; Alsagri, Ali Sulaiman",Thermodynamic analysis of ultralow-temperature district heating system with shared power heat pumps and triple-pipes,Energy,,0360-5442,10.1016/j.energy.2020.116918,https://www.sciencedirect.com/science/article/pii/S0360544220300256,"An ultralow-temperature district heating system that uses neighborhood-scale heat pumps was recently proposed and investigated. Although the system was found more efficient than any existing solution, there is still potential in this concept for achieving better efficiency and cost-effectiveness. One of the main origins of losses here is through the enlarged pipes. In this work, triple-pipes are proposed to be used instead of twin-pipes to have individual domestic hot water and space heating pipes, reducing the size of heat pumps and decreasing thermal loss rates. The proposed concept is designed, sized and thermodynamically analyzed for a case study in Denmark. The performance is compared with the previous version of this concept as well as the low-temperature district heating system, which is another important competitor to the proposed solution. The results prove that the proposed system outperforms both of the competitors in terms of energy efficiency. For three consecutive days in typical warm/moderate/cold weather in the case study, the proposed solution results in the rates of heat loss of 4.5/10.9/16.5%, respectively. The heat loss rates, for the conventional configuration and the low-temperature design, are 4.9/13.8/19.6% and 5.6/17.8/33.1%, respectively.",3/1/2020,4/4/2023 8:59,7/18/2023 15:45,4/4/2023 8:59,116918,,,194,,Energy,,,,,,,,en,,,,,ScienceDirect,,,,C:\Users\yuhang.zhang\Zotero\storage\68KBV6V2\Arabkoohsar 和 Alsagri - 2020 - Thermodynamic analysis of ultralow-temperature dis.pdf; C:\Users\yuhang.zhang\Zotero\storage\GNJ3GPTW\S0360544220300256.html,,,,,,,,,,,,,,,,,,,,,,,,,,,,,,,,,,,,,,,,,,,,,,,,,
Q7SSDBZH,journalArticle,2020,"Sommer, Tobias; Sulzer, Matthias; Wetter, Michael; Sotnikov, Artem; Mennel, Stefan; Stettler, Christoph",The reservoir network: A new network topology for district heating and cooling,Energy,,0360-5442,10.1016/j.energy.2020.117418,https://www.sciencedirect.com/science/article/pii/S0360544220305259,"Thermal district networks are effective solutions to substitute fossil fuels with renewable energy sources for heating and cooling. Moreover, thermal networking of buildings allows energy efficiency to be further increased. The waste heat from cooling can be reused for heating in thermal district systems. Because of bidirectional energy flows between prosumers, thermal networks require new hydraulic concepts. In this work, we present a novel network topology for simultaneous heating and cooling: the reservoir network. The reservoir network is robust in operation due to hydraulic decoupling of transfer stations, integrates heat sources and heat sinks at various temperature levels and is flexible in terms of network expansion. We used Modelica simulations to compare the new single-pipe reservoir network to a basecase double-pipe network, taking yearly demand profiles of different building types for heating and cooling. The electric energy consumed by the heat pumps and circulations pumps differs between the reservoir and base case networks by less than 1%. However, if the reservoir network is operated with constant instead of variable mass flow rate, the total electrical consumption can increase by 48% compared to the base case. As with any other network topology, the design and control of such networks is crucial to achieving energy efficient operation. Investment costs for piping and trenching depend on the district layout and dimensioning of the network. If a ring layout is applied in a district, the reservoir network with its single-pipe configuration is more economical than other topologies. For a linear layout, the piping costs are slightly higher for the reservoir network than for the base case because of larger pipe diameters.",5/15/2020,2/7/2023 1:10,7/18/2023 15:45,2/7/2023 1:10,117418,,,199,,Energy,The reservoir network,,,,,,,en,,,,,ScienceDirect,,45 citations (Crossref) [2023-03-05],,C:\Users\yuhang.zhang\Zotero\storage\HNU4J7TT\Sommer et al. - 2020 - The reservoir network A new network topology for .pdf; C:\Users\yuhang.zhang\Zotero\storage\CXQ24DVH\S0360544220305259.html,,Read,,,,,,,,,,,,,,,,,,,,,,,,,,,,,,,,,,,,,,,,,,,,,,,
MJGSSDD7,journalArticle,2020,"Meesenburg, Wiebke; Ommen, Torben; Thorsen, Jan Eric; Elmegaard, Brian",Economic feasibility of ultra-low temperature district heating systems in newly built areas supplied by renewable energy,Energy,,0360-5442,10.1016/j.energy.2019.116496,https://www.sciencedirect.com/science/article/pii/S0360544219321917,"Future district heating systems are expected to supply lower temperatures to increase system efficiency and enable exploitation of renewable heat sources. To answer whether it is beneficial to lower district heating temperatures below the level where it is still possible to supply domestic hot water directly, the economic feasibility of three ultra-low temperature district heating (ULTDH) concepts was compared to low temperature district heating (LTDH). The dependency of the economic feasibility on the boundary conditions of the supplied district heating area was assessed systematically and feasible boundary conditions were identified. For this purpose building plot ratio, specific heat demand and central heating unit were varied. The different solutions were compared based on levelised cost of heat, socioeconomic net present value and overall seasonal coefficient of performance. It was found that in most cases LTDH was economically preferred. ULTDH could be feasible if the linear heat demand density (LHDD) was high, if the cost of decentral units could be lowered or if the investment cost of the central heating unit was significantly lower compared to LTDH. Among the ULTDH solutions, apartment units were preferable for low LHDD, while units at building level performed better for larger LHDD.",1/15/2020,3/7/2023 3:35,7/18/2023 15:44,3/7/2023 3:35,116496,,,191,,Energy,,,,,,,,en,,,,,ScienceDirect,,,,C:\Users\yuhang.zhang\Zotero\storage\J7A78ZD2\Meesenburg 等 - 2020 - Economic feasibility of ultra-low temperature dist.pdf; C:\Users\yuhang.zhang\Zotero\storage\G4YT5WBW\S0360544219321917.html,,,,,,,,,,,,,,,,,,,,,,,,,,,,,,,,,,,,,,,,,,,,,,,,,
XTG6PLEV,journalArticle,2020,"Revesz, Akos; Jones, Phil; Dunham, Chris; Davies, Gareth; Marques, Catarina; Matabuena, Rodrigo; Scott, Jim; Maidment, Graeme",Developing novel 5th generation district energy networks,Energy,,0360-5442,10.1016/j.energy.2020.117389,https://www.sciencedirect.com/science/article/pii/S0360544220304965,"Integrated smartly controlled energy networks have the potential to deliver significant reductions in carbon emissions, improve air quality and reduce energy costs for end-users across the world. This paper introduces a novel methodology for the development of integrated thermal, power and mobility 5th generation (5G) smart energy networks. The proposed 5G concept builds on state of the art by connecting flexible electricity demands such as heat pumps, and electric vehicles to intermittent, renewable and secondary energy sources and storage using artificial intelligence to facilitate optimal control and to maximise revenue and carbon savings. The proposed innovative method is being applied in central London through the development of two independent 5G smart energy schemes. The proposed schemes will incorporate a range of different renewables and secondary energy sources, for example, waste heat from local data centres and the London Underground that will supply a large proportion of the energy demand of the overall district network capacity. Both networks will operate at close to ambient temperature, approximately 15–25 °C as a so-called ‘ambient loop’ system, with individual heat pumps for each end-user or building connected to the network. The system also integrates thermal and electrical storage to create additional flexibility for the network and smart control for demand-side management. A smart management system flexibly controls individual assets such as heat pumps and electric vehicles in response to price signals reflecting the intermittency of renewable energy sources on the electricity grid. The ambient district thermal loop will distribute low carbon energy to a range of end users. Results presented in this paper provide an understanding of capital costs associated with integrated smart energy systems and the relative performance of individual technologies in a complex system using a techno-economic modelling approach. Overall, this paper demonstrates that the implementation of the 5G concept results in lower energy costs to consumers while at the same time transforming a large existing urban area to a near zero-carbon energy system in terms of heating, cooling, electricity and transport.",6/15/2020,2/10/2023 8:49,7/18/2023 15:45,2/10/2023 8:49,117389,,,201,,Energy,,,,,,,,en,,,,,ScienceDirect,,51 citations (Crossref) [2023-03-05],,C:\Users\yuhang.zhang\Zotero\storage\6369TCDK\Revesz 等 - 2020 - Developing novel 5th generation district energy ne.pdf; C:\Users\yuhang.zhang\Zotero\storage\JGG3QA4K\valuation-of-energy-use-greenhouse-gas-emissions-for-appraisal.pdf,,5GDHC,,,,,,,,,,,,,,,,,,,,,,,,,,,,,,,,,,,,,,,,,,,,,,,
DMU5UX33,journalArticle,2020,"Aste, Niccolò; Caputo, Paola; Del Pero, Claudio; Ferla, Giulio; Huerto-Cardenas, Harold Enrique; Leonforte, Fabrizio; Miglioli, Alessandro",A renewable energy scenario for a new low carbon settlement in northern Italy: Biomass district heating coupled with heat pump and solar photovoltaic system,Energy,,0360-5442,10.1016/j.energy.2020.118091,https://www.sciencedirect.com/science/article/pii/S0360544220311981,"In the framework of the building sector de-carbonization, the case of a new nearly zero-energy district, located in the Milan urban area (Italy), is presented. In particular, the scope of the work is to demonstrate that the proposed energy concept, based on the combination of low-energy building design and high-efficiency technical systems, allows the reduction of the final energy uses. After the evaluation of the energy needs, a low-temperature and small-size wood biomass district thermal plant was designed to be integrated with groundwater heat pumps (GWHP) and solar photovoltaic (PV) systems, taking up the challenge to design an almost full-renewable urban district by means of a Multi-Energy System. The core is a biomass boiler coupled with a small combined heat and power (CHP) unit with a twin-screw steam expander (TSSE). The heat produced by the CHP satisfies a consistent fraction of space heating and domestic hot water (DHW) needs during the winter season. GWHPs coupled with PV satisfy remaining thermal needs in winter and the entire thermal needs in mid-season and in the summer period. The obtained outcomes prove the benefits of the combination of a wood biomass CHP with GWHPs and PV with a significant share of renewable energies.",9/1/2020,4/4/2023 3:46,7/18/2023 15:45,4/4/2023 3:46,118091,,,206,,Energy,A renewable energy scenario for a new low carbon settlement in northern Italy,,,,,,,en,,,,,ScienceDirect,,,,C:\Users\yuhang.zhang\Zotero\storage\9EC8RPUW\Aste 等 - 2020 - A renewable energy scenario for a new low carbon s.pdf; C:\Users\yuhang.zhang\Zotero\storage\X69US7KU\S0360544220311981.html,,,,,,,,,,,,,,,,,,,,,,,,,,,,,,,,,,,,,,,,,,,,,,,,,
9LY5M6SW,journalArticle,2020,"Wirtz, Marco; Kivilip, Lukas; Remmen, Peter; Müller, Dirk",Quantifying Demand Balancing in Bidirectional Low Temperature Networks,Energy and Buildings,,0378-7788,10.1016/j.enbuild.2020.110245,https://www.sciencedirect.com/science/article/pii/S0378778820309889,"Bidirectional low temperature networks (BLTNs) are a promising technology to drive decarbonization of the heating and cooling sector. The energy efficiency of a BLTN strongly depends on the heating and cooling demands of the connected buildings and their simultaneity. In order to evaluate the efficiency of a BLTN, a novel metric, called Demand Overlap Coefficient (DOC), is presented in this paper. The DOC can be calculated for individual buildings or a district and describes which proportion of heating and cooling demands can be balanced inside buildings and between buildings. The DOC is calculated with time series for heating and cooling demands, taking special account of their simultaneity. For a real-world use case in Germany, it is shown that 25% of heating and cooling demands can be balanced in buildings and 45% can be balanced by the BLTN between buildings. The DOC is evaluated for 63 demand scenarios. Correlations show that for districts with a DOC larger than 0.45, BLTNs have lower annualized costs than a state-of-the-art heating and cooling system. BLTNs have higher exergy efficiencies for districts with DOCs larger than 0.3. With the derived correlations, the DOC serves as a practical metric in the planning process of BLTNs in order to identify and assemble building clusters with complementary demand profiles.",10/1/2020,4/4/2023 8:38,7/18/2023 15:44,4/4/2023 8:38,110245,,,224,,Energy and Buildings,,,,,,,,en,,,,,ScienceDirect,,,,C:\Users\yuhang.zhang\Zotero\storage\972IHR2V\Wirtz 等 - 2020 - Quantifying Demand Balancing in Bidirectional Low .pdf; C:\Users\yuhang.zhang\Zotero\storage\VAT8958X\S0378778820309889.html,,,,,,,,,,,,,,,,,,,,,,,,,,,,,,,,,,,,,,,,,,,,,,,,,
XRFKKYQH,journalArticle,2020,"Abugabbara, Marwan; Javed, Saqib; Bagge, Hans; Johansson, Dennis",Bibliographic analysis of the recent advancements in modeling and co-simulating the fifth-generation district heating and cooling systems,Energy and Buildings,,0378-7788,10.1016/j.enbuild.2020.110260,https://www.sciencedirect.com/science/article/pii/S0378778820305004,"District heating and cooling systems have evolved through several development stages in order to improve their energy efficiency. The latest development reached the fifth generation where customers can be producers and/or consumers of thermal energy flows towards the network. The variety and complexity of system configurations and interactions between connected customers poses a challenge in adopting a suitable modeling paradigm capable of simulating each design case. Modelica language and the Functional Mock-up Interface standard are computational tools opted by the International Energy Agency for simulating building and community energy systems. This work aims to analyze the current status in literature where these tools are utilized in building and energy simulation with focus on district heating and cooling systems. Bibliographic maps and networks are presented to analyze the literature based on different bibliometrics. Among others, the analysis shows that coupled simulation between district and building energy models is a novel research area and can benefit in reducing the oversizing of space heating and cooling systems. In addition, the analysis demonstrates that the fifth generation district heating and cooling systems require advanced control strategies. These strategies need accurate and upfront specifications to decide a proper control strategy for each design case.",10/1/2020,4/4/2023 5:24,7/18/2023 15:44,4/4/2023 5:24,110260,,,224,,Energy and Buildings,,,,,,,,en,,,,,ScienceDirect,,,,C:\Users\yuhang.zhang\Zotero\storage\KEYFWGSF\Abugabbara 等 - 2020 - Bibliographic analysis of the recent advancements .pdf; C:\Users\yuhang.zhang\Zotero\storage\SIRCNZPG\S0378778820305004.html,,,,,,,,,,,,,,,,,,,,,,,,,,,,,,,,,,,,,,,,,,,,,,,,,
YUXMEDSL,journalArticle,2020,"Barone, G.; Buonomano, A.; Forzano, C.; Palombo, A.",A novel dynamic simulation model for the thermo-economic analysis and optimisation of district heating systems,Energy Conversion and Management,,0196-8904,10.1016/j.enconman.2020.113052,https://www.sciencedirect.com/science/article/pii/S0196890420305963,"This paper presents a novel dynamic simulation tool able to assess and optimize the energy, environmental and economic performance of standard and innovative district heating/cooling systems. To this aim, several design and operating parameters (e.g.: weather conditions, heat selling price for users, national unitary price of electricity, etc.) are dynamically taken into account. The heating and cooling demands and loads of the buildings to be fed by the network working fluid are dynamically calculated. The system pipeline network is modelled through a suitable plug-flow approach. Fluid temperatures are calculated in each network node. The optimization of several system design and operating parameters is achieved for different objective functions. A suitable analysis is considered for selecting the most convenient urban zones for system application. The whole simulation model is implemented in a suitable computer code written in MatLab. By such tool useful design criteria and feasibility analyses can be obtained. To show the capabilities of the presented simulation tool, a novel case study, referred to a district heating system supplied by an existing thermoelectric power plant, was developed. The conducted analysis is based on system optimizations focused on the number of users, the selling heat/electricity prices and system geometric features. As for example, for minimizing the system payback to about 14.0 year, the optimal number of users and network length are 5 × 103 and 2.7 km, respectively. In this case the primary energy savings and the avoided carbon dioxide emissions are about 11.0 GWh/y and 16.1 ktCO2/y, respectively.",9/15/2020,4/4/2023 8:37,7/18/2023 15:45,4/4/2023 8:37,113052,,,220,,Energy Conversion and Management,,,,,,,,en,,,,,ScienceDirect,,,,C:\Users\yuhang.zhang\Zotero\storage\PGCYL7NT\Barone 等 - 2020 - A novel dynamic simulation model for the thermo-ec.pdf; C:\Users\yuhang.zhang\Zotero\storage\AXNQ78YR\S0196890420305963.html,,,,,,,,,,,,,,,,,,,,,,,,,,,,,,,,,,,,,,,,,,,,,,,,,
AZ54FE5R,journalArticle,2020,"Mahmoud, Montaser; Ramadan, Mohamad; Naher, Sumsun; Pullen, Keith; Baroutaji, Ahmad; Olabi, Abdul-Ghani",Recent advances in district energy systems: A review,Thermal Science and Engineering Progress,,2451-9049,10.1016/j.tsep.2020.100678,https://www.sciencedirect.com/science/article/pii/S2451904920301980,"World energy consumption has increased significantly in the last decade and for this reason several energy management strategies are currently under investigation to accommodate this high demand. In this frame, the current paper presents a review of the advances of district systems (DSs) which offers a contribution to the mission to reduce the environmental and economic impact of energy consumption. The aim of the study is to examine the potential of these systems and their ability to cope with the requirements of energy demands. Additionally, the paper reviews several optimization strategies including poly-generation, cogeneration and energy storage that could be adopted to upgrade the performance of DSs. Furthermore, the paper discusses the main obstacles facing the development of this domain and proposes some suggestions to encourage adoption of the district approach.",12/1/2020,4/4/2023 8:50,7/18/2023 15:45,4/4/2023 8:50,100678,,,20,,Thermal Science and Engineering Progress,Recent advances in district energy systems,,,,,,,en,,,,,ScienceDirect,,,,C:\Users\yuhang.zhang\Zotero\storage\3A49H3Q8\Mahmoud et al. - 2020 - Recent advances in district energy systems A revi.pdf; C:\Users\yuhang.zhang\Zotero\storage\XDMLQYBC\Mahmoud 等 - 2020 - Recent advances in district energy systems A revi.pdf,,,,,,,,,,,,,,,,,,,,,,,,,,,,,,,,,,,,,,,,,,,,,,,,,
Q7DZTQU8,journalArticle,2020,Monica Arnaudo; Monika Topel; Björn Laumert,Vehicle-to-grid for peak shaving to unlock the integration of distributed heat pumps in a swedish neighborhood,,,,10.3390/en13071705,https://www.mdpi.com/1996-1073/13/7/1705,,2020,7/18/2023 15:39,7/18/2023 15:39,,,,,,,,,,,,,,,,,,,,,,Publisher: MDPI AG,,C:\Users\yuhang.zhang\Zotero\storage\CUDCRG7M\Monica Arnaudo et al. - 2020 - Vehicle-to-grid for peak shaving to unlock the int.pdf,,,,,,,,,,,,,,,,,,,,,,,,,,,,,,,,,,,,,,,,,,,,,,,,,
GPBGKW44,journalArticle,2020,Xuewei Wu; Zhe Chen; Jiakun Fang,Unit commitment of integrated electricity and heat system with bi-directional variable mass flow,,,,10.1109/pesgm41954.2020.9281429,https://ieeexplore.ieee.org/abstract/document/9281429/,,2020,7/18/2023 15:39,7/18/2023 15:39,,,,,,,,,,,,,,,,,,,,,,Publisher: IEEE,,C:\Users\yuhang.zhang\Zotero\storage\UZ4WSFJX\Xuewei Wu et al. - 2020 - Unit commitment of integrated electricity and heat.pdf,,,,,,,,,,,,,,,,,,,,,,,,,,,,,,,,,,,,,,,,,,,,,,,,,
K4ZYX86U,journalArticle,2020,Torun Hammar; Fabian Levihn,"Time-dependent climate impact of biomass use in a fourth generation district heating system, including BECCS",,,,10.1016/j.biombioe.2020.105606,https://www.sciencedirect.com/science/article/pii/S0961953420301409,,2020,7/18/2023 15:39,7/18/2023 15:39,,,,,,,,,,,,,,,,,,,,,,Publisher: Elsevier BV,,C:\Users\yuhang.zhang\Zotero\storage\Y7J5Z7QH\Torun Hammar and Fabian Levihn - 2020 - Time-dependent climate impact of biomass use in a .pdf,,,,,,,,,,,,,,,,,,,,,,,,,,,,,,,,,,,,,,,,,,,,,,,,,
9W5RYITX,journalArticle,2020,Peter Sorknæs; Poul Alberg Østergaard; Jakob Zinck Thellufsen; Henrik Lund; Steffen Nielsen; Søren Djørup; Karl Sperling,The benefits of 4th generation district heating in a 100% renewable energy system,,,,10.1016/j.energy.2020.119030,https://www.sciencedirect.com/science/article/pii/S036054422032137X,,2020,7/18/2023 15:39,7/18/2023 15:39,,,,,,,,,,,,,,,,,,,,,,Publisher: Elsevier BV,,C:\Users\yuhang.zhang\Zotero\storage\XVJQFG8K\Peter Sorknæs et al. - 2020 - The benefits of 4th generation district heating in.pdf,,,,,,,,,,,,,,,,,,,,,,,,,,,,,,,,,,,,,,,,,,,,,,,,,
ZBVXXH36,journalArticle,2020,Y.L. Shao; K.Y. Soh; Y.D. Wan; M. Kumja; Z. Khin; M.R. Islam; K.J. Chua,Simulation and experimental study of thermal storage systems for district cooling system under commercial operating conditions,,,,10.1016/j.energy.2020.117781,https://www.sciencedirect.com/science/article/pii/S0360544220308884,,2020,7/18/2023 15:39,7/18/2023 15:39,,,,,,,,,,,,,,,,,,,,,,Publisher: Elsevier BV,,C:\Users\yuhang.zhang\Zotero\storage\JJ62FPL5\Y.L. Shao et al. - 2020 - Simulation and experimental study of thermal stora.pdf,,,,,,,,,,,,,,,,,,,,,,,,,,,,,,,,,,,,,,,,,,,,,,,,,
PSKKDXYS,journalArticle,2020,Sambhaji T. Kadam; Ibrahim Hassan; Mohammad Azizur Rahman; Athanasios I. Papadopoulos; Panos Seferlis,Review on modeling of vapor compression chillers: District cooling perspective,,,,10.1142/s2010132520300037,https://www.worldscientific.com/doi/abs/10.1142/S2010132520300037,,2020,7/18/2023 15:39,7/18/2023 15:39,,,,,,,,,,,,,,,,,,,,,,Publisher: Springer Science and Business Media LLC,,,,,,,,,,,,,,,,,,,,,,,,,,,,,,,,,,,,,,,,,,,,,,,,,,,
BGPQPL2N,journalArticle,2020,Saeid Charani Shandiz; Greg Foliente; Behzad Rismanchi; Amanda Wachtel; Robert F. Jeffers,Resilience framework and metrics for energy master planning of communities,,,,10.1016/j.energy.2020.117856,https://www.sciencedirect.com/science/article/pii/S0360544220309634,,2020,7/18/2023 15:39,7/18/2023 15:39,,,,,,,,,,,,,,,,,,,,,,Publisher: Elsevier BV,,C:\Users\yuhang.zhang\Zotero\storage\677V7WTQ\Saeid Charani Shandiz et al. - 2020 - Resilience framework and metrics for energy master.pdf,,,,,,,,,,,,,,,,,,,,,,,,,,,,,,,,,,,,,,,,,,,,,,,,,
GUTF4ZNY,journalArticle,2020,Stanislav Chicherin; Vladislav Mašatin; Andres Siirde; Anna Volkova,Method for assessing heat loss in a district heating network with a focus on the state of insulation and actual demand for useful energy,,,,10.3390/en13174505,https://www.mdpi.com/1996-1073/13/17/4505,,2020,7/18/2023 15:39,7/18/2023 15:39,,,,,,,,,,,,,,,,,,,,,,Publisher: MDPI AG,,C:\Users\yuhang.zhang\Zotero\storage\IPEPLFIR\Stanislav Chicherin et al. - 2020 - Method for assessing heat loss in a district heati.pdf,,,,,,,,,,,,,,,,,,,,,,,,,,,,,,,,,,,,,,,,,,,,,,,,,
SURHU9SM,journalArticle,2020,Alessandro Guzzini; Marco Pellegrini; Edoardo Pelliconi; Cesare Saccani,Low temperature district heating: An expert opinion survey,,,,10.3390/en13040810,https://www.mdpi.com/1996-1073/13/4/810,,2020,7/18/2023 15:39,7/18/2023 15:39,,,,,,,,,,,,,,,,,,,,,,Publisher: MDPI AG,,C:\Users\yuhang.zhang\Zotero\storage\8ZXGZMKI\Alessandro Guzzini et al. - 2020 - Low temperature district heating An expert opinio.pdf,,,,,,,,,,,,,,,,,,,,,,,,,,,,,,,,,,,,,,,,,,,,,,,,,
25EJDLGB,journalArticle,2020,Maria Jangsten; Peter Filipsson; Torbjörn Lindholm; Jan-Olof Dalenbäck,High temperature district cooling: challenges and possibilities based on an existing district cooling system and its connected buildings,,,,10.1016/j.energy.2020.117407,https://www.sciencedirect.com/science/article/pii/S0360544220305144,,2020,7/18/2023 15:39,7/18/2023 15:39,,,,,,,,,,,,,,,,,,,,,,Publisher: Elsevier BV,,C:\Users\yuhang.zhang\Zotero\storage\HLJ6NQ38\Maria Jangsten et al. - 2020 - High temperature district cooling challenges and .pdf,,,,,,,,,,,,,,,,,,,,,,,,,,,,,,,,,,,,,,,,,,,,,,,,,
H28Q9GB8,journalArticle,2020,Anna Volkova; Igor Krupenski; Aleksandr Ledvanov; Aleksandr Hlebnikov; Kertu Lepiksaar; Eduard Latõšov; Vladislav Mašatin,Energy cascade connection of a low-temperature district heating network to the return line of a high-temperature district heating network,,,,10.1016/j.energy.2020.117304,https://www.sciencedirect.com/science/article/pii/S0360544220304114,,2020,7/18/2023 15:39,7/18/2023 15:39,,,,,,,,,,,,,,,,,,,,,,Publisher: Elsevier BV,,C:\Users\yuhang.zhang\Zotero\storage\DF92MMMI\Anna Volkova et al. - 2020 - Energy cascade connection of a low-temperature dis.pdf,,,,,,,,,,,,,,,,,,,,,,,,,,,,,,,,,,,,,,,,,,,,,,,,,
EMXSDBA8,journalArticle,2020,Antonio Garrido Marijuan; Roberto Garay; Mikel Lumbreras; Víctor Sánchez; Olga Macias; Juan Perez Sainz De Rozas,Economic comparison of low-temperature and ultra-low-temperature district heating for new building developments with low heat demand densities in Germany,,,,10.3390/proceedings2020065008,https://journals.aau.dk/index.php/sepm/article/view/2022,,2020,7/18/2023 15:39,7/18/2023 15:39,,,,,,,,,,,,,,,,,,,,,,Publisher: MDPI,,C:\Users\yuhang.zhang\Zotero\storage\UVLI6NU8\Antonio Garrido Marijuan et al. - 2020 - Economic comparison of low-temperature and ultra-l.pdf,,,,,,,,,,,,,,,,,,,,,,,,,,,,,,,,,,,,,,,,,,,,,,,,,
QCG9BPLP,journalArticle,2020,Helge Averfalk; Sven Werner,Economic benefits of fourth generation district heating,,,,10.1016/j.energy.2019.116727,https://www.sciencedirect.com/science/article/pii/S0360544219324223,,2020,7/18/2023 15:39,7/18/2023 15:39,,,,,,,,,,,,,,,,,,,,,,Publisher: Elsevier BV,,C:\Users\yuhang.zhang\Zotero\storage\9LPSFREP\Helge Averfalk and Sven Werner - 2020 - Economic benefits of fourth generation district he.pdf,,,,,,,,,,,,,,,,,,,,,,,,,,,,,,,,,,,,,,,,,,,,,,,,,
J4W2YD3Q,journalArticle,2020,Søren Djørup; Karl Sperling; Steffen Nielsen; Poul Alborg Østergaard; Jakob Zinck Thellufsen; Peter Sorknæs; Henrik Lund; David Drysdale,"District heating tariffs, economic optimisation and local strategies during radical technological change",,,,10.3390/en13051172,https://www.mdpi.com/1996-1073/13/5/1172,,2020,7/18/2023 15:39,7/18/2023 15:39,,,,,,,,,,,,,,,,,,,,,,Publisher: MDPI AG,,"C:\Users\yuhang.zhang\Zotero\storage\UWMC6X2G\Søren Djørup et al. - 2020 - District heating tariffs, economic optimisation an.pdf",,,,,,,,,,,,,,,,,,,,,,,,,,,,,,,,,,,,,,,,,,,,,,,,,
J5B4N2HR,journalArticle,2020,Maria Jangsten; Torbjörn Lindholm; Jan-Olof Dalenbäck,Analysis of operational data from a district cooling system and its connected buildings,,,,10.1016/j.energy.2020.117844,https://www.sciencedirect.com/science/article/pii/S0360544220309518,,2020,7/18/2023 15:39,7/18/2023 15:39,,,,,,,,,,,,,,,,,,,,,,Publisher: Elsevier BV,,C:\Users\yuhang.zhang\Zotero\storage\LERXK83H\Maria Jangsten et al. - 2020 - Analysis of operational data from a district cooli.pdf,,,,,,,,,,,,,,,,,,,,,,,,,,,,,,,,,,,,,,,,,,,,,,,,,
3XB3IU2Y,journalArticle,2020,John Holoubek; Mingyu Yu; Sicen Yu; Minqian Li; Zhaohui Wu; Dawei Xia; Pranjal Bhaladhare; Matthew S. Gonzalez; Tod A. Pascal; Ping Liu; Zheng Chen,An all-fluorinated ester electrolyte for stable high-voltage Li metal batteries capable of ultra-low-temperature operation,,,,10.1021/acsenergylett.0c00643,https://pubs.acs.org/doi/abs/10.1021/acsenergylett.0c00643,,2020,7/18/2023 15:39,7/18/2023 15:39,,,,,,,,,,,,,,,,,,,,,,Publisher: American Chemical Society (ACS),,C:\Users\yuhang.zhang\Zotero\storage\FNHFHLWM\John Holoubek et al. - 2020 - An all-fluorinated ester electrolyte for stable hi.pdf,,,,,,,,,,,,,,,,,,,,,,,,,,,,,,,,,,,,,,,,,,,,,,,,,
BHYFGKJS,journalArticle,2020,Pei Huang; Benedetta Copertaro; Xingxing Zhang; Jingchun Shen; Isabelle Löfgren; Mats Rönnelid; Jan Fahlen; Dan Andersson; Mikael Svanfeldt,A review of data centers as prosumers in district energy systems: Renewable energy integration and waste heat reuse for district heating,,,,10.1016/j.apenergy.2019.114109,https://www.sciencedirect.com/science/article/pii/S0306261919317969,,2020,7/18/2023 15:39,7/18/2023 15:39,,,,,,,,,,,,,,,,,,,,,,Publisher: Elsevier BV,,C:\Users\yuhang.zhang\Zotero\storage\L8P4NDGR\Pei Huang et al. - 2020 - A review of data centers as prosumers in district .pdf,,,,,,,,,,,,,,,,,,,,,,,,,,,,,,,,,,,,,,,,,,,,,,,,,
S5GAPPYJ,journalArticle,2020,Cui Wei,5G-oriented IoT coverage enhancement and physical education resource management,,,,10.1016/j.micpro.2020.103366,https://www.sciencedirect.com/science/article/pii/S0141933120305056,,2020,7/18/2023 15:39,7/18/2023 15:39,,,,,,,,,,,,,,,,,,,,,,Publisher: Elsevier BV,,C:\Users\yuhang.zhang\Zotero\storage\Y3W77ZFW\Cui Wei - 2020 - 5G-oriented IoT coverage enhancement and physical .pdf,,,,,,,,,,,,,,,,,,,,,,,,,,,,,,,,,,,,,,,,,,,,,,,,,
EZHL65J8,journalArticle,2019,"Guelpa, Elisa; Verda, Vittorio",Thermal energy storage in district heating and cooling systems: A review,Applied Energy,,0306-2619,10.1016/j.apenergy.2019.113474,https://www.sciencedirect.com/science/article/pii/S0306261919311481,"Thermal storage facilities ensure a heat reservoir for optimally tackling dynamic characteristics of district heating systems: heat and electricity demand evolution, changes of energy prices, intermittent nature of renewable sources, extreme wheatear conditions, malfunctions in the systems. The present review paper explores the implementation of thermal energy storage in district heating and cooling systems. Both short-term and long-term storages are considered highlighting their potential in combination with district heating. Connections of sensible, latent (phase change material) and chemical heat storage are analyzed taking into account the research maturity of each type technology. The transition of current energy systems towards next generation district heating, and sustainable multi energy networks is considered. Performance assessment by using proper thermodynamic indicators and costs are investigated. Further addressed topics include the use of heat capacity of the network and the buildings connected to the system to store energy. The main issues currently limiting the diffusion of daily and seasonal thermal storage and the main research paths are discussed.",10/15/2019,4/4/2023 8:50,7/18/2023 15:44,4/4/2023 8:50,113474,,,252,,Applied Energy,Thermal energy storage in district heating and cooling systems,,,,,,,en,,,,,ScienceDirect,,,,C:\Users\yuhang.zhang\Zotero\storage\MGFV44A4\Guelpa 和 Verda - 2019 - Thermal energy storage in district heating and coo.pdf,,,,,,,,,,,,,,,,,,,,,,,,,,,,,,,,,,,,,,,,,,,,,,,,,
NMEXAL2B,journalArticle,2019,"Cox, Sam J.; Kim, Dongsu; Cho, Heejin; Mago, Pedro",Real time optimal control of district cooling system with thermal energy storage using neural networks,Applied Energy,,0306-2619,10.1016/j.apenergy.2019.01.093,https://www.sciencedirect.com/science/article/pii/S0306261919300911,"Thermal energy storage can be utilized as an effective component in energy systems to maximize cost savings when time-of-use (TOU) pricing or real-time pricing (RTP) is in place. This study proposes a novel approach that can effectively predict performance and determine control strategy of thermal energy storage (i.e., ice storage) in a district cooling system. The proposed approach utilizes Neural Network (NN) based model predictive control (MPC) strategy coupled with a genetic algorithm (GA) optimizer and examines the effectiveness of using a NN model for a district cooling system with ice storage. The NN offers a relatively fast performance estimation of a district cooling system with given external inputs. To simulate the proposed MPC controller, a physics-based model of the district cooling system is first developed and validated to act as a virtual plant for the controller to communicate system states in real times. Next, the NN modeling the plant is developed and trained during a cooling period so that the control strategy is tested under the RTP and TOU pricing. This model is optimized using the GA due to the on/off controls for the district cooling network. Finally, a thermal load prediction algorithm is integrated to test under perfect weather inputs and weather forecasts by considering 1-hour discretization in the MPC scheme. Results indicate that for the month of August, the optimal control scheme can effectively adapt to varying loads and varying prices to effectively reduce operating costs of the district cooling network by approximately 16% and 13% under the TOU pricing and the RTP, respectively.",3/15/2019,4/5/2023 18:43,7/18/2023 15:45,4/5/2023 18:43,466-480,,,238,,Applied Energy,,,,,,,,en,,,,,ScienceDirect,,,,C:\Users\yuhang.zhang\Zotero\storage\GQPKJIYD\Cox 等 - 2019 - Real time optimal control of district cooling syst.pdf,,,,,,,,,,,,,,,,,,,,,,,,,,,,,,,,,,,,,,,,,,,,,,,,,
XBQ7RJ97,journalArticle,2019,"Lyden, Andrew; Tuohy, Paul",A methodology for designing decentralised energy systems with predictive control for heat pumps and thermal storage,E3S Web of Conferences,,2267-1242,10.1051/e3sconf/201911106014,https://www.e3s-conferences.org/articles/e3sconf/abs/2019/37/e3sconf_clima2019_06014/e3sconf_clima2019_06014.html,"Decentralised energy systems provide the potential for adding energy system flexibility by separating demand/supply dynamics with demand side management and storage technologies. They also offer an opportunity for implementing technologies which enable sector coupling benefits, for example, heat pumps with controls set to use excess wind power generation. Gaps in this field relating to planning-level modelling tools have previously been identified: thermal characteristic modelling for thermal storage and advanced options for control. This paper sets out a methodology for modelling decentralised energy systems including heat pumps and thermal storage with the aim of assisting planning-level design. The methodology steps consist of: 1) thermal and electrical demand and local resource assessment methods, 2) energy production models for wind turbines, PV panels, fuel generators, heat pumps, and fuel boilers, 3) bi-directional energy flow models for simple electrical storage, hot water tank thermal storage with thermal characteristics, and a grid-connection, 4) predictive control strategy minimising electricity cost using a 24-hour lookahead, and 5) modelling outputs. Contributions to the identified gaps are examined by analysing the sensible thermal storage model with thermal characteristics and the use of the predictive control. Future extensions and applications of the methodology are discussed.",2019,4/6/2023 1:00,7/18/2023 15:45,4/6/2023 1:00,6014,,,111,,E3S Web Conf.,,,,,,,,en,"© The Authors, published by EDP Sciences, 2019",,,,www.e3s-conferences.org,,Publisher: EDP Sciences,,C:\Users\yuhang.zhang\Zotero\storage\YWX94B9B\Lyden and Tuohy - 2019 - A methodology for designing decentralised energy s.pdf,,,,,,,,,,,,,,,,,,,,,,,,,,,,,,,,,,,,,,,,,,,,,,,,,
DSNHWYAC,journalArticle,2019,"Eveloy, Valerie; Ayou, Dereje S.","Sustainable District Cooling Systems: Status, Challenges, and Future Opportunities, with Emphasis on Cooling-Dominated Regions",Energies,,1996-1073,10.3390/en12020235,https://www.mdpi.com/1996-1073/12/2/235,"A review of current and future district cooling (DC) technologies, operational, economic, and environmental aspects, and analysis and optimization methodologies is presented, focusing on the demands of cooling-dominated regions. Sustainable energy sources (i.e., renewable, waste/excess electricity and heat, natural/artificial cold) and cooling/storage technology options with emphasis on heat-driven refrigeration, and their integrations in published DC design and analysis studies are reviewed. Published DC system analysis, modeling, and optimization methodologies are analyzed in terms of their objectives, scope, sustainability-related criteria, and key findings. The current and future development of DC in the Gulf Cooperation Council (GCC) region, a major developing cooling-dominated market, is examined more specifically in terms of current and future energy sources and their use, and economic, environmental, and regulatory aspects, with potential technical and non-technical solutions identified to address regional DC sustainability challenges. From the review of published DC design and analysis studies presented, collective research trends in key thematic areas are analyzed, with suggested future research themes proposed towards the sustainability enhancement of DC systems in predominantly hot climates.",2019-01,4/5/2023 17:54,7/18/2023 15:44,4/5/2023 17:54,235,,2,12,,,Sustainable District Cooling Systems,,,,,,,en,http://creativecommons.org/licenses/by/3.0/,,,,www.mdpi.com,,Number: 2 Publisher: Multidisciplinary Digital Publishing Institute,,"C:\Users\yuhang.zhang\Zotero\storage\GJQ7JI6V\Eveloy 和 Ayou - 2019 - Sustainable District Cooling Systems Status, Chal.pdf",,,,,,,,,,,,,,,,,,,,,,,,,,,,,,,,,,,,,,,,,,,,,,,,,
BXFRZDBU,journalArticle,2019,"Arabkoohsar, A.",Non-uniform temperature district heating system with decentralized heat pumps and standalone storage tanks,ENERGY,,0360-5442,10.1016/j.energy.2018.12.209,,,3/1/2019,3/7/2023 3:38,7/18/2023 15:45,,931-941,,,170,,,,,,,,,,,,,,,,,,,C:\Users\yuhang.zhang\Zotero\storage\EXN86Z96\Arabkoohsar - 2019 - Non-uniform temperature district heating system wi.pdf,,,,,,,,,,,,,,,,,,,,,,,,,,,,,,,,,,,,,,,,,,,,,,,,,
QJJ6D3XQ,journalArticle,2019,"von Rhein, Justus; Henze, Gregor P.; Long, Nicholas; Fu, Yangyang",Development of a topology analysis tool for fifth-generation district heating and cooling networks,Energy Conversion and Management,,0196-8904,10.1016/j.enconman.2019.05.066,https://www.sciencedirect.com/science/article/pii/S0196890419306211,"Fifth generation district heating and cooling networks are characterized by supply temperatures in the ambient range of 15–25 °C, which not only reduces heat loss but also allows for integrating various kinds of low-temperature waste heat sources. The ability of these networks to absorb waste heat that is normally unrecoverable makes them an attractive solution for the future energy supply of urban areas. To enhance the adoption of these networks, this paper describes the development of a software tool to analyze the feasibility of fifth-generation of district heating and cooling systems in both new and existing districts. The research attempts to answer the question: ”Which buildings should be connected to a low-temperature hydraulic network given both the incremental benefits and costs relative to the scenario of decentralized (dedicated) heating and cooling systems for each building?” Therefore, all possible network layouts of the buildings are considered where the heating and cooling demands of each building are met by the fifth-generation of district heating and cooling network. For the heating and cooling load characterization of the buildings, reduced-order models are used while renewable energy and waste heat sources are included in the network. The focus of the research lies in the development of a hydraulic model for flexible use in the urban energy modeling and the optimization of the fifth-generation of district heating and cooling network topology for a given urban district. Simulation results quantify the performance of the fifth-generation of district heating and cooling network based on various output metrics, including primary energy usage, carbon dioxide emissions, and network implementation cost.",9/15/2019,4/5/2023 6:37,7/18/2023 15:44,4/5/2023 6:37,705-716,,,196,,Energy Conversion and Management,,,,,,,,en,,,,,ScienceDirect,,,,C:\Users\yuhang.zhang\Zotero\storage\8MJVTXNW\von Rhein et al. - 2019 - Development of a topology analysis tool for fifth-.pdf; C:\Users\yuhang.zhang\Zotero\storage\ZKPY3SUG\von Rhein 等 - 2019 - Development of a topology analysis tool for fifth-.pdf; C:\Users\yuhang.zhang\Zotero\storage\7HH3D77B\S0196890419306211.html,,,Fifth-generation district heating and cooling systems; Hydraulic network modeling; Topology analysis,,,,,,,,,,,,,,,,,,,,,,,,,,,,,,,,,,,,,,,,,,,,,,
XWU44DJZ,journalArticle,2019,"Wirtz, Marco; Kivilip, Lukas; Remmen, Peter; Müller, Dirk",Bidirectional low temperature networks in urban districts: A novel design methodology based on mathematical optimization,Journal of Physics: Conference Series,,1742-6596,10.1088/1742-6596/1343/1/012111,https://dx.doi.org/10.1088/1742-6596/1343/1/012111,"Bidirectional low temperature networks (BLTN) are a sustainable and energy efficient concept to supply urban districts with heating and cooling. In this work, we present a linear program (LP) for designing BLTNs. Based on a superstructure, the optimal energy conversion units are selected and sized for each building connected to the network and an energy hub. The superstructure of HVAC systems in buildings comprises heat pumps, electric boilers, thermal storages, compression chillers, cooling towers and heat exchangers for direct cooling with the BLTN. Within a case study, the LP is applied to a district with 17 buildings on a research campus in Germany. The performance of the BLTN is compared to a heating and cooling supply by individual HVAC systems for each building. With a BLTN, the total annualized costs can be reduced by 42 % and the CO2 emissions by 56 %, compared to stand-alone HVAC systems.",2019-11,4/6/2023 1:03,7/18/2023 15:44,4/6/2023 1:03,12111,,1,1343,,J. Phys.: Conf. Ser.,Bidirectional low temperature networks in urban districts,,,,,,,en,,,,,Institute of Physics,,Publisher: IOP Publishing,,C:\Users\yuhang.zhang\Zotero\storage\S7DMZWR8\Wirtz et al. - 2019 - Bidirectional low temperature networks in urban di.pdf,,,,,,,,,,,,,,,,,,,,,,,,,,,,,,,,,,,,,,,,,,,,,,,,,
P9SKU235,journalArticle,2019,"Saelens, Dirk; De Jaeger, Ina; Bünning, Felix; Mans, Michael; Vandermeulen, Annelies; Van der Heijde, Bram; Garreau, Enora; Maccarini, Alessandro; Rønneseth, Øystein; Sartori, Igor; Helsen, Lieve",Towards a DESTEST,Proceedings of Building Simulation 2019,,,10.26868/25222708.2019.210806,,"This paper presents the first steps towards a DistrictEnergy Simulation Test (DESTEST), which is part of IBPSA Project 1. The goal is to develop a test sequel for district energy simulations, inspired by principles of the BESTEST. It aims at providing a means to validate District Energy System models. The description of the DESTEST cases and the simulation results of extensively verified models will be available as a reference for verification. By presenting the research plan, goal and first results, the district energy simulation community is informed about the project’s intentions, offering a chance for feedback and collaboration.",2019,4/6/2023 0:46,7/18/2023 15:45,,3569-3577,,,,,,,Building Simulation Conference proceedings,,,,,,,,,,,Aalborg University's Research Portal,,Publisher: IBPSA,,C:\Users\yuhang.zhang\Zotero\storage\YCMN54U7\Saelens et al. - 2019 - Towards a DESTEST.pdf,,,,,,,,,,,,,,,,,,,,,,,,,,,,,,,,,,,,,,,,,,,,,,,,,
JF2CJVIV,journalArticle,2019,"Inayat, Abrar; Raza, Mohsin",District cooling system via renewable energy sources: A review,Renewable and Sustainable Energy Reviews,,1364-0321,10.1016/j.rser.2019.03.023,https://www.sciencedirect.com/science/article/pii/S1364032119301649,"According to different studies, building sector consumes around 40% of the total energy produced and it is responsible for a major portion of the greenhouse gas (GHG) emissions. A significant share of this energy consumption is used for cooling and heating purposes. District cooling system (DCS) has been widely used to provide the necessary cooling comfort in residential, industrial and commercial buildings because of its low cost and high energy efficiency. DCS is a centralized system of supplying the thermal energy in form of chilled water for use in space cooling and dehumidification. In addition, DCS integrated with renewable energy is economically feasible when compared to conventional cooling systems. The purpose of this review is to present the possible potential of DCS with different renewable energy technologies. The most suitable renewable energy technologies that can be integrated with DCS are biomass energy, solar thermal energy, geothermal energy, surface water energy, solar photovoltaic energy, and waste heat energy. The conclusions obtained from the six contexts showed that the DCS has strong budding with these renewable energies to supply sustainable and clean cooling energy options in the future world.",6/1/2019,4/5/2023 6:28,7/18/2023 15:45,4/5/2023 6:28,360-373,,,107,,Renewable and Sustainable Energy Reviews,District cooling system via renewable energy sources,,,,,,,en,,,,,ScienceDirect,,,,C:\Users\yuhang.zhang\Zotero\storage\C97NZQED\Inayat 和 Raza - 2019 - District cooling system via renewable energy sourc.pdf; C:\Users\yuhang.zhang\Zotero\storage\IZ3LBWXT\S1364032119301649.html,,,,,,,,,,,,,,,,,,,,,,,,,,,,,,,,,,,,,,,,,,,,,,,,,
YR7JSSEJ,journalArticle,2019,"Buffa, Simone; Cozzini, Marco; D’Antoni, Matteo; Baratieri, Marco; Fedrizzi, Roberto",5th generation district heating and cooling systems: A review of existing cases in Europe,Renewable and Sustainable Energy Reviews,,13640321,10.1016/j.rser.2018.12.059,https://linkinghub.elsevier.com/retrieve/pii/S1364032118308608,"This article investigates 40 thermal networks in operation in Europe that are able to cover both the heating and cooling demands of buildings by means of distributed heat pumps installed at the customer substations. The technology of thermal networks that work at a temperature close to the ground, can strongly contribute to the decarbonisation of the heating and cooling sector and furthermore exploit a multitude of low temperature heat sources. Nevertheless, the nomenclature used in literature shows that misinterpretations could easily result when comparing the different concepts of thermal networks that operate at a temperature level lower than traditional district heating. The scope of this work is to revise the definitions encountered and to introduce an unambiguous definition of Fifth-Generation District Heating and Cooling networks. A drawback-benefit analysis is presented to identify the pros and cons of such technology. The survey on the current networks shows that on average three Fifth-Generation District Heating and Cooling systems per year have entered the heating and cooling market in the last decade. Pioneer countries in such technology are Germany and Switzerland. For some networks, the assessed Linear Heating Power Demand Density results are lower than the feasibility threshold adopted in traditional district heating. High performances and low non-renewable primary energy factors are achieved in systems that exploit a very high share of renewable or urban excess heat sources. With respect to traditional district heating, the surveyed pumping energy consumptions result one order of magnitude higher, whereas the implemented control strategies can be completely different, leading the network temperature to float freely.",2019-04,2/7/2023 1:01,7/18/2023 15:45,1/9/2023 17:40,504-522,,,104,,Renewable and Sustainable Energy Reviews,5th generation district heating and cooling systems,,,,,,,en,,,,,DOI.org (Crossref),,277 citations (Crossref) [2023-03-05],,C:\Users\yuhang.zhang\Zotero\storage\QLLLBYIG\Buffa et al. - 2019 - 5th generation district heating and cooling system.pdf,,Read; 5GDHC; Important,,,,,,,,,,,,,,,,,,,,,,,,,,,,,,,,,,,,,,,,,,,,,,,
KQFM4NVK,journalArticle,2019,"Franzén, Ida; Nedar, Linnéa; Andersson, Maria",Environmental Comparison of Energy Solutions for Heating and Cooling,Sustainability,,2071-1050,10.3390/su11247051,https://www.mdpi.com/2071-1050/11/24/7051,"Humanity faces several environmental challenges today. The planet has limited resources, and it is necessary to use these resources effectively. This paper examines the environmental impact of three energy solutions for the heating and cooling of buildings. The solutions are conventional district heating and cooling, a smart energy solution for heating and cooling (ectogrid™), and geothermal energy. The ectogrid™ balances energy flows with higher and lower temperatures to reduce the need for supplied energy. The three solutions have been studied for Medicon Village, which is a district in the city of Lund in Sweden. The study shows that the energy use for the conventional system is 12,250 MWh for one year, and emissions are 590 tons of CO2 equivalents. With ectogrid™, the energy use is reduced by 61%, and the emissions are reduced by 12%, compared to the conventional system. With geothermal energy, the energy use is reduced by 70%, and the emissions by 20%. An analysis is also made in a European context, with heating based on natural gas and cooling based on air conditioners. The study shows that the environmental impact would decrease considerably by replacing the carbon dioxide intensive solution with ectogrid™ or geothermal energy.",2019-01,4/6/2023 19:57,7/18/2023 15:45,4/6/2023 19:57,7051,,24,11,,,,,,,,,,en,http://creativecommons.org/licenses/by/3.0/,,,,www.mdpi.com,,Number: 24 Publisher: Multidisciplinary Digital Publishing Institute,,C:\Users\yuhang.zhang\Zotero\storage\2JRGYY6N\Franzén et al. - 2019 - Environmental Comparison of Energy Solutions for H.pdf,,5GDHC,building energy solutions; district-heating system; ectogrid; geothermal energy; heat pump; smart energy systems,,,,,,,,,,,,,,,,,,,,,,,,,,,,,,,,,,,,,,,,,,,,,,
WBVD43UJ,journalArticle,2019,Mikel Lumbreras Mugaguren; Roberto Garay Martínez; Víctor Sánchez Zabala; Kasper Korsholm Østergaard; Matteo Caramaschi,Triple function substation and high-efficiency micro booster heat pump for Ultra Low Temperature District Heating,,,,10.1088/1757-899x/609/5/052008,https://iopscience.iop.org/article/10.1088/1757-899X/609/5/052008/meta,,2019,7/18/2023 15:39,7/18/2023 15:39,,,,,,,,,,,,,,,,,,,,,,Publisher: IOP Publishing,,C:\Users\yuhang.zhang\Zotero\storage\9KAGHF93\Mikel Lumbreras Mugaguren et al. - 2019 - Triple function substation and high-efficiency mic.pdf,,,,,,,,,,,,,,,,,,,,,,,,,,,,,,,,,,,,,,,,,,,,,,,,,
IIKRVTEQ,journalArticle,2019,Z. Ullah; G. Mokryani; B. Khan; I. Khan; C. A. Mehmood; S. M. Ali,Smart grid block-chain (BC) conceptual framework: Bi-directional models for renewable energy district and utility,,,,10.1109/icet48972.2019.8994500,https://ieeexplore.ieee.org/abstract/document/8994500/,,2019,7/18/2023 15:39,7/18/2023 15:39,,,,,,,,,,,,,,,,,,,,,,Publisher: IEEE,,,,,,,,,,,,,,,,,,,,,,,,,,,,,,,,,,,,,,,,,,,,,,,,,,,
D4WMAM6K,journalArticle,2019,Sahibzada Muhammad Ali; Zahid Ullah; Geev Mokryani; Bilal Khan; Iqrar Hussain; Chaudhry Arshad Mehmood; Umar Farid; Muhammad Jawad,Smart grid and energy district mutual interactions with demand response programs,,,,10.1049/iet-esi.2019.0032,https://ietresearch.onlinelibrary.wiley.com/doi/abs/10.1049/iet-esi.2019.0032,,2019,7/18/2023 15:39,7/18/2023 15:39,,,,,,,,,,,,,,,,,,,,,,Publisher: Institution of Engineering and Technology (IET),,C:\Users\yuhang.zhang\Zotero\storage\NYV43GRI\Sahibzada Muhammad Ali et al. - 2019 - Smart grid and energy district mutual interactions.pdf,,,,,,,,,,,,,,,,,,,,,,,,,,,,,,,,,,,,,,,,,,,,,,,,,
TCD7PBN5,journalArticle,2019,Anna Volkova; Igor Krupenski; Henrik Pieper; Aleksandr Ledvanov; Eduard Latõšov; Andres Siirde,Small low-temperature district heating network development prospects,,,,10.1016/j.energy.2019.04.083,https://www.sciencedirect.com/science/article/pii/S0360544219307169,,2019,7/18/2023 15:39,7/18/2023 15:39,,,,,,,,,,,,,,,,,,,,,,Publisher: Elsevier BV,,C:\Users\yuhang.zhang\Zotero\storage\XZF69F6F\Anna Volkova et al. - 2019 - Small low-temperature district heating network dev.pdf,,,,,,,,,,,,,,,,,,,,,,,,,,,,,,,,,,,,,,,,,,,,,,,,,
YAZZQMFY,journalArticle,2019,Şiir Kılkış; Goran Krajačić; Neven Duić; Luca Montorsi; Qiuwang Wang; Marc A. Rosen; Moh'd Ahmad Al-Nimr,"Research frontiers in sustainable development of energy, water and environment systems in a time of climate crisis",,,,10.1016/j.enconman.2019.111938,https://www.sciencedirect.com/science/article/pii/S019689041930929X,,2019,7/18/2023 15:39,7/18/2023 15:39,,,,,,,,,,,,,,,,,,,,,,Publisher: Elsevier BV,,C:\Users\yuhang.zhang\Zotero\storage\AXR235MX\Şiir Kılkış et al. - 2019 - Research frontiers in sustainable development of e.pdf,,,,,,,,,,,,,,,,,,,,,,,,,,,,,,,,,,,,,,,,,,,,,,,,,
IGGG4A9D,journalArticle,2019,Bram van der Heijde; Annelies Vandermeulen; Robbe Salenbien; Lieve Helsen,Representative days selection for district energy system optimisation: a solar district heating system with seasonal storage,,,,10.1016/j.apenergy.2019.04.030,https://www.sciencedirect.com/science/article/pii/S0306261919306622,,2019,7/18/2023 15:39,7/18/2023 15:39,,,,,,,,,,,,,,,,,,,,,,Publisher: Elsevier BV,,C:\Users\yuhang.zhang\Zotero\storage\S5G5K4MJ\Bram van der Heijde et al. - 2019 - Representative days selection for district energy .pdf,,,,,,,,,,,,,,,,,,,,,,,,,,,,,,,,,,,,,,,,,,,,,,,,,
NDVYAGRU,journalArticle,2019,Z.Y. Xu; R.Z. Wang; Chun Yang,Perspectives for low-temperature waste heat recovery,,,,10.1016/j.energy.2019.04.001,https://www.sciencedirect.com/science/article/pii/S0360544219306140,,2019,7/18/2023 15:39,7/18/2023 15:39,,,,,,,,,,,,,,,,,,,,,,Publisher: Elsevier BV,,C:\Users\yuhang.zhang\Zotero\storage\TXZ2QRWG\Z.Y. Xu et al. - 2019 - Perspectives for low-temperature waste heat recove.pdf,,,,,,,,,,,,,,,,,,,,,,,,,,,,,,,,,,,,,,,,,,,,,,,,,
2ZKC3EQQ,journalArticle,2019,Mohammad Sameti; Fariborz Haghighat,Optimization of 4th generation distributed district heating system: Design and planning of combined heat and power,,,,10.1016/j.renene.2018.06.068,https://www.sciencedirect.com/science/article/pii/S0960148118307201,,2019,7/18/2023 15:39,7/18/2023 15:39,,,,,,,,,,,,,,,,,,,,,,Publisher: Elsevier BV,,C:\Users\yuhang.zhang\Zotero\storage\4YKKTUA8\Mohammad Sameti and Fariborz Haghighat - 2019 - Optimization of 4th generation distributed distric.pdf,,,,,,,,,,,,,,,,,,,,,,,,,,,,,,,,,,,,,,,,,,,,,,,,,
G3YKFRSQ,conferencePaper,2019,"Rogers, Ryan; Lakhian, Vickram; Lightstone, Marilyn; Cotton, James S.",Modeling of Low Temperature Thermal Networks Using Historical Building Data from District Energy Systems,,,,10.3384/ecp19157543,https://ep.liu.se/en/conference-article.aspx?series=ecp&issue=157&Article_No=55,A Modelica library for modelling and comparing District Energy Systems (DES) and Low Temperature Thermal Networks (LTTN) has been developed. The library consists of six unique models and a series of replaceable sub-models that allow for different scenarios for thermal energy generation. The fluid transport model and losses have been tuned using an empirical data set of a district energy system in operation.,2/1/2019,3/19/2023 22:02,7/18/2023 15:58,3/19/2023 22:02,543-550,,,,,,,,,,,,,en,,,,,DOI.org (Crossref),,,,C:\Users\yuhang.zhang\Zotero\storage\3LWGYBPC\Rogers 等 - 2019 - Modeling of Low Temperature Thermal Networks Using.pdf,,,,,,,,,,,,,,,,,,,,,,,,,,,,,,,,,,"The 13th International Modelica Conference, Regensburg, Germany, March 4–6, 2019",,,,,,,,,,,,,,,
IFEX39WK,journalArticle,2019,van der Heijde; Annelies Vandermeulen; Salenbien; Helsen,Integrated optimal design and control of fourth generation district heating networks with thermal energy storage,,,,10.3390/en12142766,https://www.mdpi.com/1996-1073/12/14/2766,,2019,7/18/2023 15:39,7/18/2023 15:39,,,,,,,,,,,,,,,,,,,,,,Publisher: MDPI AG,,C:\Users\yuhang.zhang\Zotero\storage\P2RCTTDY\van der Heijde et al. - 2019 - Integrated optimal design and control of fourth ge.pdf,,,,,,,,,,,,,,,,,,,,,,,,,,,,,,,,,,,,,,,,,,,,,,,,,
UPNFJSJ4,journalArticle,2019,Mohammad Sameti; Fariborz Haghighat,Hybrid solar and heat-driven district cooling system: Optimal integration and control strategy,,,,10.1016/j.solener.2019.03.034,https://www.sciencedirect.com/science/article/pii/S0038092X19302609,,2019,7/18/2023 15:39,7/18/2023 15:39,,,,,,,,,,,,,,,,,,,,,,Publisher: Elsevier BV,,C:\Users\yuhang.zhang\Zotero\storage\LGUFQ34E\Mohammad Sameti and Fariborz Haghighat - 2019 - Hybrid solar and heat-driven district cooling syst.pdf,,,,,,,,,,,,,,,,,,,,,,,,,,,,,,,,,,,,,,,,,,,,,,,,,
BFGH9ZLJ,journalArticle,2019,M. Saufi Sulaiman; B. Singh; W.A.N.W. Mohamed,Experimental and theoretical study of thermoelectric generator waste heat recovery model for an ultra-low temperature PEM fuel cell powered vehicle,,,,10.1016/j.energy.2019.05.022,https://www.sciencedirect.com/science/article/pii/S0360544219308850,,2019,7/18/2023 15:39,7/18/2023 15:39,,,,,,,,,,,,,,,,,,,,,,Publisher: Elsevier BV,,C:\Users\yuhang.zhang\Zotero\storage\IJCETJHP\M. Saufi Sulaiman et al. - 2019 - Experimental and theoretical study of thermoelectr.pdf,,,,,,,,,,,,,,,,,,,,,,,,,,,,,,,,,,,,,,,,,,,,,,,,,
5W8GUPRP,journalArticle,2019,Y. Zhao; X. Tong; X.H. Wei; S.S. Xu; S. Lan; X.-L. Wang; Z.W. Zhang,Effects of microstructure on crack resistance and low-temperature toughness of ultra-low carbon high strength steel,,,,10.1016/j.ijplas.2019.01.004,https://www.sciencedirect.com/science/article/pii/S0749641918306521,,2019,7/18/2023 15:39,7/18/2023 15:39,,,,,,,,,,,,,,,,,,,,,,Publisher: Elsevier BV,,C:\Users\yuhang.zhang\Zotero\storage\S4SGR9E4\Y. Zhao et al. - 2019 - Effects of microstructure on crack resistance and .pdf,,,,,,,,,,,,,,,,,,,,,,,,,,,,,,,,,,,,,,,,,,,,,,,,,
Z2JG3F6V,journalArticle,2019,Dorte Skaarup Østergaard; Svend Svendsen,Costs and benefits of preparing existing Danish buildings for low-temperature district heating,,,,10.1016/j.energy.2019.03.186,https://www.sciencedirect.com/science/article/pii/S0360544219306061,,2019,7/18/2023 15:39,7/18/2023 15:39,,,,,,,,,,,,,,,,,,,,,,Publisher: Elsevier BV,,C:\Users\yuhang.zhang\Zotero\storage\H3IKILDX\Dorte Skaarup Østergaard and Svend Svendsen - 2019 - Costs and benefits of preparing existing Danish bu.pdf,,,,,,,,,,,,,,,,,,,,,,,,,,,,,,,,,,,,,,,,,,,,,,,,,
JIGJAT68,journalArticle,2019,Ieva Pakere; Dagnija Blumberga,Comparison of low-temperature district heating concepts in a long-term energy system perspective,,,,10.2478/rtuect-2019-0085,https://vbn.aau.dk/en/publications/comparison-of-low-temperature-district-heating-concepts-in-a-long,,2019,7/18/2023 15:39,7/18/2023 15:39,,,,,,,,,,,,,,,,,,,,,,Publisher: Walter de Gruyter GmbH,,C:\Users\yuhang.zhang\Zotero\storage\LSTR9XI6\Ieva Pakere and Dagnija Blumberga - 2019 - Comparison of low-temperature district heating con.pdf,,,,,,,,,,,,,,,,,,,,,,,,,,,,,,,,,,,,,,,,,,,,,,,,,
BYTXAMVS,journalArticle,2019,Kristina Lygnerud,Business model changes in district heating: The impact of the technology shift from the third to the fourth generation,,,,10.3390/en12091778,https://www.mdpi.com/1996-1073/12/9/1778,,2019,7/18/2023 15:39,7/18/2023 15:39,,,,,,,,,,,,,,,,,,,,,,Publisher: MDPI AG,,C:\Users\yuhang.zhang\Zotero\storage\X9R54NC7\Kristina Lygnerud - 2019 - Business model changes in district heating The im.pdf,,,,,,,,,,,,,,,,,,,,,,,,,,,,,,,,,,,,,,,,,,,,,,,,,
NYGWY7YD,journalArticle,2019,Aleksandrs Zajacs; Anatolijs Borodiņecs,Assessment of development scenarios of district heating systems,,,,10.1016/j.scs.2019.101540,https://www.sciencedirect.com/science/article/pii/S2210670718322376,,2019,7/18/2023 15:39,7/18/2023 15:39,,,,,,,,,,,,,,,,,,,,,,Publisher: Elsevier BV,,C:\Users\yuhang.zhang\Zotero\storage\RL6C5BZY\Aleksandrs Zajacs and Anatolijs Borodiņecs - 2019 - Assessment of development scenarios of district he.pdf,,,,,,,,,,,,,,,,,,,,,,,,,,,,,,,,,,,,,,,,,,,,,,,,,
SIWGFVXJ,journalArticle,2019,Millar; Burnside; Yu,An investigation into the limitations of low temperature district heating on traditional tenement buildings in Scotland,,,,10.3390/en12132603,https://www.mdpi.com/1996-1073/12/13/2603,,2019,7/18/2023 15:39,7/18/2023 15:39,,,,,,,,,,,,,,,,,,,,,,Publisher: MDPI AG,,C:\Users\yuhang.zhang\Zotero\storage\EY935LG2\Millar et al. - 2019 - An investigation into the limitations of low tempe.pdf,,,,,,,,,,,,,,,,,,,,,,,,,,,,,,,,,,,,,,,,,,,,,,,,,
FMAI3NAL,journalArticle,2019,Dirk Lenzen; Jingjing Zhao; Sebastian-Johannes Ernst; Mohammad Wahiduzzaman; A. Ken Inge; Dominik Fröhlich; Hongyi Xu; Hans-Jörg Bart; Christoph Janiak; Stefan Henninger; Guillaume Maurin; Xiaodong Zou; Norbert Stock,A metal–organic framework for efficient water-based ultra-low-temperature-driven cooling,,,,10.1038/s41467-019-10960-0,https://www.nature.com/articles/s41467-019-10960-0,,2019,7/18/2023 15:39,7/18/2023 15:39,,,,,,,,,,,,,,,,,,,,,,Publisher: Springer Science and Business Media LLC,,C:\Users\yuhang.zhang\Zotero\storage\CIUYVIWR\Dirk Lenzen et al. - 2019 - A metal–organic framework for efficient water-base.pdf,,,,,,,,,,,,,,,,,,,,,,,,,,,,,,,,,,,,,,,,,,,,,,,,,
46CG9YB8,journalArticle,2019,Stef Boesten; Wilfried Ivens; Stefan C. Dekker; Herman Eijdems,5th generation district heating and cooling systems as a solution for renewable urban thermal energy supply,,,,10.5194/adgeo-49-129-2019,https://adgeo.copernicus.org/articles/49/129/2019/,,2019,7/18/2023 15:39,7/18/2023 15:39,,,,,,,,,,,,,,,,,,,,,,Publisher: Copernicus GmbH,,C:\Users\yuhang.zhang\Zotero\storage\KHJMCEY5\Stef Boesten et al. - 2019 - 5th generation district heating and cooling system.pdf,,,,,,,,,,,,,,,,,,,,,,,,,,,,,,,,,,,,,,,,,,,,,,,,,
JPRCHKBN,journalArticle,2019,I. Hussain; S.M. Ali; B. Khan; Z. Ullah; C.A. Mehmood; M. Jawad; U. Farid; A. Haider,… wind energy management model within smart grid framework: A joint bi-directional service level agreement (SLA) between smart grid and wind energy district …,,,,10.1016/j.renene.2018.11.085,https://www.sciencedirect.com/science/article/pii/S0960148118314046,,2019,7/18/2023 15:39,7/18/2023 15:45,,,,,,,,,,,,,,,,,,,,,,Publisher: Elsevier BV,,C:\Users\yuhang.zhang\Zotero\storage\9V4UTDZ2\I. Hussain et al. - 2019 - … wind energy management model within smart grid f.pdf,,,,,,,,,,,,,,,,,,,,,,,,,,,,,,,,,,,,,,,,,,,,,,,,,
SJYTEQAF,journalArticle,2018,"Bünning, Felix; Wetter, Michael; Fuchs, Marcus; Müller, Dirk",Bidirectional low temperature district energy systems with agent-based control: Performance comparison and operation optimization,Applied Energy,,0306-2619,10.1016/j.apenergy.2017.10.072,https://www.sciencedirect.com/science/article/pii/S0306261917314940,"Bidirectional low temperature networks are a novel concept that promises more efficient heating and cooling of buildings. Early research shows theoretical benefits in terms of exergy efficiency over other technologies. Pilot projects indicate that the concept delivers good performance if heating and cooling demands are diverse. However, the operation of these networks is not yet optimized and there is no quantification of the benefits over other technologies in various scenarios. Moreover, there is a lack of understanding of how to integrate and control multiple distributed heat and cold sources in such networks. Therefore, this paper develops a control concept based on a temperature set point optimization and agent-based control which allows the modular integration of an arbitrary number of sources and consumers. Afterwards, the concept is applied to two scenarios representing neighborhoods in San Francisco and Cologne with different heating and cooling demands and boundary conditions. The performance of the system is then compared to other state-of-the-art heating and cooling solutions using dynamic simulations with Modelica. The results show that bidirectional low temperature networks without optimization produce 26% less emissions in the San Francisco scenario and 63% in the Cologne scenario in comparison to the other heating and cooling solutions. Savings of energy costs are 46% and 27%, and reductions of primary energy consumption 52% and 72%, respectively. The presented operation optimization leads to electricity use reductions of 13% and 41% when compared to networks with free-floating temperature control and the results indicate further potential for improvement. The study demonstrates the advantage of low temperature networks in different situations and introduces a control concept that is extendable for real implementation.",1/1/2018,2/7/2023 1:01,7/18/2023 15:46,1/30/2023 5:55,502-515,,,209,,Applied Energy,Bidirectional low temperature district energy systems with agent-based control,,,,,,,en,,,,,ScienceDirect,,91 citations (Crossref) [2023-02-08],,C:\Users\yuhang.zhang\Zotero\storage\MJ2KPDMT\Bünning et al. - 2018 - Bidirectional low temperature district energy syst.pdf; C:\Users\yuhang.zhang\Zotero\storage\BSNVXP2Q\S0306261917314940.html,,,District heating; Agent-based control; Low temperature network; Modelica; Operation optimization; Urban energy systems,,,,,,,,,,,,,,,,,,,,,,,,,,,,,,,,,,,,,,,,,,,,,,
6XYUWFXM,journalArticle,2018,"Pellegrini, Marco; Bianchini, Augusto",The Innovative Concept of Cold District Heating Networks: A Literature Review,Energies,,1996-1073,10.3390/en11010236,https://www.mdpi.com/1996-1073/11/1/236,"The development of sustainable and innovative solutions for the production and supply of energy at district level is nowadays one of the main technical challenges. In the past, district heating and cooling networks aimed to achieve greater energy efficiency through the centralization of the energy production process but with relevant losses related to heat transport. Moving towards a higher share of renewables and lower demand of primary energy requires redesign of the energy district networks. The novel concept of cold district heating networks aims to combine the advantages of a centralized energy distribution system with low heat losses in energy supply. This combined effect is achieved through the centralized supply of water at relatively low temperatures (in the range 10–25 °C), which is then heated up by decentralized heat pumps. Moreover, cold district heating networks are also very suitable for cooling delivery, since cold water supplying can be directly used for cooling purposes (i.e., free cooling) or to feed decentralized chillers with very high energy efficiency ratio. This paper provides a preliminary literature review of existing cold district heating networks and then qualitatively analyses benefits and drawbacks in comparison with the alternatives currently used to produce heat and cold at district level, including the evaluation of major barriers to its further development.",2018-01,2/7/2023 1:01,7/18/2023 15:46,1/30/2023 5:48,236,,1,11,,,The Innovative Concept of Cold District Heating Networks,,,,,,,en,http://creativecommons.org/licenses/by/3.0/,,,,www.mdpi.com,,37 citations (Crossref) [2023-02-08] Number: 1 Publisher: Multidisciplinary Digital Publishing Institute,,C:\Users\yuhang.zhang\Zotero\storage\5Z7KYUY3\Pellegrini and Bianchini - 2018 - The Innovative Concept of Cold District Heating Ne.pdf,,,,,,,,,,,,,,,,,,,,,,,,,,,,,,,,,,,,,,,,,,,,,,,,,
Z4JL9EEQ,journalArticle,2018,"Yang, Xiaochen; Svendsen, Svend",Ultra-low temperature district heating system with central heat pump and local boosters for low-heat-density area: Analyses on a real case in Denmark,ENERGY,,0360-5442,10.1016/j.energy.2018.06.068,,,9/15/2018,3/7/2023 3:38,7/18/2023 15:46,,243-251,,,159,,,,,,,,,,,,,,,,,,,C:\Users\yuhang.zhang\Zotero\storage\XQ7GAVKD\Yang 和 Svendsen - 2018 - Ultra-low temperature district heating system with.pdf,,,,,,,,,,,,,,,,,,,,,,,,,,,,,,,,,,,,,,,,,,,,,,,,,
57QQXPDQ,journalArticle,2018,"Lund, Henrik; Østergaard, Poul Alberg; Chang, Miguel; Werner, Sven; Svendsen, Svend; Sorknæs, Peter; Thorsen, Jan Eric; Hvelplund, Frede; Mortensen, Bent Ole Gram; Mathiesen, Brian Vad; Bojesen, Carsten; Duic, Neven; Zhang, Xiliang; Möller, Bernd",The status of 4th generation district heating: Research and results,Energy,,0360-5442,10.1016/j.energy.2018.08.206,https://www.sciencedirect.com/science/article/pii/S0360544218317420,"This review article presents a description of contemporary developments and findings related to the different elements needed in future 4th generation district heating systems (4GDH). Unlike the first three generations of district heating, the development of 4GDH involves meeting the challenge of more energy efficient buildings as well as the integration of district heating into a future smart energy system based on renewable energy sources. Following a review of recent 4GDH research, the article quantifies the costs and benefits of 4GDH in future sustainable energy systems. Costs involve an upgrade of heating systems and of the operation of the distribution grids, while benefits are lower grid losses, a better utilization of low-temperature heat sources and improved efficiency in the production compared to previous district heating systems. It is quantified how benefits exceed costs by a safe margin with the benefits of systems integration being the most important.",12/1/2018,4/6/2023 1:14,7/18/2023 15:45,4/6/2023 1:14,147-159,,,164,,Energy,The status of 4th generation district heating,,,,,,,en,,,,,ScienceDirect,,,,C:\Users\yuhang.zhang\Zotero\storage\NGLAF5QL\Lund et al. - 2018 - The status of 4th generation district heating Res.pdf; C:\Users\yuhang.zhang\Zotero\storage\S5E3ESKH\S0360544218317420.html,,,,,,,,,,,,,,,,,,,,,,,,,,,,,,,,,,,,,,,,,,,,,,,,,
TUYJFXYX,journalArticle,2018,"Lund, Henrik; Duic, Neven; Østergaard, Poul Alberg; Mathiesen, Brian Vad",Future district heating systems and technologies: On the role of smart energy systems and 4th generation district heating,Energy,,0360-5442,10.1016/j.energy.2018.09.115,https://www.sciencedirect.com/science/article/pii/S0360544218318796,This paper provides a perspective on the development of future district heating systems and technologies and their role in future smart energy systems. The reviewed papers elaborate on or otherwise contribute to the theoretical scientific understanding of how we can design and implement a suitable and least-cost transformation into a sustainable energy future. Focus is on the important role of the next generation of district heating and cooling technologies. The status of the scientific contributions demonstrates a high level of understanding of how to deal with the technical aspects. The primary current challenge seems to be the understanding of the implementation of these.,12/15/2018,4/6/2023 2:10,7/18/2023 15:45,4/6/2023 2:10,614-619,,,165,,Energy,Future district heating systems and technologies,,,,,,,en,,,,,ScienceDirect,,,,C:\Users\yuhang.zhang\Zotero\storage\MGBD5EEY\Lund et al. - 2018 - Future district heating systems and technologies .pdf; C:\Users\yuhang.zhang\Zotero\storage\86Q337IY\S0360544218318796.html,,,Renewable energy; District heating; Sustainable energy; District cooling; Smart energy systems,,,,,,,,,,,,,,,,,,,,,,,,,,,,,,,,,,,,,,,,,,,,,,
6F4HZAVG,journalArticle,2018,"Im, Yong-Hoon; Liu, Jie",Feasibility study on the low temperature district heating and cooling system with bi-lateral heat trades model,Energy,,0360-5442,10.1016/j.energy.2018.04.094,https://www.sciencedirect.com/science/article/pii/S0360544218307072,"A Novel low temperature district heating and cooling system with auxiliary heat storage pipe system is proposed for reflecting new features of bi-lateral energy trades effectively in emerging energy prosumer based new energy business platform. The newly proposed district heating and cooling system can provide more favorable operating conditions to implement bi-lateral heat trades system between the heat supplier and the prosumers, who operating their own distributed energy generation unit such as a cogeneration etc., connected to the network being able to utilize low-exergy level of waste heats available in consumer side. In this study, the appropriate system configuration for reliable operation, the optimal operation rules, the functionality of auxiliary heat storage pipe on bi-lateral heat trades and its operating characteristics etc. are analyzed extensively by developing simplified simulation models of the DHC network using Matlab/Simulink without any support by experiment or field measurement. The simulation results show that the newly suggested low temperature DHC system with auxiliary heat storage pipe can add improved rooms of operating flexibility to maintain stable supplying temperature conditions and is superior to conventional system in handling bi-lateral heat trades model. It is also shown that the new concept of DHC system can alleviate the inefficiency arising from mismatching of heat demand and supply in consumer side significantly, not to mention of the heat losses during the operation.",6/15/2018,4/17/2023 4:20,7/18/2023 15:45,4/17/2023 4:20,988-999,,,153,,Energy,,,,,,,,en,,,,,ScienceDirect,,,,C:\Users\yuhang.zhang\Zotero\storage\X3GD8YK4\Im 和 Liu - 2018 - Feasibility study on the low temperature district .pdf,,,,,,,,,,,,,,,,,,,,,,,,,,,,,,,,,,,,,,,,,,,,,,,,,
T3FYCG2H,journalArticle,2018,"Vivian, Jacopo; Emmi, Giuseppe; Zarrella, Angelo; Jobard, Xavier; Pietruschka, Dirk; De Carli, Michele",Evaluating the cost of heat for end users in ultra low temperature district heating networks with booster heat pumps,ENERGY,,0360-5442,10.1016/j.energy.2018.04.081,,,6/15/2018,3/7/2023 3:38,7/18/2023 15:45,,788-800,,,153,,,,,,,,,,,,,,,,,,,C:\Users\yuhang.zhang\Zotero\storage\XAH9I6SU\Vivian et al. - 2018 - Evaluating the cost of heat for end users in ultra.pdf; C:\Users\yuhang.zhang\Zotero\storage\VH53XEEC\S0360544218306893.html; C:\Users\yuhang.zhang\Zotero\storage\8VFZQWNW\Vivian 等 - 2018 - Evaluating the cost of heat for end users in ultra.pdf,,,Booster heat pumps; DHC networks; Low temperature heat,,,,,,,,,,,,,,,,,,,,,,,,,,,,,,,,,,,,,,,,,,,,,,
N9JERQ8I,journalArticle,2018,"Schweiger, Gerald; Heimrath, Richard; Falay, Basak; O'Donovan, Keith; Nageler, Peter; Pertschy, Reinhard; Engel, Georg; Streicher, Wolfgang; Leusbrock, Ingo",District energy systems: Modelling paradigms and general-purpose tools,Energy,,0360-5442,10.1016/j.energy.2018.08.193,https://www.sciencedirect.com/science/article/pii/S0360544218317274,"District energy systems are a central element in transforming the energy system towards a low-carbon system. Simulation is regarded as key method for concept development and assessment as well as for operational optimization to address the growing complexity of these systems and to derive quantitative feedback e.g., as input for decision-support or operational processes. In this paper we present a comprehensive comparison of four widely used general-purpose modelling tools for district-scale energy systems, including a detailed discussion of modelling paradigms and co-simulation capabilities. This comparison is based on an extensive literature review, a comprehensive questionnaire that was conducted by tool and library developers, as well as a comparison of pipe model behavior of various libraries against measured data. The results including the experimental data are openly available and can support users in academia and industry with the selection of suitable modelling paradigms and associated tools and libraries.",12/1/2018,3/7/2023 20:37,7/18/2023 15:45,3/7/2023 20:37,1326-1340,,,164,,Energy,District energy systems,,,,,,,en,,,,,ScienceDirect,,,,C:\Users\yuhang.zhang\Zotero\storage\RKPFDDCU\Schweiger et al. - 2018 - District energy systems Modelling paradigms and g.pdf; C:\Users\yuhang.zhang\Zotero\storage\JWYVEMYT\Schweiger 等 - 2018 - District energy systems Modelling paradigms and g.pdf; C:\Users\yuhang.zhang\Zotero\storage\2S5JUCAB\Schweiger 等 - 2018 - District energy systems Modelling paradigms and g.pdf; C:\Users\yuhang.zhang\Zotero\storage\4RNL4FCA\S0360544218317274.html; C:\Users\yuhang.zhang\Zotero\storage\MA2GPMBE\S0360544218317274.html,,,District; Energy system; Modelling; Simulation; Tools; Co-simulation,,,,,,,,,,,,,,,,,,,,,,,,,,,,,,,,,,,,,,,,,,,,,,
GA777WLL,journalArticle,2018,"Zarin Pass, R.; Wetter, M.; Piette, M. A.",A thermodynamic analysis of a novel bidirectional district heating and cooling network,Energy,,0360-5442,10.1016/j.energy.2017.11.122,https://www.sciencedirect.com/science/article/pii/S0360544217319801,"We evaluate an ambient, bidirectional thermal network, which uses a single circuit for both district heating and cooling. When in net more cooling is needed than heating, the system circulates from a central plant in one direction. When more heating is needed, the system circulates in the opposite direction. A large benefit of this design is that buildings can recover waste heat from each other directly. We analyze the thermodynamic performance of the bidirectional system. Because the bidirectional system represents the state-of-the-art in design for district systems, its peak energy efficiency represents an upper bound on the thermal performance of any district heating and cooling system. However, because any network has mechanical and thermal distribution losses, we develop a diversity criterion to understand when the bidirectional system may be a more energy-efficient alternative to modern individual-building systems. We show that a simple model of a low-density, high-distribution loss network is more efficient than aggregated individual buildings if there is at least 1 unit of cooling energy per 5.7 units of simultaneous heating energy (or vice versa). We apply this criterion to reference building profiles in three cities to look for promising clusters.",2/1/2018,4/4/2023 5:20,7/18/2023 15:45,4/4/2023 5:20,20-30,,,144,,Energy,,,,,,,,en,,,,,ScienceDirect,,,,C:\Users\yuhang.zhang\Zotero\storage\7QLL5TS9\Zarin Pass et al. - 2018 - A thermodynamic analysis of a novel bidirectional .pdf; C:\Users\yuhang.zhang\Zotero\storage\JALVNBEP\Zarin Pass 等 - 2018 - A thermodynamic analysis of a novel bidirectional .pdf; C:\Users\yuhang.zhang\Zotero\storage\343V85M8\Zarin Pass et al. - 2018 - A thermodynamic analysis of a novel bidirectional .pdf; C:\Users\yuhang.zhang\Zotero\storage\9D5WKPHF\S0360544217319801.html; C:\Users\yuhang.zhang\Zotero\storage\FTDJTMUI\S0360544217319801.html,,,Modelica; District heating & cooling; Exergy analysis; Heat pumps; Urban buildings,,,,,,,,,,,,,,,,,,,,,,,,,,,,,,,,,,,,,,,,,,,,,,
5G5BB6IV,journalArticle,2018,"Sayegh, M. A.; Jadwiszczak, P.; Axcell, B. P.; Niemierka, E.; Bryś, K.; Jouhara, H.","Heat pump placement, connection and operational modes in European district heating",Energy and Buildings,,0378-7788,10.1016/j.enbuild.2018.02.006,https://www.sciencedirect.com/science/article/pii/S0378778817338410,"The use of heat pumps in district heating is one of the most promising technologies for enhancing the efficiency of systems and for meeting the 2030 and 2050 European energy and climate targets. It is essential to assess the available data, the practice and experience of planners and engineers to determine heat pump placement, connection and operational modes in district heating networks, as the systems ought to be capable of covering residential heat requirements for all year around operation. The main selection criteria for the appropriate heat pump system are the heat source, the heat pump technology and the heat requirements. These parameters form a technical triangle, which should be used as a comprehensive instrument to enable heat pump integration into residential district heating. The triangle allows the definition of the bidirectional interdependences and the design of a high efficiency, sustainable heat pump based system. This paper presents the solution to scenarios of how to integrate heat pumps into district heating, in terms of heat pump placement, connection and operational modes based on available heat sources and heat requirement profiles and their environmental impact.",5/1/2018,2/7/2023 1:01,7/18/2023 15:45,1/27/2023 3:06,122-144,,,166,,Energy and Buildings,,,,,,,,en,,,,,ScienceDirect,,96 citations (Crossref) [2023-02-08],,"C:\Users\yuhang.zhang\Zotero\storage\FNVX4WRM\Sayegh et al. - 2018 - Heat pump placement, connection and operational mo.pdf; C:\Users\yuhang.zhang\Zotero\storage\ESG844ZT\S0378778817338410.html",,Important,District heating; Heat pumps; Connection; Heat requirements; Operational modes; Placement,,,,,,,,,,,,,,,,,,,,,,,,,,,,,,,,,,,,,,,,,,,,,,
ELYGGDTB,journalArticle,2018,"Wang, Danhong; Orehounig, Kristina; Carmeliet, Jan",A Study of District Heating Systems with Solar Thermal Based Prosumers,Energy Procedia,,1876-6102,10.1016/j.egypro.2018.08.177,https://www.sciencedirect.com/science/article/pii/S1876610218304739,"The integration of heat production from solar energy technologies can be realized by feeding in energy both at centralized or at multiple decentralized locations from the consumer side. As distribution networks serve as thermal transmission grids, the interaction between the energy feed in (i.e. production) and withdrawal (i.e. consumption) at multiple locations within distribution networks should be incorporated. Modelling the interactions between these subsystems is challenging. This paper aims to study the potential of district heating system with solar thermal based prosumers, by developing a modelling framework for design and simulation of such networks. Quantitative comparisons are made on the system performances, by addressing key technical configurations and constraints of thermal networks and temperature dynamics of energy sources. In this paper, a comprehensive design and simulation model is built to assess the performance of different scenarios of district heating system designs with solar thermal based prosumers. Design variations are carried out by selection of different buildings in the district as prosumers. The simulation model framework is setup in Matlab, with hourly time step. The distribution network model is formulated as a thermal hydraulic model representing detailed information on thermal and hydraulic losses on each pipe. It enables bidirectional flow from multiple sources integrated into the district heating network. Energy conversion technologies (solar thermal collectors) and heat demand are connected with the network model as source and sink. A natural gas boiler acts as an additional base load heat source. The design and simulation framework is applied to an artificial case study, composed of 20 buildings with mixed building stocks including office and residential buildings.",9/1/2018,4/17/2023 4:20,7/18/2023 15:46,4/17/2023 4:20,132-140,,,149,,Energy Procedia,,"16th International Symposium on District Heating and Cooling, DHC2018, 9–12 September 2018, Hamburg, Germany",,,,,,en,,,,,ScienceDirect,,,,C:\Users\yuhang.zhang\Zotero\storage\DQMU5RRW\Wang 等 - 2018 - A Study of District Heating Systems with Solar The.pdf; C:\Users\yuhang.zhang\Zotero\storage\CY7W85WB\S1876610218304739.html,,,,,,,,,,,,,,,,,,,,,,,,,,,,,,,,,,,,,,,,,,,,,,,,,
CC89C7XC,journalArticle,2018,"Mazhar, Abdur Rehman; Liu, Shuli; Shukla, Ashish",A state of art review on the district heating systems,Renewable and Sustainable Energy Reviews,,1364-0321,10.1016/j.rser.2018.08.005,https://www.sciencedirect.com/science/article/pii/S1364032118305720,"District heating (DH) has been widely acknowledged as the future for urban heating, as concerns of sustainability and greenhouse gas emissions are pushing, to revamp the heating sector. Although not a new technology, DH has evolved over four different generations, and is now capable of incorporating low temperature distributed renewable heat sources. The ongoing advancements and typical characteristics of a complete grid are researched upon in this paper. The research is extended to link up these characteristics with some of the most interesting DH networks in the world. The technical configurations of these DH grids along with their regulations and policies are explored upon, to understand their evolution and uniqueness. A basic overview of the economics and social aspects are presented as well. The overall trends and results of this study show that, as fossil fuel prices fluctuate and are depleting, there is a unified effort to promote DH, especially for residential heating purposes. The characteristics of modern DH are evolving to cater for distributed renewable technologies with the aim of making the entire system carbon free and sustainable.",11/1/2018,2/7/2023 1:01,7/18/2023 15:46,1/30/2023 6:01,420-439,,,96,,Renewable and Sustainable Energy Reviews,,,,,,,,en,,,,,ScienceDirect,,89 citations (Crossref) [2023-02-08],,C:\Users\yuhang.zhang\Zotero\storage\HT7DWE7P\Mazhar et al. - 2018 - A state of art review on the district heating syst.pdf; C:\Users\yuhang.zhang\Zotero\storage\8KDFCF38\S1364032118305720.html,,,District heating; Distributed heat sources; Low carbon heating,,,,,,,,,,,,,,,,,,,,,,,,,,,,,,,,,,,,,,,,,,,,,,
FZXFDGKT,journalArticle,2018,Haoran Li; Natasa Nord,"Transition to the 4th generation district heating-possibilities, bottlenecks, and challenges",,,,10.1016/j.egypro.2018.08.213,https://www.sciencedirect.com/science/article/pii/S1876610218305095,,2018,7/18/2023 15:39,7/18/2023 15:39,,,,,,,,,,,,,,,,,,,,,,Publisher: Elsevier BV,,C:\Users\yuhang.zhang\Zotero\storage\RFIWXZ93\Haoran Li and Natasa Nord - 2018 - Transition to the 4th generation district heating-.pdf,,,,,,,,,,,,,,,,,,,,,,,,,,,,,,,,,,,,,,,,,,,,,,,,,
9WERNXYW,journalArticle,2018,Terence H. Thomas; Chris P. Butters,"Thermal equity, public health and district cooling in hot climate cities",,,,10.1680/jmuen.17.00020,https://www.icevirtuallibrary.com/doi/abs/10.1680/jmuen.17.00020,,2018,7/18/2023 15:39,7/18/2023 15:39,,,,,,,,,,,,,,,,,,,,,,Publisher: Thomas Telford Ltd.,,"C:\Users\yuhang.zhang\Zotero\storage\4TCPJNMT\Terence H. Thomas and Chris P. Butters - 2018 - Thermal equity, public health and district cooling.pdf",,,,,,,,,,,,,,,,,,,,,,,,,,,,,,,,,,,,,,,,,,,,,,,,,
UCJ9QFR8,journalArticle,2018,Hanmin Cai; Shi You; Jiawei Wang; Henrik W. Bindner; Sergey Klyapovskiy,Technical assessment of electric heat boosters in low-temperature district heating based on combined heat and power analysis,,,,10.1016/j.energy.2018.02.084,https://www.sciencedirect.com/science/article/pii/S0360544218303128,,2018,7/18/2023 15:39,7/18/2023 15:39,,,,,,,,,,,,,,,,,,,,,,Publisher: Elsevier BV,,C:\Users\yuhang.zhang\Zotero\storage\MC24UAPD\Hanmin Cai et al. - 2018 - Technical assessment of electric heat boosters in .pdf,,,,,,,,,,,,,,,,,,,,,,,,,,,,,,,,,,,,,,,,,,,,,,,,,
KPP55ED2,journalArticle,2018,Maria Justo Alonso; Igor Sartori,Possibilities for transition of existing residential buildings to low temperature district heating system in Norway,,,,10.1007/978-3-030-00662-4_26,https://ntnuopen.ntnu.no/ntnu-xmlui/handle/11250/2581411,,2018,7/18/2023 15:39,7/18/2023 15:39,,,,,,,,,,,,,,,,,,,,,,Publisher: Springer International Publishing,,C:\Users\yuhang.zhang\Zotero\storage\P7TGWYV7\Maria Justo Alonso and Igor Sartori - 2018 - Possibilities for transition of existing residenti.pdf,,,,,,,,,,,,,,,,,,,,,,,,,,,,,,,,,,,,,,,,,,,,,,,,,
2QA6JQUT,journalArticle,2018,Anna Volkova; Vladislav Mašatin; Andres Siirde,Methodology for evaluating the transition process dynamics towards 4th generation district heating networks,,,,10.1016/j.energy.2018.02.123,https://www.sciencedirect.com/science/article/pii/S0360544218303578,,2018,7/18/2023 15:39,7/18/2023 15:39,,,,,,,,,,,,,,,,,,,,,,Publisher: Elsevier BV,,C:\Users\yuhang.zhang\Zotero\storage\8SBQ9YLA\Anna Volkova et al. - 2018 - Methodology for evaluating the transition process .pdf,,,,,,,,,,,,,,,,,,,,,,,,,,,,,,,,,,,,,,,,,,,,,,,,,
MQLZGWX5,journalArticle,2018,Johannes Oltmanns; Martin Freystein; Frank Dammel; Peter Stephan,Improving the operation of a district heating and a district cooling network,,,,10.1016/j.egypro.2018.08.218,https://www.sciencedirect.com/science/article/pii/S1876610218305149,,2018,7/18/2023 15:39,7/18/2023 15:39,,,,,,,,,,,,,,,,,,,,,,Publisher: Elsevier BV,,C:\Users\yuhang.zhang\Zotero\storage\D38YFCXJ\Johannes Oltmanns et al. - 2018 - Improving the operation of a district heating and .pdf,,,,,,,,,,,,,,,,,,,,,,,,,,,,,,,,,,,,,,,,,,,,,,,,,
ERVIRRCX,journalArticle,2018,Jelena Ziemele; Roberts Kalnins; Girts Vigants; Edgars Vigants; Ivars Veidenbergs,Evaluation of the industrial waste heat potential for its recovery and integration into a fourth generation district heating system,,,,10.1016/j.egypro.2018.07.098,https://www.sciencedirect.com/science/article/pii/S1876610218302558,,2018,7/18/2023 15:39,7/18/2023 15:39,,,,,,,,,,,,,,,,,,,,,,Publisher: Elsevier BV,,C:\Users\yuhang.zhang\Zotero\storage\97DDM6GF\Jelena Ziemele et al. - 2018 - Evaluation of the industrial waste heat potential .pdf,,,,,,,,,,,,,,,,,,,,,,,,,,,,,,,,,,,,,,,,,,,,,,,,,
7PV9UJWH,journalArticle,2018,Poul Alberg Østergaard; Anders N. Andersen,Economic feasibility of booster heat pumps in heat pump-based district heating systems,,,,10.1016/j.energy.2018.05.076,https://www.sciencedirect.com/science/article/pii/S036054421830896X,,2018,7/18/2023 15:39,7/18/2023 15:39,,,,,,,,,,,,,,,,,,,,,,Publisher: Elsevier BV,,C:\Users\yuhang.zhang\Zotero\storage\SUWY79ZA\Poul Alberg Østergaard and Anders N. Andersen - 2018 - Economic feasibility of booster heat pumps in heat.pdf,,,,,,,,,,,,,,,,,,,,,,,,,,,,,,,,,,,,,,,,,,,,,,,,,
IRWJTPYW,journalArticle,2018,Tatiana Loureiro; Miika Rämä; Raymond Sterling; Marco Cozzini; Meritxell Vinyals; Michael Descamps; Wolfgang Birk; Gozde Unkaya; Federica Fuligni; Borna Doračić; Marin Petrovic; Dominik Rutz; Inés Arias; Sofia Lettenbichler; Ioannis Meintanis; Serafeim Moustakidis; Martin Buchholz; Reiner Buchholz; Mathieu Provost; Philipp Geyer,"District energy systems: A collaborative exchange of results on planning, operation and modelling for energy efficiency",,,,10.3390/proceedings2151127,https://www.mdpi.com/2504-3900/2/15/1127,,2018,7/18/2023 15:39,7/18/2023 15:39,,,,,,,,,,,,,,,,,,,,,,Publisher: MDPI,,C:\Users\yuhang.zhang\Zotero\storage\FB66HAIY\Tatiana Loureiro et al. - 2018 - District energy systems A collaborative exchange .pdf,,,,,,,,,,,,,,,,,,,,,,,,,,,,,,,,,,,,,,,,,,,,,,,,,
228JX2E4,journalArticle,2018,Natasa Nord; Elise Kristine Løve Nielsen; Hanne Kauko; Tymofii Tereshchenko,Challenges and potentials for low-temperature district heating implementation in Norway,,,,10.1016/j.energy.2018.03.094,https://www.sciencedirect.com/science/article/pii/S0360544218305036,,2018,7/18/2023 15:39,7/18/2023 15:39,,,,,,,,,,,,,,,,,,,,,,Publisher: Elsevier BV,,C:\Users\yuhang.zhang\Zotero\storage\8FTHEKZH\Natasa Nord et al. - 2018 - Challenges and potentials for low-temperature dist.pdf,,,,,,,,,,,,,,,,,,,,,,,,,,,,,,,,,,,,,,,,,,,,,,,,,
8KFSETJ8,journalArticle,2018,Getnet Tadesse Ayele; Pierrick Haurant; Björn Laumert; Bruno Lacarrière,An extended energy hub approach for load flow analysis of highly coupled district energy networks: Illustration with electricity and heating,,,,10.1016/j.apenergy.2017.12.090,https://www.sciencedirect.com/science/article/pii/S0306261917318135,,2018,7/18/2023 15:39,7/18/2023 15:39,,,,,,,,,,,,,,,,,,,,,,Publisher: Elsevier BV,,C:\Users\yuhang.zhang\Zotero\storage\4NVSQ4CI\Getnet Tadesse Ayele et al. - 2018 - An extended energy hub approach for load flow anal.pdf,,,,,,,,,,,,,,,,,,,,,,,,,,,,,,,,,,,,,,,,,,,,,,,,,
EU8P9SYA,journalArticle,2018,Kristoffer Hermansson; Cristoffer Kos; Fredrik Starfelt; Konstantinos Kyprianidis; Carl-Fredrik Lindberg; Nathan Zimmerman,An automated approach to building and simulating dynamic district heating networks,,,,10.1016/j.ifacol.2018.04.021,https://www.sciencedirect.com/science/article/pii/S2405896318301496,,2018,7/18/2023 15:39,7/18/2023 15:39,,,,,,,,,,,,,,,,,,,,,,Publisher: Elsevier BV,,C:\Users\yuhang.zhang\Zotero\storage\WQ7IU85K\Kristoffer Hermansson et al. - 2018 - An automated approach to building and simulating d.pdf,,,,,,,,,,,,,,,,,,,,,,,,,,,,,,,,,,,,,,,,,,,,,,,,,
9UNWU55X,journalArticle,2018,Ingo Leusbrock,A combined spatial and technological model for the planning of district energy systems,,,,10.32638/proceedings.isec2018.201812,https://journals.aau.dk/index.php/sepm/article/view/2663,,2018,7/18/2023 15:39,7/18/2023 15:39,,,,,,,,,,,,,,,,,,,,,,Publisher: AEE INTEC,,C:\Users\yuhang.zhang\Zotero\storage\X3PYH2BI\Ingo Leusbrock - 2018 - A combined spatial and technological model for the.pdf,,,,,,,,,,,,,,,,,,,,,,,,,,,,,,,,,,,,,,,,,,,,,,,,,
RMA4H6WW,conferencePaper,2017,"Ostergaard, Dorte; Svendsen, Svend",Space heating with ultra-low-temperature district heating - a case study of four single-family houses from the 1980s,15TH INTERNATIONAL SYMPOSIUM ON DISTRICT HEATING AND COOLING (DHC15-2016),,,10.1016/j.egypro.2017.05.070,,,2017,3/7/2023 3:38,7/18/2023 1:08,,226-235,,,116,,,,Energy Procedia,,,,,,,,,,,,,ISSN: 1876-6102,,C:\Users\yuhang.zhang\Zotero\storage\IRJBPLW9\Ostergaard 和 Svendsen - 2017 - Space heating with ultra-low-temperature district .pdf,,,,"Ulseth, R",,,,,,,,,,,,,,,,,,,,,,,,,,,,,,,,,,,,,,,,,,,,,
ZBIXIQ4H,conferencePaper,2017,"Yang, Xiaochen; Svendsen, Svend",Achieving low return temperature for domestic hot water preparation by ultra-low-temperature district heating,15TH INTERNATIONAL SYMPOSIUM ON DISTRICT HEATING AND COOLING (DHC15-2016),,,10.1016/j.egypro.2017.05.090,,,2017,3/7/2023 3:38,7/18/2023 1:08,,426-437,,,116,,,,Energy Procedia,,,,,,,,,,,,,ISSN: 1876-6102,,C:\Users\yuhang.zhang\Zotero\storage\PA7X7DFD\Yang 和 Svendsen - 2017 - Achieving low return temperature for domestic hot .pdf,,,,"Ulseth, R",,,,,,,,,,,,,,,,,,,,,,,,,,,,,,,,,,,,,,,,,,,,,
G4892VVQ,journalArticle,2017,"Renaldi, R.; Kiprakis, A.; Friedrich, D.",An optimisation framework for thermal energy storage integration in a residential heat pump heating system,Applied Energy,,0306-2619,10.1016/j.apenergy.2016.02.067,https://www.sciencedirect.com/science/article/pii/S0306261916302045,"Domestic heating has a large share in the UK total energy consumption and significant contribution to the greenhouse gas emissions since it is mainly fulfilled by fossil fuels. Therefore, decarbonising the heating system is essential and an option to achieve this is by heating system electrification through heat pumps (HP) installation in combination with renewable power generation. A potential increase in performance and flexibility can be achieved by pairing HP with thermal energy storage (TES), which allows the shifting of heat demand to off peak periods or periods with surplus renewable electricity. We present a design and operational optimisation model which is able to assess the performance of HP–TES relative to conventional heating systems. The optimisation is performed on a synthetic heat demand model which requires only the annual heat demand, temperature and occupancy profiles. The results show that the equipment and operational cost of a HP system without TES are significantly higher than for a conventional system. However, the integration of TES and time-of-use tariffs reduce the operational cost of the HP systems and in combination with the Renewable Heating Incentive make the HP systems cost competitive with conventional systems. The presented demand model and optimisation procedure will enable the design of low carbon district heating systems which integrate the heating system with the variable renewable electricity supply.",1/15/2017,4/17/2023 5:48,7/18/2023 15:46,4/17/2023 5:48,520-529,,,186,,Applied Energy,,Sustainable Thermal Energy Management (SusTEM2015),,,,,,en,,,,,ScienceDirect,,,,C:\Users\yuhang.zhang\Zotero\storage\IDWRQVFF\Renaldi 等 - 2017 - An optimisation framework for thermal energy stora.pdf; C:\Users\yuhang.zhang\Zotero\storage\N9YXYY4E\S0306261916302045.html,,,,,,,,,,,,,,,,,,,,,,,,,,,,,,,,,,,,,,,,,,,,,,,,,
RCSVYZU7,journalArticle,2017,"Wahlroos, Mikko; Pärssinen, Matti; Manner, Jukka; Syri, Sanna",Utilizing data center waste heat in district heating – Impacts on energy efficiency and prospects for low-temperature district heating networks,Energy,,0360-5442,10.1016/j.energy.2017.08.078,https://www.sciencedirect.com/science/article/pii/S0360544217314548,"Data centers seek solutions to increase energy efficiency and lower costs by novel methods. Waste heat utilization is considered to be one of the major trends in the near future, especially in the Nordic countries, where heat demand is high. In this paper, waste heat utilization was analyzed from the perspectives of both the data center and district heating network operators. Timing of the data center waste heat production was considered based on an existing data center load profile. For the district heating network operator, the system level effects of increased waste heat utilization were quantified by simulating district heating production in the city of Espoo, Finland, with actual plant and heat demand data for 2013 and 2015. Results showed that with high shares of waste heat in the district heating system, i.e. 20–60 MW, the system level operational cost savings were 0.6–7.3% in the case study. Utilizing waste heat decreased utilization hours of both combined heat and power plants and heat-only boilers. The analysis showed that pricing of the procured waste heat affects the utilization level of waste heat, but operational hours of waste heat utilization were over 95% in all scenarios.",12/1/2017,3/6/2023 0:35,7/18/2023 15:46,3/6/2023 0:35,1228-1238,,,140,,Energy,,,,,,,,en,,,,,ScienceDirect,,,,C:\Users\yuhang.zhang\Zotero\storage\QZ48XVU2\Wahlroos 等 - 2017 - Utilizing data center waste heat in district heati.pdf; C:\Users\yuhang.zhang\Zotero\storage\HUV53TXS\S0360544217314548.html,,,,,,,,,,,,,,,,,,,,,,,,,,,,,,,,,,,,,,,,,,,,,,,,,
CL2GU5KI,journalArticle,2017,"Ommen, Torben; Thorsen, Jan Eric; Markussen, Wiebke Brix; Elmegaard, Brian",Performance of ultra low temperature district heating systems with utility plant and booster heat pumps,Energy,,0360-5442,10.1016/j.energy.2017.05.165,https://www.sciencedirect.com/science/article/pii/S0360544217309544,"The optimal integration of booster heat pumps in ultra low temperature district heating (ULTDH) was investigated and compared to the performance of low temperature district heating. Two possible heat production technologies for the DH networks were analysed, namely extraction combined heat and power (CHP) and central heat pumps (HPs). The analysis focussed on the characteristic heat demands of newly build multi-story buildings and the results were based on the ratio of the individual demands compared to the total. It was found that the optimal return temperature was dependent on the forward temperature and the heat consumption profile. For reference conditions, the optimal return of ULTDH varies between 21 °C and 27 °C. When using a central HP to supply the DH system, the resulting coefficient of system performance (COSP) was in the range of 3.9 (−) to 4.7 (−) for equipment with realistic component efficiencies and effectiveness, when including the relevant parameters such as DH system pressure and heat losses. By using ULTDH with booster HPs, performance improvements of 12% for the reference calculations case were found, if the system was supplied by central HPs. Opposite results were found for extraction CHP, were ULTDH with booster HPs resulted in decreasing COSP of 20%.",10/15/2017,3/7/2023 3:35,7/18/2023 15:46,3/7/2023 3:35,544-555,,,137,,Energy,,,,,,,,en,,,,,ScienceDirect,,,,C:\Users\yuhang.zhang\Zotero\storage\BLFK4UGJ\Ommen 等 - 2017 - Performance of ultra low temperature district heat.pdf; C:\Users\yuhang.zhang\Zotero\storage\G98NWZXK\Ommen 等 - 2017 - Performance of ultra low temperature district heat.pdf,,,,,,,,,,,,,,,,,,,,,,,,,,,,,,,,,,,,,,,,,,,,,,,,,
JT774R4V,journalArticle,2017,"Prasanna, Ashreeta; Dorer, Viktor; Vetterli, Nadège",Optimisation of a district energy system with a low temperature network,Energy,,0360-5442,10.1016/j.energy.2017.03.137,https://www.sciencedirect.com/science/article/pii/S0360544217305303,"Low temperature district networks (LTNs) supply both low temperature heat and cooling to multiple buildings. Heat input from renewables and waste heat can be fed into LTNs, and they are often connected to long term thermal storage such as borehole fields. LTNs which include new technologies and topologies need to be evaluated in order to enable their further development and application. The objective of this paper is to evaluate the energy performance of a recently constructed district energy system (DES) with a LTN using a multi-energy network optimisation model. The LTN connects buildings to a borehole field which can be regenerated with heat supply from hybrid solar panels and waste heat from building free-cooling. Monitoring data of heat and free-cooling demand was used as an input to the optimisation model and results were compared with monitoring data of electricity consumption of heat pumps and network pumps. Following validation of the initial model, scenarios with electric storage (batteries) and thermal storage were evaluated. Results from evaluation of scenarios provide insights on how the district energy self-sufficiency can be improved through installation of batteries or by improved use of existing thermal storage.",10/15/2017,2/7/2023 1:01,7/18/2023 15:46,1/30/2023 5:56,632-648,,,137,,Energy,,,,,,,,en,,,,,ScienceDirect,,44 citations (Crossref) [2023-02-08],,C:\Users\yuhang.zhang\Zotero\storage\ZVUNC7G9\Prasanna et al. - 2017 - Optimisation of a district energy system with a lo.pdf; C:\Users\yuhang.zhang\Zotero\storage\2H7MUWD9\S0360544217305303.html,,,Low temperature district network; Mixed integer linear optimisation; Monitoring data; Pumping electricity; Validation,,,,,,,,,,,,,,,,,,,,,,,,,,,,,,,,,,,,,,,,,,,,,,
PIDS7RQZ,journalArticle,2017,"Werner, Sven",International review of district heating and cooling,Energy,,0360-5442,10.1016/j.energy.2017.04.045,https://www.sciencedirect.com/science/article/pii/S036054421730614X,"The purpose with this review is to provide a presentation of the background for the current position for district heating and cooling in the world, with some deeper insights into European conditions. The review structure considers the market, technical, supply, environmental, institutional, and future contexts. The main global conclusions are low utilisation of district heating in buildings, varying implementation rates with respect to countries, moderate commitment to the fundamental idea of district heating, low recognition of possible carbon dioxide emission reductions, and low awareness in general of the district heating and cooling benefits. The cold deliveries from district cooling systems are much smaller than heat deliveries from district heating systems. The European situation can be characterised by higher commitment to the fundamental idea of district heating, lower specific carbon dioxide emissions, and higher awareness of the district heating and cooling benefits. The conclusions obtained from the six contexts analysed show that district heating and cooling systems have strong potentials to be viable heat and cold supply options in a future world. However, more efforts are required for identification, assessment, and implementation of these potentials in order to harvest the global benefits with district heating and cooling.",10/15/2017,2/7/2023 1:01,7/18/2023 15:46,1/30/2023 5:55,617-631,,,137,,Energy,,,,,,,,en,,,,,ScienceDirect,,399 citations (Crossref) [2023-02-08],,C:\Users\yuhang.zhang\Zotero\storage\BTQMRCWB\Werner - 2017 - International review of district heating and cooli.pdf; C:\Users\yuhang.zhang\Zotero\storage\CFN7M57D\S036054421730614X.html,,,,,,,,,,,,,,,,,,,,,,,,,,,,,,,,,,,,,,,,,,,,,,,,,
EXQRFLBK,journalArticle,2017,"Schweiger, Gerald; Larsson, Per-Ola; Magnusson, Fredrik; Lauenburg, Patrick; Velut, Stéphane",District heating and cooling systems – Framework for Modelica-based simulation and dynamic optimization,Energy,,0360-5442,10.1016/j.energy.2017.05.115,https://www.sciencedirect.com/science/article/pii/S0360544217308691,"Future district heating systems (so called 4th Generation District Heating (4GDH) systems) have to address challenges such as integration of (de)centralized renewable energy sources and storage, low system temperatures and high fluctuation of the supply temperature. This paper presents a novel framework for representing and simplifying on-grid energy systems as well as for dynamic thermo-hydraulic simulation and optimization of district heating and cooling systems. We describe physically precise and numerically robust models for simulation and continuous optimization. Furthermore, we propose a novel method to decompose a mixed-integer-optimal control problem into two sub-problems, separating the discrete part from the continuous. Two use cases show the applicability of the framework. An existing district heating system with more than 100 consumers is adapted to test the framework based on simulation requirements of 4GDH systems. The second case presents the continuous optimization of a district heating system in a virtual city district. A main advantage of combining equation-based modelling and nonlinear optimization is the possibility of including model coherences based on physical laws into the optimization formulation. Results show that the framework is well-suited for simulating larger scale 4GDH systems and that the solution time of the continuous optimization problem is sufficiently low for real-time applications.",10/15/2017,6/16/2023 16:01,7/18/2023 15:46,6/16/2023 16:01,566-578,,,137,,Energy,,,,,,,,en,,,,,ScienceDirect,,,,C:\Users\yuhang.zhang\Zotero\storage\KNQQWVDK\Schweiger 等 - 2017 - District heating and cooling systems – Framework f.pdf; C:\Users\yuhang.zhang\Zotero\storage\AEN6WE3X\S0360544217308691.html,,,,,,,,,,,,,,,,,,,,,,,,,,,,,,,,,,,,,,,,,,,,,,,,,
SWLCZEC3,journalArticle,2017,"Werner, Sven",District heating and cooling in Sweden,Energy,,3605442,10.1016/j.energy.2017.03.052,https://linkinghub.elsevier.com/retrieve/pii/S0360544217304140,"The purpose with this review is to provide a presentation of the background and current position for district heating and cooling in Sweden. The review structure considers the market, technical, supply, environmental, institutional, and future contexts. The main conclusions are high utilisation of district heating in Swedish buildings, commitment to the third generation of district heating technology, high proportions of heat recycling and renewable supply, high compliance to European deﬁnition of efﬁcient district heating, considerable reductions of fossil carbon dioxide emissions, strong national driving forces from high fossil fuel taxes, and soft district heating regulation based on transparency. District cooling systems are small compared to district heating systems. From strong legislative driving forces, the Swedish heat market became a testing ground for a market situation when fossil fuels are expensive in a heat market. The long-term market solutions have then become district heating in dense urban areas and local heat pumps in suburban and rural areas.",2017-05,7/3/2023 15:52,7/18/2023 15:46,7/3/2023 15:52,419-429,,,126,,Energy,,,,,,,,en,,,,,DOI.org (Crossref),,,,C:\Users\yuhang.zhang\Zotero\storage\78JKI98J\Werner - 2017 - District heating and cooling in Sweden.pdf,,,,,,,,,,,,,,,,,,,,,,,,,,,,,,,,,,,,,,,,,,,,,,,,,
46RLERZV,journalArticle,2017,"Sameti, Mohammad; Haghighat, Fariborz",Optimization approaches in district heating and cooling thermal network,Energy and Buildings,,0378-7788,10.1016/j.enbuild.2017.01.062,https://www.sciencedirect.com/science/article/pii/S0378778816312245,"Modelling, simulation and optimization of an isolated building separated from the district in which they operate is no longer of interest as a view point of improved efficiency, economic benefits and exploitation of renewable energy resources. Instead, district energy systems have the capacity to obtain several benefits, regarding the practical, environmental and safety by taking advantage of large poly-generation energy conversion technologies. The use of optimization techniques to design such high-efficient systems is strongly motivated by minimizing of the cost for the required infrastructures, minimizing emission, and maximizing the generation or efficiency but is particularly challenging because of the technical characteristics and the size of the real world applications. In this paper, different types of optimization problems, constraints and techniques as well as the optimization tools used in district energy systems are discussed.",4/1/2017,2/7/2023 1:01,7/18/2023 15:46,1/30/2023 6:25,121-130,,,140,,Energy and Buildings,,,,,,,,en,,,,,ScienceDirect,,122 citations (Crossref) [2023-03-05],,C:\Users\yuhang.zhang\Zotero\storage\26IFWX8M\Sameti and Haghighat - 2017 - Optimization approaches in district heating and co.pdf; C:\Users\yuhang.zhang\Zotero\storage\EHKMFNN9\Sameti 和 Haghighat - 2017 - Optimization approaches in district heating and co.pdf; C:\Users\yuhang.zhang\Zotero\storage\3B55LAIZ\S0378778816312245.html; C:\Users\yuhang.zhang\Zotero\storage\8L9W86H3\S0378778816312245.html,,,District; Distribution system; Grid; Optimization; Poly-generation; Stand-alone; Storage,,,,,,,,,,,,,,,,,,,,,,,,,,,,,,,,,,,,,,,,,,,,,,
9YRGMWQX,journalArticle,2017,"Knudsen, Michael Dahl; Petersen, Steffen",Model predictive control for demand response of domestic hot water preparation in ultra-low temperature district heating systems,ENERGY AND BUILDINGS,,0378-7788,10.1016/j.enbuild.2017.04.023,,,7/1/2017,3/7/2023 3:38,7/18/2023 15:46,,55-64,,,146,,,,,,,,,,,,,,,,,,,C:\Users\yuhang.zhang\Zotero\storage\CE9V4ISD\Knudsen 和 Petersen - 2017 - Model predictive control for demand response of do.pdf,,,,,,,,,,,,,,,,,,,,,,,,,,,,,,,,,,,,,,,,,,,,,,,,,
J3QY77NR,journalArticle,2017,Qunli Zhang; Lin Zhang; Jinzhe Nie; Yinlong Li,Techno-economic analysis of air source heat pump applied for space heating in northern China,,,,10.1016/j.apenergy.2017.06.083,https://www.sciencedirect.com/science/article/pii/S0306261917308310,,2017,7/18/2023 15:39,7/18/2023 15:39,,,,,,,,,,,,,,,,,,,,,,Publisher: Elsevier BV,,C:\Users\yuhang.zhang\Zotero\storage\QUMRNQS7\Qunli Zhang et al. - 2017 - Techno-economic analysis of air source heat pump a.pdf,,,,,,,,,,,,,,,,,,,,,,,,,,,,,,,,,,,,,,,,,,,,,,,,,
EJ5TKPI3,journalArticle,2017,M. Jangsten; J. Kensby; J.-O. Dalenbäck; A. Trüschel,Survey of radiator temperatures in buildings supplied by district heating,,,,10.1016/j.energy.2017.07.017,https://www.sciencedirect.com/science/article/pii/S0360544217311921,,2017,7/18/2023 15:39,7/18/2023 15:39,,,,,,,,,,,,,,,,,,,,,,Publisher: Elsevier BV,,C:\Users\yuhang.zhang\Zotero\storage\V5NYQMV8\M. Jangsten et al. - 2017 - Survey of radiator temperatures in buildings suppl.pdf,,,,,,,,,,,,,,,,,,,,,,,,,,,,,,,,,,,,,,,,,,,,,,,,,
5PFHTNBE,journalArticle,2017,Víctor F. Sánchez; Amaia Uriarte; Eneritz Barreiro; Matteo Porta,Smart dual thermal network,,,,10.2495/eq-v2-n4-315-326,"https://books.google.com/books?hl=en&lr=&id=SoJWDwAAQBAJ&oi=fnd&pg=PA1&dq=bidirectional,+district+cooling&ots=phB0f_LjKO&sig=k0goA25jdg9_T9s2qrecG36_zuA",,2017,7/18/2023 15:39,7/18/2023 15:39,,,,,,,,,,,,,,,,,,,,,,Publisher: International Information and Engineering Technology Association,,C:\Users\yuhang.zhang\Zotero\storage\JII6D275\Víctor F. Sánchez et al. - 2017 - Smart dual thermal network.pdf,,,,,,,,,,,,,,,,,,,,,,,,,,,,,,,,,,,,,,,,,,,,,,,,,
RYCZ5M52,journalArticle,2017,Andrew Lake; Behnaz Rezaie; Steven Beyerlein,Review of district heating and cooling systems for a sustainable future,,,,10.1016/j.rser.2016.09.061,https://www.sciencedirect.com/science/article/pii/S1364032116305585,,2017,7/18/2023 15:39,7/18/2023 15:39,,,,,,,,,,,,,,,,,,,,,,Publisher: Elsevier BV,,C:\Users\yuhang.zhang\Zotero\storage\KAT8EKD2\Andrew Lake et al. - 2017 - Review of district heating and cooling systems for.pdf,,,,,,,,,,,,,,,,,,,,,,,,,,,,,,,,,,,,,,,,,,,,,,,,,
UQFMUPU5,journalArticle,2017,D.F. Dominković; K.A. Bin Abdul Rashid; A. Romagnoli; A.S. Pedersen; K.C. Leong; G. Krajačić; N. Duić,Potential of district cooling in hot and humid climates,,,,10.1016/j.apenergy.2017.09.052,https://www.sciencedirect.com/science/article/pii/S0306261917313351,,2017,7/18/2023 15:39,7/18/2023 15:39,,,,,,,,,,,,,,,,,,,,,,Publisher: Elsevier BV,,C:\Users\yuhang.zhang\Zotero\storage\H7I4TMWC\D.F. Dominković et al. - 2017 - Potential of district cooling in hot and humid cli.pdf,,,,,,,,,,,,,,,,,,,,,,,,,,,,,,,,,,,,,,,,,,,,,,,,,
PGCTIJLM,journalArticle,2017,Florian Ruesch; Michel Haller,Potential and limitations of using low-temperature district heating and cooling networks for direct cooling of buildings,,,,10.1016/j.egypro.2017.07.443,https://www.sciencedirect.com/science/article/pii/S1876610217333982,,2017,7/18/2023 15:39,7/18/2023 15:39,,,,,,,,,,,,,,,,,,,,,,Publisher: Elsevier BV,,C:\Users\yuhang.zhang\Zotero\storage\T7V37VA3\Florian Ruesch and Michel Haller - 2017 - Potential and limitations of using low-temperature.pdf,,,,,,,,,,,,,,,,,,,,,,,,,,,,,,,,,,,,,,,,,,,,,,,,,
MGXVK745,journalArticle,2017,Xueqin Wu; Zhenqian Chen,Performance analysis of a district cooling system based on operation data,,,,10.1016/j.proeng.2017.10.335,https://www.sciencedirect.com/science/article/pii/S1877705817350026,,2017,7/18/2023 15:39,7/18/2023 15:39,,,,,,,,,,,,,,,,,,,,,,Publisher: Elsevier BV,,C:\Users\yuhang.zhang\Zotero\storage\3TYB22QA\Xueqin Wu and Zhenqian Chen - 2017 - Performance analysis of a district cooling system .pdf,,,,,,,,,,,,,,,,,,,,,,,,,,,,,,,,,,,,,,,,,,,,,,,,,
VCASCDCN,journalArticle,2017,Adzuieen Nordin; Mohd Amin Abd Majid,Parametric study on the effects of pinch and approach points on heat recovery steam generator performance at a district cooling system,,,,10.15282/jmes.11.2.2017.6.0240,https://journal.ump.edu.my/jmes/article/view/8037,,2017,7/18/2023 15:39,7/18/2023 15:39,,,,,,,,,,,,,,,,,,,,,,Publisher: Universiti Malaysia Pahang Publishing,,C:\Users\yuhang.zhang\Zotero\storage\M3DFXVCY\Adzuieen Nordin and Mohd Amin Abd Majid - 2017 - Parametric study on the effects of pinch and appro.pdf,,,,,,,,,,,,,,,,,,,,,,,,,,,,,,,,,,,,,,,,,,,,,,,,,
NVC6TZ55,journalArticle,2017,Dietrich Schmidt; Anna Kallert; Markus Blesl; Svend Svendsen; Hongwei Li; Natasa Nord; Kari Sipilä,Low temperature district heating for future energy systems,,,,10.1016/j.egypro.2017.05.052,https://www.sciencedirect.com/science/article/pii/S1876610217322592,,2017,7/18/2023 15:39,7/18/2023 15:39,,,,,,,,,,,,,,,,,,,,,,Publisher: Elsevier BV,,C:\Users\yuhang.zhang\Zotero\storage\7FJAUTPY\Dietrich Schmidt et al. - 2017 - Low temperature district heating for future energy.pdf,,,,,,,,,,,,,,,,,,,,,,,,,,,,,,,,,,,,,,,,,,,,,,,,,
99U6ZDZZ,journalArticle,2017,Helge Averfalk; Paul Ingvarsson; Urban Persson; Mei Gong; Sven Werner,Large heat pumps in Swedish district heating systems,,,,10.1016/j.rser.2017.05.135,https://www.sciencedirect.com/science/article/pii/S1364032117307839,,2017,7/18/2023 15:39,7/18/2023 15:39,,,,,,,,,,,,,,,,,,,,,,Publisher: Elsevier BV,,C:\Users\yuhang.zhang\Zotero\storage\NBJ4TTDD\Helge Averfalk et al. - 2017 - Large heat pumps in Swedish district heating syste.pdf,,,,,,,,,,,,,,,,,,,,,,,,,,,,,,,,,,,,,,,,,,,,,,,,,
VTYTYM33,journalArticle,2017,Andrei David; Brian Vad Mathiesen; Helge Averfalk; Sven Werner; Henrik Lund,Heat roadmap Europe: large-scale electric heat pumps in district heating systems,,,,10.3390/en10040578,https://www.mdpi.com/1996-1073/10/4/578,,2017,7/18/2023 15:39,7/18/2023 15:39,,,,,,,,,,,,,,,,,,,,,,Publisher: MDPI AG,,C:\Users\yuhang.zhang\Zotero\storage\UGSZ4K35\Andrei David et al. - 2017 - Heat roadmap Europe large-scale electric heat pum.pdf,,,,,,,,,,,,,,,,,,,,,,,,,,,,,,,,,,,,,,,,,,,,,,,,,
DN4N64JQ,journalArticle,2017,Puning Xue; Zhigang Zhou; Xiumu Fang; Xin Chen; Lin Liu; Yaowen Liu; Jing Liu,Fault detection and operation optimization in district heating substations based on data mining techniques,,,,10.1016/j.apenergy.2017.08.035,https://www.sciencedirect.com/science/article/pii/S0306261917310401,,2017,7/18/2023 15:39,7/18/2023 15:39,,,,,,,,,,,,,,,,,,,,,,Publisher: Elsevier BV,,C:\Users\yuhang.zhang\Zotero\storage\JJA7WEAF\Puning Xue et al. - 2017 - Fault detection and operation optimization in dist.pdf,,,,,,,,,,,,,,,,,,,,,,,,,,,,,,,,,,,,,,,,,,,,,,,,,
VFPEKSS3,journalArticle,2017,Helge Averfalk; Sven Werner,Essential improvements in future district heating systems,,,,10.1016/j.egypro.2017.05.069,https://www.sciencedirect.com/science/article/pii/S1876610217322762,,2017,7/18/2023 15:39,7/18/2023 15:39,,,,,,,,,,,,,,,,,,,,,,Publisher: Elsevier BV,,C:\Users\yuhang.zhang\Zotero\storage\5PFDFVHK\Helge Averfalk and Sven Werner - 2017 - Essential improvements in future district heating .pdf,,,,,,,,,,,,,,,,,,,,,,,,,,,,,,,,,,,,,,,,,,,,,,,,,
6HTNNFQC,journalArticle,2017,Nadège Vetterli; Matthias Sulzer; Urs-Peter Menti,Energy monitoring of a low temperature heating and cooling district network,,,,10.1016/j.egypro.2017.07.289,https://www.sciencedirect.com/science/article/pii/S1876610217328874,,2017,7/18/2023 15:39,7/18/2023 15:46,,,,,,,,,,,,,,,,,,,,,,Publisher: Elsevier BV,,C:\Users\yuhang.zhang\Zotero\storage\GVHNNGKH\Nadège Vetterli et al. - 2017 - Energy monitoring of a low temperature heating and.pdf,,,,,,,,,,,,,,,,,,,,,,,,,,,,,,,,,,,,,,,,,,,,,,,,,
YY2L3HZQ,journalArticle,2017,I. Hussain; Z. Ullah; S. M. Ali; B. Khan; M. F. Qureshi; C. A. Mehmood,Energy Management Model for Energy District Prosumers and Utility: A Case Study of Texas State,,,,10.1109/fit.2017.00057,https://ieeexplore.ieee.org/abstract/document/8261051/,,2017,7/18/2023 15:39,7/18/2023 15:39,,,,,,,,,,,,,,,,,,,,,,Publisher: IEEE,,C:\Users\yuhang.zhang\Zotero\storage\ZSVKWLTK\I. Hussain et al. - 2017 - Energy Management Model for Energy District Prosum.pdf,,,,,,,,,,,,,,,,,,,,,,,,,,,,,,,,,,,,,,,,,,,,,,,,,
T538VSUF,journalArticle,2017,Ilias DIMOULKAS; Mikael AMELIN; Fabian LEVIHN,District heating system operation in power systems with high share of wind power,,,,10.1007/s40565-017-0344-6,https://ieeexplore.ieee.org/abstract/document/8940992/,,2017,7/18/2023 15:39,7/18/2023 15:39,,,,,,,,,,,,,,,,,,,,,,Publisher: Springer Science and Business Media LLC,,C:\Users\yuhang.zhang\Zotero\storage\F3794MRR\Ilias DIMOULKAS et al. - 2017 - District heating system operation in power systems.pdf,,,,,,,,,,,,,,,,,,,,,,,,,,,,,,,,,,,,,,,,,,,,,,,,,
DCYMNFK7,journalArticle,2017,B. Rismanchi,"District energy network (DEN), current global status and future development",,,,10.1016/j.rser.2016.11.025,https://www.sciencedirect.com/science/article/pii/S1364032116307791,,2017,7/18/2023 15:39,7/18/2023 15:39,,,,,,,,,,,,,,,,,,,,,,Publisher: Elsevier BV,,"C:\Users\yuhang.zhang\Zotero\storage\DQJ8GQVY\B. Rismanchi - 2017 - District energy network (DEN), current global stat.pdf",,,,,,,,,,,,,,,,,,,,,,,,,,,,,,,,,,,,,,,,,,,,,,,,,
G8UN3JCA,journalArticle,2017,Chris Butters; Adzuieen Nordin; Danny Tam Hong Khai,District cooling: A key solution for hot climate cities,,,,10.1007/978-981-10-6638-2_11,https://link.springer.com/chapter/10.1007/978-981-10-6638-2_11,,2017,7/18/2023 15:39,7/18/2023 15:39,,,,,,,,,,,,,,,,,,,,,,Publisher: Springer Singapore,,,,,,,,,,,,,,,,,,,,,,,,,,,,,,,,,,,,,,,,,,,,,,,,,,,
XUU9MY7C,journalArticle,2017,Gloria D. Elliott; Shangping Wang; Barry J. Fuller,Cryoprotectants: A review of the actions and applications of cryoprotective solutes that modulate cell recovery from ultra-low temperatures,,,,10.1016/j.cryobiol.2017.04.004,https://www.sciencedirect.com/science/article/pii/S0011224017301463,,2017,7/18/2023 15:39,7/18/2023 15:39,,,,,,,,,,,,,,,,,,,,,,Publisher: Elsevier BV,,C:\Users\yuhang.zhang\Zotero\storage\FHMRJG26\Gloria D. Elliott et al. - 2017 - Cryoprotectants A review of the actions and appli.pdf,,,,,,,,,,,,,,,,,,,,,,,,,,,,,,,,,,,,,,,,,,,,,,,,,
C4TWIL3C,journalArticle,2017,Geun-yong Ham; Dong-hoon Lee,Consideration of high-efficient Waste-to-Energy with district energy for sustainable solid waste management in Korea,,,,10.1016/j.egypro.2017.05.099,https://www.sciencedirect.com/science/article/pii/S1876610217323068,,2017,7/18/2023 15:39,7/18/2023 15:39,,,,,,,,,,,,,,,,,,,,,,Publisher: Elsevier BV,,C:\Users\yuhang.zhang\Zotero\storage\9BI9M2RF\Geun-yong Ham and Dong-hoon Lee - 2017 - Consideration of high-efficient Waste-to-Energy wi.pdf,,,,,,,,,,,,,,,,,,,,,,,,,,,,,,,,,,,,,,,,,,,,,,,,,
T55FU8ET,journalArticle,2017,Jelena Ziemele; Armands Gravelsins; Andra Blumberga; Dagnija Blumberga,Combining energy efficiency at source and at consumer to reach 4th generation district heating: Economic and system dynamics analysis,,,,10.1016/j.energy.2017.04.123,https://www.sciencedirect.com/science/article/pii/S0360544217306898,,2017,7/18/2023 15:39,7/18/2023 15:39,,,,,,,,,,,,,,,,,,,,,,Publisher: Elsevier BV,,C:\Users\yuhang.zhang\Zotero\storage\EIKGQXHD\Jelena Ziemele et al. - 2017 - Combining energy efficiency at source and at consu.pdf,,,,,,,,,,,,,,,,,,,,,,,,,,,,,,,,,,,,,,,,,,,,,,,,,
QR5F6BRB,journalArticle,2017,Fabian Levihn,CHP and heat pumps to balance renewable power production: Lessons from the district heating network in Stockholm,,,,10.1016/j.energy.2017.01.118,https://www.sciencedirect.com/science/article/pii/S036054421730124X,,2017,7/18/2023 15:39,7/18/2023 15:39,,,,,,,,,,,,,,,,,,,,,,Publisher: Elsevier BV,,C:\Users\yuhang.zhang\Zotero\storage\MUQLG393\Fabian Levihn - 2017 - CHP and heat pumps to balance renewable power prod.pdf,,,,,,,,,,,,,,,,,,,,,,,,,,,,,,,,,,,,,,,,,,,,,,,,,
FTHTJL9J,journalArticle,2017,Nicolas Lamaison; Roland Bavière; David Cheze; Cedric Paulus,A multi-criteria analysis of bidirectional solar district heating substation architecture,,,,10.18086/swc.2017.10.02,http://proceedings.ises.org/paper/swc2017/swc2017-0050-Lamaison.pdf,,2017,7/18/2023 15:39,7/18/2023 15:39,,,,,,,,,,,,,,,,,,,,,,Publisher: International Solar Energy Society,,C:\Users\yuhang.zhang\Zotero\storage\EIVBNZN8\Nicolas Lamaison et al. - 2017 - A multi-criteria analysis of bidirectional solar d.pdf,,,,,,,,,,,,,,,,,,,,,,,,,,,,,,,,,,,,,,,,,,,,,,,,,
8777D7MH,journalArticle,2016,"Østergaard, Poul Alberg; Andersen, Anders N.",Booster heat pumps and central heat pumps in district heating,Applied Energy,,0306-2619,10.1016/j.apenergy.2016.02.144,https://www.sciencedirect.com/science/article/pii/S0306261916303105,"District heating (DH) enables the utilisation and distribution of heating from sources unfeasible for stand-alone applications and combined with cogeneration of heat and power (CHP), has been the cornerstone of Denmark’s realisation of a steady national primary energy supply over the last four decades. However, progressively more energy-efficient houses and a steadily improving heat pump (HP) performance for individual dwellings is straining the competitive advantage of the CHP–DH combination as DH grid losses are growing in relative terms due to decreasing heating demands of buildings and relatively high DH supply temperatures. A main driver for the DH water temperature is the requirements for domestic hot water (DHW) production. This article investigates two alternatives for DHW supply: (a) DH based on central HPs combined with a heat exchanger, and (b) a combination of DH based on central HPs and a small booster HP using DH water as low-temperature source for DHW production. The analyses are conducted using the energyPRO simulation model and are conducted with hourly varying factors; heating demands, DH grid losses, HP coefficient of performance (COP) and spot market prices in order to be able to analyse the relative performance of the two options and their performance over the year. Results are also compared to individual boilers and individual HPs. The results indicate that applying booster HPs enables the DH system to operate at substantially lower temperature levels, improving the COP of central DH HPs while simultaneously lowering DH grid losses significantly. Thus, DH performance is increased significantly. Additionally, performance for the DH HP with booster combination is considerably better than individual boiler or HP solutions.",12/15/2016,3/7/2023 3:35,7/18/2023 15:46,3/7/2023 3:35,1374-1388,,,184,,Applied Energy,,,,,,,,en,,,,,ScienceDirect,,,,C:\Users\yuhang.zhang\Zotero\storage\ZRPYQEFV\Østergaard 和 Andersen - 2016 - Booster heat pumps and central heat pumps in distr.pdf,,,,,,,,,,,,,,,,,,,,,,,,,,,,,,,,,,,,,,,,,,,,,,,,,
SF8B7PA4,journalArticle,2016,"Oppelt, Thomas; Urbaneck, Thorsten; Gross, Ulrich; Platzer, Bernd",Dynamic thermo-hydraulic model of district cooling networks,Applied Thermal Engineering,,1359-4311,10.1016/j.applthermaleng.2016.03.168,https://www.sciencedirect.com/science/article/pii/S1359431116304768,"In the present paper, the dynamic thermo-hydraulic model ISENA is presented which can be applied for answering different questions occurring in design and operation of district cooling networks—e.g. related to economic and energy efficiency. The network model consists of a quasistatic hydraulic model and a transient thermal model based on tracking water segments through the whole network (Lagrangian method). Applying this approach, numerical errors and balance inaccuracies can be avoided which leads to a higher quality of results compared to other network models. Verification and validation calculations are presented in order to show that ISENA provides reliable results and is suitable for practical application.",6/5/2016,2/7/2023 1:01,7/18/2023 15:46,1/30/2023 6:32,336-345,,,102,,Applied Thermal Engineering,,,,,,,,en,,,,,ScienceDirect,,39 citations (Crossref) [2023-03-05],,C:\Users\yuhang.zhang\Zotero\storage\E3G7W4D3\Oppelt et al. - 2016 - Dynamic thermo-hydraulic model of district cooling.pdf,,,,,,,,,,,,,,,,,,,,,,,,,,,,,,,,,,,,,,,,,,,,,,,,,
L9AD7I9N,journalArticle,2016,"Yang, Xiaochen; Li, Hongwei; Svendsen, Svend",Evaluations of different domestic hot water preparing methods with ultra-low-temperature district heating,ENERGY,,0360-5442,10.1016/j.energy.2016.04.109,,,8/15/2016,3/7/2023 3:38,7/18/2023 15:46,,248-259,,,109,,,,,,,,,,,,,,,,,,,C:\Users\yuhang.zhang\Zotero\storage\6N3ZF2PJ\Yang 等 - 2016 - Evaluations of different domestic hot water prepar.pdf,,,,,,,,,,,,,,,,,,,,,,,,,,,,,,,,,,,,,,,,,,,,,,,,,
Z2MRE32B,journalArticle,2016,"Yang, Xiaochen; Li, Hongwei; Svendsen, Svend","Energy, economy and exergy evaluations of the solutions for supplying domestic hot water from low-temperature district heating in Denmark",ENERGY CONVERSION AND MANAGEMENT,,0196-8904,10.1016/j.enconman.2016.05.057,,,8/15/2016,3/7/2023 3:38,7/18/2023 15:46,,142-152,,,122,,,,,,,,,,,,,,,,,,,"C:\Users\yuhang.zhang\Zotero\storage\TLJKBMVT\Yang 等 - 2016 - Energy, economy and exergy evaluations of the solu.pdf",,,,,,,,,,,,,,,,,,,,,,,,,,,,,,,,,,,,,,,,,,,,,,,,,
EXNMDJWT,journalArticle,2016,Marcus Fuchs; Jens Teichmann; Moritz Lauster; Peter Remmen; Rita Streblow; Dirk Müller,Workflow automation for combined modeling of buildings and district energy systems,,,,10.1016/j.energy.2016.04.023,https://www.sciencedirect.com/science/article/pii/S0360544216304297,,2016,7/18/2023 15:39,7/18/2023 15:39,,,,,,,,,,,,,,,,,,,,,,Publisher: Elsevier BV,,C:\Users\yuhang.zhang\Zotero\storage\XIIIJG45\Marcus Fuchs et al. - 2016 - Workflow automation for combined modeling of build.pdf,,,,,,,,,,,,,,,,,,,,,,,,,,,,,,,,,,,,,,,,,,,,,,,,,
9XBJKSH7,journalArticle,2016,Satu Paiho; Francesco Reda,Towards next generation district heating in Finland,,,,10.1016/j.rser.2016.07.049,https://www.sciencedirect.com/science/article/pii/S1364032116303768,,2016,7/18/2023 15:39,7/18/2023 15:39,,,,,,,,,,,,,,,,,,,,,,Publisher: Elsevier BV,,C:\Users\yuhang.zhang\Zotero\storage\BBEHUULK\Satu Paiho and Francesco Reda - 2016 - Towards next generation district heating in Finlan.pdf,,,,,,,,,,,,,,,,,,,,,,,,,,,,,,,,,,,,,,,,,,,,,,,,,
2NWJCGI9,journalArticle,2016,Jelena Ziemele; Armands Gravelsins; Andra Blumberga; Girts Vigants; Dagnija Blumberga,System dynamics model analysis of pathway to 4th generation district heating in Latvia,,,,10.1016/j.energy.2015.11.073,https://www.sciencedirect.com/science/article/pii/S0360544215016369,,2016,7/18/2023 15:39,7/18/2023 15:39,,,,,,,,,,,,,,,,,,,,,,Publisher: Elsevier BV,,C:\Users\yuhang.zhang\Zotero\storage\PT9NZBDR\Jelena Ziemele et al. - 2016 - System dynamics model analysis of pathway to 4th g.pdf,,,,,,,,,,,,,,,,,,,,,,,,,,,,,,,,,,,,,,,,,,,,,,,,,
PI7PR3UF,journalArticle,2016,Mahmut Sami Buker; Saffa B. Riffat,Solar assisted heat pump systems for low temperature water heating applications: A systematic review,,,,10.1016/j.rser.2015.10.157,https://www.sciencedirect.com/science/article/pii/S1364032115012368,,2016,7/18/2023 15:39,7/18/2023 15:39,,,,,,,,,,,,,,,,,,,,,,Publisher: Elsevier BV,,C:\Users\yuhang.zhang\Zotero\storage\WI9U7XY7\Mahmut Sami Buker and Saffa B. Riffat - 2016 - Solar assisted heat pump systems for low temperatu.pdf,,,,,,,,,,,,,,,,,,,,,,,,,,,,,,,,,,,,,,,,,,,,,,,,,
2BZ5BD4K,journalArticle,2016,Henrik Lund; Neven Duic; Poul Alberg Østergaard; Brian Vad Mathiesen,Smart energy systems and 4th generation district heating,,,,10.1016/j.energy.2016.07.105,https://www.sciencedirect.com/science/article/pii/S0360544216310313,,2016,7/18/2023 15:39,7/18/2023 15:39,,,,,,,,,,,,,,,,,,,,,,Publisher: Elsevier BV,,C:\Users\yuhang.zhang\Zotero\storage\2AED6DHV\Henrik Lund et al. - 2016 - Smart energy systems and 4th generation district h.pdf,,,,,,,,,,,,,,,,,,,,,,,,,,,,,,,,,,,,,,,,,,,,,,,,,
WVFP2MK9,journalArticle,2016,Wenjie Gang; Shengwei Wang; Godfried Augenbroe; Fu Xiao,Robust optimal design of district cooling systems and the impacts of uncertainty and reliability,,,,10.1016/j.enbuild.2016.04.012,https://www.sciencedirect.com/science/article/pii/S0378778816302468,,2016,7/18/2023 15:39,7/18/2023 15:39,,,,,,,,,,,,,,,,,,,,,,Publisher: Elsevier BV,,C:\Users\yuhang.zhang\Zotero\storage\J59Y46R5\Wenjie Gang et al. - 2016 - Robust optimal design of district cooling systems .pdf,,,,,,,,,,,,,,,,,,,,,,,,,,,,,,,,,,,,,,,,,,,,,,,,,
8Q2E4V49,journalArticle,2016,Dorte Skaarup Østergaard; Svend Svendsen,Replacing critical radiators to increase the potential to use low-temperature district heating–A case study of 4 Danish single-family houses from the 1930s,,,,10.1016/j.energy.2016.03.140,https://www.sciencedirect.com/science/article/pii/S0360544216303930,,2016,7/18/2023 15:39,7/18/2023 15:39,,,,,,,,,,,,,,,,,,,,,,Publisher: Elsevier BV,,C:\Users\yuhang.zhang\Zotero\storage\PLBBEFD2\Dorte Skaarup Østergaard and Svend Svendsen - 2016 - Replacing critical radiators to increase the poten.pdf,,,,,,,,,,,,,,,,,,,,,,,,,,,,,,,,,,,,,,,,,,,,,,,,,
ZLZFZQ8V,journalArticle,2016,Lisa Brange; Jessica Englund; Patrick Lauenburg,Prosumers in district heating networks–A Swedish case study,,,,10.1016/j.apenergy.2015.12.020,https://www.sciencedirect.com/science/article/pii/S0306261915015937,,2016,7/18/2023 15:39,7/18/2023 15:39,,,,,,,,,,,,,,,,,,,,,,Publisher: Elsevier BV,,C:\Users\yuhang.zhang\Zotero\storage\UQCT35QK\Lisa Brange et al. - 2016 - Prosumers in district heating networks–A Swedish c.pdf,,,,,,,,,,,,,,,,,,,,,,,,,,,,,,,,,,,,,,,,,,,,,,,,,
EQRUJ56C,journalArticle,2016,A. Bukshaisha; A. H. Beitelmal,Optimizing the cost and energy performance of district cooling system with the low delta-T syndrome,,,,10.2495/eq160151,https://orca.cardiff.ac.uk/id/eprint/68282/,,2016,7/18/2023 15:39,7/18/2023 15:39,,,,,,,,,,,,,,,,,,,,,,Publisher: WIT Press,,C:\Users\yuhang.zhang\Zotero\storage\W2244VWK\A. Bukshaisha and A. H. Beitelmal - 2016 - Optimizing the cost and energy performance of dist.pdf,,,,,,,,,,,,,,,,,,,,,,,,,,,,,,,,,,,,,,,,,,,,,,,,,
6X7YGTKB,journalArticle,2016,Tobias Falke; Stefan Krengel; Ann-Kathrin Meinerzhagen; Armin Schnettler,Multi-objective optimization and simulation model for the design of distributed energy systems,,,,10.1016/j.apenergy.2016.03.044,https://www.sciencedirect.com/science/article/pii/S0306261916303646,,2016,7/18/2023 15:39,7/18/2023 15:39,,,,,,,,,,,,,,,,,,,,,,Publisher: Elsevier BV,,C:\Users\yuhang.zhang\Zotero\storage\VXAKZKNP\Tobias Falke et al. - 2016 - Multi-objective optimization and simulation model .pdf,,,,,,,,,,,,,,,,,,,,,,,,,,,,,,,,,,,,,,,,,,,,,,,,,
ENAQXCWG,journalArticle,2016,Xuezhi Liu; Pierluigi Mancarella,"Modelling, assessment and Sankey diagrams of integrated electricity-heat-gas networks in multi-vector district energy systems",,,,10.1016/j.apenergy.2015.08.089,https://www.sciencedirect.com/science/article/pii/S0306261915010259,,2016,7/18/2023 15:39,7/18/2023 15:39,,,,,,,,,,,,,,,,,,,,,,Publisher: Elsevier BV,,"C:\Users\yuhang.zhang\Zotero\storage\USYW432Q\Xuezhi Liu and Pierluigi Mancarella - 2016 - Modelling, assessment and Sankey diagrams of integ.pdf",,,,,,,,,,,,,,,,,,,,,,,,,,,,,,,,,,,,,,,,,,,,,,,,,
SGPTTNFQ,journalArticle,2016,Rasmus Lund; Urban Persson,Mapping of potential heat sources for heat pumps for district heating in Denmark,,,,10.1016/j.energy.2015.12.127,https://www.sciencedirect.com/science/article/pii/S0360544215017727,,2016,7/18/2023 15:39,7/18/2023 15:39,,,,,,,,,,,,,,,,,,,,,,Publisher: Elsevier BV,,C:\Users\yuhang.zhang\Zotero\storage\MYPNZHHC\Rasmus Lund and Urban Persson - 2016 - Mapping of potential heat sources for heat pumps f.pdf,,,,,,,,,,,,,,,,,,,,,,,,,,,,,,,,,,,,,,,,,,,,,,,,,
ECYWVINY,journalArticle,2016,M. Köfinger; D. Basciotti; R.R. Schmidt; E. Meissner; C. Doczekal; A. Giovannini,"Low temperature district heating in Austria: Energetic, ecologic and economic comparison of four case studies",,,,10.1016/j.energy.2015.12.103,https://www.sciencedirect.com/science/article/pii/S036054421501748X,,2016,7/18/2023 15:39,7/18/2023 15:39,,,,,,,,,,,,,,,,,,,,,,Publisher: Elsevier BV,,C:\Users\yuhang.zhang\Zotero\storage\W9XU9K9L\M. Köfinger et al. - 2016 - Low temperature district heating in Austria Energ.pdf,,,,,,,,,,,,,,,,,,,,,,,,,,,,,,,,,,,,,,,,,,,,,,,,,
JG6XI36Q,journalArticle,2016,Samuel Henchoz; Patrick Chatelan; François Maréchal; Daniel Favrat,Key energy and technological aspects of three innovative concepts of district energy networks,,,,10.1016/j.energy.2016.05.065,https://www.sciencedirect.com/science/article/pii/S036054421630682X,,2016,7/18/2023 15:39,7/18/2023 15:39,,,,,,,,,,,,,,,,,,,,,,Publisher: Elsevier BV,,C:\Users\yuhang.zhang\Zotero\storage\Z7ZJ84EZ\Samuel Henchoz et al. - 2016 - Key energy and technological aspects of three inno.pdf,,,,,,,,,,,,,,,,,,,,,,,,,,,,,,,,,,,,,,,,,,,,,,,,,
HZ2R44WB,journalArticle,2016,Brian Elmegaard; Torben Schmidt Ommen; Michael Markussen; Johnny Iversen,Integration of space heating and hot water supply in low temperature district heating,,,,10.1016/j.enbuild.2015.09.003,https://www.sciencedirect.com/science/article/pii/S0378778815302449,,2016,7/18/2023 15:39,7/18/2023 15:39,,,,,,,,,,,,,,,,,,,,,,Publisher: Elsevier BV,,C:\Users\yuhang.zhang\Zotero\storage\Y9PYCVDD\Brian Elmegaard et al. - 2016 - Integration of space heating and hot water supply .pdf,,,,,,,,,,,,,,,,,,,,,,,,,,,,,,,,,,,,,,,,,,,,,,,,,
NT2M57IV,journalArticle,2016,Bjarne Bach; Jesper Werling; Torben Ommen; Marie Münster; Juan M. Morales; Brian Elmegaard,Integration of large-scale heat pumps in the district heating systems of Greater Copenhagen,,,,10.1016/j.energy.2016.04.029,https://www.sciencedirect.com/science/article/pii/S0360544216304352,,2016,7/18/2023 15:39,7/18/2023 15:39,,,,,,,,,,,,,,,,,,,,,,Publisher: Elsevier BV,,C:\Users\yuhang.zhang\Zotero\storage\EAELGRB8\Bjarne Bach et al. - 2016 - Integration of large-scale heat pumps in the distr.pdf,,,,,,,,,,,,,,,,,,,,,,,,,,,,,,,,,,,,,,,,,,,,,,,,,
7JW3KIZ9,journalArticle,2016,Peng Yen Liew; Timothy Gordon Walmsley; Sharifah Rafidah Wan Alwi; Zainuddin Abdul Manan; Jiří Jaromír Klemeš; Petar Sabev Varbanov,Integrating district cooling systems in locally integrated energy sectors through total site heat integration,,,,10.1016/j.apenergy.2016.05.078,https://www.sciencedirect.com/science/article/pii/S0306261916306754,,2016,7/18/2023 15:39,7/18/2023 15:39,,,,,,,,,,,,,,,,,,,,,,Publisher: Elsevier BV,,C:\Users\yuhang.zhang\Zotero\storage\5H6RPQJ3\Peng Yen Liew et al. - 2016 - Integrating district cooling systems in locally in.pdf,,,,,,,,,,,,,,,,,,,,,,,,,,,,,,,,,,,,,,,,,,,,,,,,,
SAKSX5GT,journalArticle,2016,Zhonghua Zhang; Huimin Xu; Zili Cui; Pu Hu; Jingchao Chai; Huiping Du; Jianjiang He; Jianjun Zhang; Xinhong Zhou; Pengxian Han; Guanglei Cui; Liquan Chen,High energy density hybrid Mg 2+/Li+ battery with superior ultra-low temperature performance,,,,10.1039/c5ta09591c,https://pubs.rsc.org/en/content/articlehtml/2016/ta/c5ta09591c,,2016,7/18/2023 15:39,7/18/2023 15:39,,,,,,,,,,,,,,,,,,,,,,Publisher: Royal Society of Chemistry (RSC),,C:\Users\yuhang.zhang\Zotero\storage\8YCCU8KQ\Zhonghua Zhang et al. - 2016 - High energy density hybrid Mg 2+Li+ battery with .pdf,,,,,,,,,,,,,,,,,,,,,,,,,,,,,,,,,,,,,,,,,,,,,,,,,
GGGHD8L6,journalArticle,2016,Chiara Cortinovis,Fourth Generation District Heating: Potentials and Planning Challenges of an Urban Energy Infrastructure,,,,10.1007/978-3-319-41022-7_20,https://link.springer.com/chapter/10.1007/978-3-319-41022-7_20,,2016,7/18/2023 15:39,7/18/2023 15:39,,,,,,,,,,,,,,,,,,,,,,Publisher: Springer International Publishing,,,,,,,,,,,,,,,,,,,,,,,,,,,,,,,,,,,,,,,,,,,,,,,,,,,
NSGFUQX4,journalArticle,2016,Eduardo Martinez Cesena; Tomislav Capuder; Pierluigi Mancarella,Flexible distributed multienergy generation system expansion planning under uncertainty,,,,10.1109/pesgm.2016.7741088,https://ieeexplore.ieee.org/abstract/document/7064771/,,2016,7/18/2023 15:39,7/18/2023 15:39,,,,,,,,,,,,,,,,,,,,,,Publisher: IEEE,,C:\Users\yuhang.zhang\Zotero\storage\STQXY8RD\Eduardo Martinez Cesena et al. - 2016 - Flexible distributed multienergy generation system.pdf,,,,,,,,,,,,,,,,,,,,,,,,,,,,,,,,,,,,,,,,,,,,,,,,,
LMW6R2RU,journalArticle,2016,Antonio Colmenar-Santos; Enrique Rosales-Asensio; David Borge-Diez; Eduardo Collado-Fernández,Evaluation of the cost of using power plant reject heat in low-temperature district heating and cooling networks,,,,10.1016/j.apenergy.2015.10.161,https://www.sciencedirect.com/science/article/pii/S0306261915014038,,2016,7/18/2023 15:39,7/18/2023 15:39,,,,,,,,,,,,,,,,,,,,,,Publisher: Elsevier BV,,C:\Users\yuhang.zhang\Zotero\storage\2D9PIHY3\Antonio Colmenar-Santos et al. - 2016 - Evaluation of the cost of using power plant reject.pdf,,,,,,,,,,,,,,,,,,,,,,,,,,,,,,,,,,,,,,,,,,,,,,,,,
PSVV8IMF,journalArticle,2016,Sven Werner,European space cooling demands,,,,10.1016/j.energy.2015.11.028,https://www.sciencedirect.com/science/article/pii/S0360544215015637,,2016,7/18/2023 15:39,7/18/2023 15:39,,,,,,,,,,,,,,,,,,,,,,Publisher: Elsevier BV,,C:\Users\yuhang.zhang\Zotero\storage\BAPEVQ5U\Sven Werner - 2016 - European space cooling demands.pdf,,,,,,,,,,,,,,,,,,,,,,,,,,,,,,,,,,,,,,,,,,,,,,,,,
4BTFJQB5,journalArticle,2016,P.D. Thomsen; P.M. Overbye,Energy storage for district energy systems,,,,10.1016/b978-1-78242-374-4.00007-0,https://www.sciencedirect.com/science/article/pii/B9781782423744000070,,2016,7/18/2023 15:39,7/18/2023 15:39,,,,,,,,,,,,,,,,,,,,,,Publisher: Elsevier,,C:\Users\yuhang.zhang\Zotero\storage\U7P5ZSKU\P.D. Thomsen and P.M. Overbye - 2016 - Energy storage for district energy systems.pdf,,,,,,,,,,,,,,,,,,,,,,,,,,,,,,,,,,,,,,,,,,,,,,,,,
VBT9CMLC,journalArticle,2016,Maria Grønnegaard Nielsen; Juan Miguel Morales; Marco Zugno; Thomas Engberg Pedersen; Henrik Madsen,Economic valuation of heat pumps and electric boilers in the Danish energy system,,,,10.1016/j.apenergy.2015.08.115,https://www.sciencedirect.com/science/article/pii/S030626191501051X,,2016,7/18/2023 15:39,7/18/2023 15:39,,,,,,,,,,,,,,,,,,,,,,Publisher: Elsevier BV,,C:\Users\yuhang.zhang\Zotero\storage\UATHXCRL\Maria Grønnegaard Nielsen et al. - 2016 - Economic valuation of heat pumps and electric boil.pdf,,,,,,,,,,,,,,,,,,,,,,,,,,,,,,,,,,,,,,,,,,,,,,,,,
AHZ58CQ2,journalArticle,2016,Longxi Li; Hailin Mu; Nan Li; Miao Li,Economic and environmental optimization for distributed energy resource systems coupled with district energy networks,,,,10.1016/j.energy.2016.05.026,https://www.sciencedirect.com/science/article/pii/S0360544216305783,,2016,7/18/2023 15:39,7/18/2023 15:39,,,,,,,,,,,,,,,,,,,,,,Publisher: Elsevier BV,,C:\Users\yuhang.zhang\Zotero\storage\7JKEBL2T\Longxi Li et al. - 2016 - Economic and environmental optimization for distri.pdf,,,,,,,,,,,,,,,,,,,,,,,,,,,,,,,,,,,,,,,,,,,,,,,,,
ZZZTPHKB,book,2016,,District energy in cities,,,,,https://smartenergysystems.eu/wp-content/uploads/2019/04/Plenary_4_Lily_Riahi.pdf,,2016,7/18/2023 15:39,7/18/2023 15:39,,,,,,,,,,,,,United Nations,,,,,,,,,DOI: 10.18356/64a77df3-en,,C:\Users\yuhang.zhang\Zotero\storage\5V94KQZ4\2016 - District energy in cities.pdf,,,,,,,,,,,,,,,,,,,,,,,,,,,,,,,,,,,,,,,,,,,,,,,,,
2PRH7EST,journalArticle,2016,Wenjie Gang; Shengwei Wang; Fu Xiao; Dian-ce Gao,"District cooling systems: Technology integration, system optimization, challenges and opportunities for applications",,,,10.1016/j.rser.2015.08.051,https://www.sciencedirect.com/science/article/pii/S1364032115009144,,2016,7/18/2023 15:39,7/18/2023 15:39,,,,,,,,,,,,,,,,,,,,,,Publisher: Elsevier BV,,"C:\Users\yuhang.zhang\Zotero\storage\GS3TEXW2\Wenjie Gang et al. - 2016 - District cooling systems Technology integration, .pdf",,,,,,,,,,,,,,,,,,,,,,,,,,,,,,,,,,,,,,,,,,,,,,,,,
5BR2ANKE,journalArticle,2016,Xiaochen Yang; Hongwei Li; Svend Svendsen,"Decentralized substations for low-temperature district heating with no Legionella risk, and low return temperatures",,,,10.1016/j.energy.2015.12.073,https://www.sciencedirect.com/science/article/pii/S0360544215017181,,2016,7/18/2023 15:39,7/18/2023 15:39,,,,,,,,,,,,,,,,,,,,,,Publisher: Elsevier BV,,C:\Users\yuhang.zhang\Zotero\storage\5646JRWZ\Xiaochen Yang et al. - 2016 - Decentralized substations for low-temperature dist.pdf,,,,,,,,,,,,,,,,,,,,,,,,,,,,,,,,,,,,,,,,,,,,,,,,,
7LQ72KNK,journalArticle,2016,Zhigang Li; Wenchuan Wu; Mohammad Shahidehpour; Jianhui Wang; Boming Zhang,Combined heat and power dispatch considering pipeline energy storage of district heating network,,,,10.1109/tste.2015.2467383,https://ieeexplore.ieee.org/abstract/document/7243359/,,2016,7/18/2023 15:39,7/18/2023 15:39,,,,,,,,,,,,,,,,,,,,,,Publisher: Institute of Electrical and Electronics Engineers (IEEE),,C:\Users\yuhang.zhang\Zotero\storage\QVJRFXKB\Zhigang Li et al. - 2016 - Combined heat and power dispatch considering pipel.pdf,,,,,,,,,,,,,,,,,,,,,,,,,,,,,,,,,,,,,,,,,,,,,,,,,
VVA39XL5,journalArticle,2016,Rasmus Lund; Soma Mohammadi,Choice of insulation standard for pipe networks in 4th generation district heating systems,,,,10.1016/j.applthermaleng.2015.12.015,https://www.sciencedirect.com/science/article/pii/S135943111501385X,,2016,7/18/2023 15:39,7/18/2023 15:39,,,,,,,,,,,,,,,,,,,,,,Publisher: Elsevier BV,,C:\Users\yuhang.zhang\Zotero\storage\DJ2CGQWU\Rasmus Lund and Soma Mohammadi - 2016 - Choice of insulation standard for pipe networks in.pdf,,,,,,,,,,,,,,,,,,,,,,,,,,,,,,,,,,,,,,,,,,,,,,,,,
C27LY8XP,journalArticle,2016,Ivar Baldvinsson; Toshihiko Nakata,A feasibility and performance assessment of a low temperature district heating system–A North Japanese case study,,,,10.1016/j.energy.2015.11.057,https://www.sciencedirect.com/science/article/pii/S0360544215016205,,2016,7/18/2023 15:39,7/18/2023 15:39,,,,,,,,,,,,,,,,,,,,,,Publisher: Elsevier BV,,C:\Users\yuhang.zhang\Zotero\storage\TSBT9UBW\Ivar Baldvinsson and Toshihiko Nakata - 2016 - A feasibility and performance assessment of a low .pdf,,,,,,,,,,,,,,,,,,,,,,,,,,,,,,,,,,,,,,,,,,,,,,,,,
YMC66DAT,journalArticle,2016,Jinkyun Cho; Jinho Kim; Suengjae Lee; Junemo Koo,A bi-directional systematic design approach to energy optimization for energy-efficient buildings,,,,10.1016/j.enbuild.2016.03.066,https://www.sciencedirect.com/science/article/pii/S0378778816302225,,2016,7/18/2023 15:39,7/18/2023 15:39,,,,,,,,,,,,,,,,,,,,,,Publisher: Elsevier BV,,C:\Users\yuhang.zhang\Zotero\storage\7KHPAF47\Jinkyun Cho et al. - 2016 - A bi-directional systematic design approach to ene.pdf,,,,,,,,,,,,,,,,,,,,,,,,,,,,,,,,,,,,,,,,,,,,,,,,,
KGWDJEK6,journalArticle,2015,"Allegrini, Jonas; Orehounig, Kristina; Mavromatidis, Georgios; Ruesch, Florian; Dorer, Viktor; Evins, Ralph",A review of modelling approaches and tools for the simulation of district-scale energy systems,Renewable and Sustainable Energy Reviews,,1364-0321,10.1016/j.rser.2015.07.123,https://www.sciencedirect.com/science/article/pii/S1364032115007704,"We present a comprehensive review of modelling approaches and associated software tools that address district-level energy systems. Buildings play an important role in urban energy systems regarding both the demand and supply of energy. It is no longer sufficient to simulate building energy use assuming isolation from the microclimate and energy system in which they operate, or to model an urban energy system without consideration of the buildings that it serves. This review complements previous studies by focussing on models that address district-level interactions in energy systems, and by assessing the capabilities of the software tools available alongside the theory of the modelling approaches used. New models and tools that address these district-level interactions are reviewed and their competences assessed. These are divided into the following sections: district energy systems (including heat networks, multi-energy systems and low-temperature networks), renewable energy generation (including solar, bioenergy, wind and the related topic of seasonal storage), and the urban microclimate as it relates to energy demands. The scope and detail covered by twenty cross-disciplinary tools is summarised in a matrix; many other tools that focus on specific areas are also discussed. We end by summarising the current state of district-scale urban energy modelling as it relates to the built environment, along with our perspective on future challenges and research directions.",12/1/2015,4/5/2023 20:04,7/18/2023 15:46,4/5/2023 20:04,1391-1404,,,52,,Renewable and Sustainable Energy Reviews,,,,,,,,en,,,,,ScienceDirect,,,,C:\Users\yuhang.zhang\Zotero\storage\C7J5AJRX\Allegrini 等 - 2015 - A review of modelling approaches and tools for the.pdf; C:\Users\yuhang.zhang\Zotero\storage\XE39AM5F\Allegrini et al. - 2015 - A review of modelling approaches and tools for the.pdf; C:\Users\yuhang.zhang\Zotero\storage\NI6TDCTU\S1364032115007704.html,,,District; Energy system; Modelling; Simulation; Tools,,,,,,,,,,,,,,,,,,,,,,,,,,,,,,,,,,,,,,,,,,,,,,
AWGDLVTZ,journalArticle,2015,M.A. Ancona; L. Branchini; A. De Pascale; F. Melino,Smart district heating: Distributed generation systems' effects on the network,,,,10.1016/j.egypro.2015.07.157,https://www.sciencedirect.com/science/article/pii/S187661021500925X,,2015,7/18/2023 15:39,7/18/2023 15:39,,,,,,,,,,,,,,,,,,,,,,Publisher: Elsevier BV,,C:\Users\yuhang.zhang\Zotero\storage\FJ8F3RP8\M.A. Ancona et al. - 2015 - Smart district heating Distributed generation sys.pdf,,,,,,,,,,,,,,,,,,,,,,,,,,,,,,,,,,,,,,,,,,,,,,,,,
BSRB22VM,journalArticle,2015,Arefeh Hesaraki; Sture Holmberg; Fariborz Haghighat,Seasonal thermal energy storage with heat pumps and low temperatures in building projects—A comparative review,,,,10.1016/j.rser.2014.12.002,https://www.sciencedirect.com/science/article/pii/S1364032114010545,,2015,7/18/2023 15:39,7/18/2023 15:39,,,,,,,,,,,,,,,,,,,,,,Publisher: Elsevier BV,,C:\Users\yuhang.zhang\Zotero\storage\9QDUDZ7M\Arefeh Hesaraki et al. - 2015 - Seasonal thermal energy storage with heat pumps an.pdf,,,,,,,,,,,,,,,,,,,,,,,,,,,,,,,,,,,,,,,,,,,,,,,,,
W6R3KGIF,journalArticle,2015,Ruben Baetens; Roel De Coninck; Filip Jorissen; Damien Picard; Lieve Helsen; Dirk Saelens,Openideas-an open framework for integrated district energy simulations,,,,10.26868/25222708.2015.2243,https://www.researchgate.net/profile/Ruben-Baetens/publication/281974322_OpenIDEAS_-_An_Open_Framework_for_Integrated_District_Energy_Simulations/links/560265d408ae42bbd541fd09/OpenIDEAS-An-Open-Framework-for-integrated-District-Energy-Simulations.pdf,,2015,7/18/2023 15:39,7/18/2023 15:39,,,,,,,,,,,,,,,,,,,,,,Publisher: IBPSA,,C:\Users\yuhang.zhang\Zotero\storage\BBNNVKUX\Ruben Baetens et al. - 2015 - Openideas-an open framework for integrated distric.pdf,,,,,,,,,,,,,,,,,,,,,,,,,,,,,,,,,,,,,,,,,,,,,,,,,
J7FKVYDD,journalArticle,2015,Martín Caldarola; Pablo Albella; Emiliano Cortés; Mohsen Rahmani; Tyler Roschuk; Gustavo Grinblat; Rupert F. Oulton; Andrea V. Bragas; Stefan A. Maier,Non-plasmonic nanoantennas for surface enhanced spectroscopies with ultra-low heat conversion,,,,10.1038/ncomms8915,https://www.nature.com/articles/ncomms8915,,2015,7/18/2023 15:39,7/18/2023 15:39,,,,,,,,,,,,,,,,,,,,,,Publisher: Springer Science and Business Media LLC,,C:\Users\yuhang.zhang\Zotero\storage\XG7UI4XK\Martín Caldarola et al. - 2015 - Non-plasmonic nanoantennas for surface enhanced sp.pdf,,,,,,,,,,,,,,,,,,,,,,,,,,,,,,,,,,,,,,,,,,,,,,,,,
2P8GU6TF,journalArticle,2015,Ruben Baetens; Dirk Saelens,Modelling uncertainty in district energy simulations by stochastic residential occupant behaviour,,,,10.1080/19401493.2015.1070203,https://www.tandfonline.com/doi/abs/10.1080/19401493.2015.1070203,,2015,7/18/2023 15:39,7/18/2023 15:39,,,,,,,,,,,,,,,,,,,,,,Publisher: Informa UK Limited,,C:\Users\yuhang.zhang\Zotero\storage\ELB96BL2\Ruben Baetens and Dirk Saelens - 2015 - Modelling uncertainty in district energy simulatio.pdf,,,,,,,,,,,,,,,,,,,,,,,,,,,,,,,,,,,,,,,,,,,,,,,,,
AJN3MMBY,journalArticle,2015,Hongwei Li; Stephen Jia Wang,Load management in district heating operation,,,,10.1016/j.egypro.2015.07.155,https://www.sciencedirect.com/science/article/pii/S1876610215009236,,2015,7/18/2023 15:39,7/18/2023 15:39,,,,,,,,,,,,,,,,,,,,,,Publisher: Elsevier BV,,C:\Users\yuhang.zhang\Zotero\storage\SVWPT3RU\Hongwei Li and Stephen Jia Wang - 2015 - Load management in district heating operation.pdf,,,,,,,,,,,,,,,,,,,,,,,,,,,,,,,,,,,,,,,,,,,,,,,,,
TSBP9FLU,journalArticle,2015,B. Di Pietra; F. Zanghirella; G. Puglisi,An evaluation of distributed solar thermal “net metering” in small-scale district heating systems,,,,10.1016/j.egypro.2015.11.335,https://www.sciencedirect.com/science/article/pii/S1876610215020676,,2015,7/18/2023 15:39,7/18/2023 15:39,,,,,,,,,,,,,,,,,,,,,,Publisher: Elsevier BV,,C:\Users\yuhang.zhang\Zotero\storage\JV5LFJ8V\B. Di Pietra et al. - 2015 - An evaluation of distributed solar thermal “net me.pdf,,,,,,,,,,,,,,,,,,,,,,,,,,,,,,,,,,,,,,,,,,,,,,,,,
2K3U27H9,journalArticle,2015,Maria Pia Fanti; Agostino Marcello Mangini; Michele Roccotelli; Walter Ukovich,A district energy management based on thermal comfort satisfaction and real-time power balancing,,,,10.1109/tase.2015.2472956,https://ieeexplore.ieee.org/abstract/document/7258400/,,2015,7/18/2023 15:39,7/18/2023 15:39,,,,,,,,,,,,,,,,,,,,,,Publisher: Institute of Electrical and Electronics Engineers (IEEE),,C:\Users\yuhang.zhang\Zotero\storage\BPHCVP4C\Maria Pia Fanti et al. - 2015 - A district energy management based on thermal comf.pdf,,,,,,,,,,,,,,,,,,,,,,,,,,,,,,,,,,,,,,,,,,,,,,,,,
HBPUY2G5,journalArticle,2014,"Lund, Henrik; Werner, Sven; Wiltshire, Robin; Svendsen, Svend; Thorsen, Jan Eric; Hvelplund, Frede; Mathiesen, Brian Vad",4th Generation District Heating (4GDH): Integrating smart thermal grids into future sustainable energy systems,Energy,,0360-5442,10.1016/j.energy.2014.02.089,https://www.sciencedirect.com/science/article/pii/S0360544214002369,"This paper defines the concept of 4th Generation District Heating (4GDH) including the relations to District Cooling and the concepts of smart energy and smart thermal grids. The motive is to identify the future challenges of reaching a future renewable non-fossil heat supply as part of the implementation of overall sustainable energy systems. The basic assumption is that district heating and cooling has an important role to play in future sustainable energy systems – including 100 percent renewable energy systems – but the present generation of district heating and cooling technologies will have to be developed further into a new generation in order to play such a role. Unlike the first three generations, the development of 4GDH involves meeting the challenge of more energy efficient buildings as well as being an integrated part of the operation of smart energy systems, i.e. integrated smart electricity, gas and thermal grids.",4/15/2014,2/7/2023 1:01,7/18/2023 15:46,1/30/2023 5:42,11-Jan,,,68,,Energy,4th Generation District Heating (4GDH),,,,,,,en,,,,,ScienceDirect,,1322 citations (Crossref) [2023-03-05],,C:\Users\yuhang.zhang\Zotero\storage\JQX3G2PC\Lund et al. - 2014 - 4th Generation District Heating (4GDH) Integratin.pdf; C:\Users\yuhang.zhang\Zotero\storage\I7BFRPHV\Lund 等 - 2014 - 4th Generation District Heating (4GDH) Integratin.pdf; C:\Users\yuhang.zhang\Zotero\storage\QVS7DBVI\S0360544214002369.html,,,District heating; Smart energy systems; 4GDH; Renewable energy systems; Smart thermal grids; Sustainable energy systems,,,,,,,,,,,,,,,,,,,,,,,,,,,,,,,,,,,,,,,,,,,,,,
5C7CSI6S,journalArticle,2014,"Li, Hongwei; Wang, Stephen Jia",Challenges in Smart Low-temperature District Heating Development,Energy Procedia,,1876-6102,10.1016/j.egypro.2014.12.150,https://www.sciencedirect.com/science/article/pii/S1876610214031798,"Previous research and development shows that low temperature district heating (LTDH) system is economic feasible for low energy buildings and buildings at sparse areas. Coupling with reduced network temperature and well-designed district heating (DH) networks, LTDH can reduce network heat loss by up to 75% comparing with the current medium temperature district heating system. Further system efficiency improvement can be achieved through a holistic approach which includes measures such as reduced system design margin, enhanced demand side management and improved operation of decentralized heat generations. The realization of such efficiency improvement measures will increase the demand for well functioned monitoring, communication, control and decision support tools and services to coordinate each component in the DH system.",1/1/2014,4/16/2023 22:07,7/18/2023 15:46,4/16/2023 22:07,1472-1475,,,61,,Energy Procedia,,"International Conference on Applied Energy, ICAE2014",,,,,,en,,,,,ScienceDirect,,,,C:\Users\yuhang.zhang\Zotero\storage\MEJA2X3Y\Li 和 Wang - 2014 - Challenges in Smart Low-temperature District Heati.pdf; C:\Users\yuhang.zhang\Zotero\storage\F48K9ZSM\S1876610214031798.html,,,,,,,,,,,,,,,,,,,,,,,,,,,,,,,,,,,,,,,,,,,,,,,,,
SH5H9H5P,journalArticle,2014,Lisa Brand; Alexandra Calvén; Jessica Englund; Henrik Landersjö; Patrick Lauenburg,Smart district heating networks–A simulation study of prosumers' impact on technical parameters in distribution networks,,,,10.1016/j.apenergy.2014.04.079,https://www.sciencedirect.com/science/article/pii/S0306261914004425,,2014,7/18/2023 15:39,7/18/2023 15:39,,,,,,,,,,,,,,,,,,,,,,Publisher: Elsevier BV,,C:\Users\yuhang.zhang\Zotero\storage\CR4BVSEZ\Lisa Brand et al. - 2014 - Smart district heating networks–A simulation study.pdf,,,,,,,,,,,,,,,,,,,,,,,,,,,,,,,,,,,,,,,,,,,,,,,,,
VFK23PXY,journalArticle,2014,Rui Pan; Fan Tao Fang; Deng Yun Ma; Min Zhang,Quayside energy system analysis,,,,10.4028/www.scientific.net/amr.908.412,https://escholarship.org/content/qt957066mw/qt957066mw.pdf,,2014,7/18/2023 15:39,7/18/2023 15:39,,,,,,,,,,,,,,,,,,,,,,"Publisher: Trans Tech Publications, Ltd.",,C:\Users\yuhang.zhang\Zotero\storage\4STLGW7A\Rui Pan et al. - 2014 - Quayside energy system analysis.pdf,,,,,,,,,,,,,,,,,,,,,,,,,,,,,,,,,,,,,,,,,,,,,,,,,
XA459DAZ,journalArticle,2014,T Sant; D Buhagiar; R N Farrugia,Offshore floating wind turbine-driven deep sea water pumping for combined electrical power and district cooling,,,,10.1088/1742-6596/524/1/012074,https://iopscience.iop.org/article/10.1088/1742-6596/524/1/012074/meta,,2014,7/18/2023 15:39,7/18/2023 15:39,,,,,,,,,,,,,,,,,,,,,,Publisher: IOP Publishing,,C:\Users\yuhang.zhang\Zotero\storage\KVF7C63R\T Sant et al. - 2014 - Offshore floating wind turbine-driven deep sea wat.pdf,,,,,,,,,,,,,,,,,,,,,,,,,,,,,,,,,,,,,,,,,,,,,,,,,
JKU7BVYB,journalArticle,2014,Samira Fazlollahi; Stephane Laurent Bungener; Pierre Mandel; Gwenaelle Becker; François Maréchal,"Multi-objectives, multi-period optimization of district energy systems: I. Selection of typical operating periods",,,,10.1016/j.compchemeng.2014.03.005,https://www.sciencedirect.com/science/article/pii/S0098135414000751,,2014,7/18/2023 15:39,7/18/2023 15:39,,,,,,,,,,,,,,,,,,,,,,Publisher: Elsevier BV,,"C:\Users\yuhang.zhang\Zotero\storage\HYGDCXNC\Samira Fazlollahi et al. - 2014 - Multi-objectives, multi-period optimization of dis.pdf",,,,,,,,,,,,,,,,,,,,,,,,,,,,,,,,,,,,,,,,,,,,,,,,,
FHYHFKLH,journalArticle,2014,Xiaochuan Lu; Guosheng Li; Jin Y. Kim; Donghai Mei; John P. Lemmon; Vincent L. Sprenkle; Jun Liu,Liquid-metal electrode to enable ultra-low temperature sodium–beta alumina batteries for renewable energy storage,,,,10.1038/ncomms5578,https://www.nature.com/articles/ncomms5578,,2014,7/18/2023 15:39,7/18/2023 15:39,,,,,,,,,,,,,,,,,,,,,,Publisher: Springer Science and Business Media LLC,,C:\Users\yuhang.zhang\Zotero\storage\FLDFCBD7\Xiaochuan Lu et al. - 2014 - Liquid-metal electrode to enable ultra-low tempera.pdf,,,,,,,,,,,,,,,,,,,,,,,,,,,,,,,,,,,,,,,,,,,,,,,,,
9N6JYCZU,journalArticle,2014,Kody M. Powell; Akshay Sriprasad; Wesley J. Cole; Thomas F. Edgar,"Heating, cooling, and electrical load forecasting for a large-scale district energy system",,,,10.1016/j.energy.2014.07.064,https://www.sciencedirect.com/science/article/pii/S036054421400886X,,2014,7/18/2023 15:39,7/18/2023 15:39,,,,,,,,,,,,,,,,,,,,,,Publisher: Elsevier BV,,"C:\Users\yuhang.zhang\Zotero\storage\4HD7XYU8\Kody M. Powell et al. - 2014 - Heating, cooling, and electrical load forecasting .pdf",,,,,,,,,,,,,,,,,,,,,,,,,,,,,,,,,,,,,,,,,,,,,,,,,
V2Q6AU9G,journalArticle,2014,D. Connolly; H. Lund; B.V. Mathiesen; S. Werner; B. Möller; U. Persson; T. Boermans; D. Trier; P.A. Østergaard; S. Nielsen,Heat Roadmap Europe: Combining district heating with heat savings to decarbonise the EU energy system,,,,10.1016/j.enpol.2013.10.035,https://www.sciencedirect.com/science/article/pii/S0301421513010574,,2014,7/18/2023 15:39,7/18/2023 15:39,,,,,,,,,,,,,,,,,,,,,,Publisher: Elsevier BV,,C:\Users\yuhang.zhang\Zotero\storage\AGCMMFRB\D. Connolly et al. - 2014 - Heat Roadmap Europe Combining district heating wi.pdf,,,,,,,,,,,,,,,,,,,,,,,,,,,,,,,,,,,,,,,,,,,,,,,,,
2Z8BQGAX,journalArticle,2014,Audrius Bagdanavicius; Nick Jenkins,Exergy and exergoeconomic analysis of a Compressed Air Energy Storage combined with a district energy system,,,,10.1016/j.enconman.2013.09.063,https://www.sciencedirect.com/science/article/pii/S0196890413006493,,2014,7/18/2023 15:39,7/18/2023 15:39,,,,,,,,,,,,,,,,,,,,,,Publisher: Elsevier BV,,C:\Users\yuhang.zhang\Zotero\storage\LHFNIPYN\Audrius Bagdanavicius and Nick Jenkins - 2014 - Exergy and exergoeconomic analysis of a Compressed.pdf,,,,,,,,,,,,,,,,,,,,,,,,,,,,,,,,,,,,,,,,,,,,,,,,,
5X8SY39G,journalArticle,2014,Anna Nitkiewicz; Robert Sekret,"Comparison of LCA results of low temperature heat plant using electric heat pump, absorption heat pump and gas-fired boiler",,,,10.1016/j.enconman.2014.07.032,https://www.sciencedirect.com/science/article/pii/S0196890414006633,,2014,7/18/2023 15:39,7/18/2023 15:39,,,,,,,,,,,,,,,,,,,,,,Publisher: Elsevier BV,,C:\Users\yuhang.zhang\Zotero\storage\CIB2JRC2\Anna Nitkiewicz and Robert Sekret - 2014 - Comparison of LCA results of low temperature heat .pdf,,,,,,,,,,,,,,,,,,,,,,,,,,,,,,,,,,,,,,,,,,,,,,,,,
UZGQVVEI,journalArticle,2014,Henrik Gadd; Sven Werner,Achieving low return temperatures from district heating substations,,,,10.1016/j.apenergy.2014.09.022,https://www.sciencedirect.com/science/article/pii/S0306261914009696,,2014,7/18/2023 15:39,7/18/2023 15:39,,,,,,,,,,,,,,,,,,,,,,Publisher: Elsevier BV,,C:\Users\yuhang.zhang\Zotero\storage\TW7KHGH6\Henrik Gadd and Sven Werner - 2014 - Achieving low return temperatures from district he.pdf,,,,,,,,,,,,,,,,,,,,,,,,,,,,,,,,,,,,,,,,,,,,,,,,,
FSC6FFFS,journalArticle,2014,Arif Hepbasli; Emrah Biyik; Orhan Ekren; Huseyin Gunerhan; Mustafa Araz,A key review of wastewater source heat pump (WWSHP) systems,,,,10.1016/j.enconman.2014.08.065,https://www.sciencedirect.com/science/article/pii/S0196890414007900,,2014,7/18/2023 15:39,7/18/2023 15:39,,,,,,,,,,,,,,,,,,,,,,Publisher: Elsevier BV,,C:\Users\yuhang.zhang\Zotero\storage\HVQRE8UI\Arif Hepbasli et al. - 2014 - A key review of wastewater source heat pump (WWSHP.pdf,,,,,,,,,,,,,,,,,,,,,,,,,,,,,,,,,,,,,,,,,,,,,,,,,
NQFZUAAY,journalArticle,2013,"Self, Stuart J.; Reddy, Bale V.; Rosen, Marc A.",Geothermal heat pump systems: Status review and comparison with other heating options,Applied Energy,,0306-2619,10.1016/j.apenergy.2012.01.048,https://www.sciencedirect.com/science/article/pii/S0306261912000542,"Heating is a major requirement in many regions, and growing energy demands and pollutant emissions have allowed unconventional heating technologies to be considered, including geothermal. Geothermal heat pumps are reviewed, including heat pump technology, earth connections, current world status and recent developments. Geothermal heat pump technology and conventional heating systems are compared in terms of costs, CO2 emissions and other parameters. Geothermal heat pump use is economically advantageous when the price of electricity is low. Alternatively geothermal heat pump units have the lowest emissions depending when electricity is produced from a low emitting source.",1/1/2013,4/6/2023 3:09,7/18/2023 15:46,4/6/2023 3:09,341-348,,,101,,Applied Energy,Geothermal heat pump systems,"Sustainable Development of Energy, Water and Environment Systems",,,,,,en,,,,,ScienceDirect,,,,C:\Users\yuhang.zhang\Zotero\storage\HUKIH7KL\Self et al. - 2013 - Geothermal heat pump systems Status review and co.pdf; C:\Users\yuhang.zhang\Zotero\storage\B9RFBPRL\S0306261912000542.html,,,Thermal energy storage; Economics; Efficiency; Geothermal energy; Heat pump; Heating,,,,,,,,,,,,,,,,,,,,,,,,,,,,,,,,,,,,,,,,,,,,,,
8SLU96AK,journalArticle,2013,Jun Okitsu; Ken Naono; Mohd Fatimie Irzaq Khamis; Ahmad Abba Haruna; Nordin Zakaria,Towards an architecture for integrated Gas District Cooling with Data Center control to reduce CO2 emission,,,,10.1109/igcc.2013.6604468,https://ieeexplore.ieee.org/abstract/document/6604468/,,2013,7/18/2023 15:39,7/18/2023 15:39,,,,,,,,,,,,,,,,,,,,,,Publisher: IEEE,,C:\Users\yuhang.zhang\Zotero\storage\WVX3TCXU\Jun Okitsu et al. - 2013 - Towards an architecture for integrated Gas Distric.pdf,,,,,,,,,,,,,,,,,,,,,,,,,,,,,,,,,,,,,,,,,,,,,,,,,
AXBXZM97,journalArticle,2013,Marek Brand; Svend Svendsen,Renewable-based low-temperature district heating for existing buildings in various stages of refurbishment,,,,10.1016/j.energy.2013.09.027,https://www.sciencedirect.com/science/article/pii/S0360544213007780,,2013,7/18/2023 15:39,7/18/2023 15:39,,,,,,,,,,,,,,,,,,,,,,Publisher: Elsevier BV,,C:\Users\yuhang.zhang\Zotero\storage\FG4RE7HI\Marek Brand and Svend Svendsen - 2013 - Renewable-based low-temperature district heating f.pdf,,,,,,,,,,,,,,,,,,,,,,,,,,,,,,,,,,,,,,,,,,,,,,,,,
LQY722XQ,journalArticle,2013,Kody M. Powell; Wesley J. Cole; Udememfon F. Ekarika; Thomas F. Edgar,Optimal chiller loading in a district cooling system with thermal energy storage,,,,10.1016/j.energy.2012.10.058,https://www.sciencedirect.com/science/article/pii/S0360544212008432,,2013,7/18/2023 15:39,7/18/2023 15:39,,,,,,,,,,,,,,,,,,,,,,Publisher: Elsevier BV,,C:\Users\yuhang.zhang\Zotero\storage\SP8XFYA2\Kody M. Powell et al. - 2013 - Optimal chiller loading in a district cooling syst.pdf,,,,,,,,,,,,,,,,,,,,,,,,,,,,,,,,,,,,,,,,,,,,,,,,,
U87NJJCZ,journalArticle,2013,Hao Fang; Jianjun Xia; Kan Zhu; Yingbo Su; Yi Jiang,Industrial waste heat utilization for low temperature district heating,,,,10.1016/j.enpol.2013.06.104,https://www.sciencedirect.com/science/article/pii/S0301421513006113,,2013,7/18/2023 15:39,7/18/2023 15:39,,,,,,,,,,,,,,,,,,,,,,Publisher: Elsevier BV,,C:\Users\yuhang.zhang\Zotero\storage\EEXS7YLA\Hao Fang et al. - 2013 - Industrial waste heat utilization for low temperat.pdf,,,,,,,,,,,,,,,,,,,,,,,,,,,,,,,,,,,,,,,,,,,,,,,,,
YF2RH59C,journalArticle,2013,Ben Richard Hughes; Fatemeh Rezazadeh; Hassam Nasarullah Chaudhry,Economic viability of incorporating multi-effect distillation with district cooling systems in the United Arab Emirates,,,,10.1016/j.scs.2012.10.002,https://www.sciencedirect.com/science/article/pii/S2210670712000637,,2013,7/18/2023 15:39,7/18/2023 15:39,,,,,,,,,,,,,,,,,,,,,,Publisher: Elsevier BV,,C:\Users\yuhang.zhang\Zotero\storage\UHMEMJHZ\Ben Richard Hughes et al. - 2013 - Economic viability of incorporating multi-effect d.pdf,,,,,,,,,,,,,,,,,,,,,,,,,,,,,,,,,,,,,,,,,,,,,,,,,
IWWD47HW,journalArticle,2013,Miro Ristimäki; Antti Säynäjoki; Jukka Heinonen; Seppo Junnila,Combining life cycle costing and life cycle assessment for an analysis of a new residential district energy system design,,,,10.1016/j.energy.2013.10.030,https://www.sciencedirect.com/science/article/pii/S0360544213008797,,2013,7/18/2023 15:39,7/18/2023 15:39,,,,,,,,,,,,,,,,,,,,,,Publisher: Elsevier BV,,C:\Users\yuhang.zhang\Zotero\storage\MNRM2R2G\Miro Ristimäki et al. - 2013 - Combining life cycle costing and life cycle assess.pdf,,,,,,,,,,,,,,,,,,,,,,,,,,,,,,,,,,,,,,,,,,,,,,,,,
2EHZ68XF,journalArticle,2013,C.W. Chan; J. Ling-Chin; A.P. Roskilly,"A review of chemical heat pumps, thermodynamic cycles and thermal energy storage technologies for low grade heat utilisation",,,,10.1016/j.applthermaleng.2012.06.041,https://www.sciencedirect.com/science/article/pii/S1359431112004620,,2013,7/18/2023 15:39,7/18/2023 15:39,,,,,,,,,,,,,,,,,,,,,,Publisher: Elsevier BV,,"C:\Users\yuhang.zhang\Zotero\storage\5WWYSM78\C.W. Chan et al. - 2013 - A review of chemical heat pumps, thermodynamic cyc.pdf",,,,,,,,,,,,,,,,,,,,,,,,,,,,,,,,,,,,,,,,,,,,,,,,,
NCTAXWT6,journalArticle,2007,Setsuo Takatani,"Fifth-generation thermal grids and heat pumps: A pilot project in Leuven, Belgium",,,,10.1111/j.1525-1594.2007.00390.x,https://www.rehvam2018atic.eu/images/workshops/8/Dedecker_5thgenerationgrid.pdf,,2007,7/18/2023 15:39,7/18/2023 15:39,,,,,,,,,,,,,,,,,,,,,,Publisher: Wiley,,C:\Users\yuhang.zhang\Zotero\storage\5HANHYZZ\Setsuo Takatani - 2007 - Fifth-generation thermal grids and heat pumps A p.pdf,,,,,,,,,,,,,,,,,,,,,,,,,,,,,,,,,,,,,,,,,,,,,,,,,
H2D2X2UN,journalArticle,2001,Mark Spurr,A tale of three district energy systems: metrics and future opportunities,,,,10.1092/q9u9-11hc-c6gh-59t0,https://www.osti.gov/biblio/1420138,,2001,7/18/2023 15:39,7/18/2023 15:39,,,,,,,,,,,,,,,,,,,,,,Publisher: Metapress,,C:\Users\yuhang.zhang\Zotero\storage\76NYZJAT\Mark Spurr - 2001 - A tale of three district energy systems metrics a.pdf,,,,,,,,,,,,,,,,,,,,,,,,,,,,,,,,,,,,,,,,,,,,,,,,,
HW7BQDVY,journalArticle,1981,,Towards a decarbonised heating and cooling sector in Europe: Unlocking the potential of energy efficiency and district energy,,,,10.1177/014362448100200411,https://vbn.aau.dk/en/publications/towards-a-decarbonised-heating-and-cooling-sector-in-europe-unloc,,1981,7/18/2023 15:39,7/18/2023 15:39,,,,,,,,,,,,,,,,,,,,,,Publisher: SAGE Publications,,,,,,,,,,,,,,,,,,,,,,,,,,,,,,,,,,,,,,,,,,,,,,,,,,,
BPHLFLJU,journalArticle,0,Nicholas Brunt,Techno-economic and environmental performance of two distinct state-of-the-art solar-assisted district energy system topologies,,,,10.22215/etd/2023-15374,https://repository.library.carleton.ca/concern/etds/b8515p376,,0,7/18/2023 15:39,7/18/2023 15:39,,,,,,,,,,,,,,,,,,,,,,Publisher: Carleton University,,C:\Users\yuhang.zhang\Zotero\storage\ZF2RSFDS\Nicholas Brunt - Techno-economic and environmental performance of t.pdf,,,,,,,,,,,,,,,,,,,,,,,,,,,,,,,,,,,,,,,,,,,,,,,,,
8V5SG5IQ,journalArticle,,,Energy & economic assessment of façade-integrated solar thermal systems combined with ultra-low temperature district-heating,,,,,https://www.sciencedirect.com/science/article/pii/S0960148120309137,,,7/18/2023 15:39,7/18/2023 15:39,,,,,,,,,,,,,,,,,,,,,,,,C:\Users\yuhang.zhang\Zotero\storage\JDH8NDAQ\Energy & economic assessment of façade-integrated .pdf,,,,,,,,,,,,,,,,,,,,,,,,,,,,,,,,,,,,,,,,,,,,,,,,,
