title,num_citations,year,excerpt,url,url_pdf,indicator,key_words,doi,authors,issued,abstract,link,is_referenced_by_count
A comparative thermoeconomic analysis of fourth generation and fifth generation district heating and cooling networks,29,2023,"… Detailed characterization of the dynamic thermal and electric … Moreover, this grid is connected to the national electric grid … the design of 4th and 5th generation district heating networks, …",https://www.sciencedirect.com/science/article/pii/S0360544223019552,,0,"5th generation, thermal grid",10.1016/j.energy.2023.128561,Francesco Calise; Francesco Liberato Cappiello; Luca Cimmino; Massimo Dentice d’Accadia; Maria Vicidomini,2023-12,,https://api.elsevier.com/content/article/PII:S0360544223019552?httpAccept=text/xml,22
Fifth-generation district heating and cooling systems: A review of recent advancements and implementation barriers,112,2023,… are mainly powered by fossil fuels and suffer from significant thermal losses due to high operating temperatures. Fifth-generation district heating and cooling systems (5GDHC) is a …,https://www.sciencedirect.com/science/article/pii/S1364032122008784,,0,"5th generation, thermal grid",10.1016/j.rser.2022.112997,Kristian Gjoka; Behzad Rismanchi; Robert H. Crawford,2023-1,,https://api.elsevier.com/content/article/PII:S1364032122008784?httpAccept=text/xml,67
Influence of building heat distribution temperatures on the energy performance and sizing of 5th generation district heating and cooling networks,31,2023,… The authors simulated a district network of 2200 houses and evaluated the flexibility offered to the grid with response to thermal comfort (internal temperature between 20 and 24 C). …,https://www.sciencedirect.com/science/article/pii/S0360544223008514,,0,"5th generation, thermal grid",10.1016/j.energy.2023.127457,Alessandro Maccarini; Artem Sotnikov; Tobias Sommer; Michael Wetter; Matthias Sulzer; Alireza Afshari,2023-7,,https://api.elsevier.com/content/article/PII:S0360544223008514?httpAccept=text/xml,21
5th generation district heating and cooling network planning: A Dantzig–Wolfe decomposition approach,30,2023,… The building constraints are only coupled with the rest of the problem by the decision variables that describe the energy imports from the electric and thermal grid. A method to solve …,https://www.sciencedirect.com/science/article/pii/S0196890422013711,,0,"5th generation, thermal grid",10.1016/j.enconman.2022.116593,Marco Wirtz; Miguel Heleno; Alexandre Moreira; Thomas Schreiber; Dirk Müller,2023-1,,https://api.elsevier.com/content/article/PII:S0196890422013711?httpAccept=text/xml,18
Modelling of 4th generation district heating systems integrated with different thermal energy storage technologies–Methodology,31,2023,… the simulation and analysis of the performance of a district heating (DH) system supplied with heat generated from renewable sources (RHS) and a selection of different types of thermal …,https://www.sciencedirect.com/science/article/pii/S0196890422013231,,0,"5th generation, thermal grid",10.1016/j.enconman.2022.116545,M.A. Pans; G. Claudio; P.C. Eames,2023-1,,https://api.elsevier.com/content/article/PII:S0196890422013231?httpAccept=text/xml,15
Design of a 5th generation district heating substation prototype for a real case study,7,2023,… the grid substation due to the inability to directly couple the grid with … This paper presents a detailed design of a 5th generation … grids and district heating networks to create smart thermal …,https://www.mdpi.com/2071-1050/15/4/2972,,0,"5th generation, thermal grid",10.3390/su15042972,Gianni Martinazzoli; Daniele Pasinelli; Adriano Maria Lezzi; Mariagrazia Pilotelli,2/7/2023,"<jats:p>The evolution of district heating networks is moving toward low temperatures in heat distribution with so called 4th generation networks. However, the lowest heat transfer fluid temperatures in district heating are achieved through ultra-low temperature networks, referred to as 5th generation district heating networks (5GDHNs). Low temperatures in heat distribution results in an extremely different configuration of 5GDHN compared to traditional district heating network, especially in the grid substation due to the inability to directly couple the grid with the buildings. This paper presents a detailed design of a 5th generation substation prototype, which is carried out to verify the proper operation and monitor the performance of this type of substation in a real case study. The prototype is fed by low-temperature waste heat, currently dissipated through evaporative towers, and will be built in the city of Brescia, Italy. The layout of the substation prototype, consisting of a bidirectional pumping system, a reversible water-to-water heat pump, an inertial thermal energy storage and a heat exchanger, is presented. An analysis is performed to figure out which refrigerant offers the best performance of the heat pump. In addition, fixed the refrigerant, the performance of the grid connected heat pump is found to be increased from 29.5% to 55.5% for both heating and cooling compared with a stand-alone air-to-water heat pump solution. Finally, the process flow diagram and the piping and instrumentation diagram of the substation are presented and commented.</jats:p>",https://www.mdpi.com/2071-1050/15/4/2972/pdf,4
Techno-economic analysis of a 5th generation district heating system using thermo-hydraulic model: A multi-objective analysis for a case study in heating …,21,2023,"… renewable electricity mix in the grid, the cost and emission of electricity are likely to decrease significantly, which can be favourable to low-temperature thermal grids. Integration of PV …",https://www.sciencedirect.com/science/article/pii/S0378778823005777,,0,"5th generation, thermal grid",10.1016/j.enbuild.2023.113347,Puneet Saini; Pei Huang; Frank fiedler; Anna Volkova; Xingxing Zhang,2023-10,,https://api.elsevier.com/content/article/PII:S0378778823005777?httpAccept=text/xml,25
5th generation district heating and cooling networks as a heat source for geothermal heat pumps,7,2023,"… in smart thermal grids with almost no heat losses [3]. In those smart thermal grids renewable … as a heat storage [3, 5]. In Table 1 the main features and differences from the different DH …",https://link.springer.com/chapter/10.1007/978-3-031-24524-4_9,,0,"5th generation, thermal grid",10.1007/978-3-031-24524-4_9,Robin Zeh; Matthias Schmid; Björn Ohlsen; Stefan Venczel; Volker Stockinger,2023,,https://link.springer.com/content/pdf/10.1007/978-3-031-24524-4_9,1
Multi-period design optimization for a 5th generation district heating and cooling network,21,2023,… the public grid e el - grid CO 2 changes over the years since it depends on the national grid mix. … to use waste heat from an industrial site in order to balance the thermal network. For …,https://www.sciencedirect.com/science/article/pii/S0378778823000889,,0,"5th generation, thermal grid",10.1016/j.enbuild.2023.112858,Marco Wirtz; Miguel Heleno; Hannah Romberg; Thomas Schreiber; Dirk Müller,2023-4,,https://api.elsevier.com/content/article/PII:S0378778823000889?httpAccept=text/xml,14
Techno-economic analysis of fifth-generation district heating and cooling combined with seasonal borehole thermal energy storage,33,2023,Fifth-generation district heating and cooling (5GDHC) is a promising solution to decarbonise future thermal energy systems. This paper investigates the potential of 5GDHC integrated …,https://www.sciencedirect.com/science/article/pii/S0360544223027767,,0,"5th generation, thermal grid",10.1016/j.energy.2023.129382,Xiang Li; Selin Yilmaz; Martin K. Patel; Jonathan Chambers,2023-12,,https://api.elsevier.com/content/article/PII:S0360544223027767?httpAccept=text/xml,24
Amount of heat available from a prosumer of a 5th generation district heating and cooling (5GDHC) system: Case study of a data center,12,2023,"… In this paper, a component-based thermal model is established to quantify the influence of outdoor temperature on the system's steady-state thermal performance. Nada et al. [11] study …",https://www.sciencedirect.com/science/article/pii/S2352710223013189,,0,"5th generation, thermal grid",10.1016/j.jobe.2023.107138,Stanislav Chicherin,2023-10,,https://api.elsevier.com/content/article/PII:S2352710223013189?httpAccept=text/xml,2
Analysis of operating characteristics of interconnected operation of thermal grids with bidirectional heat trade,3,2023,"… enabled by interconnected operation between thermal grids. Furthermore, to maximize these advantages, the DHC system is evolving into a 4th or 5th generation DHC model, through …",https://www.sciencedirect.com/science/article/pii/S1359431123006373,,0,"5th generation, thermal grid",10.1016/j.applthermaleng.2023.120608,Young Jik Youn; Yong Hoon Im,2023-7,,https://api.elsevier.com/content/article/PII:S1359431123006373?httpAccept=text/xml,1
How to develop fifth-generation district heating and cooling in Sweden? Application review and best practices proposed by middle agents,21,2023,"… , a new generation referred to as 5th generation district … thermal grids into electricity-dominated grids, which in turn supports the uptake of renewables and offers flexibility in power grids (…",https://www.sciencedirect.com/science/article/pii/S2352484723004092,,0,"5th generation, thermal grid",10.1016/j.egyr.2023.04.048,Marwan Abugabbara; Signhild Gehlin; Jonas Lindhe; Monica Axell; Daniel Holm; Hans Johansson; Martin Larsson; Annika Mattsson; Ulf Näslund; Anjan Rao Puttige; Klas Berglöf; Johan Claesson; Morten Hofmeister; Ulla Janson; Aksel Wedel Bang Jensen; Jens Termén; Saqib Javed,2023-12,,https://api.elsevier.com/content/article/PII:S2352484723004092?httpAccept=text/xml,15
5th generation district heating and cooling modelica models for prosumer interaction analysis,2,2023,"… Furthermore, fitting control strategies are needed for all components for different grid … a thermal grid. The hydraulic interfaces allow for the hydraulic connection of the only thermal …",https://ecp.ep.liu.se/index.php/modelica/article/view/971,,0,"5th generation, thermal grid",10.3384/ecp204607,Orestis Angelidis; Daniel Zinsmeister; Anastasia Ioannou; Daniel Friedrich; Alan Thomson; Gioia Falcone,12/22/2023,"<jats:p>5th Generation District Heating and Cooling (5GDHC) provides a promising pathway for decarbonising the thermal sector. To quantifying the synergies between heating, cooling, and electricity, complex thermofluid models are required. Modelica offers a potential solution for developing such models but there is a scarcity of accessible and usable models. This paper addresses this gap by presenting a comprehensive set of Modelica models for key elements of 5GDHC systems: prosumers, balancing units, and hydraulic interfaces. The models prioritise usability by facilitating the utilisation of Func-tional Mock-up Interface and Power Hardware-in-the-Loop (PHIL) methodologies. Component design, rele-vant controls and the applicability of PHIL setups are discussed. A theoretical case exemplifies hardware min-imisation, using only heat exchangers to investigate prosumer behaviour. The paper concludes with a discus-sion on the potential use of these models, opportunities for improvement, and the need for further research and experimental investigations in understanding 5GDHC systems.</jats:p>",https://ecp.ep.liu.se/index.php/modelica/article/download/971/879,0
Thermodynamic-based method for supporting design and operation of thermal grids in presence of distributed energy producers,3,2023,"… District heating networks are well-established technologies to efficiently cover the thermal … buildings in the tertiary sector interconnected by a thermal grid, where heat is produced by a …",https://hrcak.srce.hr/clanak/445283,,0,"5th generation, thermal grid",10.13044/j.sdewes.d11.0459,Catrini Pietro; Tancredi Testasecca; Maurizio La Villetta; Massimo Morale; Antonio Piacentino,2023-9,,http://www.sdewes.org/jsdewes/dp58c37c29e0ee0838127bfbaffeecbc084b2a3625,2
Comparison of Suitable Business Models for the 5thGeneration District Heating System Implementation through Game Theory Approach,5,2023,… The 5th generation district heating and cooling network (5GDHC) or ultra-low district heating is a novel solution based on thermal … and transferred to the heating grid via heat pumps. The …,https://sciendo.com/pdf/10.2478/rtuect-2023-0001,,0,"5th generation, thermal grid",10.2478/rtuect-2023-0001,Ieva Pakere; Marika Kacare; Lina Murauskaite; Pei Huang; Anna Volkova,1/1/2023,"<jats:title>Abstract</jats:title>
               <jats:p>District Heating and Cooling (DHC) technology is widely recognised as a promising solution for reducing primary energy consumption and emissions. The 5th Generation District Heating and Cooling (5GDHC) network is the latest DHC concept characterised by low-temperature supply, bi-directional heating network operation, decentralised energy flows, and surplus heat sharing. Unlike the 4th Generation District Heating (4GDH) technology, the 5GDHC technology switched to a consumer/prosumer-oriented perspective. The introduction of 5GDHC solutions requires high investments, an important barrier to further developing DHC systems. Therefore, a novel pricing and business model could include introducing co-owners or energy managers into the system. Three different local market business models for 5GDHC at the community level have been tested. The reverse technical and economic simulation has been used for a feasibility study to determine the resources, business models, and combinations closest to the break-even point with lower costs and higher gains for all involved stakeholders.</jats:p>",https://www.sciendo.com/pdf/10.2478/rtuect-2023-0001,5
Dynamic simulation of a 4th generation district heating network with the presence of prosumers,15,2023,"… Most of the models for thermal grids developed during past years usually assumed a … To fill this knowledge gap, this paper aims at developing a model of a thermal grid with prosumers …",https://www.sciencedirect.com/science/article/pii/S2590174523001368,,0,"5th generation, thermal grid",10.1016/j.ecmx.2023.100480,T. Testasecca; P. Catrini; M. Beccali; A. Piacentino,2023-10,,https://api.elsevier.com/content/article/PII:S2590174523001368?httpAccept=text/xml,1
Quantifying flexibility potential on district heating local thermal substations,9,2023,"… can be achieved in the 5th generation, through the setup of … Implemented numerical models that simulate 5th generation … thermal grid is another benefit of the 4th and 5th generation …",https://www.sciencedirect.com/science/article/pii/S2352467723001431,,0,"5th generation, thermal grid",10.1016/j.segan.2023.101135,Leonidas Zouloumis; Nikolaos Ploskas; Giorgos Panaras,2023-9,,https://api.elsevier.com/content/article/PII:S2352467723001431?httpAccept=text/xml,2
Research progress on the fifth-generation district heating system based on heat pump technology,47,2023,… fifth-generation district heating systems in recent decades and elaborates on the research progress of fifth-generation district heating … low-temperature heat source and meet the cooling …,https://www.sciencedirect.com/science/article/pii/S235271022300712X,,0,"5th generation, district heating and cooling",10.1016/j.jobe.2023.106533,Yuexuan Gong; Guoyuan Ma; Yuepeng Jiang; Lei Wang,2023-7,,https://api.elsevier.com/content/article/PII:S235271022300712X?httpAccept=text/xml,11
Design and operation investigation for the fifth-generation heating and cooling system based on load forecasting in business districts,11,2023,"… of district energy systems, especially the fifth-generation district energy systems with multiple heat … The fifth-generation district heating and cooling system (5GDHC) is a bidirectional low …",https://www.sciencedirect.com/science/article/pii/S0378778823004735,,0,"5th generation, district heating and cooling",10.1016/j.enbuild.2023.113243,Ting Bu; Rui Fan; Bin Zheng; Kexin Sun; Yibing Zhou,2023-9,,https://api.elsevier.com/content/article/PII:S0378778823004735?httpAccept=text/xml,7
The efficiency of innovative technologies for transition to 4th generation of district heating systems in Ukraine,18,2023,"… , introducing 4th and 5th generations of centralised DHS. The … energy-efficient modernisation, where the reduction of heat … of heat carriers, the use of heat pumps and individual heat …",https://www.sciencedirect.com/science/article/pii/S0360544222027621,,0,"5th generation, district heating and cooling",10.1016/j.energy.2022.125876,Andrii Polyvianchuk; Roman Semenenko; Petro Kapustenko; Jiří Jaromír Klemeš; Olga Arsenyeva,2023-1,,https://api.elsevier.com/content/article/PII:S0360544222027621?httpAccept=text/xml,12
Sensitivity analysis of fifth generation district heating and cooling coupled with borehole thermal energy storage with respect to cooling adoption,2,2023,"… Fifth generation district heating and cooling (5GDHC) is a promising solution for decarbonising building thermal demands, as it allows for simultaneous heating and cooling through a bi-…",https://iopscience.iop.org/article/10.1088/1742-6596/2600/6/062008/meta,,0,"5th generation, district heating and cooling",10.1088/1742-6596/2600/6/062008,Xiang Li; Jonathan Chambers; Selin Yilmaz; Martin K. Patel,11/1/2023,"<jats:title>Abstract</jats:title>
               <jats:p>Fifth generation district heating and cooling (5GDHC) is a promising solution for decarbonising building thermal demands, as it allows for simultaneous heating and cooling through a bi-directional network. This paper aims to investigate the general performance of 5GDHC under uncertainty. Initially, an uncertainty analysis is performed on a 5GDHC model in a case study, revealing significant variation in economic, technical, and environmental performance due to uncertain parameters. Subsequently, variance-based global sensitivity analysis is used to rank the uncertain parameters based on their impact on the economic performance of 5GDHC. The results identify cooling adoption rate, borehole pricing, and discount rate as the most influential parameters. Lastly, factors mapping demonstrates that cooling adoption rate within 0.6-0.9, low borehole costs, low discount rates, and high gas prices will drive the switch to 5GDHC. Overall, this study emphasizes the general applicability of 5GDHC.</jats:p>",https://iopscience.iop.org/article/10.1088/1742-6596/2600/6/062008,1
Current trends of district heating and cooling in Europe-A review,6,2023,"… : district heating, renewable energy sources, 4th generation district heating, 5th generation district heating and cooling, and district cooling, for the period from 2000 to 2023. The search …",https://ieeexplore.ieee.org/abstract/document/10193702/,,0,"5th generation, district heating and cooling",10.23919/splitech58164.2023.10193702,Vladimir Munćan; Igor Mujan; Aleksandar S. Anđelković; Dušan Macura,6/20/2023,,http://xplorestaging.ieee.org/ielx7/10192574/10192583/10193702.pdf?arnumber=10193702,2
Heat loss optimization and economic evaluation of a new fourth generation district heating triple pipe system,11,2023,"… pipe structure) heat loss theory of the fourth-generation district heating system, this paper optimizes … Results show that, from energy perspective, comprehensive heat as system energy …",https://www.sciencedirect.com/science/article/pii/S1359431123011894,,0,"fourth generation, district energy",10.1016/j.applthermaleng.2023.121160,Xingli Chen; Ling Ren; Qiang Zheng; Gang Yang; Nevzat Akkurt; Lin Liu; Zhiwei Liu; Yujie Qiang; Huachao Yang; Qian Xu; Yulong Ding,2023-10,,https://api.elsevier.com/content/article/PII:S1359431123011894?httpAccept=text/xml,10
"Energy, exergy, economic, environmental and sustainability (4ES) analyses of a wastewater source heat pump system for district heating applications based on real …",15,2023,"In recent years, worldwide interest in utilizing the heat energy from wastewater (WW) has increased significantly, concurrently with establishing policies and strategies for the …",https://www.sciencedirect.com/science/article/pii/S221313882300070X,,0,"fourth generation, district energy",10.1016/j.seta.2023.103077,Huseyin Gunhan Ozcan; Arif Hepbasli; Aysegul Abusoglu; Amjad Anvari-Moghaddam,2023-3,,https://api.elsevier.com/content/article/PII:S221313882300070X?httpAccept=text/xml,2
Optimal control of a fourth generation district heating network using an integrated non-linear model predictive controller,26,2023,… District heating (DH) can help increasing the share of renewable and residual energy … in which the MPC is applied to an existing fourth generation DH network. The results of a three-day …,https://www.sciencedirect.com/science/article/pii/S1359431123000595,,0,"fourth generation, district energy",10.1016/j.applthermaleng.2023.120030,Jelger Jansen; Filip Jorissen; Lieve Helsen,2023-3,,https://api.elsevier.com/content/article/PII:S1359431123000595?httpAccept=text/xml,14
Techno-economic and environmental performance of two state-of-the-art solar-assisted district energy system topologies,5,2023,"… district energy system topology that enables bi-directional mass flow to booster heat pumps and includes distributed solar-thermal generation. … defining the fourth generation of DH, they …",https://www.sciencedirect.com/science/article/pii/S0360544223010320,,0,"fourth generation, district energy",10.1016/j.energy.2023.127638,Nicholas Brunt; Jean Duquette; William O'Brien,2023-8,,https://api.elsevier.com/content/article/PII:S0360544223010320?httpAccept=text/xml,7
"Multi-objective optimization of district heating systems with turbine-driving fans and pumps considering economic, exergic, and environmental aspects",7,2023,"… The model is validated by a special third-generation district heating system with turbine-driving fans and pumps located in Shenyang, Northeast China. The non-dominated sorting …",https://www.sciencedirect.com/science/article/pii/S0360544223010885,,0,"fourth generation, district energy",10.1016/j.energy.2023.127694,Ximei Li; Jianmin Gao; Bingyuan Chen; Shi You; Yi Zheng; Qian Du; Yukun Qin,2023-8,,https://api.elsevier.com/content/article/PII:S0360544223010885?httpAccept=text/xml,3
Optimal heat storage in district energy plants with heat pumps and electrolysers,17,2023,"… Hydrogen and heating as well as hydrogen and cooling may have synergies; eg, a 4th generation district cooling system can benefit from waste heat sources for the provision of cooling […",https://www.sciencedirect.com/science/article/pii/S0360544223008174,,0,"fourth generation, district energy",10.1016/j.energy.2023.127423,Poul Alberg Østergaard; Anders N. Andersen,2023-7,,https://api.elsevier.com/content/article/PII:S0360544223008174?httpAccept=text/xml,13
Cost and performance analysis for five existing geothermal heat pump-based district energy systems in the United States,9,2023,"… By comparison, a 5th generation district energy system (Figure 1b) often consists of decentralized GHPs in each building connected to bi-directional distribution networks operating at …",https://www.osti.gov/biblio/1992646,,0,"fourth generation, district energy",10.2172/1992646,Hyunjun Oh; Koenraad Beckers,7/1/2023,,,4
Energy analysis of an ultra-low temperature district heating and cooling system with coaxial borehole heat exchangers,11,2023,… This work analyses an ultra-low temperature district heating and cooling (ULTDHC) network with coaxial borehole heat exchangers (CBHE) as the only energy control system. The study …,https://www.sciencedirect.com/science/article/pii/S0360544223012793,,0,"low-temperature, district heating and cooling",10.1016/j.energy.2023.127885,Gonzalo Quirosa; Miguel Torres; José A. Becerra; Francisco J. Jiménez-Espadafor; Ricardo Chacartegui,2023-9,,https://api.elsevier.com/content/article/PII:S0360544223012793?httpAccept=text/xml,11
… optimization of solar-driven low temperature district heating and cooling system integrated with distributed water-lithium bromide absorption heat pumps,19,2023,… driven low temperature district heating and cooling … low temperature district heating and cooling contributes to utilizing more low-grade heat such as waste heat and solar thermal energy …,https://www.sciencedirect.com/science/article/pii/S0038092X23001202,,0,"low-temperature, district heating and cooling",10.1016/j.solener.2023.02.039,Fangtian Sun; Wanqing Xu; Hongbing Chen; Baoru Hao; Xiaoqing zhao,2023-3,,https://api.elsevier.com/content/article/PII:S0038092X23001202?httpAccept=text/xml,18
Novel solar-driven low temperature district heating and cooling system based on distributed half-effect absorption heat pumps with lithium bromide,16,2023,"… low temperature district heating and cooling system can reduce … Low temperature district heating contributes to reducing heat loss of heating pipelines and utilizing renewable energy, …",https://www.sciencedirect.com/science/article/pii/S0360544223002785,,0,"low-temperature, district heating and cooling",10.1016/j.energy.2023.126884,Fangtian Sun; Xiaoqing Zhao; Baoru Hao,2023-5,,https://api.elsevier.com/content/article/PII:S0360544223002785?httpAccept=text/xml,12
Reduction of supply temperature in existing district heating: A review of strategies and implementations,64,2023,… to operate with low and ultra-low temperature heat carriers and even temperatures close to … Low temperature DHs operate between 50 and 70 C [4]; ultra-low temperature DHs operate …,https://www.sciencedirect.com/science/article/pii/S0360544222022459,,0,"low-temperature, district heating and cooling",10.1016/j.energy.2022.125363,E. Guelpa; M. Capone; A. Sciacovelli; N. Vasset; R. Baviere; V. Verda,2023-1,,https://api.elsevier.com/content/article/PII:S0360544222022459?httpAccept=text/xml,38
Multiobjective optimization and analysis of low-temperature district heating systems coupled with distributed heat pumps,18,2023,… Booster heat pumps on the end-users’ side can be a solution to … for low-temperature district heating with booster heat pumps. … to the deployment of efficient low temperature networks. …,https://www.sciencedirect.com/science/article/pii/S1359431123008475,,0,"low-temperature, district heating and cooling",10.1016/j.applthermaleng.2023.120818,Qiwei Qin; Louis Gosselin,2023-7,,https://api.elsevier.com/content/article/PII:S1359431123008475?httpAccept=text/xml,13
Comparison of traditional district heating with low temperature district heating systems featuring organic Rankine cycle and heat pump,6,2023,… In order to improve both the efficiency and economy of the DH network the district heating based on the supply of low temperature water to new or existing buildings and locally raising …,https://www.sciencedirect.com/science/article/pii/S0360544223017413,,0,"low-temperature, district heating and cooling",10.1016/j.energy.2023.128347,Jarosław Mikielewicz; Dariusz Mikielewicz,2023-10,,https://api.elsevier.com/content/article/PII:S0360544223017413?httpAccept=text/xml,2
Study on the performance of a forced convection low temperature radiator for district heating,10,2023,"… Low temperature district heating has significant advantages in energy efficiency, but a huge amount of existing radiators lack the capabilities for low-temperate heating. The innovation …",https://www.sciencedirect.com/science/article/pii/S0360544223024301,,0,"low-temperature, district heating and cooling",10.2139/ssrn.4376462,Haichao Wang; Yang Zhou; Xiangli Li; Xiaozhou Wu; Hai Wang; Abdollahi Elnaz; Katja Granlund; Risto Lahdelma; Esa Teppo,2023,,,0
"4th generation district heating (4GDH) in developing countries: Low-temperature networks, prosumers and demand-side measures",5,2023,"… district heating (DH). However, current research focuses on low-temperature district heating … [6] pointed out that a transformation into low-temperature becomes vital for the technology to …",https://www.sciencedirect.com/science/article/pii/S0378778823005285,,0,"low-temperature, district heating and cooling",10.1016/j.enbuild.2023.113298,Stanislav Chicherin; Andrey Zhuikov; Lyazzat Junussova,2023-9,,https://api.elsevier.com/content/article/PII:S0378778823005285?httpAccept=text/xml,5
Optimal retrofit of district heating network to lower temperature levels,17,2023,… pressurized water for first and 2nd generation systems) to lower temperatures (hot water with T < 100 C for 3rd and 4th generation DHNs) with also concepts of ultra-low temperature …,https://www.sciencedirect.com/science/article/pii/S0360544223017802,,0,"low-temperature, district heating and cooling",10.1016/j.energy.2023.128386,Yannis Merlet; Roland Baviere; Nicolas Vasset,2023-11,,https://api.elsevier.com/content/article/PII:S0360544223017802?httpAccept=text/xml,12
Design of district heating system with dual-temperature supply based on thermal energy discretisation and matching method,2,2023,… design of district heating systems … low-temperature primary water is first used to directly heat the secondary water at the floor heating side before being used as the low-temperature heat …,https://www.sciencedirect.com/science/article/pii/S0959652623026914,,0,"low-temperature, district heating and cooling",10.1016/j.jclepro.2023.138533,Wei Chen; Tiancheng Li; Xianting Li; Baolong Wang; Yang Cao; Wenxing Shi,2023-10,,https://api.elsevier.com/content/article/PII:S0959652623026914?httpAccept=text/xml,1
Evaluation of low temperature waste heat as a low carbon heat resource in the UK,17,2023,… heat energy identified from the heat … total energy consumption for heat in these countries (432 TWh.a −1 ). Although this study focused on the UK potential for low temperature waste heat…,https://www.sciencedirect.com/science/article/pii/S1359431123013121,,0,"low-temperature, district heating and cooling",10.1016/j.applthermaleng.2023.121283,G. Davies; H. Lagoeiro; H. Turnell; M. Wegner; A. Foster; J. Evans; A. Revesz; A. Leiper; K. Smyth; J. Hamilton; H. Cooke; G. Maidment,2023-11,,https://api.elsevier.com/content/article/PII:S1359431123013121?httpAccept=text/xml,15
Combining direct ground cooling with ground-source heat pumps and district heating: Energy and economic analysis,16,2023,"… used heating sources in Sweden are district heating (DH) and ground source heat pumps (… -effective business models for incorporation of heat pumps in district heating networks [31], …",https://www.sciencedirect.com/science/article/pii/S0360544223003389,,0,"low-temperature, district heating and cooling",10.1016/j.energy.2023.126944,Taha Arghand; Saqib Javed; Jan-Olof Dalenbäck,2023-5,,https://api.elsevier.com/content/article/PII:S0360544223003389?httpAccept=text/xml,11
Simulation research of a dual-loop booster heat pump system on district heating under ultra-low temperature,7,2023,… (ultra-low temperature district heating) … of heating network in traditional district heating systems. This work proposes a dual-loop booster heat pump for ULTDH to improve the heating …,https://www.sciencedirect.com/science/article/pii/S1359431123005045,,0,"low-temperature, district heating and cooling",10.1016/j.applthermaleng.2023.120475,Yuepeng Jiang; Guoyuan Ma; Yuexuan Gong; Lei Wang,2023-6,,https://api.elsevier.com/content/article/PII:S1359431123005045?httpAccept=text/xml,4
Integration of booster heat pumps in ultra-low temperature district heating network: Prototype demonstration and refrigerant charge investigation,4,2023,… Decentral booster heat pumps (BHPs) integrated in ultra-low temperature district heating (ULTDH) systems are deemed a sustainable solution for low-carbon building systems. The …,https://www.sciencedirect.com/science/article/pii/S0378778823007466,,0,"low-temperature, district heating and cooling",10.1016/j.enbuild.2023.113516,Tingting Zhu; Yanjun Du; Jierong Liang; Wilko Rohlfs; Jan Eric Thorsen; Brian Elmegaard,2023-11,,https://api.elsevier.com/content/article/PII:S0378778823007466?httpAccept=text/xml,4
Recent progress in organic Rankine cycle targeting utilisation of ultra-low-temperature heat towards carbon neutrality,32,2023,"… and applications of ultra-low-temperature ORC systems. … of ultra-low-temperature ORCs for utilisation of heat at or below 150 C. Firstly, the characteristics of ultra-low-temperature ORCs …",https://www.sciencedirect.com/science/article/pii/S1359431123009328,,0,"ultra-low temperature, thermal grid",10.1016/j.applthermaleng.2023.120903,Jingyu Cao; Ling Zheng; Zhanying Zheng; Jinqing Peng; Mingke Hu; Qiliang Wang; Michael K.H. Leung,2023-8,,https://api.elsevier.com/content/article/PII:S1359431123009328?httpAccept=text/xml,21
Demand side flexibility for a Heat Booster Substation with ultra low temperature district heating,6,2023,… Ultra-low temperature district heating (ULTDH) systems improve the heat distribution efficiency by reducing thermal … by utilizing them as heat sources through Power-to-Heat solutions. In …,https://www.sciencedirect.com/science/article/pii/S2352467723001935,,0,"ultra-low temperature, thermal grid",10.1016/j.segan.2023.101185,Aneesh Chandra Nunna; Yi Zong; Jan Eric Thorsen,2023-12,,https://api.elsevier.com/content/article/PII:S2352467723001935?httpAccept=text/xml,1
"Electric vehicles under low temperatures: A review on battery performance, charging needs, and power grid impacts",36,2023,"… temperatures [32]. However, this study primarily focuses on the impacts of low temperatures … take a holistic review of the effects of low temperatures on EVs and power grids with case …",https://ieeexplore.ieee.org/abstract/document/10105947/,,0,"ultra-low temperature, thermal grid",10.1109/access.2023.3268615,Murat Senol; I. Safak Bayram; Yahya Naderi; Stuart Galloway,2023,,http://xplorestaging.ieee.org/ielx7/6287639/10005208/10105947.pdf?arnumber=10105947,29
Research progress and perspectives on ultra-low temperature organic batteries,17,2023,… as a promising ultra-low temperature energy storage … in the development of ultra-low temperature organic batteries. To … storage mechanisms of ultra-low temperature organic batteries …,https://pubs.rsc.org/en/content/articlehtml/2000/4x/d2ta09988h,,0,"ultra-low temperature, thermal grid",10.1039/d2ta09988h,Yinhua Hong; Zhuang Ma; Kexin Li; Junyan Li; Shiyue Tang; Zheng Xu; Dandan Yu; Da Chen; Laishun Qin; Jian Xie; Qinggang He,2023,<jats:p>Development and application of electrolyte and electrode materials for aqueous and non-aqueous ultra-low temperature organic batteries.</jats:p>,http://pubs.rsc.org/en/content/articlepdf/2023/TA/D2TA09988H,14
A step towards digital operations—A novel grey-box approach for modelling the heat dynamics of ultra-low temperature freezing chambers,4,2023,"… Ultra-low temperature (ULT) freezers play a vital role in pharmaceutical businesses and research organisations by preserving valuable and perishable items such as tissues, blood …",https://www.sciencedirect.com/science/article/pii/S0306261923009947,,0,"ultra-low temperature, thermal grid",10.1016/j.apenergy.2023.121630,Tao Huang; Peder Bacher; Jan Kloppenborg Møller; Francesco D’Ettorre; Wiebke Brix Markussen,2023-11,,https://api.elsevier.com/content/article/PII:S0306261923009947?httpAccept=text/xml,2
The impact of the thermal distribution network operating temperature and system design on different communities' energy profiles,3,2023,"… of 5GDHCSs is that ultra-low temperature thermal networks (U-LTTN) … ultra-low temperature of 20 C during off-peak periods to maximize the use of clean electricity resources on the grid, …",https://www.sciencedirect.com/science/article/pii/S2210670723001518,,0,"ultra-low temperature, thermal grid",10.1016/j.scs.2023.104540,Ahmed Abdalla; Saber Mohamed; Kelton Friedrich; Scott Bucking; James S. Cotton,2023-7,,https://api.elsevier.com/content/article/PII:S2210670723001518?httpAccept=text/xml,2
A hybrid microchannel heat sink with ultra-low pressure drop for hotspot thermal management,45,2023,… Grid independence was evaluated for both models at a Reynolds number of … grid density was varied from 0.7 million to 7.9 million to evaluate the performance of RM and IM-HM heat …,https://www.sciencedirect.com/science/article/pii/S0017931023003538,,0,"ultra-low temperature, thermal grid",10.2139/ssrn.4360280,Xixin Rao; Cheng Jin; Haitao Zhang; Jianhao Song; Chengdi Xiao,2023,,,0
Uncovering the untapped potential of copper (I) sulphide toward lithium-ion storage under ultra-low temperatures,5,2023,"… This work not only reports the remarkably high performance of Cu 2 S under ultra-low temperatures but also, more importantly, emphasizes the large opportunities to revisit some of the …",https://pubs.rsc.org/en/content/articlehtml/2008/4z/d3ta00213f,,0,"ultra-low temperature, thermal grid",10.1039/d3ta00213f,Yifan Chen; Jinze Wang; Youran Hong; Yusi Yang; Lulu Tan; Nan Li; Can Ma; Jiangwei Wang; Xiulin Fan; Yujie Zhu,2023,<jats:p>The superior lithium storage performance of commercially available Cu<jats:sub>2</jats:sub>S under ultra-low temperature (−60 °C) is uncovered. The detailed reaction mechanism and mechanistic understanding of the excellent low-temperature performances are proposed.</jats:p>,http://pubs.rsc.org/en/content/articlepdf/2023/TA/D3TA00213F,5
Ultra-low-temperature growth of carbon nanofilament on continuous carbon fiber for simultaneous tensile and interfacial enhancement,7,2023,"… at low temperatures is compared with those of other catalysts; thereby, the ultra-low-temperature catalytic mechanism is deeply discussed. The ultra-low-temperature production is also …",https://pubs.acs.org/doi/abs/10.1021/acsanm.3c00330,,0,"ultra-low temperature, thermal grid",10.1021/acsanm.3c00330,Bowen Cui; Chengguo Wang; Yanxiang Wang; Haotian Jiang; Chengjuan Wang; Mengfan Li; Zhenhao Xu; Hongxue Tan,4/27/2023,,https://pubs.acs.org/doi/pdf/10.1021/acsanm.3c00330,7
Numerical research on ammonia-coal co-firing in a 1050 MW coal-fired utility boiler under ultra-low load: effects of ammonia ratio and air staging condition,35,2023,"… -scale ones operating under ultra-low loads. As such, this study was conducted to investigate the ultra-low-load … The grid system employed in this study is presented in Fig. 4. For the …",https://www.sciencedirect.com/science/article/pii/S1359431123011298,,0,"ultra-low temperature, thermal grid",10.1016/j.applthermaleng.2023.121100,Wei Jin; Fengqi Si; Yue Cao; Cong Yu; Jiqiang Wang,2023-10,,https://api.elsevier.com/content/article/PII:S1359431123011298?httpAccept=text/xml,30
Potential of the reverse-reactivity controlled compression ignition (R-RCCI) combustion for maintaining ultra-low emissions and enhanced thermal efficiency,3,2023,"… thermal efficiency for R-RCCI at 4 bar IMEP. Meanwhile, the lower intake temperature helps to decrease the heat … Three computational meshes with the grid numbers 4430 (coarse), …",https://www.sciencedirect.com/science/article/pii/S0360544223016432,,0,"ultra-low temperature, thermal grid",10.1016/j.energy.2023.128249,Guangfu Xu; Huiquan Duan; Yikang Cai; Yaopeng Li; Ming Jia,2023-10,,https://api.elsevier.com/content/article/PII:S0360544223016432?httpAccept=text/xml,2
Ethanol solvent used in constructing ultra-low-temperature zinc-ion capacitors with a long cycling life,15,2023,… as the extreme low temperature and severe temperature fluctuations in aerospace environments… electrolyte and a feasible pathway for ultra-low-temperature ZICs with a long cycling …,https://pubs.acs.org/doi/abs/10.1021/acsami.2c19041,,0,"ultra-low temperature, thermal grid",10.1021/acsami.2c19041,Pengyun Hu; Xianyou Luo; Tianzhao Hu; Shaorui Chen; De Li; Yong Chen; Feng Li,1/19/2023,,https://pubs.acs.org/doi/pdf/10.1021/acsami.2c19041,15
Parametric study of low-temperature thermal energy storage using carbon dioxide as the phase change material in pillow plate heat exchangers,13,2023,"… Industrial low-temperature freezing applications are often batch processes, requiring a lot of energy, exerting stress on the electrical grid. To relieve this stress, thermal energy storage …",https://www.sciencedirect.com/science/article/pii/S1359431122017264,,0,"ultra-low temperature, thermal grid",10.1016/j.applthermaleng.2022.119796,Mahmood Mastani Joybari; Håkon Selvnes; Erling Vingelsgård; Alexis Sevault; Armin Hafner,2023-2,,https://api.elsevier.com/content/article/PII:S1359431122017264?httpAccept=text/xml,7
Dynamic modeling and intelligent heating strategies of district heating system based on the standardized thermal resistance,16,2023,"… on the standardized thermal resistance defined by the inlet temperature difference and constructed … In all, this standardized thermal resistance-based dynamic modeling method and the …",https://www.sciencedirect.com/science/article/pii/S135943112201849X,,0,"low temperature, district thermal",10.1016/j.applthermaleng.2022.119919,Zhihua Ge; Wanggang Fang; Shunjiang Wang; Junhong Hao; Yunxi Yang; Liang Tian; Jian Sun; Fang Dong,2023-3,,https://api.elsevier.com/content/article/PII:S135943112201849X?httpAccept=text/xml,14
Novel effective room temperature-based predictive feedback control method for large-scale district heating substation,15,2023,"… fluctuations in room temperature. In this study, a predictive feedback system based on effective temperature control has been proposed to improve the quality of district heating. First, a …",https://www.sciencedirect.com/science/article/pii/S1359431122011711,,0,"low temperature, district thermal",10.1016/j.applthermaleng.2022.119241,Zhiwei Li; Junjie Liu; Xiaochen Yang; Xiuqi Huang; Lizhi Jia; Min Li,2023-1,,https://api.elsevier.com/content/article/PII:S1359431122011711?httpAccept=text/xml,12
Configuration optimization of solar-driven low temperature district heating and cooling system integrated with distributed water-lithium bromide absorption …,19,2023,"… is more suitable for utilizing low temperature thermal energy such as low temperature solar thermal energy, low temperature geothermal energy, and low industrial waste heat. Thus, it …",https://www.sciencedirect.com/science/article/pii/S0038092X23001202,,0,"low temperature, district thermal",10.1016/j.solener.2023.02.039,Fangtian Sun; Wanqing Xu; Hongbing Chen; Baoru Hao; Xiaoqing zhao,2023-3,,https://api.elsevier.com/content/article/PII:S0038092X23001202?httpAccept=text/xml,18
Improving room temperature stability and operation efficiency using a model predictive control method for a district heating station,14,2023,"… to provide a room temperature that meets the thermal comfort … delay and thermal inertia of building, indoor temperature not … exists between room temperature and heating parameters. …",https://www.sciencedirect.com/science/article/pii/S0378778823002207,,0,"low temperature, district thermal",10.1016/j.enbuild.2023.112990,Zhiwei Li; Junjie Liu; Lizhi Jia; Yanmin Wang,2023-5,,https://api.elsevier.com/content/article/PII:S0378778823002207?httpAccept=text/xml,10
Lower-Temperature-Ready Renovation: An Approach to Identify the Extent of Renovation Interventions for Lower-Temperature District Heating in Existing …,9,2023,… aiming to transition to lower-temperature district heating (DH) … be heated with a lower temperature supply from DH systems … et al. for calculating the lower bounds of thermal comfort was …,https://www.mdpi.com/2075-5309/13/10/2524,,0,"low temperature, district thermal",10.3390/buildings13102524,Prateek Wahi; Thaleia Konstantinou; Martin J. Tenpierik; Henk Visscher,10/5/2023,"<jats:p>This study presents an approach to determine the extent of renovation interventions required for existing Dutch dwellings aiming to transition to lower-temperature district heating (DH) systems. The proposed method is applied to a typical intermediate terraced house built before 1945 in the Netherlands, and it consists of two steps: first, assessing the potential of a dwelling to be heated with a lower temperature supply from DH systems and subsequently developing and evaluating alternative renovation solutions if necessary. This study defines a set of criteria for evaluating the readiness of a dwelling for lower-temperature heating (LTH), considering energy efficiency and thermal comfort as non-compensatory criteria. The application of the approach reveals that the case study dwelling is presently unsuitable for a medium-temperature (70/50 °C) and low-temperature (55/35 °C) supply compared to a high-temperature supply (90/70 °C), thus requiring energy renovations. Furthermore, this study indicates that moderate intervention levels are required for the dwelling to be lower-temperature-ready in both supply temperature goals. These interventions include strategies and measures that upgrade the building envelope to the minimum insulation levels stipulated by the Dutch Building Decree, improve airtightness, and replace existing radiators with low-temperature radiators. By systematically narrowing down renovation options, this approach aids in simplifying the decision-making process for selecting renovations for heating dwellings with LTH through DH systems, which could reduce stakeholders’ decision paralysis.</jats:p>",https://www.mdpi.com/2075-5309/13/10/2524/pdf,6
"Thermal adaptation of southern migrants to the district heating environment in the severe cold area, China: A longitudinally traced investigation",4,2023,… thermal histories were invited for six weeks in winter. Physiological parameters and thermal … Results showed that the most significant difference in the thermal neutral temperature …,https://www.sciencedirect.com/science/article/pii/S0378778823007971,,0,"low temperature, district thermal",10.1016/j.enbuild.2023.113567,Yuxin Yang; Zhaojun Wang; Fanzhuo Zhou; Heyu Hao; Chang Liu,2023-11,,https://api.elsevier.com/content/article/PII:S0378778823007971?httpAccept=text/xml,4
Design optimization of low-temperature latent thermal energy storage for urban cooling applications,5,2023,… is conceived as a supplementary low-temperature thermal storage device within a district cooling system (DCS… The low-temperature cold source of the LTES is disregarded for this study. …,https://www.sciencedirect.com/science/article/pii/S1359431123007408,,0,"low temperature, district thermal",10.1016/j.applthermaleng.2023.120711,Alex Soh; Zhifeng Huang; Weidong Chen; M.R. Islam; K.J. Chua,2023-7,,https://api.elsevier.com/content/article/PII:S1359431123007408?httpAccept=text/xml,5
Analyzing at-scale distribution grid response to extreme temperatures,12,2023,"… As the HVAC load is one of the largest loads and is highly sensitive to outdoor temperatures, … fine-tune distribution grid load against historical data and then used to extract grid response …",https://www.sciencedirect.com/science/article/pii/S0306261923002507,,0,"low temperature, thermal grid",10.1016/j.apenergy.2023.120886,Sarmad Hanif; Monish Mukherjee; Shiva Poudel; Min Gyung Yu; Rohit A. Jinsiwale; Trevor D. Hardy; Hayden M. Reeve,2023-5,,https://api.elsevier.com/content/article/PII:S0306261923002507?httpAccept=text/xml,9
Relationship between urban spatial form and seasonal land surface temperature under different grid scales,152,2023,"… autumn, but significantly lower in winter. The distribution of high-temperature areas in the four seasons has its own characteristics, but the low-temperature areas are mainly distributed …",https://www.sciencedirect.com/science/article/pii/S2210670722006795,,0,"low temperature, thermal grid",10.1016/j.scs.2022.104374,Yang Chen; Jun Yang; Wenbo Yu; Jiayi Ren; Xiangming Xiao; Jianhong Cecilia Xia,2023-2,,https://api.elsevier.com/content/article/PII:S2210670722006795?httpAccept=text/xml,132
Carnot Battery Based on Brayton Supercritical CO2 Thermal Machines Using Concentrated Solar Thermal Energy as a Low-Temperature Source,17,2023,"… Then, part of the heat is converted into electricity that is injected into the grid, and the rest is released to low-temperature storage. With this classical architecture, the round-trip efficiency …",https://www.mdpi.com/1996-1073/16/9/3871,,0,"low temperature, thermal grid",10.3390/en16093871,José Ignacio Linares; Arturo Martín-Colino; Eva Arenas; María José Montes; Alexis Cantizano; José Rubén Pérez-Domínguez,5/2/2023,"<jats:p>Carnot batteries store surplus power as heat. They consist of a heat pump, which upgrades a low-temperature thermal energy storage, a high-temperature storage system for the upgraded thermal energy, and a heat engine that converts the stored high-temperature thermal energy into power. A Carnot battery is proposed based on supercritical CO2 Brayton thermodynamic cycles. The low-temperature storage is a two-tank molten salt system at 380 °C/290 °C fed by a field of parabolic trough collectors. The high-temperature storage consists of another two-tank molten salt system at 589 °C/405 °C. Printed circuit heat exchangers would be required to withstand the high pressure of the cycles, but shell and tube heat exchangers are proposed instead to avoid clogging issues with molten salts. The conventional allocation of high-temperature molten salt heat exchangers is then modified. Using solar energy to enhance the low-temperature thermal source allowed a round-trip efficiency of 1.15 (COP of 2.46 and heat engine efficiency of 46.5%), thus increasing the stored power. The basic configuration has a levelised cost of storage of USD 376/MWh while replacing the shell and tube heat exchangers with hybrid printed circuit heat exchangers is expected to lower the cost to USD 188/MWh.</jats:p>",https://www.mdpi.com/1996-1073/16/9/3871/pdf,7
Grid structure phase change composites with effective solar/electro-thermal conversion for multi-functional thermal application,43,2023,… effective solar/electro-thermal conversion. The grid structure carbon aerogel as efficient thermal and electron transfer pathways guarantee effective solar/electro-thermal conversion of …,https://www.sciencedirect.com/science/article/pii/S0008622322008090,,0,"low temperature, thermal grid",10.1016/j.carbon.2022.09.077,Fankai Lin; Xianjie Liu; Guoqin Leng; Yaning Bai; Jian Feng; Zijiao Guo; Zekun Wang; Zhaohui Huang; Ruiyu Mi; Xin Min; Xiaozhi Hu,2023-1,,https://api.elsevier.com/content/article/PII:S0008622322008090?httpAccept=text/xml,37
Thermo-economic analysis for a novel grid-scale pumped thermal electricity storage system coupled with a coal-fired power plant,18,2023,… The current study uses Design 1 for the high-temperature thermal storage section… lower bound of the storage temperature in this design (260 C) also affects the recuperation temperature …,https://www.sciencedirect.com/science/article/pii/S0360544223015037,,0,"low temperature, thermal grid",10.1016/j.energy.2023.128109,Qingqing Yong; Kaiyuan Jin; Xiaobo Li; Ronggui Yang,2023-10,,https://api.elsevier.com/content/article/PII:S0360544223015037?httpAccept=text/xml,15
Novel thermal-aware green scheduling in grid environment,20,2023,"… 18 am Figure 2 shows that server room 2 has the lowest temperature at 0, 3, 4, and 11 hours, whereas server room 6 has the lowest temperature at 7, 8, 9, 10, 14, 16, 17, and 18 hours. …",https://www.researchgate.net/profile/Muhammad-Jibril-3/publication/365036944_AIA22023321/links/636399d337878b3e877bc817/AIA22023321.pdf,http://scholar.google.com/https://www.researchgate.net/profile/Muhammad-Jibril-3/publication/365036944_AIA22023321/links/636399d337878b3e877bc817/AIA22023321.pdf,0,"low temperature, thermal grid",10.1504/ijwgs.2023.10054497,Minjin Ma; Fan Ding,2023,,http://www.inderscienceonline.com/doi/full/10.1504/IJWGS.2023.10054497,0
Massive grid-scale energy storage for next-generation concentrated solar power: A review of the potential emerging concepts,51,2023,"… operates with inefficient power cycles at low temperatures [6,7]. As a result, new possibilities for hybridization are arising, expanding beyond thermal-based technologies. This include …",https://www.sciencedirect.com/science/article/pii/S1364032123004902,,0,"low temperature, thermal grid",10.1016/j.rser.2023.113633,Javier Baigorri; Fritz Zaversky; David Astrain,2023-10,,https://api.elsevier.com/content/article/PII:S1364032123004902?httpAccept=text/xml,39
Energy and exergy assessment for a University of Sharjah's PV grid-connected system based on experimental for harsh terrestrial conditions,28,2023,"… The low ambient temperatures in January courses reduced low thermal losses and kept the PV model temperature. However, the low solar radiation limited the conversion yield of the …",https://www.sciencedirect.com/science/article/pii/S2352484722027184,,0,"low temperature, thermal grid",10.1016/j.egyr.2022.12.117,Tareq Salameh; Abdul Kadir Hamid; Mena Maurice Farag; Essam M. Abo-Zahhad,2023-5,,https://api.elsevier.com/content/article/PII:S2352484722027184?httpAccept=text/xml,13
Predictive control of low-temperature heating system with passive thermal mass energy storage and photovoltaic system: Impact of occupancy patterns and …,19,2023,"… from the grid was required for efficiently using the PV surplus electrical energy. In the present study, the integration of a low-temperature under-floor heating system and passive thermal …",https://www.sciencedirect.com/science/article/pii/S0360544223001858,,0,"low temperature, thermal grid",10.1016/j.energy.2023.126791,Zhichen Wei; John Calautit,2023-4,,https://api.elsevier.com/content/article/PII:S0360544223001858?httpAccept=text/xml,15
Energy management in plug-in hybrid electric vehicles: preheating the battery packs in low-temperature driving scenarios,30,2023,"… where Pheat is the constant heating power, theat is the preheating time, ce is the electricity price (the electricity prices from the grid and the battery are set the same in this paper, listed …",https://ieeexplore.ieee.org/abstract/document/10265299/,,0,"low temperature, thermal grid",10.1016/j.energy.2022.126060,Zheng Chen; Simin Wu; Shiquan Shen; Yonggang Liu; Fengxiang Guo; Yuanjian Zhang,2023-1,,https://api.elsevier.com/content/article/PII:S0360544222029462?httpAccept=text/xml,49
Research on processability and transmission performance of low temperature co-fired ceramic ball grid array packaging based on electroless plating surface …,2,2023,… This study presents a ball grid array packaging solution that utilizes a low-temperature co-fired ceramic substrate to meet the growing need for miniaturization and integration of T/R …,https://www.mdpi.com/1996-1944/16/20/6720,,0,"low temperature, thermal grid",10.3390/ma16206720,Song Wang; Tianyu Hou; Rui Huo; Zhengtian Chen; Qinghua Zeng; Ying He; Yan Zhao; Xiao Liu,10/17/2023,"<jats:p>A microwave transmitter/receiver using the low-temperature co-fired ceramic substrate and ball grid array packaging demonstrates superior properties, including high integration, miniaturization, and high electromagnetic shielding. However, it holds limitations of inadequate hermeticity (that is, gas or moist impermeability), high cost, and low reproducibility. In this work, we aim to overcome these difficulties by introducing a new packing technique. The packaging utilizes an electroless plated Ni/Pd/Au surface, resulting in a significant enhancement of the packaging hermeticity by orders of magnitude, approaching the level of &lt;5 × 10−9 Pa·m3/s. Both Sn63Pb37 and Au80Sn20 solder alloys demonstrate exceptional solderability, attributed to Pd atoms diffusing to the Au layer during soldering at 310 °C. A reliability test of the packaging shows that the shear strength of the solder balls drops after thermal shocks but negligibly affects the hermeticity of the packaging. Furthermore, a meticulously designed internal vertical interconnect structure and I/O interconnections were engineered in the ball grid array packaging, showcasing excellent transmission characteristics within the 10–40 GHz frequency range while ensuring effective isolation between ports.</jats:p>",https://www.mdpi.com/1996-1944/16/20/6720/pdf,0
Experimental and numerical simulation of a 2.88 kW PV grid-connected system under the terrestrial conditions of Sharjah city,27,2023,"… A 2.88 kW grid-connected PV system needs an equivalent heat transfer … highest temperature of the PV module occurs in the middle of the PV module’s cell, while the lowest temperature …",https://www.sciencedirect.com/science/article/pii/S2352484722027147,,0,"low temperature, thermal grid",10.1016/j.egyr.2022.12.115,Tareq Salameh; Abdul Kadir Hamid; Mena Maurice Farag; Essam M. Abo-Zahhad,2023-5,,https://api.elsevier.com/content/article/PII:S2352484722027147?httpAccept=text/xml,13
Promoting the flexibility of thermal prosumers equipped with heat pumps to support power grid management,5,2023,"… Future studies should focus on thermal grids with substations that include different local heat generators, with a special focus on those supplied using by RES technologies. The …",https://www.mdpi.com/2071-1050/15/9/7494,,0,"low temperature, thermal grid",10.3390/su15097494,Giuseppe Edoardo Dino; Pietro Catrini; Valeria Palomba; Andrea Frazzica; Antonio Piacentino,5/3/2023,"<jats:p>The increasing share of renewable energy sources in energy systems will lead to unpredictable moments of surplus/deficit in energy production. To address this issue, users with heat pumps can provide support to power grid operators through flexible unit operation achieved via Demand Response programs. For buildings connected to low-temperature heating networks with ensured third-party access, further room for flexibility can be explored by investigating the production of surplus heat that can be sold to the network. A key aspect lies in the identification of the energy pricing options that could encourage such flexible operation of a heat pump by “thermal prosumers”. To this aim, the present study investigates the impact of ad hoc variations in the electricity purchasing price through discounts or penalties included in the “network cost” component of the price on cost-effective operation of a heat pump connected to the thermal network. To discuss the effects of different pricing options in terms of increased flexibility, an office building located in Italy and equipped with a high-temperature heat pump is adopted as the case study. A heuristic profit-oriented management strategy of the heat pump is assumed, and dynamic simulations are performed. The results indicate that at current electricity prices, the heat pump operation is profitable both when supplying the heat to meet the building’s requirements and when producing surplus heat for sale to the thermal network. In addition, it is revealed that the penalties applied to the electricity purchasing price are effective in encouraging changes in the heat pump operation strategy, reducing its average production (the building increasingly relying on buying heat from the network) and the associated electricity consumption by 46.0% and 79.7% in the “light” and “severe” local power deficit scenarios, respectively.</jats:p>",https://www.mdpi.com/2071-1050/15/9/7494/pdf,2
… hybrid machine learning-assisted optimization and rule-based energy monitoring of a green concept based on low-temperature heating and high-temperature …,15,2023,"This article aims to support the targeted worldwide green transition process by introducing and thoroughly analyzing a low-temperature heating and high-temperature cooling, smart …",https://www.sciencedirect.com/science/article/pii/S0959652622051095,,0,"low temperature, thermal grid",10.1016/j.jclepro.2022.135535,Amirmohammad Behzadi; Annika Gram; Eva Thorin; Sasan Sadrizadeh,2023-1,,https://api.elsevier.com/content/article/PII:S0959652622051095?httpAccept=text/xml,13
TEM and EBSD characterization revealing the recrystallization process occurring in the Sn-3.0 Ag-0.5 Cu Ball Grid Array solder joints during thermal cycling,18,2023,"… on solder joints during high and low temperature cycle experiment; 2) characterizing the areas at the similar locations of different samples, the number of thermal cycles of which is …",https://www.sciencedirect.com/science/article/pii/S1044580323002486,,0,"low temperature, thermal grid",10.1016/j.matchar.2023.112890,Yihui Du; Yishu Wang; Xiaoliang Ji; Shihai Tan; Jing Han; Fu Guo,2023-6,,https://api.elsevier.com/content/article/PII:S1044580323002486?httpAccept=text/xml,17
Flexible and elastic thermal regulator for multimode intelligent temperature control,24,2023,"… Furthermore, we fabricate a “grid window” utilizing photic-thermal integrated thermal control, achieving a superior heat supply of 13.7C at a light intensity of 180 mW/cm 2 and a …",https://onlinelibrary.wiley.com/doi/abs/10.1002/sus2.171,,0,"low temperature, thermal grid",10.1002/sus2.171,Can Chen; Huitao Yu; Tao Lai; Jun Guo; Mengmeng Qin; Zhiguo Qu; Yiyu Feng; Wei Feng,11/27/2023,"<jats:title>Abstract</jats:title><jats:p>As nonlinear thermal devices, thermal regulators can intelligently respond to temperature and control heat flow through changes in heat transfer capacities, which allows them to reduce energy consumption without external intervention. However, current thermal regulators generally based on high‐quality crystalline‐structure transitions are intrinsically rigid, which may cause structural damage and functional failure under mechanical strain; moreover, they are difficult to integrate into emerging soft electronic platforms. In this study, we develop a flexible, elastic thermal regulator based on the reversible thermally induced deformation of a liquid crystal elastomer/liquid metal (LCE/LM) composite foam. By adjusting the crosslinking densities, the LCE foam exhibits a high actuation strain of 121% with flexibility below the nematic–isotropic phase transition temperature (<jats:italic>T</jats:italic><jats:sub>NI</jats:sub>) and hyperelasticity above <jats:italic>T</jats:italic><jats:sub>NI</jats:sub>. The incorporation of LM results in a high thermal resistance switching ratio of 3.8 over a wide working temperature window of 60°C with good cycling stability. This feature originates from the synergistic effect of fragmentation and recombination of the internal LM network and lengthening and shortening of the bond line thickness. Furthermore, we fabricate a “grid window” utilizing photic‐thermal integrated thermal control, achieving a superior heat supply of 13.7°C at a light intensity of 180 mW/cm<jats:sup>2</jats:sup> and a thermal protection of 43.4°C at 1200 mW/cm<jats:sup>2</jats:sup>. The proposed method meets the mechanical softness requirements of thermal regulator materials with multimode intelligent temperature control.</jats:p>",https://onlinelibrary.wiley.com/doi/pdf/10.1002/sus2.171,25
Resilience-oriented district energy system integrated with renewable energy and multi-level seasonal energy storage,12,2023,"… systems, solar panels, heating systems, cooling systems, and energy storage systems [11]. … for managing energy in the district energy systems. The thermostat temperature set point is …",https://www.sciencedirect.com/science/article/pii/S2352152X2302042X,,0,"low temperature, district energy",10.1016/j.est.2023.108645,Azam Entezari Harsini,2023-11,,https://api.elsevier.com/content/article/PII:S2352152X2302042X?httpAccept=text/xml,10
Short-term cooling and heating loads forecasting of building district energy system based on data-driven models,32,2023,… Accurate forecasting of cooling and heating loads is critical for optimizing the energy usage of devices and planning for energy storage in building district energy systems (BDESs). Data-…,https://www.sciencedirect.com/science/article/pii/S0378778823007430,,0,"low temperature, district energy",10.1016/j.enbuild.2023.113513,Hanfei Yu; Fan Zhong; Yuji Du; Xiang'e Xie; Yibin Wang; Xiaosong Zhang; Shifang Huang,2023-11,,https://api.elsevier.com/content/article/PII:S0378778823007430?httpAccept=text/xml,32
Estimating cooling demand flexibility in a district energy system using temperature set point changes from selected buildings,18,2023,"… We apply our method to a district energy system at a university campus that is roughly equivalent to a city of 30,000 people. Cooling is produced at a central energy facility with electric …",https://www.sciencedirect.com/science/article/pii/S0306261923001800,,0,"low temperature, district energy",10.1016/j.apenergy.2023.120816,Ryan C. Triolo; Ram Rajagopal; Frank A. Wolak; Jacques A. de Chalendar,2023-4,,https://api.elsevier.com/content/article/PII:S0306261923001800?httpAccept=text/xml,16
nPro: A web-based planning tool for designing district energy systems and thermal networks,55,2023,… to simulate and optimize district energy systems in the … district energy systems is presented which focuses on district heating and cooling networks and is available at www.npro.energy . …,https://www.sciencedirect.com/science/article/pii/S0360544222034624,,0,"low temperature, district energy",10.1016/j.energy.2022.126575,Marco Wirtz,2023-4,,https://api.elsevier.com/content/article/PII:S0360544222034624?httpAccept=text/xml,36
Short-term energy scenario of district energy system using optimised renewable energy mix with and without energy storage,29,2023,… district imports 80% of electrical energy. This study will aspire to achieve 25% and 50% renewable energy in the district's energy … The significance of battery storage in the district energy …,https://www.sciencedirect.com/science/article/pii/S2590123023001445,,0,"low temperature, district energy",10.1016/j.rineng.2023.101017,Ashutosh Shirole; Mahesh Wagh; Vivek Kulkarni; Prashant Patil,2023-6,,https://api.elsevier.com/content/article/PII:S2590123023001445?httpAccept=text/xml,23
Machine learning-based district load forecasting models for fifth-generation district heating and cooling systems,2,2023,"… promoting the development of district energy systems, especially multi-energy complementary fifth generation district energy systems. Fifth generation district heating and cooling …",https://publications.ibpsa.org/conference/paper/?id=bs2023_1284,,0,"fifth generation, district energy",10.26868/25222708.2023.1284,Ting Bu; Rui Fan; Kexin Sun; Yibing Zhou; Bin Zheng,9/4/2023,,,0
Business Models for District Energy Systems Using Stackelberg Pricing Games,2,2023,"… model is implemented that is based on a fifthgeneration district heating and cooling (5GDHC) network currently being planned for a residential district in Hassel, Germany, with 51 …",https://papers.ssrn.com/sol3/papers.cfm?abstract_id=4407962,,0,"fifth generation, district energy",10.2139/ssrn.4407962,Maximilian Hoffmann; Frieder Borggrefe; Detlef Stolten; Aaron Praktiknjo,2023,,,0
Performance analysis of a reversible water/LiBr absorption heat pump connected to district heating network in warm and cold climates,19,2023,"This paper presents the annual performance of a proposed reversible water/LiBr absorption heat pump connected to a district heating network for space cooling, heating, and domestic …",https://www.sciencedirect.com/science/article/pii/S0360544223000737,,0,"low temperature, district heat pump",10.1016/j.energy.2023.126679,Dereje S. Ayou; Muhammad Fa'iq Vidi Wardhana; Alberto Coronas,2023-4,,https://api.elsevier.com/content/article/PII:S0360544223000737?httpAccept=text/xml,15
Coming in from the cold: Heat pump efficiency at low temperatures,27,2023,"… winters with minimum temperatures above −10C, our analysis suggests that heat pumps can be … over performance or the need for back-up heating capacity. This is subject to thorough …",https://www.cell.com/joule/fulltext/S2542-4351(23)00351-3?{{{EngagementData}}}=&emci=96aa5cb5-2a56-ee11-9937-00224832e811&emdi=ea000000-0000-0000-0000-000000000001&ceid=%7B%7BContactsEmailID%7D%7D,,0,"low temperature, district heat pump",10.1016/j.joule.2023.08.005,Duncan Gibb; Jan Rosenow; Richard Lowes; Neil J. Hewitt,2023-9,,https://api.elsevier.com/content/article/PII:S2542435123003513?httpAccept=text/xml,21
A field test of medium-depth geothermal heat pump system for heating in severely cold region,22,2023,… on whether the indoor temperature can still be stable … temperature fluctuation when flow rate and heat pump downtime changes; (c) to illustrate the reason of DBHE outlet temperature …,https://www.sciencedirect.com/science/article/pii/S2214157X23004318,,0,"low temperature, district heat pump",10.1016/j.csite.2023.103125,Xiaoyan Wang; Tao Zhan; Guang Liu; Long Ni,2023-8,,https://api.elsevier.com/content/article/PII:S2214157X23004318?httpAccept=text/xml,18
A numerical study on performance efficiency of a low-temperature horizontal ground-source heat pump system,12,2023,… shallow ground and its low-grade heat potential is fundamental to designing 5th generation district heating and cooling (DHC) networks. Horizontal ground-source heat pump (HGSHP) …,https://www.sciencedirect.com/science/article/pii/S0378778823003675,,0,"low temperature, district heat pump",10.1016/j.enbuild.2023.113137,Wu Gao; Shakil Masum; Meysam Qadrdan; Hywel Rhys Thomas,2023-7,,https://api.elsevier.com/content/article/PII:S0378778823003675?httpAccept=text/xml,11
Research on envelope thermal performance of ultra-low energy rural residential buildings in China,6,2023,"… of ultra-low energy … heat transfer coefficients of building envelopes of ultra-low energy rural residential buildings in the severe cold zone, cold zone and hot summer and cold winter zone …",https://www.mdpi.com/2071-1050/15/8/6931,,0,"ultra-low temperature, district thermal",10.3390/su15086931,Qinqin Deng; Shengnan Zhang; Ming Shan; Ji Li,4/20/2023,"<jats:p>Rural energy consumption plays an important role in energy consumption due to the improvement of rural residents’ living quality requirements in China. Ultra-low energy rural residential buildings are proposed to decrease rural energy consumption. First of all, this paper aims to provide the definition of ultra-low energy rural residential buildings, which is to reduce 50% of the building energy consumption of the rural residential benchmark building according to the Chinese standard for energy efficiency of rural residential buildings. Secondly, this paper presents the heat transfer coefficients of building envelopes of ultra-low energy rural residential buildings in the severe cold zone, cold zone and hot summer and cold winter zone in China. Based on optimized design and simulation analysis, the heat transfer coefficients of building envelopes are determined by the construction cost, energy efficiency and retrofit feasibility. Thirdly, the suitable combination of a high-performance external wall and internal wall is recommended based on carbon emission and cost efficiency. As an achievement, a technical specification for ultra-low energy rural buildings has been proposed by the China Academy of Building Research. It is beneficial to design ultra-low energy rural residential buildings in China and other countries.</jats:p>",https://www.mdpi.com/2071-1050/15/8/6931/pdf,5
Study on the performance of an ultra-low energy building in the Qinghai-Tibet Plateau of China,18,2023,"… of the ultra-low energy building and heating system in the heating season was … source heat pump can meet the requirements, which shows that the ultra-low temperature air source heat …",https://www.sciencedirect.com/science/article/pii/S2352710223005247,,0,"ultra-low temperature, district thermal",10.1016/j.jobe.2023.106345,Guo Qiang; Wang Fuxi; Gao Yi; Liu Yuanjun; Liu Yang; Tianhu Zhang,2023-7,,https://api.elsevier.com/content/article/PII:S2352710223005247?httpAccept=text/xml,7
The thermal performance and applicability analysis of the composite ventilation system with heat recovery in ultra-low energy buildings,15,2023,"… -loop heat pump and traditional heat pump system. During the test, the thermal performance … potential and applicability of the heat recovery units in the ultra-low energy buildings (ULEBs…",https://www.sciencedirect.com/science/article/pii/S0360544222028286,,0,"ultra-low temperature, district thermal",10.1016/j.energy.2022.125942,Liu Shuailing; Ma Guoyuan; Jia Xiaoya; Xu Shuxue; Wu Guoqiang; Zhang Yumei,2023-1,,https://api.elsevier.com/content/article/PII:S0360544222028286?httpAccept=text/xml,10
Multi-objective optimization of ultra-low energy housing in hot summer cold winter climate zone of China based on a probabilistic behavioral model,6,2023,"… that the thermal envelope … for heating and air conditioning within specified limits. Therefore, reducing the energy demand of ultra-low energy buildings in this study only includes heating …",https://www.mdpi.com/2075-5309/13/5/1172,,0,"ultra-low temperature, district thermal",10.3390/buildings13051172,Junmi Xiang; Hongcheng Liu; Xiaojun Li; Phil Jones; Emmanouil Perisoglou,4/28/2023,"<jats:p>Occupant behavior has an important impact on building energy consumption, and the accuracy of an occupant behavior model directly affects the reliability of energy consumption simulation results. Ultra-low energy buildings are crucial to achieving building energy conservation and carbon dioxide reduction in China. In order to effectively promote the development of ultra-low energy buildings in Hot Summer and Cold Winter Climate Zones. where most residents adopt a “part-time, part-space” pattern of intermittent energy use behavior, and to solve the problem of poor indoor thermal environments and the high incremental cost of ultra-low energy, the study described in this paper takes Changsha as an example to carry out a multi-objective optimization study on ultra-low energy housing using a probabilistic behavioral model. On the basis of a probability model representing the residents’ actual behavior in Changsha, the optimization objective indicators, key variables and the technology benchmarks for ultra-low energy building were determined, then multi-objective optimization was carried out for a range of energy efficient technologies to obtain the Pareto optimal solutions. The results showed that the set of optimal solutions could reduce energy demand by 50.2 to 60.2% and reduce indoor thermal discomfort time by 3.52–11.09% compared with those of a reference base case, which just meets the requirements of the current design standard for energy efficient domestic buildings. An optimum solution for energy savings and indoor thermal comfort, along with economic costs, was identified, which can assist in decision-making by providing different preferences and provide useful reference for the design of ultra-low energy buildings in Hot Summer and Cold Winter Climate regions.</jats:p>",https://www.mdpi.com/2075-5309/13/5/1172/pdf,5
Experimental investigations on the performance of a thermo-mechanical refrigeration system utilizing ultra-low temperature waste heat sources,8,2023,"… ultra-low temperature (between 48 C and 120 C) waste heat, which forms 25 % of the global unrecovered waste heat, to drive thermal … ) system at ultra-low temperatures ranging from 50 …",https://www.sciencedirect.com/science/article/pii/S1110016823002600,,0,"ultra-low temperature, district thermal",10.1016/j.aej.2023.03.083,Ahmad K. Sleiti; Wahib A. Al-Ammari; Mohammed Al-Khawaja,2023-5,,https://api.elsevier.com/content/article/PII:S1110016823002600?httpAccept=text/xml,7
Experimental assessment of the first industrial implementation of ejector refrigeration system operating with R1233zd (E) driven by ultra-low temperature heat …,3,2023,"… , COP, and refrigeration capacity for three levels of motive temperature are presented. The available thermal capacity of the waste heat source for tested system has been 200 kW. The …",https://www.sciencedirect.com/science/article/pii/S0140700723001974,,0,"ultra-low temperature, district thermal",10.1016/j.ijrefrig.2023.07.003,Jerzy Gagan; Kamil Śmierciew; Michał Łukaszuk; Dariusz Butrymowicz; Andrzej Pawluczuk; Mikołaj Mastrowski; Marek Bergander; Artur Cebula,2023-10,,https://api.elsevier.com/content/article/PII:S0140700723001974?httpAccept=text/xml,3
Parametric effects of ring-shaped phase change module on the temperature regulation of ultra-low carbon shallow geothermal ventilation system,4,2023,"… by relatively large temperature fluctuations at the outlet in many application scenarios, which will reduce the thermal comfortable of the delivery outlet air temperature. The existing …",https://www.sciencedirect.com/science/article/pii/S2352152X23008289,,0,"ultra-low temperature, district thermal",10.1016/j.est.2023.107431,Jiaqi Shi; Mingjing Xie; Difei Jiang,2023-8,,https://api.elsevier.com/content/article/PII:S2352152X23008289?httpAccept=text/xml,4
Ultra low-temperature fabrication of hollow glass microspheres and polysilazane coating for enhanced thermal protection of carbon/epoxy composites,5,2023,… This investigation was aimed to develop high-temperature resistant coatings suitable for carbon fiber-reinforced epoxy composites at ultra low preparation temperatures. In the organic-…,https://www.sciencedirect.com/science/article/pii/S2468023023004340,,0,"ultra-low temperature, district thermal",10.1016/j.surfin.2023.103064,Zhaoyang Fan; Chao Xiong; Junhui Yin; Yu Zhang; Youchun Zou; Huanran Zhou,2023-8,,https://api.elsevier.com/content/article/PII:S2468023023004340?httpAccept=text/xml,2
"Small, affordable, ultra-low-temperature vapor-compression and thermoelectric hybrid freezer for clinical applications",7,2023,"… -19 vaccines at low temperatures leads to the rising demand of ultra-low-temperature (ULT; … With further optimization of thermal insulation, the hybrid ULT freezer demonstrated in this …",https://www.cell.com/cell-reports-physical-science/fulltext/S2666-3864(23)00580-5,,0,"ultra-low temperature, district thermal",10.1016/j.xcrp.2023.101735,Qian Xu; Biao Deng; Yupeng Wang; Weishu Liu; Gang Chen,2023-12,,https://api.elsevier.com/content/article/PII:S2666386423005805?httpAccept=text/xml,1
Flash joining of SiC at ultra-low temperature,16,2023,"… filler, vacuum, high temperature, and a longer duration [8], [9], [10], [11] for reliable joining. However, at high temperatures, owing to the mismatch of the thermal expansion coefficient …",https://www.sciencedirect.com/science/article/pii/S0955221923000134,,0,"ultra-low temperature, district thermal",10.1016/j.jeurceramsoc.2023.01.013,Long Zhou; Chun Li; Xiaoqing Si; Chenghao Zhang; Bo Yang; Junlei Qi; Jian Cao,2023-6,,https://api.elsevier.com/content/article/PII:S0955221923000134?httpAccept=text/xml,16
Quantification of overlapping heating and cooling demand for the feasibility assessment of bi-directional systems over Europe,9,2023,"… heating and cooling demand altogether. To meet such requirement, the bi-directional fifth generation district heating and cooling … renewable and waste energy sources. The overlapping …",https://www.sciencedirect.com/science/article/pii/S0378778823004747,,0,"bi-directional, district heating and cooling",10.2139/ssrn.4372787,Yichi Zhang; Pär Johansson; Angela Sasic Kalagasidis,2023,,,0
"Modeling of a bidirectional substation in a district heating network: Validation, dynamic analysis, and application to a solar prosumer",9,2023,"… For this reason, the effect of coupling a bi-directional thermal substation with a solar heating system was here investigated. More specifically, the solar thermal system was composed of …",https://www.sciencedirect.com/science/article/pii/S0360544223020157,,0,"bi-directional, district heating and cooling",10.1016/j.energy.2023.128621,Giuseppe Edoardo Dino; Pietro Catrini; Alessandro Buscemi; Antonio Piacentino; Valeria Palomba; Andrea Frazzica,2023-12,,https://api.elsevier.com/content/article/PII:S0360544223020157?httpAccept=text/xml,7
Techno-economic assessment of bi-directional low temperature networks,6,2023,… given Bi-directional Low Temperature Network (BLTN) using scenario analysis. BLTNs are capable of supplying both heating and cooling via a bi-directional network of ‘warm’ and ‘cool…,https://www.sciencedirect.com/science/article/pii/S0306261923005664,,0,"bi-directional, district heating and cooling",10.1016/j.apenergy.2023.121202,Michael Taylor; Wu Gao; Shakil Masum; Meysam Qadrdan,2023-10,,https://api.elsevier.com/content/article/PII:S0306261923005664?httpAccept=text/xml,4
The Future of District Heating and Cooling Networks,2,2023,"… be ‘Bi-directional Heating and Cooling’ networks, since this highlights the necessarily bi-directional … cooling. However, the terms Cold – Ultra-Low and Cold – CHC (collectively Cold …",https://ukerc8.dl.ac.uk/publications/working_paper/UKERC_The-Future-of-District-Heating-and-Cooling-Networks.pdf,http://scholar.google.com/https://ukerc8.dl.ac.uk/publications/working_paper/UKERC_The-Future-of-District-Heating-and-Cooling-Networks.pdf,0,"bi-directional, district heating and cooling",10.1088/978-0-7503-5286-4ch10,Paul Woods,12/1/2023,,,0
Finite element heat transfer analysis in selective laser melting of AlSi10Mg alloy using bi-directional scan strategy: Enhanced thermal conductivity …,8,2023,"In the present work, a 3D finite element model was created using the commercial ABAQUS software to analyze the selective laser melting process of AlSi10Mg powder in a bidirectional …",https://www.sciencedirect.com/science/article/pii/S2238785423028417,,0,"bi-directional, district heating and cooling",10.1016/j.jmrt.2023.11.067,Payam Seraj; Abbas Akbarzadeh; Mohsen Mohammadi,2023-11,,https://api.elsevier.com/content/article/PII:S2238785423028417?httpAccept=text/xml,6
A novel flat heat pipe for anti-gravity orientations: Leaf fractal evaporator and bi-directional transport capillary channel,15,2023,"… between the heating region and the liquid-cooled section. The inlet temperature of cooling water … In this research, a unique type of flat heat pipe designed with bi-directional transport …",https://www.sciencedirect.com/science/article/pii/S1359431123009833,,0,"bi-directional, district heating and cooling",10.2139/ssrn.4333641,Wei-Wei Wang; Yong-Juan Song; Bin Li; Di Liu; Fu-Yun Zhao; Yang Cai,2023,,,0
Roadmaps for heating and cooling system transitions seen through uncertainty and sensitivity analysis,11,2023,… 5GDHC: Bi-directional looped network with heating and cooling exchange between buildings using warm and cold pipes. The warm pipe temperature is maintained at around 30 C to …,https://www.sciencedirect.com/science/article/pii/S0196890423007689,,0,"bi-directional, district heating and cooling",10.1016/j.enconman.2023.117422,Yichi Zhang; Pär Johansson; Angela Sasic Kalagasidis,2023-9,,https://api.elsevier.com/content/article/PII:S0196890423007689?httpAccept=text/xml,8
Thermal prediction for energy management of clouds using a hybrid model based on CNN and stacking multi-layer bi-directional LSTM,11,2023,"… Hotspots form when the temperature of the host rises, increasing cooling costs and affecting … networks (CNN) and stacking multi-layer bi-directional long-term short memory (BiLSTM) for …",https://www.sciencedirect.com/science/article/pii/S2352484723000318,,0,"bi-directional, district heating and cooling",10.1016/j.egyr.2023.01.032,Hamed Tabrizchi; Jafar Razmara; Amir Mosavi,2023-12,,https://api.elsevier.com/content/article/PII:S2352484723000318?httpAccept=text/xml,10
One-way water transport and enhanced heating and cooling for cotton fabrics,15,2023,"… In conclusion, a 3D Bi-directional water transport and drying fabric was fabricated by dip-coating of nano-ZnO and printing a discontinuous hydrophobic pattern on one side. When the …",https://link.springer.com/article/10.1007/s10570-023-05073-3,,0,"bi-directional, district heating and cooling",10.1007/s10570-023-05073-3,Hong Zhao; Zhuizhui Fan; Changlin Jia; Zaisheng Cai,2/18/2023,,https://link.springer.com/content/pdf/10.1007/s10570-023-05073-3.pdf,14
Numerical study of rotating convection with bi-directional temperature gradients,3,2023,"… , and eddies on heat transport in the presence of bi-directional temperature gradients. … and localized cooling was done in the inner top region. The ratio of width of the heating zone to …",https://pubs.aip.org/aip/pof/article/35/5/056601/2887919,,0,"bi-directional, district heating and cooling",10.1063/5.0145965,Shivam Swarnakar; Amitabh Bhattacharya; Sridhar Balasubramanian,5/1/2023,"<jats:p>In this work, we report results from three-dimensional numerical simulations of convection in a rotating cylindrical annulus with mean temperature gradients present along the radial and vertical directions. The simulations have been performed in OpenFOAM (Open-source Field Operation And Manipulation). The bi-directional temperature gradient is achieved by imposing uniform heat flux in a thin circular strip at the outer periphery of the bottom surface, and a uniform temperature at the entire inner cylindrical surface. The study has been carried out for a particular Rayleigh number, Ra = 4.76×108, and a range of Taylor numbers, Ta = 6.5×108–2.7×109. The Ra value is chosen so that some qualitative comparison could be done with available experimental data. A laminar flow solver has been used to perform the computations in a rotating frame of reference. Complex empirical orthogonal function analysis has been carried out for the velocity and temperature fields. The contour maps of the radial velocity field in the r−θ plane clearly show the existence of mode 4 and 4 AV (amplitude vacillation) baroclinic waves at low values of Ta, which break down into eddies as Ta increases. The mean temperature field in the r–z plane supports the existence of Convective Columnar Plumes (CCP) on the outer edge, which interacts with the baroclinic waves, aiding in the transport of heat in the system. The fluctuations in CCP disintegrate into smaller-scale structures at the highest Ta. Quantification of turbulent fluxes shows the effectiveness of the heat transport at Ta∼O(108), as compared to Ta∼O(109). Our results clearly demonstrate the role of waves, plumes, and eddies on heat transport in the presence of bi-directional temperature gradients.</jats:p>",https://pubs.aip.org/aip/pof/article-pdf/doi/10.1063/5.0145965/17275489/056601_1_5.0145965.pdf,2
Modelling a prototype of bidirectional substation for district heating with thermal prosumers,10,2023,"… the district heating network through a bidirectional exchange … ) or with the waste heat recovered in the industrial processes. … UNIBO) designed a bidirectional substation prototype, based …",https://www.mdpi.com/2071-1050/15/6/4938,,0,"bidirectional, district heating and cooling",10.3390/su15064938,Paolo Sdringola; Mattia Ricci; Maria Alessandra Ancona; Federico Gianaroli; Cristina Capodaglio; Francesco Melino,3/10/2023,"<jats:p>The performance of the innovative configurations of the “efficient” thermal networks is a key topic in scientific research, focusing on distribution temperatures and integration with high-efficiency plants and renewable sources. As it already happens for the electricity prosumers, a thermal prosumer may feed the district heating network through a bidirectional exchange substation with the excess of the locally produced thermal energy (e.g., by means of solar thermal plant) or with the waste heat recovered in the industrial processes. The Italian National Agency for New Technologies, Energy and Sustainable Economic Development (ENEA) and the Alma Mater Studiorum University of Bologna (UNIBO) designed a bidirectional substation prototype, based on a return-to-supply configuration, and tested steady-state and dynamic conditions to evaluate performances and optimization measures. In this paper, the Modelica language and Dymola software were used to run a multi-domain simulation and model-based design of the substation, starting from a new heat exchanger model featuring variable efficiency, based on the thermal resistance scaling method. Control systems and components were customized from models in standard libraries in order to reproduce the substation behavior under defined operating settings, and the model was validated on the abovementioned experimental tests. Numerical results in terms of exchanged powers, temperatures and flow rates were systematically compared to experimental data, demonstrating a sufficient agreement. In particular, the absolute mean deviation—in terms of temperature—between experimental and numerical data assessed over the entire tests remains contained in +/−1 °C. As further step of the analysis, an optimized model could be included as a component in a district heating network for further investigations on the prosumers’ effects on an existing traditional grid (e.g., in case of deep renovation of urban areas connected to district heating and/or creation of micro energy communities).</jats:p>",https://www.mdpi.com/2071-1050/15/6/4938/pdf,10
A prosumer-based sector-coupled district heating and cooling laboratory architecture,22,2023,… New control strategies for thermal systems and innovative district heating and cooling grids can … Each bidirectional HCTS has two circuits that can be used in a district heating grid with …,https://www.sciencedirect.com/science/article/pii/S2666955223000023,,0,"bidirectional, district heating and cooling",10.1016/j.segy.2023.100095,Daniel Zinsmeister; Thomas Licklederer; Stefan Adldinger; Franz Christange; Peter Tzscheutschler; Thomas Hamacher; Vedran S. Perić,2023-2,,https://api.elsevier.com/content/article/PII:S2666955223000023?httpAccept=text/xml,12
District heating and cooling systems transition: Evaluation of current challenges and future possibilities,2,2023,"… district heating and cooling … district heating and cooling technologies. Second, it describes a new analytical method for modelling network hydraulics in district systems with bidirectional …",https://portal.research.lu.se/en/publications/district-heating-and-cooling-systems-transition-evaluation-of-cur,,0,"bidirectional, district heating and cooling",10.1088/978-0-7503-5286-4ch5,Paul Woods,12/1/2023,,,0
Overview of solar photovoltaic applications for district heating and cooling,8,2023,"… district heating/cooling systems. However, very few researchers studied PV applications in the district heating/ district cooling … 5th generation bidirectional heating and cooling network, …",https://sciendo.com/pdf/10.2478/rtuect-2023-0070,,0,"bidirectional, district heating and cooling",10.2478/rtuect-2023-0070,Sreenath Sukumaran; Janika Laht; Anna Volkova,1/1/2023,"<jats:title>Abstract</jats:title>
               <jats:p>With the prevalent energy crisis and climate changes, decarbonising energy sector has become the need of the hour. An environmentally friendly way is the utilisation of solar energy which mainly involves the deployment of photovoltaic (PV) and/or solar thermal technology. Unlike electricity generation, the application of photovoltaics for the district heating &amp; cooling (DHC) is relatively new. Also, this energy route is yet to be fully explored. This paper aims to provide an overview of the photovoltaic applications in the context of DHC sector. At first, the utilisation of solar energy in the DHC sector is briefly described and then the review of the available literature is carried out. It was understood that PV integration in the district heating and/or district cooling system can take place in different topologies such as PV technology, energy storage, and system configuration (centralized/distributed). On one side, this technology options support design flexibility based on local scenarios (i.e., climatic conditions, building types, energy cost). On the other side, selecting the best configuration remains a challenging task for design and planning engineers. The research database on the studied topic needs to be enhanced, with a focus on PV’s role in district cooling (DC). It is deduced that right technical and economic boundary conditions in the chosen region is important for the accelerated photovoltaic integration. Also, lower environmental impact throughout the whole life cycle of solar PV integrated DHC system is reported. PV assisted DC systems have the potential to revolutionize cooling sector, especially in the places where daytime electricity costs are high. Based on the SWOT analysis, it is concluded that there is an enormous opportunity for PV integration in the DHC sector with the upgradations in DH networks, developing DC networks and rising adoption of HPs. This overview is expected to be beneficial to researchers, policymakers and other stakeholders of district energy sector.</jats:p>",https://www.sciendo.com/pdf/10.2478/rtuect-2023-0070,8
Discrete event simulation for dynamic thermal modelling of district heating pipe,5,2023,"Optimizing district heating (DH) systems in a holistic manner is often impeded by the computational complexities associated with network modeling. This study introduces a novel, …",https://www.sciencedirect.com/science/article/pii/S0360544223029171,,0,"bi-directional, district thermal",10.1016/j.energy.2023.129523,Zichan Xie; Haichao Wang; Pengmin Hua; Risto Lahdelma,2023-12,,https://api.elsevier.com/content/article/PII:S0360544223029171?httpAccept=text/xml,6
"Thermal, exergy and economic analysis of a cascaded packed-bed tank with multiple phase change materials for district cooling system",12,2023,"… In this study, a cascaded packed-bed tank for a district cooling system is proposed to improve heat transfer efficiency and decrease tank cost with the same cold energy capacity. The …",https://www.sciencedirect.com/science/article/pii/S0360544223001408,,0,"bi-directional, district thermal",10.1016/j.energy.2023.126746,Y.L. Shao; K.Y. Soh; M.R. Islam; K.J. Chua,2023-4,,https://api.elsevier.com/content/article/PII:S0360544223001408?httpAccept=text/xml,11
Steady-state security region of integrated energy system considering thermal dynamics,30,2023,"… failure due to the bi-directional interaction with the heating … varying process resulting from the thermal dynamics is divided into … , and thermal dynamics on the secure operation of the PS. …",https://ieeexplore.ieee.org/abstract/document/10184479/,,0,"bi-directional, district thermal",10.1109/ei259745.2023.10512614,Yong Sun; Baoju Li; Chengliang Hao; Suhan Zhang; Guangsheng Pan,12/15/2023,,http://xplorestaging.ieee.org/ielx7/10511272/10512350/10512614.pdf?arnumber=10512614,0
Energy and environmental assessment of a biomass-based renewable energy community including photovoltaic and hydroelectric systems,32,2023,… bi-directional interactions with power grid are reduced from 60.6% to 51.7%. The thermal … infrastructure used to distribute thermal energy among users is the District Heating/cooling …,https://www.sciencedirect.com/science/article/pii/S0360544223017425,,0,"bi-directional, district thermal",10.1016/j.energy.2023.128348,Francesca Ceglia; Elisa Marrasso; Carlo Roselli; Maurizio Sasso,2023-11,,https://api.elsevier.com/content/article/PII:S0360544223017425?httpAccept=text/xml,27
Transient analysis and safety-oriented process optimization during electrolysis–fuel cell transition of a novel reversible solid oxide cell system,9,2023,"… to its high efficiency and bi-directional operation. However, there … This is the first comprehensive study of thermal−material … gradients, fuel starvation and thermal oscillations are the main …",https://www.sciencedirect.com/science/article/pii/S095965262303158X,,0,"bi-directional, district thermal",10.1016/j.jclepro.2023.139000,Guoqiang Liu; Zhen Wang; Xingbo Liu; Jakub Kupecki; Dongqi Zhao; Bing Jin; Zhuo Wang; Xi Li,2023-11,,https://api.elsevier.com/content/article/PII:S095965262303158X?httpAccept=text/xml,7
A comprehensive review of the bidirectional converter topologies for the vehicle-to-grid system,52,2023,"… velocity, and thermal conductivity. This results in devices with higher power handling capacity, small size, and lesser losses with a unidirectional and bi-directional conducting nature. …",https://www.mdpi.com/1996-1073/16/5/2503,,0,"bi-directional, thermal grid",10.3390/en16052503,Suresh Panchanathan; Pradeep Vishnuram; Narayanamoorthi Rajamanickam; Mohit Bajaj; Vojtech Blazek; Lukas Prokop; Stanislav Misak,3/6/2023,"<jats:p>Over the past decade, there has been a great interest in the changeover from cars powered by gasoline to electric vehicles, both within the automotive industry and among customers. The electric vehicle–grid (V2G) technology is a noteworthy innovation that enables the battery of an electric vehicle during idling conditions or parked can function as an energy source that can store or release energy whenever required. This results in energy exchange between the grid and EV batteries. This article reviews various bidirectional converter topologies used in the V2G system. Additionally, it can reduce the cost of charging for electric utilities, thus increasing profits for EV owners. Normally electric grid and the battery of an electric vehicle can be connected through power electronic converters, especially a bidirectional converter, which allows power to flow in both directions. The majority of research work is carried out over the converters for V2G applications and concerns utilizing two conversion stages, such as the AC-DC conversion stage used for correcting the power factor and the DC-DC conversion stage for matching the terminal voltage. Furthermore, a bidirectional conversion can be made for an active power transfer between grid–vehicle (G2V) and V2G effectively. This review explores and examines several topologies of bidirectional converters which make it possible for active power flow between the grid and the vehicle and vice versa. Moreover, different types of charging and discharging systems, such as integrated/non-integrated and on/off board, etc., which have been used for electric vehicle applications, are also discussed. A comparison study is carried out based on several other factors that have been suggested. The utilization of semiconductors in power converters and non-conventional resources in charging and discharging applications are the two improving technologies for electric vehicles.</jats:p>",https://www.mdpi.com/1996-1073/16/5/2503/pdf,43
Low-carbon optimal operation of electricity–heat–gas​ systems based on bi-directional tiered-pricing carbon trading,12,2023,"… , the purchase price of the power grid is calculated at the time-… met by CHP with higher thermal efficiency, and then the GB … to HFC for the production of thermal and electrical energy and …",https://www.sciencedirect.com/science/article/pii/S2352484723004808,,0,"bi-directional, thermal grid",10.1016/j.egyr.2023.04.116,Gang Lv; Yangyu Zhang; Jing Zhu; Lei Liu; Yahui Wu; Tian Wang,2023-9,,https://api.elsevier.com/content/article/PII:S2352484723004808?httpAccept=text/xml,11
Bi-directional coupled electro-thermal behaviors of traction motor for high-speed railway distributed traction system,7,2023,… proposes a bi-directional electromagnetic-thermal coupled … A bi-directional coupled model is then introduced to evaluate … This model combines electromagnetic and thermal models and …,https://www.sciencedirect.com/science/article/pii/S2214157X23005543,,0,"bi-directional, thermal grid",10.1016/j.csite.2023.103248,Sarbajit Paul; Jae-Gil Lee; Pil-Wan Han; Junghwan Chang; Vu-Khanh Tran; Yon-Do Chun,2023-9,,https://api.elsevier.com/content/article/PII:S2214157X23005543?httpAccept=text/xml,7
Attributes of bi-directional turbomachinery for pumped thermal energy storage,9,2023,"… the thermal storage and fed into the electric grid. This mode is a Brayton cycle heat engine that operates between hot and cold storage tanks. In the charge mode, energy from the grid is …",https://asmedigitalcollection.asme.org/turbomachinery/article-abstract/145/3/031007/1146270,,0,"bi-directional, thermal grid",10.1115/es2023-106297,Simone Parisi; Nishith Babubhai Desai; Fredrik Haglind,7/10/2023,"<jats:title>Abstract</jats:title>
               <jats:p>The objective of this paper is to assess the thermo-economic performance of different cycle configurations for pumped thermal electricity storage (PTES), including the effects of charging electricity cost. Reversible turbomachinery is employed to reduce the capital cost. Brayton cycles with different working fluids and a subcritical Rankine cycle operating with ammonia are compared. Liquid thermal energy storage systems are used. For the Brayton cycle, also packed bed storage systems are considered as an alternative.</jats:p>
               <jats:p>A new cost correlation for turbomachines, initially developed for organic Rankine cycles, is adapted for compressors and reversible machines. This correlation is based on the number of stages and physical size of the machine, which are estimated considering thermodynamic as well as mechanical limitations on the enthalpy difference that can be attained per stage.</jats:p>
               <jats:p>The results indicate that for a plant size of 50 MW and a discharge duration of 8 hours, the Brayton system with liquid storage and helium as a working fluid has the lowest levelized cost of storage at 0.138 $/kWh, mainly due to the high thermal conductivity of the fluid. Packed bed systems were found to be more expensive than liquid storage systems due to the large cost of the pressure vessels, with cost parity reached at a discharge duration of 4 hours. However, at this duration lithium ion batteries are likely to be cheaper. The results suggest that the levelized cost of storage for the Rankine cycle is slightly higher, 0.151 $/kWh. In addition, the Rankine cycle has disadvantages related to the higher storage volume and less flexibility for part load operation.</jats:p>",https://asmedigitalcollection.asme.org/ES/proceedings-pdf/doi/10.1115/ES2023-106297/7042854/v001t03a002-es2023-106297.pdf,1
Nonlinear static analysis of bi-directional functionally graded sandwich plates in thermal environments by a higher-order finite element model,16,2023,"… bi-directional functionally graded (2D-FGM) sandwich plates lying on an elastic foundation in thermal … -dependent characteristics in the thermal environment. For the analysis purpose, a …",https://www.sciencedirect.com/science/article/pii/S0263823123002975,,0,"bi-directional, thermal grid",10.1016/j.tws.2023.110819,Van-Chinh Nguyen; Huu-Quoc Tran; Van-Vinh Pham,2023-7,,https://api.elsevier.com/content/article/PII:S0263823123002975?httpAccept=text/xml,14
Design and performance analysis of ultra-wide bandgap power devices-based EV fast charger using bi-directional power converters,21,2023,"… due to low breakdown potential, less thermal stability, and less power … Grid parameters are summarized in Table 4. Three-phase bi-directional power converters can perform both grid…",https://ieeexplore.ieee.org/abstract/document/10065480/,,0,"bi-directional, thermal grid",10.1109/access.2023.3255780,Tehseen Ilahi; Tahir Izhar; Saeed Mian Qaisar; Umar Tabrez Shami; Muhammad Zahid; Asad Waqar; Ahmad Alzahrani,2023,,http://xplorestaging.ieee.org/ielx7/6287639/10005208/10065480.pdf?arnumber=10065480,13
Thermo-mechanical vibration and stability behaviors of bi-directional FG nano-pipe conveying fluid,17,2023,"… behaviors of hygro-thermally affected functionally graded … concentration and superior thermal resistance capabilities, FG … mechanical behaviors of bi-directional FG nanostructure. …",https://www.sciencedirect.com/science/article/pii/S0263823123002628,,0,"bi-directional, thermal grid",10.1016/j.tws.2023.110784,Zheng Lyu; Haijun Tang; Haijun Xia,2023-7,,https://api.elsevier.com/content/article/PII:S0263823123002628?httpAccept=text/xml,12
Dynamic analysis of heated temperature-dependent bi-directional advanced composites circular plates with quadratic thickness variation,2,2023,"… solution methods on the responses of FG plates subjected to the thermal environment. … thermal environment. For the first time, the axisymmetric vibrations of non-uniform bi-directional …",https://www.tandfonline.com/doi/abs/10.1080/01495739.2022.2159902,,0,"bi-directional, thermal grid",10.1080/01495739.2022.2159902,Rahul Saini; Roshan Lal; Renu Saini; Mohamed Amine Khadimallah,1/27/2023,,https://www.tandfonline.com/doi/pdf/10.1080/01495739.2022.2159902,2
Highly Efficient Three-Phase Bi-Directional SiC DC–AC Inverter for Electric Vehicle Flywheel Emulator,3,2023,"… mode, compactness, and thermal enhancement are the … grid to strong power constraints in a scenario where there will be a large deployment of public FCSs distributed among the grid. …",https://www.mdpi.com/1996-1073/16/12/4644,,0,"bi-directional, thermal grid",10.3390/en16124644,Alexandre De Bernardinis; Richard Lallemand; Abdelfatah Kolli,6/11/2023,"<jats:p>Flywheels are nowadays a solution for the dynamic charging of electric vehicles since they act as transient energy storage. The need for a top efficient reversible power converter for the flywheel system is crucial to assure high dynamic performance. The paper presents the design of a 50 kW highly efficient reversible three-phase DC–AC inverter involving the most recent silicon carbide metal oxide semiconductor field effect transistors, and its experimental validation on a home-made emulator. Highest efficiency in reversible mode, compactness, and thermal enhancement are the targeted objectives that have been achieved. The power converter prototype evaluated on an original pulse width modulation testing-bench is able to emulate the working of the flywheel system. High frequency pulse width modulation switching, speed cycle operating, and thermal losses are evaluated. In addition, an efficiency above 99% for the converter has been attained, enabling robust functioning of the flywheel system emulator to perform specific charging profiles for electric vehicles.</jats:p>",https://www.mdpi.com/1996-1073/16/12/4644/pdf,2
Geospatial Characterization of Low-Temperature Heating and Cooling Demand in the United States,4,2023,"… In particular, the primary use of geothermal energy in the United States today is for baseload electricity and geothermal heat pumps, instead of direct-use heating for district energy or …",https://www.osti.gov/biblio/1962027,,0,"low-temperature, district energy",10.4081/gh.2023.1213,Ruiwen Xiong; Xiaolong Li,7/20/2023,"<jats:p>Environmental factors are known to affect outbreak patterns of infectious disease, but their impacts on the spread of COVID-19 along with the evolution of this relationship over time intervals and in different regions are unclear. This study utilized 3 years of data on COVID-19 cases in the continental United States from 2020 to 2022 and the corresponding weather data. We used regression analysis to investigate weather impacts on COVID-19 spread in the mainland United States and estimate the changes of these impacts over space and time. Temperature exhibited a significant and moderately strong negative correlation for most of the US while relative humidity and precipitation experienced mixed relationships. By regressing temperature factors with the spreading rate of waves, we found temperature change can explain over 20% of the spatial-temporal variation in the COVID-19 spreading, with a significant and negative response between temperature change and spreading rate. The pandemic in the continental United States during 2020-2022 was characterized by seven waves, with different transmission rates and wave peaks concentrated in seven time periods. When repeating the analysis for waves in the seven periods and nine climate zones, we found temperature impacts evolve over time and space, possibly due to virus mutation, changes in population susceptibility, social behavior, and control measures. Temperature impacts became weaker in 6 of 9 climate zones from the beginning of the epidemic to the end of 2022, suggesting that COVID-19 has increasingly adapted to wider weather conditions.   </jats:p>",https://www.geospatialhealth.net/index.php/gh/article/download/1213/1284,0
Energy performance of Scottish public buildings and its impact on the ability to use low-temperature heat,10,2023,"… low-temperature heat. In conclusion, previous studies have investigated the use of low-temperature … ability of public buildings to use low-temperature heat. This information is valuable to …",https://www.sciencedirect.com/science/article/pii/S0378778823002943,,0,"low-temperature, district energy",10.1016/j.enbuild.2023.113064,Antoine Reguis; Michele Tunzi; Behrang Vand; Paul Tuohy; John Currie,2023-7,,https://api.elsevier.com/content/article/PII:S0378778823002943?httpAccept=text/xml,8
Centralized multifunctional control of integrated electricity–gas network in district energy system considering resilience,11,2023,"… of system may be increased by using IEGSs in the district energy systems (DESs) [3]. The … on integrated energy systems, which are generally composed of different energy carriers such …",https://ieeexplore.ieee.org/abstract/document/10106004/,,0,"bidirectional, district energy",10.1016/j.egyr.2023.08.059,Bomiao Liang; Weijia Liu; Jinjiang Zhang,2023-10,,https://api.elsevier.com/content/article/PII:S2352484723012027?httpAccept=text/xml,3
Presenting the project SekQuaSens3: combining a networked sensor concept with model-based decisions for optimized energy flow in a district,2,2023,… for the control of bidirectional energy flows. The models we will … district energy management (= QEM - Quarter Energy Management) in order to optimize their own share of the energy …,https://ieeexplore.ieee.org/abstract/document/10324567/,,0,"bidirectional, district energy",10.1049/icp.2023.2701,N. Reininghaus; M. Kroener; T. Schneider; K. Waiz; Y. -P. Flötteröd; M. L. Díaz; R. Nippold; M. Vehse,11/6/2023,,https://digital-library.theiet.org/content/conferences/10.1049/icp.2023.2701?crawler=true&mimetype=application/pdf,0
The potential of lake-source district heating and cooling for European buildings,14,2023,"… as a source for district heating and cooling. Thereby, a more realistic estimation of their potential implementation becomes possible, enabling informed energy planning for central or …",https://www.sciencedirect.com/science/article/pii/S0196890423002601,,0,"low temperature, district heating and cooling",10.1016/j.enconman.2023.116914,Sven Eggimann; Jacopo Vivian; Ruihong Chen; Kristina Orehounig; Anthony Patt; Massimo Fiorentini,2023-5,,https://api.elsevier.com/content/article/PII:S0196890423002601?httpAccept=text/xml,9
Thermal performance improvement of a low-temperature thermal energy storage with configuration optimization,9,2023,"… areas with poor solar conditions, this study investigates the thermal storage and release performance of a low-temperature rectangular thermal energy storage unit (RTESU). A validated …",https://www.sciencedirect.com/science/article/pii/S2352152X23000178,,0,"low-temperature, thermal grid",10.1016/j.est.2023.106620,Y. Ma; Y. Tao; L. Shi; Y. Wang; J.Y. Tu; L. Wang,2023-4,,https://api.elsevier.com/content/article/PII:S2352152X23000178?httpAccept=text/xml,4
Low-temperature solar thermal-power systems for residential electricity supply under various seasonal and climate conditions,9,2023,… performance of low-temperature (<100 C) solar thermal-power … operation with the electric grid. The analysis was conducted for … It is expected that the cost for the analyzed solar-thermal …,https://www.sciencedirect.com/science/article/pii/S1359431123009341,,0,"low-temperature, thermal grid",10.1016/j.applthermaleng.2023.120905,Julian D. Osorio; Stiven Zea; Alejandro Rivera-Alvarez; Gustavo A. Patiño-Jaramillo; Rob Hovsapian; Juan C. Ordonez,2023-9,,https://api.elsevier.com/content/article/PII:S1359431123009341?httpAccept=text/xml,5
Flexible phase change materials for low temperature thermal management in lithium-ion batteries,13,2023,"… applied it in a low-temperature Li-ion battery thermal management system. … thermally induced flexibility properties. In addition, the BTMS containing CPCM can exhibit excellent thermal …",https://www.sciencedirect.com/science/article/pii/S2352152X23028116,,0,"low-temperature, thermal grid",10.1016/j.est.2023.109413,Zaichao Li; Yuang Zhang; Fantao Meng; Lu Liu; Ronghui Han; Shufen Zhang; Bingtao Tang,2023-12,,https://api.elsevier.com/content/article/PII:S2352152X23028116?httpAccept=text/xml,9
A hybrid machine learning-assisted optimization and rule-based energy monitoring of a green concept based on low-temperature heating and high …,15,2023,"This article aims to support the targeted worldwide green transition process by introducing and thoroughly analyzing a low-temperature heating and high-temperature cooling, smart …",https://www.sciencedirect.com/science/article/pii/S0959652622051095,,0,"low-temperature, thermal grid",10.1016/j.jclepro.2022.135535,Amirmohammad Behzadi; Annika Gram; Eva Thorin; Sasan Sadrizadeh,2023-1,,https://api.elsevier.com/content/article/PII:S0959652622051095?httpAccept=text/xml,13
Effects of heating film and phase change material on preheating performance of the lithium-ion battery pack with large capacity under low temperature …,29,2023,"In this work, a preheating management system for large-capacity ternary lithium battery is designed, where a novel coupling preheating method of heating film and phase change …",https://www.sciencedirect.com/science/article/pii/S0360544223026749,,0,"low-temperature, thermal grid",10.1016/j.energy.2023.129280,Jiaqiang E; Yisheng Qin; Bin Zhang; Huichun Yin; Yan Tan,2023-12,,https://api.elsevier.com/content/article/PII:S0360544223026749?httpAccept=text/xml,10
Thermodynamic investigation of spectral splitting hybrid system integrated Cassegrain concentrator and mid/low-temperature solar thermochemical storage,6,2023,"… g are grid cell areas, E ( · ) PVT,g and E ( · ) MSR,g are the energy flow rates of the PVT module and the thermochemical reactor receivers in a computational grid, … of computational grids. …",https://www.sciencedirect.com/science/article/pii/S0960148123010662,,0,"low-temperature, thermal grid",10.1016/j.renene.2023.119152,Jinyu Li; Zhengda Yang; Xinlu Han; Yi Ge; Yiya Wang; Qiwei Dong; Chenxing Huang; Huanan Li; Pengyu Chen; Riyi Lin,2023-11,,https://api.elsevier.com/content/article/PII:S0960148123010662?httpAccept=text/xml,5
A numerical model for a thermally regenerative electrochemical cycled flow battery for low-temperature thermal energy harvesting,13,2023,"… of low-temperature thermal energy into the environment not only results in resource wastage, but also has a noticeable impact on the climate [5]. Low-temperature thermal … of the grid …",https://www.sciencedirect.com/science/article/pii/S2949881323000070,,0,"low-temperature, thermal grid",10.1016/j.decarb.2023.100007,Sitong Li; Weiguang Wang; Yusong Liu; Hua Tian; Gequn Shu,2023-6,,https://api.elsevier.com/content/article/PII:S2949881323000070?httpAccept=text/xml,10
Melting and solidification performance investigation of latent heat storage unit designs for low-temperature solar thermal applications,16,2023,"… In the second phase, the modification in Design-I has been done to reduce its total thermal cycle time. The total thermal cycle time of the modified Design-I is 24.58 % shorter than that of …",https://www.sciencedirect.com/science/article/pii/S2352152X2300720X,,0,"low-temperature, thermal grid",10.1016/j.est.2023.107323,Ashutosh Sharma; Ranga Pitchumani; Ranchan Chauhan,2023-8,,https://api.elsevier.com/content/article/PII:S2352152X2300720X?httpAccept=text/xml,13
A new solar mid-and-low temperature receiver/reactor with linear Fresnel reflector,16,2023,… thermal deformation of the steel tube. This study provides a reference for the mid-and-low temperature … The triangle grids are swept along the flow direction of the tube from the inlet to …,https://www.sciencedirect.com/science/article/pii/S1359431123002454,,0,"low-temperature, thermal grid",10.1016/j.applthermaleng.2023.120216,Buchu Lu; Taixiu Liu; Xiangyu Yan; Zhimei Zheng; Qibin Liu,2023-5,,https://api.elsevier.com/content/article/PII:S1359431123002454?httpAccept=text/xml,13
Design and thermal-hydraulic performance analysis of a low-temperature heat pipe test facility,9,2023,… These compact and mobile reactors are expected to find applications in a variety of fields to provide carbon-free power in remote or off-grid locations. Experimental work is needed to …,https://www.tandfonline.com/doi/abs/10.1080/00295639.2022.2087835,,0,"low-temperature, thermal grid",10.1016/j.applthermaleng.2023.120202,Lingfeng Hu; Yihan Chen; Cong Wu; Houlei Zhang,2023-5,,https://api.elsevier.com/content/article/PII:S1359431123002314?httpAccept=text/xml,1
District heating in the future-thoughts on the business model,23,2023,"… energy, reduce energy costs, and decarbonise the European energy system, the creation of new district heating … –13% of the heat demand in Europe is supplied through the 6000 district …",https://www.sciencedirect.com/science/article/pii/S0360544223011088,,0,"fourth generation, district heating and cooling",10.1016/j.energy.2023.127714,Kristina Lygnerud; Tobias Popovic; Sebastian Schultze; Hanne Kortegaard Støchkel,2023-9,,https://api.elsevier.com/content/article/PII:S0360544223011088?httpAccept=text/xml,15
Recent progress in thermal and optical enhancement of low temperature solar collector,34,2023,"… , low-temperature solar collectors are reviewed and discussed for different types of collectors, and the various technical progress in thermal … on the low-temperature solar collectors, this …",https://link.springer.com/article/10.1007/S12667-021-00473-5,,0,"low-temperature, district thermal",10.1016/j.tsep.2023.102025,Rubén Abbas; Rubén Barbero; Antonio Rovira; Magdalena Barnetche,2023-9,,https://api.elsevier.com/content/article/PII:S2451904923003785?httpAccept=text/xml,6
"Energy, exergy analysis and optimization of insulation thickness on buildings in a low-temperature district heating system",5,2023,… Energy and exergy analysis of low temperature district heating network. Energy 2012;45:237… Integration of space heating and hot water supply in low temperature district heating. …,https://dergipark.org.tr/en/pub/thermal/issue/75743/1243502,,0,"low-temperature, district thermal",10.18186/thermal.1243502,Meryem TERHAN; Sena Saliha ABAK,1/31/2023,"<jats:p xml:lang=""en"">In the study, energy and exergy analysis of the buildings on a campus in Turkey are conducted by using actual operating data and taking measurements in the district heating system as a case study. The energy and exergy demands, losses that stem from all buildings are calculated according to average daily outdoor temperature data. Due to the high heat losses in the buildings, determining the optimal insulation thickness for the exterior wall should be investigated. Therefore, optimal insulation thicknesses, energy savings, fuel consumptions and payback periods of the insulation material on the exterior wall of the building are examined by using Life Cycle Assessment and P1–P2 method for natural gas. Optimal insulation thicknesses are calculated for different insulation materials such as XPS, glass wool, rock wool and EPS for the climatic regions (HDD=800–4250°C days). According to average exergy losses from the building components per unit area, the average total exergy loss is calculated as 2.39×10-2 kW/m2.year and 1.42×10-3 kW/m2 (5.92%) of this loss stems from the exterior walls, 1.93×10-3 kW/m2 (8.07%) from the floors, 7.37×10-4 kW/m2 (3.08%) from the roofs, 1.58×10-2 kW/m2 (65.99%) from the windows and doors, 4.04×10-3 kW/m2 (16.92%) from the ventilation with infiltration. Energy requirement values of the building are found between 2.68–25.70 kWh/m3 towards from the warmest to the coldest climatic region for the uninsulated wall. In the un-insulated state, fuel consumption varies between 1.93-18.48 m3/m2 from the warmest to the coldest region. The optimal insulation thickness values of the building’s exterior wall are calculated as between 2.3–10.0 cm according to different climatic regions. In-state of exterior wall insulation of 3 cm, fuel consumption decreases by 46.63%–53.46% compared to different insulation materials and climatic regions compared to the un-insulated state.</jats:p>",https://jten.yildiz.edu.tr/storage/upload/pdfs/1674825305-en.pdf,3
"A systematic review of grid-connected photovoltaic and photovoltaic/thermal systems: Benefits, challenges and mitigation",69,2023,… Some gaps have been observed in the current investigation research on evaluating all components and/or systems of solar power generation based-PV and PV/T in grid-connected …,https://journals.sagepub.com/doi/abs/10.1177/0958305X221117617,,0,"4th generation, thermal grid",10.5220/0011884800003491,Amirmohammad Behzadi; Sasan Sadrizadeh,2023,,,0
Towards Digital Twins of buildings and smart energy networks: Current and future trends,15,2023,"… -grids, exploring different scopes, such as fault detection, energy saving and support for grid … consumption, optimization of heat generation in 4th generation District Heating, and pro-…",https://ieeexplore.ieee.org/abstract/document/10164035/,,0,"4th generation, thermal grid",10.1109/metrolivenv56897.2023.10164035,Tancredi Testasecca; Marilena Lazzaro; Antonino Sirchia,5/29/2023,,http://xplorestaging.ieee.org/ielx7/10163996/10163997/10164035.pdf?arnumber=10164035,5
Quality by design–based development and optimization of fourth-generation ternary solid dispersion of standardized Piper longum extract for melanoma therapy,13,2023,"The study aimed to enhance the solubility, dissolution, and oral bioavailability of standardized Piper longum fruits ethanolic extract (PLFEE) via fourth-generation ternary solid …",https://link.springer.com/article/10.1007/s13346-023-01375-y,,0,"fourth generation, thermal grid",10.21203/rs.3.rs-2673548/v1,Debadatta Mohapatra; Dulla Naveen Kumar; Singh Shreya; Vivek Pandey; Pawan K. Dubey; Ashish Kumar Agarwal; Alakh N. Sahu,4/3/2023,"<jats:title>Abstract</jats:title>
        <jats:p>The study aimed to enhance the solubility, dissolution, and oral bioavailability of standardized <jats:italic>Piper longum</jats:italic> fruits ethanolic extract (PLFEE) via fourth-generation ternary solid dispersion (SD) for melanoma therapy. With the use of solvent evaporation method, the standardized PLFEE was formulated into SD, optimized using Box-Wilson's Central Composite Design (CCD), and evaluated for pharmaceutical performance and <jats:italic>in-vivo</jats:italic> anticancer activity against melanoma (B16F10) bearing C57BL/6 mice. The optimized SD showed good accelerated stability, high yield, drug content, and content uniformity for bioactive marker piperine (PIP). The X-ray diffraction (XRD), Differential scanning calorimetry (DSC), Polarized Light Microscopy (PLM), and selected area electron diffraction (SAED) analysis revealed its amorphous nature. The Attenuated total reflectance-Fourier transform infrared spectroscopy (ATR-FTIR) and High-Performance Thin Layer Chromatography (HPTLC) revealed the compatibility of excipients with the PLFEE. The contact angle measurement and <jats:italic>in-vitro</jats:italic> dissolution study revealed good wetting of SD and improved dissolution profile as compared to the plain PLFEE. The <jats:italic>in-vivo</jats:italic> oral bioavailability of SD reflected a significant (p&lt;0.05) improvement in bioavailability (F<jats:sub>rel</jats:sub> = 188.765%) as compared to plain extract. The <jats:italic>in-vivo</jats:italic> tumor regression study revealed the improved therapeutic activity of SD as compared to plain PLFEE. Further, the SD also improved the anticancer activity of Dacarbazine (DTIC) as an adjuvant therapy. The overall result revealed the potential of developed SD for melanoma therapy either alone or as an adjuvant therapy with DTIC.</jats:p>",https://www.researchsquare.com/article/rs-2673548/v1,1
"Thermo-enviro-economic analysis of solar photovoltaic/thermal system incorporated with u-shaped grid copper pipe, thermal electric generators and …",80,2023,"In this experimental investigation, a thermo-enviro-economic analysis is presented for a hybrid photovoltaic (PVT)/thermoelectric generator (TEGs) system. A comparative investigation …",https://www.sciencedirect.com/science/article/pii/S2352152X23000087,,0,"fourth generation, thermal grid",10.1016/j.est.2023.106611,Seepana Praveenkumar; Ephraim Bonah Agyekum; Abhinav Kumar; Vladimir Ivanovich Velkin,2023-4,,https://api.elsevier.com/content/article/PII:S2352152X23000087?httpAccept=text/xml,63
Network basis for the heat-adapted structural thermostability of bacterial class II fructose bisphosphate aldolase,13,2023,"… For other evolved variants 3-4C10, 4-4C10, and 4-43D6 during the third and fourth generations, the calculated start common T m of Grid 9-1A and Grid 9-1B was about 56 C, which was …",https://pubs.acs.org/doi/abs/10.1021/acsomega.3c00473,,0,"fourth generation, thermal grid",10.1021/acsomega.3c00473,Guangyu Wang,5/11/2023,,https://pubs.acs.org/doi/pdf/10.1021/acsomega.3c00473,16
Conceptual design of a dual drum-controlled space molten salt reactor (D2-SMSR): Neutron physics and thermal hydraulics,5,2023,"… The grid is generated by Fluent Meshing, as shown in Fig. 3. A polyhedral grid is used on the surface, and a hexahedral grid is used in the core. In the thermal calculation, the choice of …",https://www.sciencedirect.com/science/article/pii/S1738573323001201,,0,"fourth generation, thermal grid",10.1016/j.net.2023.03.011,Yongnian Song; Nailiang Zhuang; Hangbin Zhao; Chen Ji; Haoyue Deng; Xiaobin Tang,2023-6,,https://api.elsevier.com/content/article/PII:S1738573323001201?httpAccept=text/xml,5
A comparison of prediction and forecasting artificial intelligence models to estimate the future energy demand in a district heating system,72,2023,… All models within this work applied a grid search in order to calibrate their respective hyperparameters. Results of this work indicated that the prediction-based approach (with forecasted …,https://www.sciencedirect.com/science/article/pii/S0360544223000555,,0,"fourth generation, thermal grid",10.1016/j.energy.2023.126661,Jason Runge; Etienne Saloux,2023-4,,https://api.elsevier.com/content/article/PII:S0360544223000555?httpAccept=text/xml,53
Operational Experiences with a Temperature‐Variable District Heating Network for a Rural Community,3,2023,"… by RE in the electricity grids. By combining the electricity, heating, and gas grids, flexibility is … Smart Thermal Grids, or fourth-generation district heating networks (DHN), are part of the …",https://onlinelibrary.wiley.com/doi/abs/10.1002/ceat.202100114,,0,"fourth generation, thermal grid",10.1016/j.energy.2023.128386,Yannis Merlet; Roland Baviere; Nicolas Vasset,2023-11,,https://api.elsevier.com/content/article/PII:S0360544223017802?httpAccept=text/xml,12
Energy saving potential of simultaneous heating and cooling heat pump-based district heating and cooling systems for a zero-energy community,2,2023,"… COP of heat pump. As a result, it was found that the proposed heat pump integrated with district heating and … air source heat pump system and 9.5% of that compared with ground source …",https://www.jkiaebs.org/articles/xml/vZdW/,,0,"fifth generation, district heat pump",10.1016/j.energy.2022.126046,Mohamed G. Gado; Hamdy Hassan,2023-1,,https://api.elsevier.com/content/article/PII:S0360544222029322?httpAccept=text/xml,24
Emergy analysis and optimization for a solar-driven heating and cooling system integrated with air source heat pump in the ultra-low energy building,31,2023,"… In this paper, a solar-driven heating and cooling system integrated with air source heat pump is designed and applied to the ultra-low energy building. The heat and electricity from the …",https://www.sciencedirect.com/science/article/pii/S2352710222014735,,0,"ultra-low temperature, district heat pump",10.1016/j.jobe.2022.105467,Jiazheng Wang; Shuxue Xu; Guoyuan Ma; Qianqian Gou; Pu Zhao; Xiaoya Jia,2023-1,,https://api.elsevier.com/content/article/PII:S2352710222014735?httpAccept=text/xml,17
The Collaborative Optimization of the Discharge Pressure and Heat Recovery Rate in a Transcritical CO2 Heat Pump Used in Extremely Low Temperature …,2,2023,"… heat pump [2]. Song et al. also studied the optimal temperature and pressure in a CO 2 heating … the good performance of CO 2 at ultra-low temperature, which is not available in other …",https://www.mdpi.com/1996-1073/16/4/2059,,0,"ultra-low temperature, district heat pump",10.3390/en16042059,Zhongkai Wu; Feifei Bi; Jiyou Fei; Zecan Zheng; Yulong Song; Feng Cao,2/20/2023,"<jats:p>Considering the excellent environmental properties and heating capability under wide running conditions of the natural fluid CO2, the transcritical CO2 heat pump system has widely been used in the application of water heaters, commercial heating and cooling, electric vehicle thermal management, etc. Since the performance was highly affected by the discharge pressure and heat recovery rate in a transcritical CO2 system, the collaborative optimization of these two parameters was analyzed in detail in this study. The results showed that the optimal value of the system heating COP, which was the ration of heating capacity to power consumption, was better under a higher heat recovery rate and relatively lower discharge pressure, which is why these kinds of operating conditions are highly recommended from the perspective of collaborative optimization. Additionally, the heat recovery rate had a positive effect on the system performance when the discharge pressure was lower than its optimal value, while the heat recovery rate would present a passive effect on the system performance when the discharge pressure was higher than its optimal value. The relevant conclusions of this study provide a good theoretical basis for the efficient and stable operation of the transcritical CO2 heat pump technology under the conditions of a wide ambient temperature range.</jats:p>",https://www.mdpi.com/1996-1073/16/4/2059/pdf,0
Comprehensive evaluation and analysis of a nearly zero-energy building heating system using a multi-source heat pump in severe cold region,12,2023,"… This effectively improves the evaporation temperature and energy efficiency of the ASHP … the heat pump unit. Thus, it is still difficult to maintain stable heating in an ultra-low temperature …",https://link.springer.com/article/10.1007/s12273-023-0990-8,,0,"ultra-low temperature, district heat pump",10.1007/s12273-023-0990-8,Lei Zhang; Guohui Feng; Ainong Li; Kailiang Huang; Shasha Chang,6/15/2023,,https://link.springer.com/content/pdf/10.1007/s12273-023-0990-8.pdf,10
Optimal control for hydraulic balance of secondary network in district heating system under distributed architecture,18,2023,"… results of heating load of each building in the district, taking … Finally, two real engineering cases of district heating system … heating of the secondary pipe network in the district heating …",https://www.sciencedirect.com/science/article/pii/S0378778823002608,,0,"bidirectional, district heat pump",10.1016/j.enbuild.2023.113030,Anjun Zhao; Feifei Dong; Xiao Xue; Jiangtao Xi; Yuan Wei,2023-7,,https://api.elsevier.com/content/article/PII:S0378778823002608?httpAccept=text/xml,10
Mathematical modelling and model validation of the heat losses in district heating networks,34,2023,… model of the heating network is then used to calculate the heat losses in a heating network connecting an underground storage tank with a ground source heat pump. The economic …,https://www.sciencedirect.com/science/article/pii/S0360544222033461,,0,"bidirectional, district heat pump",10.1016/j.energy.2022.126460,Dariusz Jakubek; Paweł Ocłoń; Marzena Nowak-Ocłoń; Maciej Sułowicz; Petar Sabev Varbanov; Jiří Jaromír Klemeš,2023-3,,https://api.elsevier.com/content/article/PII:S0360544222033461?httpAccept=text/xml,28
A bidirectional solar thermoelectric generator combining heat storage for daytime and nighttime power generation,15,2023,"… Therefore, an experimental test rig of a bidirectional (operative in day and night both) STEG … This proposed bidirectional model aims to provide non-intermittent electricity generation for …",https://www.sciencedirect.com/science/article/pii/S1359431123000261,,0,"bidirectional, thermal grid",10.1016/j.applthermaleng.2023.119997,Francisco J. Montero; Ravita Lamba; Alfonso Ortega; Wolfram Jahn; Wei-Hsin Chen; Amador M. Guzmán,2023-4,,https://api.elsevier.com/content/article/PII:S1359431123000261?httpAccept=text/xml,8
… intelligent design and environmental consideration of a green-building system utilizing biomass and solar having a bidirectional interaction with the grid to achieve a …,11,2023,"… a bidirectional connection with the electricity grid to sell or buy energy to or from the grid … In contrast, the local electricity grid charges the coil-equipped thermal energy storage and …",https://www.sciencedirect.com/science/article/pii/S2213138823002801,,0,"bidirectional, thermal grid",10.1016/j.seta.2023.103287,Dan Wang; Sattam Fahad Almojil; Ahmed Najat Ahmed; Rishabh Chaturvedi; Abdulaziz Ibrahim Almohana,2023-6,,https://api.elsevier.com/content/article/PII:S2213138823002801?httpAccept=text/xml,3
Effect of the secondary microcontact state induced by the all-factor thermal effect on bidirectional thermal contact performance,10,2023,"… by all-factor thermal effects, and the effect of the thermal effect on bidirectional thermal contact performance under different temperatures, thermal expansion coefficients and constraints …",https://www.sciencedirect.com/science/article/pii/S0735193323000350,,0,"bidirectional, thermal grid",10.1016/j.icheatmasstransfer.2023.106646,Chen Wang; Qiyin Lin; Zongkun Pan; Jun Hong; Yicong Zhou,2023-3,,https://api.elsevier.com/content/article/PII:S0735193323000350?httpAccept=text/xml,10
Electric Vehicle Battery Charging in Grid System using Fuzzy based Bidirectional Converter,38,2023,"… Using a fuzzybased bidirectional converter in a PV grid system, this research proposes a … smart grid innovations for optimum grid interaction, construct reliable thermal management …",https://ieeexplore.ieee.org/abstract/document/10426581/,,0,"bidirectional, thermal grid",10.1109/icimia60377.2023.10426581,A. Karthikeyan; N. Suthanthira Vanitha; T. Meenakshi; R. Ramani; S. Murugan,12/21/2023,,http://xplorestaging.ieee.org/ielx7/10424966/10425793/10426581.pdf?arnumber=10426581,32
Temperature rise calculation of the high speed magnetic suspension motor based on bidirectional electromagnetic–thermal–fluid coupling analysis,3,2023,"… Figure 2 shows the 2D grid of electromagnetic field analysis, and Figure 3 shows the grid division of the solution domain of the internal flow field of the magnetic suspension amorphous …",https://www.mdpi.com/2075-1702/11/3/364,,0,"bidirectional, thermal grid",10.3390/machines11030364,Xiaolu Hu; Guibing Shi; Yifan Lai; Juntao Yu; Li Wang; Yumei Song,3/7/2023,"<jats:p>In order to accurately analyze the temperature distribution of a high-speed magnetic suspension amorphous motor, a multi-physical coupling method, including flow field, electromagnetic field and temperature field, is proposed. The electromagnetic loss obtained by electromagnetic analysis is directly mapped to the temperature field and input to the boundary conditions of the flow field for several coupled iterations. This paper compares the thermal analysis results of two different temperature rise calculation methods, analyzes the temperature distribution of magnetic suspension amorphous motor under different working conditions, and discusses the simulation results and the measured results. The error between the multi-field coupling simulation results and the experimental results is less than 10 °C, and the error of the traditional temperature rise analysis method is 30 °C, which verifies the superiority of the proposed coupling analysis method in improving the calculation accuracy of motor temperature rise, and has important significance for the accurate prediction of motor temperature rise in the design stage.</jats:p>",https://www.mdpi.com/2075-1702/11/3/364/pdf,2
A comprehensive review and performance evaluation of bidirectional charger topologies for V2G/G2V operations in EV applications,56,2023,"… for bidirectional power flow between the EV battery and ac grid. It can be realized with the help of bidirectional power … For cooling the bidirectional converter and battery pack, thermal …",https://ieeexplore.ieee.org/abstract/document/10164193/,,0,"bidirectional, thermal grid",10.1109/itec-india59098.2023.10471489,Shailu Sachan; Rajat Kumar Keshari; Pankaj Swarnkar,12/12/2023,,http://xplorestaging.ieee.org/ielx7/10471369/10471370/10471489.pdf?arnumber=10471489,0
Performance assessment of a grid-connected two-stage bidirectional converter for a combined pv–battery energy storage system,3,2023,… studied the full-bridge bidirectional DC/DC converter for … The aforementioned references have thoroughly studied the grid … on analyzing the electro-thermal performance of the system …,https://www.mdpi.com/1996-1073/16/11/4486,,0,"bidirectional, thermal grid",10.3390/en16114486,Md. Mahamudul Hasan; Shahid Jaman; Thomas Geury; Omar Hegazy,6/1/2023,"<jats:p>This paper presents a comprehensive performance assessment of a two-stage power electronic (PE) converter for interfacing the grid of a lithium-ion battery energy storage system (Li-BESS) for building-integrated PV (BIPV) applications. A performance assessment of the control system was conducted for the two-stage PE interface with a common DC-link, which consisted of a bi-directional boost converter with a cascaded PI controller and an AC/DC converter with proportional-integral (PI) and proportional-resonant (PR) controllers. The assessment covered loss analysis and useful lifetime estimation for the 10 kW PE interface with a wide-bandgap SiC power MOSFET at different loads for both the charging and discharging modes of a 50 kWh lithium-ion battery system. Additionally, a performance comparison of various switching frequencies was performed. It was observed that the system was stable up to a switching frequency of 30 kHz, and that increasing the switching frequency improved the responsiveness of the converter by decreasing the settling time; however, there were diminishing returns at higher switching frequencies. To obtain a proper balance between responsiveness and lower loss, a switching frequency of 10 kHz was selected.</jats:p>",https://www.mdpi.com/1996-1073/16/11/4486/pdf,3
Simulation of Bidirectional Coupling Effect of the Thermal Conductivity and Density of Electromagnetic Levitated Silicon Droplets on the Flow and Thermal Fields,2,2023,"… field and thermal field. In this paper, the effect of bidirectional coupling of the thermal conductivity … Then the moving grid calculation and grid generation are completed, and finally, the …",https://link.springer.com/article/10.1007/s11663-022-02694-0,,0,"bidirectional, thermal grid",10.1016/j.csite.2023.103648,Maolei Chen; Sitong Xiang; Jianguo Yang,2023-11,,https://api.elsevier.com/content/article/PII:S2214157X23009541?httpAccept=text/xml,6
A Generic Model for Benchmark Aerodynamic Analysis of Fifth-Generation High-Performance Aircraft,4,2023,"… unstructured grids was generated in Pointwise ® 2022.1.2, as shown in Figure 6. Each grid is … The resulting grids are hexahedral-dominant and employ Cartesian-aligned voxel cells …",https://www.mdpi.com/2226-4310/10/9/746,,0,"fifth generation, thermal grid",10.3390/aerospace10090746,Nicholas F. Giannelis; Tamas Bykerk; Gareth A. Vio,8/23/2023,"<jats:p>This paper introduces a generic model for the study of aerodynamic behaviour relevant to fifth-generation high-performance aircraft. The model design is presented, outlining simplifications made to retain the key features of modern high-performance vehicles while ensuring a manufacturable geometry. Subsonic wind tunnel tests were performed with force and moment balance measurements used to develop a database of experimental validation data for the platform at a freestream velocity of 20 m/s. Numerical simulations are also presented and validated by the experiments and further employed to ensure the vortex behaviour is consistent with contemporary high-performance platforms. A sensitivity study of the computational predictions from the turbulence modelling approach is also presented. This geometry is the first in a suite of representative aircraft geometries (the Sydney Standard Aerodynamic Models), in which all geometries, computational models, and experimental data are made openly available to the research community (accessible via this link: https://zenodo.org/communities/ssam_gen5/) to serve as validation test cases and promote best practices in aerodynamic modelling.</jats:p>",https://www.mdpi.com/2226-4310/10/9/746/pdf,2
Design and the transient thermal control performance analysis of a novel PCM-based active-passive cooling heat sink,18,2023,"… In this present work, a novel active–passive cooling heat sink thermal management system … the thermal performance of the active antenna unit device for the fifth-generation mobile …",https://www.sciencedirect.com/science/article/pii/S1359431122014557,,0,"fifth generation, thermal grid",10.1016/j.applthermaleng.2022.119525,De-Xin Zhang; Chuan-Yong Zhu; Kui Li; Xin-Yue Duan; Liang Gong; Bin Ding; Ming-Hai Xu,2023-2,,https://api.elsevier.com/content/article/PII:S1359431122014557?httpAccept=text/xml,16
Focus: a framework for energy system optimization from prosumer to district and city scale,4,2023,"… Technologies like micro-grids and bidirectional fifth-generation district heating networks can … future district energy systems can be evaluated. In the third layer of the framework, District …",https://arxiv.org/abs/2304.07150,,0,"bi-directional, district energy",10.1016/j.egyr.2022.12.145,Seyedfarzad Sarfarazi; Shima Sasanpour; Karl-Kiên Cao,2023-12,,https://api.elsevier.com/content/article/PII:S2352484722027469?httpAccept=text/xml,10
Techno-economic analysis of hybrid renewable energy system for healthcare centre in Northwest Bangladesh,41,2023,"… of a hybrid renewable energy system for a … -district), Rangpur district, a northwest region in Bangladesh. The rooftop PV system comprises 400 Wp solar panels, a 25 kW bi-directional …",https://link.springer.com/article/10.1007/s41660-022-00294-8,,0,"bi-directional, district energy",10.20944/preprints202307.1281.v1,Hye Young Jung,7/19/2023,"<jats:p>At 100% penetration, intermittent renewable energy causes outages. To flatten the leaping supply and demand curves of renewable energy, an energy storage medium and carrier are required. The Hydrogen energy stotrage system (HydESS), which combines a proton exchange membrane (PEM)-based water electrolysis (WE) system and a fuel cell (FC), has the quickest response time, the longest duration, and the greatest storage capacity. HOMER tools for techno-economic analysis are used to evaluate the HydESS hybrid system. Kyiv, Ukraine, is appealing due to its spatial-temporal wind speed, solar irradiance, and energy security. With an LCOE of $0.245 kWh−1 and 9.3% fuel cell power output, the most feasible solution is onshore wind turbine-coupled PEMFC HydESS. As a result 1,000-kW wind power, 250-kW PEMFC, 250-kW PEMWE, and 441-kW BESS are optimized to serve a 3,900 kWh day academic residence load. When compared to a diesel generator and a BESS, the hybrid HydESS reduces CO2 emissions by 4,132 tons over a 25-year period. The LCOE of a hybrid HydESS system is determined by the SOFC lifetime rather than the PEMFC&amp;#039;s 2% difference between 40,000 and 50,000 h with the same rated power. This study recommends accelerating PEMFC development with fluctuation-endurable materials and design.</jats:p>",,0
CNN-LSTM vs. LSTM-CNN to predict power flow direction: A case study of the high-voltage subnet of northeast Germany,65,2023,… energy sources together with energy storage in the power grid can lead to fluctuating energy consumption when there is a bi-directional … an approach to predict bi-directional power flow …,https://www.mdpi.com/1424-8220/23/2/901,,0,"bi-directional, district energy",10.3390/s23020901,Fachrizal Aksan; Yang Li; Vishnu Suresh; Przemysław Janik,1/12/2023,"<jats:p>The massive installation of renewable energy sources together with energy storage in the power grid can lead to fluctuating energy consumption when there is a bi-directional power flow due to the surplus of electricity generation. To ensure the security and reliability of the power grid, high-quality bi-directional power flow prediction is required. However, predicting bi-directional power flow remains a challenge due to the ever-changing characteristics of power flow and the influence of weather on renewable power generation. To overcome these challenges, we present two of the most popular hybrid deep learning (HDL) models based on a combination of a convolutional neural network (CNN) and long-term memory (LSTM) to predict the power flow in the investigated network cluster. In our approach, the models CNN-LSTM and LSTM-CNN were trained with two different datasets in terms of size and included parameters. The aim was to see whether the size of the dataset and the additional weather data can affect the performance of the proposed model to predict power flow. The result shows that both proposed models can achieve a small error under certain conditions. While the size and parameters of the dataset can affect the training time and accuracy of the HDL model.</jats:p>",https://www.mdpi.com/1424-8220/23/2/901/pdf,51
Data-informed building energy management (DiBEM) towards ultra-low energy buildings,20,2023,"… To support building operations in reaching ultra-low energy targets, this paper proposes a data-informed building energy management (DiBEM) framework to improve energy efficiency …",https://www.sciencedirect.com/science/article/pii/S037877882200932X,,0,"ultra-low temperature, district heating and cooling",10.1016/j.enbuild.2022.112761,Jung Min Han; Sunghwan Lim; Ali Malkawi; Xu Han; Elence Xinzhu Chen; Shide Salimi; Tor Helge Dokka; Tine Hegli; Kristian Edwards,2023-2,,https://api.elsevier.com/content/article/PII:S037877882200932X?httpAccept=text/xml,11
Relationships between thermal environment and air pollution of Seoul's 25 districts using vector autoregressive Granger causality,2,2023,"… First, in terms of the thermal environment, our analysis has revealed a bidirectional Granger causality between daily average temperature and UHII in most cases. The IRFs showed that, …",https://www.mdpi.com/2071-1050/15/23/16140,,0,"bidirectional, district thermal",10.3390/su152316140,Jeemin Youn; Hyungkyoo Kim; Jaekyung Lee,11/21/2023,"<jats:p>Rising temperatures and heightened air pollution are widespread across many parts of the world today. Despite some initial attempts for analysis, the intricate interconnection between the two still requires further investigation. This study focuses on Seoul, South Korea, by adopting vector-autoregressive-based Granger causality tests to unravel the nuances of these relationships at the district level. While bidirectional Granger causality links between temperature and urban heat island intensity, as well as between PM10 concentration and urban pollution island intensity, are found in many cases, our findings reveal diverse causal relationships that are evident in the districts. These findings underscore the necessity for evidence-based strategies to guide planners and policymakers in addressing the challenges of rising temperatures and air pollution in urban areas.</jats:p>",https://www.mdpi.com/2071-1050/15/23/16140/pdf,1
Multi-parameter optimization design method for energy system in low-carbon park with integrated hybrid energy storage,18,2023,"… Through fieldwork on 40 established low-carbon parks in China consisting of ultra-low /nearly zero energy building units by the author’s team [32], the results show that most low-carbon …",https://www.sciencedirect.com/science/article/pii/S0196890423006118,,0,"ultra-low temperature, district energy",10.1016/j.enconman.2023.117265,Di Wu; Shaofeng Han; Liming Wang; Guiqiang Li; Jiacheng Guo,2023-9,,https://api.elsevier.com/content/article/PII:S0196890423006118?httpAccept=text/xml,14
Valorisation of waste heat in existing and future district heating systems,6,2023,"… During the last decades, research has focused on the utilisation of ultra-low heat sources because innovative integration strategies and operational changes in existing …",https://www.mdpi.com/1996-1073/16/19/6796,,0,"ultra-low temperature, district energy",10.3390/en16196796,Ieva Pakere; Dagnija Blumberga; Anna Volkova; Kertu Lepiksaar; Agate Zirne,9/25/2023,"<jats:p>To recover thermal energy from different sources, its quality and possibilities for utilisation are essential. The wide range of engineering solutions includes a direct connection to the district heating (DH) system and the integration of low-quality heat using heat pumps to increase the temperature level of recoverable heat. Therefore, this article compares waste heat valorisation strategies for integration into existing DH networks, low-temperature DH, and ultra-low heat supply systems using the multi-criteria assessment method. In addition, a local scale assessment was performed to identify the waste heat role in existing RES-based DH systems. The results show that the highest waste heat valorisation rate could be reached when integrated into low-temperature DH systems due to high waste heat potential and suitable temperature conditions. However, a local scale assessment shows a significant impact on the already implemented solar technologies, as waste heat could cover around 70% of the summer heat load.</jats:p>",https://www.mdpi.com/1996-1073/16/19/6796/pdf,6
… -Temperature-Ready Renovation: An Approach to Identify the Extent of Renovation Interventions for Lower-Temperature District Heating in Existing Dutch …,9,2023,"… Dutch dwellings aiming to transition to lower-temperature district heating (DH) systems. The … In this study, the temperature levels “Medium”, “Low”, and “Very/Ultra Low” are collectively …",https://www.mdpi.com/2075-5309/13/10/2524,,0,"ultra-low temperature, district energy",10.3390/buildings13102524,Prateek Wahi; Thaleia Konstantinou; Martin J. Tenpierik; Henk Visscher,10/5/2023,"<jats:p>This study presents an approach to determine the extent of renovation interventions required for existing Dutch dwellings aiming to transition to lower-temperature district heating (DH) systems. The proposed method is applied to a typical intermediate terraced house built before 1945 in the Netherlands, and it consists of two steps: first, assessing the potential of a dwelling to be heated with a lower temperature supply from DH systems and subsequently developing and evaluating alternative renovation solutions if necessary. This study defines a set of criteria for evaluating the readiness of a dwelling for lower-temperature heating (LTH), considering energy efficiency and thermal comfort as non-compensatory criteria. The application of the approach reveals that the case study dwelling is presently unsuitable for a medium-temperature (70/50 °C) and low-temperature (55/35 °C) supply compared to a high-temperature supply (90/70 °C), thus requiring energy renovations. Furthermore, this study indicates that moderate intervention levels are required for the dwelling to be lower-temperature-ready in both supply temperature goals. These interventions include strategies and measures that upgrade the building envelope to the minimum insulation levels stipulated by the Dutch Building Decree, improve airtightness, and replace existing radiators with low-temperature radiators. By systematically narrowing down renovation options, this approach aids in simplifying the decision-making process for selecting renovations for heating dwellings with LTH through DH systems, which could reduce stakeholders’ decision paralysis.</jats:p>",https://www.mdpi.com/2075-5309/13/10/2524/pdf,6
Experimental study on optimal heating cycle characteristics of CO2 secondary throttling heat pump system for electric vehicles,14,2023,"… the heat transfer area on the high-pressure side, the heating … is a common structural feature in heat pump air-conditioning … more reliable bi-directional shut-off valve and a bi-directional …",https://www.sciencedirect.com/science/article/pii/S019689042300972X,,0,"bi-directional, district heat pump",10.1016/j.enconman.2023.117626,Fengxian Wang; Weidong Wu; Yichen Huang; Hua Zhang; Qiangyuan Yu,2023-11,,https://api.elsevier.com/content/article/PII:S019689042300972X?httpAccept=text/xml,13
The analysis of cavitation flow and pressure pulsation of bi-directional pump,11,2023,"… [17] studied the cavitation phenomenon inside the pump-turbine, adopted the entropy … region, and found the hysteresis characteristics of the flow loss in the hump region of the pump …",https://www.mdpi.com/2077-1312/11/2/268,,0,"bi-directional, district heat pump",10.3390/jmse11020268,Haiyu Liu; Fangping Tang; Lijian Shi; Liang Dai; Jie Shen; Jian Liu,1/24/2023,"<jats:p>A bi-directional pump is designed by using S-shaped hydrofoil, is the most convenient way to achieve bi-directional operation. In this paper, high-speed photography is used to visualize the flow field characteristics of the bidirectional pump under different cavitation numbers, and the flow field changes caused by cavitation are quantitatively analyzed in combination with the pressure pulsation sensor. The results show that the operation efficiency of the bidirectional pump in reverse operation is lower than that in forward operation. Tip clearance cavitation occurs on both suction and pressure surfaces of the impeller under reverse operation and large flow. In reverse operation, the influence of guide vane on the main frequency of pressure pulsation in the impeller is obvious. The quasi-periodic vertical cavitation flow phenomenon increases the amplitude of pressure pulsation in the impeller and becomes the main component of the internal flow in the bidirectional axial flow pump.</jats:p>",https://www.mdpi.com/2077-1312/11/2/268/pdf,11
Power-to-heat plants in district heating and electricity distribution systems: A techno-economic analysis,27,2023,… to-Heat energy conversion process carried out by heat pumps connected to a district heating network used to provide heat to the heating … designed to manage bi-directional power flows. …,https://www.sciencedirect.com/science/article/pii/S0196890422013218,,0,"bi-directional, district heat pump",10.1016/j.enconman.2022.116543,Gabriele Fambri; Andrea Mazza; Elisa Guelpa; Vittorio Verda; Marco Badami,2023-1,,https://api.elsevier.com/content/article/PII:S0196890422013218?httpAccept=text/xml,17
Development and validation of a dynamic modeling framework for air-source heat pumps under cycling of frosting and reverse-cycle defrosting,28,2023,"… Standard Library, which can describe the bi-directional flow in a numerically reliable way … area is characterized by a fin efficiency A a , i = ( A t + η f i n A f i n ) i . It is assumed that the …",https://www.sciencedirect.com/science/article/pii/S0360544223004243,,0,"bi-directional, district heat pump",10.1016/j.energy.2023.127030,Jiacheng Ma; Donghun Kim; James E. Braun; W. Travis Horton,2023-6,,https://api.elsevier.com/content/article/PII:S0360544223004243?httpAccept=text/xml,20
Positive and Negative Performance Analysis of the Bi-Directional Full-Flow Pump with an “S” Shaped Airfoil,4,2023,"In this study, model tests and numerical simulations are conducted to study the bi-directional full-flow pump (BFFP). Firstly, the head, efficiency and shaft power of the BFFP are …",https://www.mdpi.com/2077-1312/11/6/1188,,0,"bi-directional, district heat pump",10.3390/jmse11061188,Haifeng Jiao; Mengcheng Wang; Haiyu Liu; Songshan Chen,6/7/2023,"<jats:p>In this study, model tests and numerical simulations are conducted to study the bi-directional full-flow pump (BFFP). Firstly, the head, efficiency and shaft power of the BFFP are significantly higher in the positive operating condition than in the negative operating condition. When the unit operates in the positive direction, the clearance reflux flow rate, the flow uniformity and velocity-weighted average angle of the impeller inlet, and the intensity of pressure pulsation are significantly greater than those during the negative operation. When the pump unit is operating at low flow rates, the clearance reflux produces a significant disturbance to the impeller inlet main flow. Two vortices appear in the near-wall area of the clearance outlet (i.e., impeller inlet), and the range of vortices is larger in the positive operation than in the negative operation. Secondly, at low-flow and design-flow conditions, the total entropy production of the pump unit in the positive direction is greater than that in the negative direction. When at small- and design-flow rates, the amplitude of pressure pulsation in the positive direction is smaller than that in the negative direction. This study will contribute to the research and development of a full-flow pump.</jats:p>",https://www.mdpi.com/2077-1312/11/6/1188/pdf,3
Occupant heating patterns of low-temperature air-to-air heat pumps in rural areas during different heating periods,7,2023,… the low-temperature air-to-air heat pump (AAHP) is one of the ASHP that has been widely promoted and the low-temperature air-to-air heat pump … buildings’ actual heating demands are …,https://www.mdpi.com/2075-5309/13/3/679?utm_source=releaseissue&utm_medium=email&utm_campaign=releaseissue_buildings&utm_term=titlelink161&recipient=salnapitt.3@gmail.com&subject=Buildings%2C%20Volume%2013%2C%20Issue%203%20%28March%202023%29%20Table%20of%20Contents&campaign=ReleaseIssue,,0,"low-temperature, district heat pump",10.3390/buildings13030679,Xiaoyi Chen; Ziqiao Li; Longkang Dai; Wenmao Zeng; Meng Liu,3/3/2023,"<jats:p>Understanding the actual heating patterns of air-to-air heat pumps (AAHP) in rural areas is crucial for energy planning and clean-heating policy optimization. To explore the influence of outdoor climate change on occupants’ heating patterns when using AAHPs in rural areas, the heating season was classified into three periods: the early heating period (EH), the mid heating period (MH), and the late heating period (LH). The investigation was conducted in rural areas of northern China, and indoor environmental parameters were measured from December 2021 to March 2022. Occupants completed household questionnaires about their heating habits before heating and phone interviews at the end of heating. This paper proposes clustering analysis to identify the AAHP heating pattern in rural areas. The results revealed four typical heating patterns of AAHP utilization. Occupant heating behaviors were dominated by the outdoor temperature fluctuation. In particular, during the mid heating period, the heating operation time periods and the heating duration were longer than that of other heating periods. Moreover, the heating patterns in living rooms were different from that in bedrooms. Room occupancy had an impact on household heating demands. These results could provide guidance for energy planning and the development of clean heating policy in the rural area.</jats:p>",https://www.mdpi.com/2075-5309/13/3/679/pdf,6
A state-of-the-art analysis and perspectives on the 4th/5th generation district heating and cooling systems,11,2024,… Energy Reviews A state-of-the-art analysis and perspectives on the 4 th /5 th generation district … The most recent advancement in this field is the fifth-generation district heating and …,https://www.sciencedirect.com/science/article/pii/S1364032124004556,,0,"5th generation, district energy",10.1016/j.rser.2024.114729,Shuai Yao; Jianzhong Wu; Meysam Qadrdan,2024-9,,https://api.elsevier.com/content/article/PII:S1364032124004556?httpAccept=text/xml,8
Thermoeconomic analysis of a novel topology of a 5th generation district energy network for a commercial user,6,2024,"… for thermal energy storage (TES) [43], to balance energy … on the energy performance of a 5th generation district heating … impacts the overall network energy demand, whereas the …",https://www.sciencedirect.com/science/article/pii/S0306261924011012,,0,"5th generation, district energy",10.1016/j.apenergy.2024.123718,Francesco Calise; Francesco Liberato Cappiello; Luca Cimmino; Maria Vicidomini; Fontina Petrakopoulou,2024-10,,https://api.elsevier.com/content/article/PII:S0306261924011012?httpAccept=text/xml,5
Community-based transactive energy market concept for 5th generation district heating and cooling through distributed optimization,3,2024,"… , and local and global constraints of 5th generation district heating and cooling systems under study. … Schematic representation of the test case district energy system studied in this work. …",https://www.sciencedirect.com/science/article/pii/S0306261924010493,,0,"5th generation, district energy",10.1016/j.apenergy.2024.123666,Qiwei Qin; Louis Gosselin,2024-10,,https://api.elsevier.com/content/article/PII:S0306261924010493?httpAccept=text/xml,1
Fifth-generation district heating and cooling: Opportunities and implementation challenges in a mild climate,19,2024,"… Fifth-generation district heating and cooling (5GDHC) systems have the potential to provide simultaneous heating and cooling, allowing for energy exchange between users with …",https://www.sciencedirect.com/science/article/pii/S0360544223029195,,0,"5th generation, district energy",10.1016/j.energy.2023.129525,Kristian Gjoka; Behzad Rismanchi; Robert H. Crawford,2024-1,,https://api.elsevier.com/content/article/PII:S0360544223029195?httpAccept=text/xml,13
Temperature control strategies for fifth generation district heating and cooling systems: A review and case study,7,2024,"… related to the fourth and fifth generation of district energy systems, while conventional district energy systems (first to the third generation of district energy systems) were not considered. …",https://www.sciencedirect.com/science/article/pii/S0306261924015393,,0,"5th generation, district energy",10.1016/j.apenergy.2024.124156,Yuhang Zhang; Mingzhe Liu; Zheng O'Neill; Jin Wen,2024-12,,https://api.elsevier.com/content/article/PII:S0306261924015393?httpAccept=text/xml,4
The First Fifth-Generation District Heating and Cooling System in Kazakhstan: Planning and Design.,1,2024,"… Energy 2021, 230, 120836. [CrossRef] 8. Millar, MA; Yu, Z.; Burnside, N.; Jones, G.; Elrick, B… load profiles for 5th generation district energy networks. Appl. Energy 2021, 291, 116672. […",https://search.ebscohost.com/login.aspx?direct=true&profile=ehost&scope=site&authtype=crawler&jrnl=19961073&AN=181657006&h=oWIN56iQCRxtGZQtT7V7LFYYy2ITJLG4AYRBxz7KZKUR0DLLeAfMO1yoGsrXfyBMHHNf0VyVHuJK6xm3DFaCVQ%3D%3D&crl=c,,0,"5th generation, district energy",10.3390/en17236169,Stanislav Chicherin; Yana Zhuikova; Tatyana Pyanykh; Andrey Zhuikov; Galym Baidyussenov; Saule Abildinova,12/6/2024,"<jats:p>This paper focuses on the potential for integrating Geographic Information System (GIS) software into Fifth-Generation District Heating and Cooling (5GDHC) systems to promote efficient and sustainable energy management, particularly in Kazakhstan. By reviewing the key literature, we identify three main areas where GIS software enhances the planning of 5GDHC systems: decision-making in the context of energy market regulations, operational data utilization, and modeling/simulations for technical design. The technical design emphasizes the role of heat pumps, ultra-low temperature district heating (ULTDH) networks, and end-user buildings. Previous research has explored various methodologies for integrating network and demand-side strategies, developing sustainable district heating and cooling (DHC) systems, and mapping urban areas suitable for DHC deployment. However, none has presented an open-source model incorporating GIS-based decision-making in designing 5GDHC systems. This study, for the first time, addresses this gap through a case study conducted in the Northern Industrial Zone of Karaganda, Kazakhstan, demonstrating how GIS-enhanced modeling can be effectively applied in a developing, industry-driven economy. We outline the mathematical framework for comparing existing simulation tools and developing a custom model suited to the region’s needs. Additionally, we discuss validation and calibration methods, which remain underexplored in the current literature. The proposed model incorporates waste heat recovery from local sources, including nearby wastewater treatment plants, showcasing a sustainable energy solution for the industrial park. The results indicate that a well-structured 5GDHC system, supported by GIS tools, can markedly enhance energy efficiency and sustainability, presenting a scalable and adaptable approach for other regions in Kazakhstan and beyond.</jats:p>",https://www.mdpi.com/1996-1073/17/23/6169/pdf,1
Decarbonized district energy systems: Past review and future projections,3,2024,"… district heating and cooling system. As designs have become more variable and bidirectional heat flow occurs, we feel the term district energy … and cooling, traditional district heating and …",https://www.sciencedirect.com/science/article/pii/S2590174524002046,,0,"5th generation, district energy",10.1016/j.ecmx.2024.100726,Juliet G. Simpson; Nicholas Long; Guangdong Zhu,2024-10,,https://api.elsevier.com/content/article/PII:S2590174524002046?httpAccept=text/xml,1
Development and experimental validation of a hydraulic design and control philosophies for 5th generation district heating and cooling networks,2,2024,Sector coupling and energy sharing are key elements in effectively decarbonising the thermal grid. 5th Generation District Heating and Cooling (5GDHC) provides a system for …,https://www.sciencedirect.com/science/article/pii/S0360544224026094,,0,"5th generation, district energy",10.1016/j.energy.2024.132835,Orestis Angelidis; Daniel Zinsmeister; Anastasia Ioannou; Daniel Friedrich; Alan Thomson; Ulrich Ganslmeier; Gioia Falcone,2024-11,,https://api.elsevier.com/content/article/PII:S0360544224026094?httpAccept=text/xml,0
Theoretical cost and energy optimisation of a 4th generation net-zero district heating system with different thermal energy storage technologies.,8,2024,"… thermal energy storage (TES) systems used to address mismatch between heat generation … dwelling, and the calculated DH system energy efficiency was assessed. The minimum cost …",https://www.sciencedirect.com/science/article/pii/S2210670723006741,,0,"5th generation, district energy",10.1016/j.scs.2023.105064,M.A. Pans; G. Claudio; P.C. Eames,2024-1,,https://api.elsevier.com/content/article/PII:S2210670723006741?httpAccept=text/xml,6
A comparative life cycle assessment of fifth-generation district heating and cooling systems,3,2024,"… generation district heating and cooling (5GDHC) systems present a promising option, integrating renewable energy and enabling energy … planning stages of energy systems, positioning …",https://www.sciencedirect.com/science/article/pii/S0378778824008922,,0,"5th generation, district energy",10.1016/j.enbuild.2024.114776,Kristian Gjoka; Robert H. Crawford; Behzad Rismanchi,2024-11,,https://api.elsevier.com/content/article/PII:S0378778824008922?httpAccept=text/xml,2
A novel methodology and a tool for supporting the transition of districts and communities in Positive Energy Districts,6,2024,"… energy transition of cities. Hence, this paper aims at introducing a novel methodology useful for district energy … of the targets of Positive Energy Districts at the district or community level. …",https://www.sciencedirect.com/science/article/pii/S0378778824005516,,0,"5th generation, district energy",10.1016/j.enbuild.2024.114435,E. Marrasso; C. Martone; G. Pallotta; C. Roselli; M. Sasso,2024-9,,https://api.elsevier.com/content/article/PII:S0378778824005516?httpAccept=text/xml,4
Optimizing renewable energy integration in new districts: Power-to-X strategies for improved efficiency and sustainability,9,2024,"… generation, consumption, and/or management of energy resources. Energy communities aim to promote local energy … integrating renewable sources into the district's energy framework. …",https://www.sciencedirect.com/science/article/pii/S0360544224020863,,0,"5th generation, district energy",10.1016/j.energy.2024.132312,V. Battaglia; L. Vanoli,2024-10,,https://api.elsevier.com/content/article/PII:S0360544224020863?httpAccept=text/xml,7
Ten questions on tools and methods for positive energy districts,24,2024,"… into district energy analysis tools [29]. Further, researchers proved the reliability of simplified metrics based on solar radiation and shading, building form, and urban density to predict …",https://www.sciencedirect.com/science/article/pii/S0360132324002713,,0,"5th generation, district energy",10.1016/j.buildenv.2024.111429,Jonathan Natanian; Francesco Guarino; Naga Manapragada; Abel Magyari; Emanuele Naboni; Francesco De Luca; Salvatore Cellura; Alberto Brunetti; Andras Reith,2024-5,,https://api.elsevier.com/content/article/PII:S0360132324002713?httpAccept=text/xml,14
District energy models: A comparative assessment of features and criteria for tools selection,4,2024,"… -zero energy buildings/districts encourages the development of advanced modelling tools to better design and manage district energy … and formats, energy demand representations of …",https://www.sciencedirect.com/science/article/pii/S0378778824004079,,0,"5th generation, district energy",10.1016/j.enbuild.2024.114291,Yingqing Xu; Jaqueline Litardo; Claudio Del Pero; Fabrizio Leonforte; Paola Caputo,2024-7,,https://api.elsevier.com/content/article/PII:S0378778824004079?httpAccept=text/xml,3
Environmental and economic assessment of industrial excess heat recovery collaborations through 4th generation district heating systems,4,2024,"… heat from industrial processes is an important factor in the energy transition and 4th generation district heating is an … the sizing of district heating pipe diameters, pumps, heat pumps, and …",https://www.sciencedirect.com/science/article/pii/S0360544224024046,,0,"fourth generation, district heat pump",10.1016/j.energy.2024.132630,D. Chinese; A. Meneghetti; G. Cortella; L. Giordano; E. Tomasinsig; M. Benedetti,2024-10,,https://api.elsevier.com/content/article/PII:S0360544224024046?httpAccept=text/xml,2
Aftercooling concept: An innovative substation ready for 4th generation district heating networks,3,2024,… a heat pump coupled to a hot water storage tank installed on the primary side and a booster heat pump for … [39] tested a booster heat pump to cover the circulation heat losses in a DHW …,https://www.sciencedirect.com/science/article/pii/S036054422400522X,,0,"fourth generation, district heat pump",10.1016/j.energy.2024.130750,Jan Eric Thorsen; Oddgeir Gudmundsson; Michele Tunzi; Torben Esbensen,2024-4,,https://api.elsevier.com/content/article/PII:S036054422400522X?httpAccept=text/xml,2
"Solar district heating system with large heat storage: Energy, exergy, economic and environmental (4E) analysis",15,2024,… of heat pumps is an indispensable strategy for transitioning heating systems to 4th generation district heating (… for heat pumps integrated into solar-assisted district heating systems [21]. …,https://www.sciencedirect.com/science/article/pii/S0196890424006502,,0,"fourth generation, district heat pump",10.1016/j.enconman.2024.118709,Meng Gao; Simon Furbo; Yutong Xiang; Jianhua Fan; Dengjia Wang; Zhiyong Tian,2024-8,,https://api.elsevier.com/content/article/PII:S0196890424006502?httpAccept=text/xml,12
Heat pumps to upgrade existing CHP-DHN systems towards new generation thermal networks,1,2024,"… In many cases, however, especially for district heating networks prior to the 4th generation, … high temperature heat pumps in an existing combined heat and power - district heating plant …",https://www.sciencedirect.com/science/article/pii/S2352484724004219,,0,"fourth generation, district heat pump",10.1016/j.egyr.2024.06.063,A. Mugnini; G. Comodi; A. Arteconi,2024-12,,https://api.elsevier.com/content/article/PII:S2352484724004219?httpAccept=text/xml,1
Enhancing third-generation district heating networks with data centre waste heat recovery: analysis of a case study in Italy,4,2024,"In this study, the integration of waste heat from a Data Centre (DC) into a Third-Generation District Heating Network (DHN) is evaluated, showing the improvement in the environmental …",https://www.sciencedirect.com/science/article/pii/S0360544224037915,,0,"fourth generation, district heat pump",10.1016/j.energy.2024.134013,Luca Socci; Andrea Rocchetti; Antonio Verzino; Andrea Zini; Lorenzo Talluri,2024-12,,https://api.elsevier.com/content/article/PII:S0360544224037915?httpAccept=text/xml,5
Small demonstrator of a thermoelectric heat-pump booster for an ultra-low-temperature district-heating substation,3,2024,… in district heating is reducing the supply and return temperatures. Fourth-generation district-heating … 4th Generation District heating (4GDH) integrating smart thermal grids into future …,https://www.sciencedirect.com/science/article/pii/S0306261924002824,,0,"fourth generation, district heat pump",10.1016/j.apenergy.2024.122899,Urban Tomc; Simon Nosan; Boris Vidrih; Simon Bogić; Kristina Navickaite; Katja Vozel; Miha Bobič; Andrej Kitanovski,2024-5,,https://api.elsevier.com/content/article/PII:S0306261924002824?httpAccept=text/xml,0
"District multi-energy systems: A comprehensive review of configurations, technologies, and performances",9,2024,… The term “distributed” emphasizes the idea of energy being generated and … of energy systems and facilitating district energy systems by coordinating more than one renewable energy …,https://www.sciencedirect.com/science/article/pii/S0360132324001604,,0,"4th generation, district energy",10.1016/j.buildenv.2024.111318,Yingqing Xu; Fabrizio Leonforte; Claudio Del Pero,2024-4,,https://api.elsevier.com/content/article/PII:S0360132324001604?httpAccept=text/xml,8
Methodology for fifth generation district heating and cooling network simulation,1,2024,"… between energy carriers, the concept of 5th generation district heating and cooling (5GDHC) … Equation 5 remains valid for k = 1 by setting R0 = Ri. Finally, we consider the thermal …",https://www.tib-op.org/ojs/index.php/isec/article/view/1123,,0,"5th generation, district thermal",10.52825/isec.v1i.1123,Charlie Prétot; Nicolas Lamaison,4/9/2024,"<jats:p>5th generation district heating and cooling networks (5GDHC) will play a rolein the reduction of CO2 emissions and the resilience to global warming. Our analysis of the literature points out that no simulation study proposes a comprehensive enough description of such networks. The simulation solution presented in this article considers the intertwined influences between the thermal-hydraulic balance in the network, the behavior of the decentralized heat pumps and chillers at substations, and the thermal coupling with the ground. For a given simulation scenario, the 3 developed models are iteratively solved until convergence is reached. After showing how the latter is handled,we exhibit an original result about the influence of the differential pressure between the hot and cold pipes.</jats:p>",https://www.tib-op.org/ojs/index.php/isec/article/download/1123/1040,0
Optimal environmental and economic performance trade-offs for fifth generation district heating and cooling network topologies with waste heat recovery,6,2024,… Earlier generations of district thermal energy systems often … The ability of connected loads to offset each other’s thermal … than earlier generations of district thermal energy systems. A …,https://www.sciencedirect.com/science/article/pii/S0196890424002632,,0,"5th generation, district thermal",10.1016/j.enconman.2024.118322,Michael D. Murphy; Amy Allen; Gregor P. Henze; Nicholas L. Long,2024-6,,https://api.elsevier.com/content/article/PII:S0196890424002632?httpAccept=text/xml,4
Photovoltaic Thermal System Design Including Aquifer Thermal Energy Storage in a Fifth Generation District Heating Network in Hilversum,1,2024,… thermal (PVT) system integrated with aquifer thermal energy storage (ATES) within a fifth-generation district heating network (5GDHN) for a case study in the Werfgebied district in …,https://repository.tudelft.nl/file/File_3cb384e5-461b-42cf-9663-07581f7da8df?preview=1,,0,"fifth generation, district thermal",10.2139/ssrn.5039088,Ties Beijneveld; Joel Alpízar-Castillo; Laura Ramírez-Elizondo,2024,,,0
"Geospatial characterization of low-temperature heating and cooling demand in residential, commercial, manufacturing, agricultural, and data center sectors …",3,2024,"… Thermal demand for heating and cooling has been … extensively available including geothermal, solar thermal, and waste heat. … category in the manufacturing thermal demand analysis, …",https://www.sciencedirect.com/science/article/pii/S1364032124006014,,0,"fourth generation, district thermal",10.1016/j.rser.2024.114875,H. Oh; K.F. Beckers; K. McCabe,2024-12,,https://api.elsevier.com/content/article/PII:S1364032124006014?httpAccept=text/xml,3
Enhancing ultra low temperature district heating systems with neighborhood-scale heat pump and triple-pipe distribution: A techno-economic analysis,5,2024,… heat sources for heating systems. A significant challenge in ULTDH systems is the economic inefficiency associated with use of booster Heat Pump (… system incorporating neighborhood-…,https://www.sciencedirect.com/science/article/pii/S2352710224018849,,0,"5th generation, district heat pump",10.1016/j.jobe.2024.110316,Halil Ibrahim Topal; Ahmad Arabkoohsar,2024-10,,https://api.elsevier.com/content/article/PII:S2352710224018849?httpAccept=text/xml,0
Challenges and potentials of using a local heat pump in a 5 GDHC solution: Results from field and laboratory evaluations,5,2024,"… In fifth generation district heating and cooling (5GDHC), the … the heat source is wider then in current common heat pump systems. The results of this study show that the heat pumps and …",https://www.sciencedirect.com/science/article/pii/S0360544223032012,,0,"5th generation, district heat pump",10.1016/j.energy.2023.129807,Jonas Lindhe; Martin Larsson; Morgan Willis; Pia Tiljander; Dennis Johansson,2024-2,,https://api.elsevier.com/content/article/PII:S0360544223032012?httpAccept=text/xml,5
Optimising low-temperature district heating networks: A simulation-based approach with experimental verification,10,2024,… Fifth generation district heating and cooling systems are becoming increasingly popular due … from ground source heat pump (GSHP) systems as well as water loop heat pump systems. …,https://www.sciencedirect.com/science/article/pii/S0360544224017274,,0,"5th generation, district heat pump",10.1016/j.energy.2024.131954,A. Buonomano; C. Forzano; L. Mongibello; A. Palombo; G. Russo,2024-9,,https://api.elsevier.com/content/article/PII:S0360544224017274?httpAccept=text/xml,9
The state of district heating and cooling in Europe-A literature-based assessment,20,2024,"… As the European district heating and cooling sector varies … present status of the district heating and cooling systems in Europe … With the development of the fourth generation, traditional …",https://www.sciencedirect.com/science/article/pii/S0360544224019650,,0,"4th generation, district heating and cooling",10.1016/j.energy.2024.132191,Vladimir Munćan; Igor Mujan; Dušan Macura; Aleksandar S. Anđelković,2024-9,,https://api.elsevier.com/content/article/PII:S0360544224019650?httpAccept=text/xml,13
Towards Life Cycle Assessment for the Environmental Evaluation of District Heating and Cooling: A Critical Review,4,2024,"… Table 3 outlines the primary differences among DHNs from the third to the fourth generation, while the first and second generations were omitted due to their disuse. The selection of …",https://www.mdpi.com/2305-6703/4/3/7,,0,"4th generation, district heating and cooling",10.3390/standards4030007,Kevin Autelitano; Jacopo Famiglietti; Marcello Aprile; Mario Motta,7/24/2024,"<jats:p>District heating and cooling networks represent a compelling energy system solution due to their capacity to integrate renewable energies and leverage local surpluses of thermal resources. The meticulous design and optimization of network infrastructure are imperative to fully exploiting the potential of these energy systems. The Life Cycle Assessment of district heating and cooling networks for the purpose of environmental sustainability is a crucial and increasingly demanded aspect, particularly in light of the progressively stringent European regulations. The Life Cycle Assessment methodology could offer an evaluation throughout the entire life cycle of such networks. The proposed review scrutinizes the application of the Life Cycle Assessment methodology to evaluating the environmental profile of district heating and cooling systems. The methods, findings, and challenges are examined through a literature review and case study analysis. The results highlight variations in the climate profile influenced by the network generation type and multifunctionality approaches. The analysis revealed a range of emission factors, spanning from 11 gCO2eq/kWhth to 470 gCO2eq/kWhth for district heating and 6 gCO2eq/kWhth to 64 gCO2eq/kWhth for district cooling. The discussion emphasizes integrating district heating and cooling network management considerations and addressing methodological challenges. This study concludes by proposing future research directions for developing a universal LCA-based tool for district heating and cooling network analysis.</jats:p>",https://www.mdpi.com/2305-6703/4/3/7/pdf,3
"Simulation-based analysis of thermochemical heat storage feasibility in third-generation district heating systems: Case study of Enschede, Netherlands",4,2024,In this article a dual heat storage system comprising thermochemical heat storage (TCS) and hot water storage for managing the mismatch between heat generation and demand in …,https://www.sciencedirect.com/science/article/pii/S096014812301649X,,0,"4th generation, district thermal",10.1016/j.renene.2023.119734,Chung-Yu Yeh; J.K. De Swart; Amirhoushang Mahmoudi; Abhishek K. Singh; Gerrit Brem; Mina Shahi,2024-2,,https://api.elsevier.com/content/article/PII:S096014812301649X?httpAccept=text/xml,0
Fifth generation district heating and cooling: A comprehensive survey,22,2024,"District heating (DH) networks are a key component of low-carbon urban heating in the future, as greenhouse gas emissions and sustainability concerns drive the heating sector to transform itself. DH is not a new technology, but it has been constantly evolving. The latest generation of DH facilitates the distribution of low-temperature renewable heat sources. In recent years, most studies have focused on managing peak demand, improving low-carbon technologies, and improving load prediction. However, there is a risk of misinterpretation, as …",https://www.sciencedirect.com/science/article/pii/S2352484724000386,,0,"fifth generation, district heating and cooling",10.1016/j.egyr.2024.01.037,L. Minh Dang; Le Quan Nguyen; Junyoung Nam; Tan N. Nguyen; Sujin Lee; Hyoung-Kyu Song; Hyeonjoon Moon,2024-6,,https://api.elsevier.com/content/article/PII:S2352484724000386?httpAccept=text/xml,14
Booster heat pump with drop-in zeotropic mixtures applied in ultra-low temperature district heating system,3,2024,"… Our study advances the understanding of booster heat pumps in ultra-low temperature district heating systems, emphasizing the significance of optimized design and operation to …",https://www.sciencedirect.com/science/article/pii/S0360544224020668,,0,"low-temperature, district heat pump",10.1016/j.energy.2024.132292,Tingting Zhu; Elias Vieren; Jierong Liang; Jan Eric Thorsen; Michel De Paepe; Steven Lecompte; Brian Elmegaard,2024-10,,https://api.elsevier.com/content/article/PII:S0360544224020668?httpAccept=text/xml,3
Optimisation of district heating transformation for the efficient integration of a low-temperature heat source,4,2024,… of heat pumps to optimise the integration of low-temperature heat sources into existing district heating … -world high-temperature district heating system. Compared to conventional waste …,https://www.sciencedirect.com/science/article/pii/S0360544224022357,,0,"low-temperature, district heat pump",10.1016/j.energy.2024.132461,Jan Stock; Till Schmidt; André Xhonneux; Dirk Müller,2024-11,,https://api.elsevier.com/content/article/PII:S0360544224022357?httpAccept=text/xml,4
Investigation of control strategies for dual-temperature district heating substations with two absorption heat pumps and two heat exchangers,2,2024,"… The development of heating technology is driving the trend … low-temperature heating in residential buildings[2]. Specifically, low-temperature heating terminals, such as floor heating, …",https://www.sciencedirect.com/science/article/pii/S0196890424003728,,0,"low-temperature, district heat pump",10.1016/j.enconman.2024.118431,Tiancheng Li; Wei Chen; Xianting Li; Baolong Wang; Wenxing Shi,2024-6,,https://api.elsevier.com/content/article/PII:S0196890424003728?httpAccept=text/xml,2
… of supply temperature and booster technology on the energetic performance and levelized cost of heat of a district heating network with central heat pump,5,2024,"… low-temperature district heating concepts with central heat pump, comparing their energy use and levelized cost of heat. … Heat pumps or electric heaters are used as booster technology …",https://www.sciencedirect.com/science/article/pii/S036054422403367X,,0,"low-temperature, district heat pump",10.1016/j.energy.2024.133589,A. Degelin; R. Tassenoy; E. Vieren; T. Demeester; I. T'Jollyn; M. De Paepe,2024-12,,https://api.elsevier.com/content/article/PII:S036054422403367X?httpAccept=text/xml,4
Optimization of data centre waste heat integration into the low-temperature district heating networks,5,2024,"… ), with a booster heat pump, or with the combination of the HEX and heat pump. In this paper… the optimization of the integration of waste heat into the district heating network (DHN). To …",https://link.springer.com/article/10.1007/s11081-023-09837-5,,0,"low-temperature, district heat pump",10.1016/j.energy.2024.134013,Luca Socci; Andrea Rocchetti; Antonio Verzino; Andrea Zini; Lorenzo Talluri,2024-12,,https://api.elsevier.com/content/article/PII:S0360544224037915?httpAccept=text/xml,5
Thermal design and optimization of high-temperature heat pump integrated with district heating benchmarked in Denmark for process heat supply,3,2024,This work aims to assess and optimize the performance of cascade high-temperature heat pump (HTHP) integrated with district heating (DH) to produce 1 MW steam at 160 C for the …,https://www.sciencedirect.com/science/article/pii/S0140700723004814,,0,"low-temperature, district heat pump",10.1016/j.ijrefrig.2023.12.025,Mohsen Sadeghi; Tage Petersen; Zhenyu Yang; Benjamin Zühlsdorf; Kim Stenholdt Madsen,2024-3,,https://api.elsevier.com/content/article/PII:S0140700723004814?httpAccept=text/xml,2
Impact of temperature dependent coefficient of performance of heat pumps on heating systems in national and regional energy systems modelling,18,2024,… The results of the energy system transition analysis indicate that using low temperature HPs for district heating may not be a competitive solution in Finland. This outcome is due to the …,https://www.sciencedirect.com/science/article/pii/S0306261924010304,,0,"low-temperature, district heat pump",10.1016/j.apenergy.2024.123647,Dmitrii Bogdanov; Rasul Satymov; Christian Breyer,2024-10,,https://api.elsevier.com/content/article/PII:S0306261924010304?httpAccept=text/xml,14
District heating utilizing waste heat of a data center: High-temperature heat pumps,9,2024,"… from the 32.0 C high temperature coolant (HTC) of DC primary cooling loop and produce 85.0 C HW, while generating 27.0 C low-temperature coolant. The optimized performance of …",https://www.sciencedirect.com/science/article/pii/S0378778824004432,,0,"low-temperature, district heat pump",10.1016/j.enbuild.2024.114327,Pengtao Wang; Steve Kowalski; Zhiming Gao; Jian Sun; Cheng-Min Yang; David Grant; Philip Boudreaux; Shean Huff; Kashif Nawaz,2024-7,,https://api.elsevier.com/content/article/PII:S0378778824004432?httpAccept=text/xml,9
Thermoacoustic heat pump utilizing medium/low-grade heat sources for domestic building heating,14,2024,Thermoacoustic heat pumps are a promising heating technology that utilizes medium/low-grade heat to reduce reliance on electricity. This study proposes a single direct-coupled …,https://www.sciencedirect.com/science/article/pii/S2666123323000533,,0,"low-temperature, district heat pump",10.1016/j.enbenv.2023.06.006,Yiwei Hu; Kaiqi Luo; Dan Zhao; Zhanghua Wu; Yupeng Yang; Ercang Luo; Jingyuan Xu,2024-8,,https://api.elsevier.com/content/article/PII:S2666123323000533?httpAccept=text/xml,11
Holistic method for determining the techno-economic feasibility of waste heat for the planning of the low-temperature district heating systems,4,2024,"… The results showed that Low-Temperature DH is viable for lower plot ratio and high heat demand, while Neutral-temperature DH are suitable for high plot ratio and high heat demand. …",https://www.sciencedirect.com/science/article/pii/S0360544224037460,,0,"low-temperature, district heat pump",10.1016/j.energy.2024.133968,Josip Miškić; Hrvoje Dorotić; Tomislav Pukšec; Daniel Rolph Schneider; Neven Duić,2024-12,,https://api.elsevier.com/content/article/PII:S0360544224037460?httpAccept=text/xml,3
Performance investigation of a novel low-carbon solar-assisted multi-source heat pump heating system demonstrated in a public building in Hull,11,2024,… heat pump heating … heating system (GBHS). The LSMHS integrates eight novel multi-throughout-flowing solar collector arrays with an innovative two-stage heat recovery heat pump …,https://www.sciencedirect.com/science/article/pii/S0196890423013250,,0,"low-temperature, district heat pump",10.1016/j.enconman.2023.117979,Yunhai Li; Zhaomeng Li; Zhiying Song; Yi Fan; Xudong Zhao; Jing Li,2024-1,,https://api.elsevier.com/content/article/PII:S0196890423013250?httpAccept=text/xml,7
Significant thermal upgrade via cascade high temperature heat pump with low GWP working fluids,15,2024,"… is a promising solution for efficient high temperature heat supply. However, the poor … utilizing low temperature waste heat. To solve this problem, a cascade high temperature heat pump …",https://www.sciencedirect.com/science/article/pii/S1364032123009309,,0,"low-temperature, district heat pump",10.1016/j.rser.2023.114072,Yixiu Dong; Hongzhi Yan; Ruzhu Wang,2024-2,,https://api.elsevier.com/content/article/PII:S1364032123009309?httpAccept=text/xml,15
… investigation on the energetic and economic performance of low-temperature cascade air-source heat pump considering the effects of cascade heat …,10,2024,"Air-source heat pump (ASHP) is wide used for its carbon neutrality. In cold climates, to ensure good efficiency and stability, cascade ASHP is a promising technology for high-…",https://www.sciencedirect.com/science/article/pii/S1359431123017015,,0,"low-temperature, district heat pump",10.1016/j.applthermaleng.2023.121672,Yingjie Xu; Jiahe Zhang; Xi Shen; Xiaohong Han; Hongyu Chen; Xiaoxiao Xu,2024-1,,https://api.elsevier.com/content/article/PII:S1359431123017015?httpAccept=text/xml,9
Circularity characterizes low-temperature district energy business models,1,2024,… Case study 6 is a small low temperature subnetwork in southwestern Sweden with boreholes and a centralized heat pump. The site previously used the conventional DE network only …,https://www.sciencedirect.com/science/article/pii/S2666955224000029,,0,"low-temperature, district heat pump",10.1016/j.segy.2024.100132,Kristina Lygnerud; Nathalie Fransson,2024-2,,https://api.elsevier.com/content/article/PII:S2666955224000029?httpAccept=text/xml,1
Moving Towards Fourth-Generation District Heating as a Power-to-Heat Strategy: Techno-Economic Issues,0,2025,"… In this paper, such a decarbonization pathway, consisting in a centralized heat pump (HP)-powered 4GDH network, with and without the addition of a distributed PV plant, is assessed …",https://www.mdpi.com/2071-1050/17/8/3675,,0,"4th generation, district heat pump",10.3390/su17083675,Axel Riccardo Massulli; Fosca Carolina Rosa; Gianluigi Lo Basso,4/18/2025,"<jats:p>About 50% of Italian households’ overall energy consumption is satisfied by natural gas, mainly for space heating, leading to substantial CO2 emissions. In Italy’s mild climate, fourth-generation district heating (4GDH) networks coupled with renewable energy sources (RESs) could represent a viable option for reaching the ambitious space heating decarbonization objectives set by the EU. In this paper, such a decarbonization pathway, consisting in a centralized heat pump (HP)-powered 4GDH network, with and without the addition of a distributed PV plant, is assessed and compared with the individual natural gas boilers-based Italian reference scenario. A cluster of buildings, comprising 200 dwellings, representative of common households in Rome, has been chosen as the case study. Starting from the cluster’s hourly space heating demand, a semi-dynamic MATLAB/Simulink model has been developed to size the technological components and evaluate their performance with respect to outdoor environmental conditions. The scenario comparison is carried out by means of techno-economic and environmental indicators: the levelized cost of heat (LCOHE), CO2 emissions, and carbon avoidance cost (CAC). Moreover, a sensitivity analysis has been carried out to address the uncertainty regarding the main economic parameters, namely the electricity and natural gas price and the HP and DH investment cost. The results show that 4GDH-based layouts significantly reduce CO2 emissions, at the expense of the LCOHE. The sensitivity analysis highlights how a significant reduction in both the electricity price and the DH network capital cost are required for achieving price parity with the fossil-fuel based scenario.</jats:p>",https://www.mdpi.com/2071-1050/17/8/3675/pdf,0
Techno-Economic Analysis of Operating Temperature Variations in a 4th Generation District Heating Grid—A German Case Study,0,2025,… The DHG in this study uses a heat pump with electricity from PV-plants and the superposed grid. An electrically operated heat pump as well as a direct electric heater (like the IEWH) are …,https://www.mdpi.com/2071-1050/17/9/3985,,0,"4th generation, district heat pump",10.3390/su17093985,Karl Specht; Max Berger; Thomas Bruckner,4/28/2025,"<jats:p>The decarbonization of the heat supply is crucial for the German energy transition. Integrating Power-to-Heat technologies like heat pumps (HPs) into district heating grids (DHGs) can support this process. The efficiency of HPs can be increased through temperature reduction in the DHG, though decentralized reheating may be required to supply sufficient heat for the end consumers. In order to investigate the associated trade-off, this study evaluates the economic, ecological, and technical effects of temperature reduction in DHGs using the software tool nPro. In a three-step process heat demand, the DHG design and operation are modeled. Three operating temperature scenarios are considered: 60 °C, 50 °C, and an ambient dependent flow temperature varying between 40 and 50 °C. As the temperatures decrease, the balance shifts between centrally produced HP heat and decentralized heat from instantaneous electric water heaters (IEWHs). The initial temperature reduction leads to reduced CO2 emissions, primary energy demand, heat losses, and total annual cost (TAC). However, with a further reduction in the operating temperature, an increase in these parameters occurs. While the necessary cost and primary energy for central components decrease, an increase in the decentralized heat generation is necessary to properly supply the heat demand. This leads to higher TAC and CO2 emissions overall.</jats:p>",https://www.mdpi.com/2071-1050/17/9/3985/pdf,0
"… , exergy, economic, and environmental (4E) assessment of an experimental moderately-high-temperature heat pump for district heating and cooling networks",1,2025,Developing district heating and cooling networks (DHCNs) requires new heat pumps (HPs) technologies to improve energy efficiency and replace fossil fuel boilers. This study presents …,https://www.sciencedirect.com/science/article/pii/S0196890424012871,,0,"4th generation, district heat pump",10.1016/j.enconman.2024.119346,Ghad Alarnaot-Alarnaout; Joaquín Navarro-Esbrí; Ángel Barragán-Cervera; Adrián Mota-Babiloni,2025-2,,https://api.elsevier.com/content/article/PII:S0196890424012871?httpAccept=text/xml,1
Learning-based Hybrid Models for Operating 4th Generation District Heating Systems,0,,… and heating plant control tasks for 4th generation district heating … and heating plant control for 4th generation district heating grids. … of 4th generation DHS is the utilisation of heat pumps …,https://tuprints.ulb.tu-darmstadt.de/29437,,0,"4th generation, district heat pump",10.1016/j.energy.2018.03.122,Jelena Ziemele; Einars Cilinskis; Dagnija Blumberga,2018-6,,https://api.elsevier.com/content/article/PII:S0360544218305310?httpAccept=text/xml,34
5th generation district heating and cooling for holistic energy system decarbonisation: Novel system designs and detailed techno-economic assessment,0,2025,"… with decentralised heat pumps to exploit synergies between heating and cooling, … heat sources. When there is no cooling, 5GDHC performs worse than 4th Generation District Heating (…",https://theses.gla.ac.uk/id/eprint/84916,,0,"4th generation, district heat pump",10.1016/j.renene.2024.122290,Huailiang You; Xianqi Zhou; Daifen Chen; Yan Xiao; Bin Hu; Guoxiang Li; Jitian Han; Anatoly Lysyakov,2025-2,,https://api.elsevier.com/content/article/PII:S0960148124023589?httpAccept=text/xml,1
Testing of a prototype substation for a 5th generation district heating and cooling network,0,2025,"… district heating substation due to the presence of a decentralised heat pump and a bidirectional pumping … has evolved to the 4th generation [5], an innovative generation of DH is being …",https://iopscience.iop.org/article/10.1088/1742-6596/2940/1/012023/meta,,0,"4th generation, district heat pump",10.1088/1742-6596/2940/1/012023,G Martinazzoli; D Pasinelli; A M Lezzi; M Pilotelli,1/1/2025,"<jats:title>Abstract</jats:title>
               <jats:p>5<jats:sup>th</jats:sup> generation district heating (5GDH) networks can be an effective way to increase the penetration of renewable energy and achieve decarbonisation in the heating and cooling sector. This article describes 5GDH networks by focusing on network substations, the complexity of which increases compared to a conventional district heating substation due to the presence of a decentralised heat pump and a bidirectional pumping system. The purpose of the article is to show the components and layout of a prototype substation and a pilot network, realised to recover low-temperature waste heat and cover the heating and cooling demand of a building. The results present the performance and energy consumption of the prototype during the first heating season in which the prototype is in operation. The prototype was tested through two kinds of tests: tests under design and off-design conditions. In tests under design conditions, the average COP of the heat pump is between 3.3 and 4.2, while the values drop to 2.6 – 3.1 considering the overall COP. The off-design tests were performed to define the performance of the heat pump for a wider temperature range. For these tests, the COP is between 2.9 and 6.1.</jats:p>",https://iopscience.iop.org/article/10.1088/1742-6596/2940/1/012023,0
Cost-optimal control for a small energy community heated with dual source heat pump and district heating,0,2025,… heated with a hybrid heating system. The system comprises a low-temperature heating network powered by a dual source heat pump and a district heating network. The control …,https://www.sciencedirect.com/science/article/pii/S0378778825003524,,0,"4th generation, district heat pump",10.2139/ssrn.5095846,Yangmin Wang; Ruqian Zhang; Altti Meriläinen; Antti Kosonen; Juha Jokisalo; Risto Kosonen,2025,,,0
Critical Review of Applications of Semantic Modeling for Scalable Deployment of Data-Driven Services in 4-5th Generation District Heating and Cooling Systems,0,,"… of a building integrated with a heat pump in a district heating system. The diagram depicts a … Hvelplund, BV Mathiesen, 4th generation district heating (4gdh): Integrating smart thermal …",https://papers.ssrn.com/sol3/papers.cfm?abstract_id=5163003,,0,"4th generation, district heat pump",10.2139/ssrn.5163003,Zeng Peng; Thomas  Ohlson Timoudas; Qian Wang,2025,,,0
"Design, construction, and commissioning of a 500 kW high-temperature heat pump plant for the district heating network of Bochum, Germany",1,2025,"… the technical use of high-temperature heat pumps (HTHPs) with seasonal mine thermal energy storages (MTESs), as a heat source, to supply conventional district heating grids (DHGs), …",https://www.sciencedirect.com/science/article/pii/S2352484724008011,,0,"4th generation, district heat pump",10.1016/j.egyr.2024.11.080,Arianna Passamonti; Frank Sachse; Paola Bombarda; Rolf Bracke,2025-6,,https://api.elsevier.com/content/article/PII:S2352484724008011?httpAccept=text/xml,1
Towards sustainable urban energy solutions: A multi-dimensional assessment framework for fifth-generation district heating and cooling systems,0,2025,… gas emissions from heating and cooling … -generation district heating and cooling (5GDHC) systems offer a better alternative to traditional heat pumps and chillers for electrifying heating …,https://www.sciencedirect.com/science/article/pii/S0378778824011873,,0,"4th generation, district heat pump",10.1016/j.enbuild.2024.115071,Kristian Gjoka; Behzad Rismanchi; Robert H. Crawford,2025-1,,https://api.elsevier.com/content/article/PII:S0378778824011873?httpAccept=text/xml,0
Achieving climate neutrality in district heating: The impact of system temperature levels on the supply mix of EU-27 in 2050,2,2025,"… levelized cost of heat generation by 20 %. We find that large-scale heat pumps and geothermal … Conversely, wastewater heat pumps and biomass tend to be more favourable for high-…",https://www.sciencedirect.com/science/article/pii/S0360544225000131,,0,"4th generation, district heat pump",10.1016/j.energy.2025.134371,Ali Kök; Anna Billerbeck; Pia Manz; Lukas Kranzl,2025-1,,https://api.elsevier.com/content/article/PII:S0360544225000131?httpAccept=text/xml,0
Low-Grade heat utilization: Techno-Economic assessment of a hybrid CO2 heat pump and Organic Rankine Cycle system integrated with photovoltaics and …,0,2025,"… combined heat and power (CHP) systems, we introduce a novel hybrid CHP system that integrates a CO 2 heat pump (HP) with an organic Rankine cycle (ORC) for low-grade heat …",https://www.sciencedirect.com/science/article/pii/S1359431125005502,,0,"4th generation, district heat pump",10.1016/j.applthermaleng.2025.125959,Kashif Liaqat; Shima Soleimani; Laura Schaefer,2025-6,,https://api.elsevier.com/content/article/PII:S1359431125005502?httpAccept=text/xml,0
Investigating the sensitivity of input parameters on the predicted allowable heat generation costs for district heating supply,0,2025,"… influencing building individual heat supply solutions exhibit … of the respective heating system and for the heat pump systems … district heating networks, which solely take into account area …",https://www.sciencedirect.com/science/article/pii/S2352484725000824,,0,"4th generation, district heat pump",10.1016/j.egyr.2025.01.079,Maximilian Friebe; Martin Kriegel,2025-6,,https://api.elsevier.com/content/article/PII:S2352484725000824?httpAccept=text/xml,0
Decarbonization of existing heating networks through optimal producer retrofit and low-temperature operation,2,2025,"… heating networks through optimal producer retrofit and ultimately enabling 4th generation … € kg − 1 , the low-emission heat pump, electric boiler and solar thermal collector cannot fully …",https://www.sciencedirect.com/science/article/pii/S0306261924021792,,0,"4th generation, district heat pump",10.1016/j.apenergy.2024.124796,Martin Sollich; Yannick Wack; Robbe Salenbien; Maarten Blommaert,2025-1,,https://api.elsevier.com/content/article/PII:S0306261924021792?httpAccept=text/xml,1
District heating and cooling,0,2025,"… on installing solar thermal generation facilities, heat pumps, and heat reservoirs. Fourth generation district heating networks So-called fourth generation district heating networks are …",https://www.sciencedirect.com/science/article/pii/B9780443218934000179,,0,"4th generation, district heat pump",10.1016/b978-0-323-90496-4.00007-9,Daniel Favrat; Malick Kane,2025,,https://api.elsevier.com/content/article/PII:B9780323904964000079?httpAccept=text/xml,0
Thermodynamic Assessment of a Heat Pump Using Excess Heat from a Data Centre for District Heating and R744/Hydrocarbon-Based Mixtures,0,,… Supply and return water temperatures of 50/25 C and 75/30 C were considered to take into account the third and the fourth generation of the district heating networks. Pure R744 and …,https://papers.ssrn.com/sol3/papers.cfm?abstract_id=5131148,,0,"4th generation, district heat pump",10.2139/ssrn.5131148,VOLOSHCHUK VOLODYMYR; Paride Gullo; Eugene Nikiforovich,2025,,,0
Stability Analysis and Mitigation of Thermo-Hydraulic Oscillations in Multi-Supplier District Heating Systems,0,2025,"… In fourth-generation district heating systems (DHSs), the supply temperature of modern heat sources such as heat pumps and waste heat can potentially be reduced by mixing in hot …",https://www.mdpi.com/1996-1073/18/5/1126,,0,"4th generation, district heat pump",10.3390/en18051126,Pascal Friedrich; Kirill Kuroptev; Thanh Huynh; Stefan Niessen,2/25/2025,"<jats:p>In fourth-generation district heating systems (DHSs), the supply temperature of modern heat sources such as heat pumps and waste heat can potentially be reduced by mixing in hot water from combustion-based producers, thereby increasing efficiency and facilitating integration into networks with unrenovated buildings. However, this approach introduces the risk of thermo-hydraulic oscillations driven by mixing dynamics, transport delays, and mass flow adjustments by consumers. These oscillations can increase wear and cost and may potentially lead to system failure. This study addresses the asymptotic stability of multi-supplier DHSs by combining theoretical analysis and practical validation. Through linearization and Laplace transformation, we derive the transfer function of a system with two suppliers. Using pole-zero analysis, we show that transport delay can cause instability. We identify a new control law, demonstrating that persisting oscillations depend on network temperatures and low thermal inertia and enabling stabilization through careful temperature selection, thorough choice of the slack supplier, or installation of buffer tanks. We validate our findings using dynamic simulations of a nonlinear delayed system in Modelica, highlighting the applicability of such systems to real-world DHSs. These results provide actionable insights for designing robust DHSs and mitigating challenges in multi-supplier configurations by relying on thoughtful system design rather than complex control strategies.</jats:p>",https://www.mdpi.com/1996-1073/18/5/1126/pdf,0
Power-to-Heat Systems for District Heating: A Comparative Analysis of Air Source and Ground Source Heat Pumps,0,2025,"… In contrast to the preceding generations, the creation of 4th Generation District Heating (4GDH) involves achieving a balance between energy conservation and energy supply, thereby …",https://www.doria.fi/handle/10024/190784,,0,"4th generation, district heat pump",10.5194/egusphere-egu24-8009,Lazaros Aresti; Christos Makarounas; Paul Christodoulides,1/20/2025,"<jats:p>Following the European Union (EU) targets towards the &amp;#8220;Fit for 55&amp;#8221;, the heat pump (HP) sales have seen an increase. The recent increasing demand in the utilization of HP towards space heating and cooling, underscores the pivotal role of Shallow Geothermal Energy (SGE) systems and the Ground Source Heat Pumps (GSHPs). Although GSHPs exhibit higher performance compared to Air Source Heat Pumps (ASHPs), the high initial cost and the consequent long payback period has been a preventive factor for the GSHP systems. The GSHP systems however also benefit for additional CO2 reduction. The evolving efficiency of ASHP systems in recent studies challenge the perceived advantages associated with GSHPs, particularly in light of the continual refinement of ASHP systems.This research embarks upon a comprehensive analysis to compare the environmental impacts, in terms of CO2 emissions, between ASHP and GSHP systems using different case studies. High insulation profile case studies were considered, following the nearly Zero Energy Buildings (nZEB) technical characteristics, as well as retrofitting at older dwellings with a low insulation profile. The current study engages a Life Cycle Analysis (LCA) with the OpenLCA software in conjunction with the Ecoinvent database, and the employment of the ReCipe impact method, both from a midpoint and an endpoint perspective. The findings derived from this investigation demonstrates a favorable performance of the GSHP systems where there is an increasing demanding in heating such as in the retrofitting cases. This research highlights the important environmental implications of employing the GSHPs over the use of ASHPs.</jats:p>",,0
Evaluating low-temperature heat sources for large-scale heat pump integration: A method using open-source data and indicators,1,2025,"… applicability of heat sources to district heating network generations and listed technical barriers. The geographical scope remains broad, as it does not consider single heat source sites. …",https://www.sciencedirect.com/science/article/pii/S0306261924018701,,0,"4th generation, district heat pump",10.1016/j.apenergy.2024.124487,Nicolas Fuchs; Guillermo Yanez; Bertrand Nkongdem; Jessica Thomsen,2025-1,,https://api.elsevier.com/content/article/PII:S0306261924018701?httpAccept=text/xml,1
A data-based comparison of methods for reducing the peak flow rate in a district heating system,1,2025,… by pipe dimensions and pumping capacity. The peak … 4th generation of district heating. We evaluate a full year of operational data from a subset of customer meters in a district heating …,https://www.sciencedirect.com/science/article/pii/S2666955224000388,,0,"4th generation, district heat pump",10.1016/j.segy.2024.100168,Felix Agner; Ulrich Trabert; Anders Rantzer; Janybek Orozaliev,2025-2,,https://api.elsevier.com/content/article/PII:S2666955224000388?httpAccept=text/xml,0
GIS-Driven Methods for Scouting Sources of Waste Heat for Fifth-Generation District Heating and Cooling (5GDHC) Systems: Railway/Highway Tunnels,0,2025,… This study provides a novel and impactful contribution to renewable energy and district heating and cooling systems by integrating GIS-driven methods and energy modeling aspects. …,https://www.mdpi.com/2227-9717/13/1/165,,0,"fifth generation, district heating and cooling",10.3390/pr13010165,Stanislav Chicherin,1/9/2025,"<jats:p>This paper explores the innovative application of Geographic Information Systems (GISs) to identify and utilize waste heat sources from railway and highway tunnels for fifth-generation district heating and cooling (5GDHC) systems. Increasing the number of prosumers—entities that produce and consume energy—within 5GDHC networks enhances their efficiency and sustainability. While potential sources of waste heat vary widely, this study focuses on underground car/railway tunnels, which typically have a temperature range of 20 °C to 40 °C. Using GIS software, we comprehensively analyzed tunnel locations and their potential as heat sources in Belgium. This study incorporates data from various sources, including OpenStreetMap and the European Waste Heat Map, and applies a two-dimensional heat transfer model to estimate the heat recovery potential. The results indicate that railway tunnels, especially in the southern regions of Belgium, show significant promise for waste heat recovery, potentially contributing between 0.8 and 2.9 GWh annually. The integration of blockchain technology for peer-to-peer energy exchange within 5GDHC systems is also discussed, highlighting its potential to enhance energy management and billing. This research contributes to the growing body of knowledge on sustainable energy systems and presents a novel approach to leveraging existing district heating and cooling infrastructure.</jats:p>",https://www.mdpi.com/2227-9717/13/1/165/pdf,0
"Energy, exergy, economic, and environmental (4E) assessment of an experimental moderately-high-temperature heat pump for district heating and cooling …",1,2025,Developing district heating and cooling networks (DHCNs) requires new heat pumps (HPs) technologies to improve energy efficiency and replace fossil fuel boilers. This study presents …,https://www.sciencedirect.com/science/article/pii/S0196890424012871,,0,"fifth generation, district heating and cooling",10.1016/j.enconman.2024.119346,Ghad Alarnaot-Alarnaout; Joaquín Navarro-Esbrí; Ángel Barragán-Cervera; Adrián Mota-Babiloni,2025-2,,https://api.elsevier.com/content/article/PII:S0196890424012871?httpAccept=text/xml,1
Explainable district heating load forecasting by means of a reservoir computing deep learning architecture,3,2025,"… energy market, where the integration of renewable energy sources is prioritized. In this context, the role of load forecasting for district heating and cooling … 5th generation district heating …",https://www.sciencedirect.com/science/article/pii/S036054422500283X,,0,"fifth generation, district heating and cooling",10.1016/j.energy.2025.134641,Adrià Serra; Alberto Ortiz; Pau Joan Cortés; Vincent Canals,2025-3,,https://api.elsevier.com/content/article/PII:S036054422500283X?httpAccept=text/xml,2
Stakeholder Perspectives on District Heating and Cooling for Climate-Neutral and Smart Cities: A Romanian Analysis,0,2025,"… District heating and cooling systems represent a great … on district heating and cooling to analyze the challenges, barriers, and potential accelerators of a sustainable low-carbon energy …",https://www.mdpi.com/2071-1050/17/9/3889,,0,"fifth generation, district heating and cooling",10.3390/su17093889,Timea Farkas; Paula Veronica Unguresan; Andrei Ceclan; Dan D. Micu,4/25/2025,"<jats:p>District heating and cooling systems represent a great pillar of European cities aiming to achieve climate neutrality. This study investigates stakeholders’ perspectives on district heating and cooling to analyze the challenges, barriers, and potential accelerators of a sustainable low-carbon energy transition in urban areas. This study was performed via a survey-based approach, targeting multi-level stakeholders, both from the supply and demand side. This study employed a structural methodology involving customized surveys tailored to different stakeholder groups, aiming to understand challenges, advancement, and opportunities in Romania’s district heating systems. The results highlighted the diverse interests of stakeholders, emphasizing the need for financial support to reduce reliance on fossil fuels from the supply side while addressing concerns about infrastructure and current operations from the demand side. This study laid the groundwork for shaping national and regional policies and promoting local partnerships to reduce fossil energy demand and support the transition to renewable energy sources. Using a multi-stakeholder, cross-sectorial approach, and SWOT analysis in Romania, it systematically addresses technical, financial, and regulatory challenges for the greater sustainability of these systems in the urban environment.</jats:p>",https://www.mdpi.com/2071-1050/17/9/3889/pdf,0
Prospects of District Heating and Cooling in the Industrial Estates of Tema (Ghana),0,2025,"… For this project, a 5th Generation District Heating and Cooling (5GDHC) system was chosen due to its advanced features, which address the specific challenges and opportunities in …",https://upcommons.upc.edu/handle/2117/424936,,0,"fifth generation, district heating and cooling",10.1016/b978-0-323-90496-4.00007-9,Daniel Favrat; Malick Kane,2025,,https://api.elsevier.com/content/article/PII:B9780323904964000079?httpAccept=text/xml,0
High-Efficiency Cogeneration: A Viable Solution for the Decarbonization of Cities with District Heating Systems.,0,2025,… the model used to evaluate a district heating system with a cogeneration heat generation source from the point of view of achieving decarbonization targets and energy efficiency (high-…,https://search.ebscohost.com/login.aspx?direct=true&profile=ehost&scope=site&authtype=crawler&jrnl=19961073&AN=184440294&h=L%2BoxqT6uVVH72erq%2Bk%2BxQCgmzw8Z4QNlUXa3ECv7Ca4IhF7weiQP1y0QzER9bki2vec9p08E8z2RCuyWwWG8Ow%3D%3D&crl=c,,0,"fifth generation, district heating and cooling",10.3390/en18071581,Pavel Atănăsoae; Radu Dumitru Pentiuc; Laurențiu Dan Milici,3/21/2025,"<jats:p>In a global context marked by increasingly evident climate change and an urgent need to reduce carbon emissions, efficient and environmentally friendly energy solutions are no longer just an option, but a necessity. Decarbonizing cities is an essential process for combating climate change and creating a sustainable urban environment. This article provides an analysis of the decarbonization possibilities of the building heating sector in the case of cities with district heating systems. A case study referring to the district heating system of Suceava city, Romania, is provided. The results of this study show a significant reduction in carbon emissions per unit of thermal energy delivered (95.97%) from the district heating system after 2015 because of the change in technology and primary energy source (cogeneration and biomass). Also, a comparative analysis is provided: district heating vs. individual heating in terms of carbon dioxide (CO2) emissions for the same amount of heat supplied to end consumers in 2023. The comparative analysis highlights a difference in CO2 emission of 81.66% (0.220 kg CO2/kWh for individual heating and 0.040 kg CO2/kWh for district heating). The implications of high-efficiency cogeneration in the decarbonization of the building heating sector are analyzed and highlighted.</jats:p>",https://www.mdpi.com/1996-1073/18/7/1581/pdf,0
Optimal Sizing of Low-Enthalpy District Heating and Cooling Heat Pump Plants: A Case Study of the Balearic Islands University Campus,0,,"… is the 5th generation or ultra-low temperature networks. This 58 advanced concept enables the simultaneous provision of heating and cooling by … building requirements, heat pumps 60 …",https://papers.ssrn.com/sol3/papers.cfm?abstract_id=5184695,,0,"fifth generation, district heating and cooling",10.2139/ssrn.5184695,Pere  Antoni Bibiloni-Mulet; Yamile Díaz Torres; Iván Alonso; Jacinto Vidal-Noguera; Andreu Moià-Pol; Vincent Canals; Víctor Martínez-Moll,2025,,,0
Day Ahead Market Clearing Model for Low-Temperature District Heating Systems Based on Urban Waste Heat,0,,… 5th gen DHC systems. Their findings indicated that newly built urban areas in the north Europe states are nearly zero energy … This study underscores the potential of 5th generation DHC …,https://papers.ssrn.com/sol3/papers.cfm?abstract_id=5218012,,0,"fifth generation, district heating and cooling",10.2139/ssrn.5203629,Josip Miškić; Tomislav Pukšec,2025,,,0
of Afraz Mehmood Chaudhry,0,2025,… involving burning fuels for heating and using electricity for cooling or heating. This reliance on … New district heating and cooling (DHC) networks of the fifth generation (5GDHC) offer a …,https://www.vub.be/sites/default/files/2025-01/25_Uitnodiging_AfrazMehmood_Chaudhry.pdf,http://scholar.google.com/https://www.vub.be/sites/default/files/2025-01/25_Uitnodiging_AfrazMehmood_Chaudhry.pdf,0,"fifth generation, district heating and cooling",10.2139/ssrn.5085542,Muhammad Mohsin; mohd zulkifli bin abdul rahim; Muhammad Aftab Chaudhry; Hamid Mehmood; Abdul Rauf,2025,,,0
Reducing district heating carbon dioxide emissions with data center waste heat–Region perspective,2,2025,… energy efficiency and waste heat utilization. This study includes an energyPRO software modeling of a district heating … of data center waste heat in a district heating network. Five future …,https://www.sciencedirect.com/science/article/pii/S1364032124007184,,0,"fifth generation, district heating and cooling",10.1016/j.rser.2024.114992,Seela Tervo; Sanna Syri; Pauli Hiltunen,2025-2,,https://api.elsevier.com/content/article/PII:S1364032124007184?httpAccept=text/xml,3
Geothermal Networks Can Aid Decarbonization Through Repurposed Hydrocarbon Wells,0,2025,"… -source heat pumps (WSHP). The differences between the fourth and fifth generations include … , the ability to work in heating or cooling mode regardless of the network temperature, and …",https://onepetro.org/JPT/article/77/03/79/643568,,0,"fifth generation, district heating and cooling",10.2118/0325-0079-jpt,Chris Carpenter,3/1/2025,"<jats:sec>
                  <jats:title>_</jats:title>
                  <jats:p>This article, written by JPT Technology Editor Chris Carpenter, contains highlights of paper SPE 220014, “Decarbonizing the Residential Sector With Geothermal District-Heating Networks: The Contribution of Hydrocarbon Wells,” by Claudio Alimonti, SPE, Sapienza University of Rome and Istituto di Geologia Ambientale e Geoingegneria, and Davide Scrocca, Istituto di Geologia Ambientale e Geoingegneria. The paper has not been peer reviewed.</jats:p>
               </jats:sec>
               <jats:sec>
                  <jats:title>_</jats:title>
                  <jats:p>This study highlights how the recovery and reuse of existing hydrocarbon infrastructure can contribute to the diffusion of district-heating (DH) projects that implement principles of circular economy. The complete paper presents two examples of reusing hydrocarbon wells to satisfy the energy demand for heating residential buildings through locally available geothermal renewable energy sources.</jats:p>
               </jats:sec>
               <jats:sec>
                  <jats:title>Background</jats:title>
                  <jats:p>The mature phase of oil and gas reservoirs usually is characterized by the production of formation waters together with hydrocarbons. The volume of the produced water generally increases as fields mature until hydrocarbon production becomes uneconomical and wells are cemented and closed.</jats:p>
                  <jats:p>Reservoir fluids could have temperatures high enough to support geothermal exploitation depending on the geothermal gradient. Therefore, when hydrocarbon wells are approaching the end of their productive life, and where geothermal potential exists, conversion to geothermal wells could be a reasonable alternative to closure.</jats:p>
                  <jats:p>The authors’ results show how the repurposing of hydrocarbon wells into geothermal wells constitutes an excellent opportunity to access geothermal resources, reducing investment and mining risks and improving project economics.</jats:p>
                  <jats:p>Considering that the temperature of reservoir fluids accessible through existing active wells generally is lower than 100–110°C, one of the more suitable applications for the harvested heat is to power new-generation DH systems that can operate with delivery temperatures even lower than 60°C.</jats:p>
               </jats:sec>
               <jats:sec>
                  <jats:title>Data and Results</jats:title>
                  <jats:p>Geothermal Potential of Using Hydrocarbon Wells in Italy.</jats:p>
                  <jats:p>Data regarding hydrocarbon production concessions and active hydrocarbon wells are made available by the Italian Ministry of Environment and Energy Security. Further data are provided by the Visibility of Petroleum Exploration Data in Italy project.</jats:p>
                  <jats:p>In Italy, 1,561 active wells are distributed in 183 hydrocarbon concessions. In 111 onshore hydrocarbon production concessions, 847 active wells have different operational statuses, including 436 productive wells and 399 potentially productive wells.</jats:p>
                  <jats:p>A first selection of onshore fields hosting the most-promising productive or potentially productive wells was performed through comparison of the well location and total depth with the known subsurface temperature field. In that study, the reference thermal data were temperature maps at depths of 1000, 2000, and 3000 m below ground level. In one approach proposed in the literature, given that the focus was on space-heating applications, the minimum production temperature was set to 70°C. On this basis, 42 fields have been identified with depths greater than 2000–3000 m and with temperatures greater than 60–70 °C. However, heat recoverable from even-lower-temperature reservoir fluids could have potential uses with the most-recent generations of DH systems and with direct heat.</jats:p>
               </jats:sec>",https://onepetro.org/JPT/article-pdf/77/03/79/4600779/spe-0325-0079-jpt.pdf,0
캠퍼스 에너지 자립을 위한 5 세대 지역냉난방시스템 적용성 평가,0,2025,"… fifth-generation district heating and cooling system to existing campus buildings with various load characteristics and evaluates their energy … , 5th generation district heating and cooling …",https://www.dbpia.co.kr/Journal/articleDetail?nodeId=NODE12124250,,0,"fifth generation, district heating and cooling",10.6110/kjacr.2025.37.4.196,Won-Jong Choi; Wang-Je Lee; Jongkyu Kim; Jae-Weon Jeong; Min-Hwi Kim,4/30/2025,,,0
Ensuring Energy Security in Ukraine: The Role of Cogeneration and Sustainable Funding for District Heating Systems,0,2025,"… Survey of 53 fifth-generation district heating and cooling (5GDHC) networks in Germany. Energy Technology, 10(11). https://doi.org/10.1002/ente.202200749 Wärtsilä. …",https://orbit.dtu.dk/en/publications/ensuring-energy-security-in-ukraine-the-role-of-cogeneration-and-,,0,"fifth generation, district heating and cooling",10.54740/ros.2025.016,Vitalii Khodakivskyi; Dmytro Karpenko; Inna Bilous; Romanas Savickas,4/2/2025,"<jats:p>This article examines how to enhance energy security in Ukraine via increased efficiency and sustainability of district heating systems (DHS). It explores the role of combined heat and power (CHP) from a technical perspective and the sustainability of the funding from a financial standpoint, plays in securing energy security. Unlike specific technical/economic studies, this provides a comprehensive overview of technologies, funding, and policies for resilient Ukrainian DHS. The study highlights the critical impact of the ongoing conflict on Ukraine's thermal energy infrastructure and the need for modernization. Preventing system collapse is cheaper and faster than rebuilding. Moreover, small but strategic investments in DHS and CHP during critical periods ensure energy system survival, preventing irreversible damage and enabling long-term recovery. The article provides an overview analysis of existing heating technologies and assesses the feasibility of integrating modern solutions such as Power-to-Heat, Waste-to-Energy and explores distributed generation (biogas/biohydrogen and hydrogen fuel) for resilient energy production in Ukraine's DHS. It further explores funding mechanisms, highlighting the importance of international financing institutions (IFI), international partnerships, state support, non-governmental organizations (NGO), and humanitarian aid roles in advancing modernization efforts. Future research assesses cogeneration effectiveness under grant funding during crises and explores distributed generation for resilience. The study highlights the CHP's potential for increasing energy efficiency, reducing emissions, and enhancing energy security. It provides policy recommendations for market liberalization and infrastructure modernization, providing a framework for Ukraine's DHS transition toward renewable energy integration and energy system sustainability. The article concludes that a strategic approach – encompassing technological, economic, regulatory, and sustainable funding advancements – is essential for the long-term sustainability of energy systems in crisis.</jats:p>",,0
K-means and agglomerative clustering for source-load mapping in distributed district heating planning,4,2025,"This study introduces a high-resolution, data-driven approach for optimizing district heating networks using source-load mapping, focusing on Stockholm as a case study. The …",https://www.sciencedirect.com/science/article/pii/S2590174524003386,,0,"fifth generation, district heating and cooling",10.1016/j.ecmx.2024.100860,Amir Shahcheraghian; Adrian Ilinca; Nelson Sommerfeldt,2025-1,,https://api.elsevier.com/content/article/PII:S2590174524003386?httpAccept=text/xml,1
