query,title,authors,publication,date,doi,citations,link
4th generation AND district heating and cooling,Low-temperature district heating operations using heat cost allocators in apartment buildings,Yang Q.,Building and Environment,2026-02-01,10.1016/j.buildenv.2025.114095,0,https://api.elsevier.com/content/abstract/scopus_id/105023648143
4th generation AND district heating and cooling,Hybrid solar transcritical CO2 and green hydrogen loop for sustainable off-grid energy: Performance analysis and techno-economic optimization,Ramachandran S.,Renewable Energy,2026-02-01,10.1016/j.renene.2025.124747,0,https://api.elsevier.com/content/abstract/scopus_id/105022215356
4th generation AND district heating and cooling,Assessment of a polygeneration system for district heating and cooling using biogas from wastewater treatment plants,Picardo A.,Energy Conversion and Management,2026-01-15,10.1016/j.enconman.2025.120615,0,https://api.elsevier.com/content/abstract/scopus_id/105017553067
4th generation AND district heating and cooling,Consensus clustering of residential districts under various DR regimes: Stable flexibility oriented building clusters,Jafarinejad T.,Energy and Buildings,2026-01-15,10.1016/j.enbuild.2025.116694,0,https://api.elsevier.com/content/abstract/scopus_id/105021931301
4th generation AND district heating and cooling,Sizing procedure of low-enthalpy district heating and cooling heat pump plants: A case study of the Balearic Islands university campus,Bibiloni-Mulet P.A.,Energy and Buildings,2026-01-01,10.1016/j.enbuild.2025.116582,0,https://api.elsevier.com/content/abstract/scopus_id/105022150047
4th generation AND district heating and cooling,A comprehensive techno-economic analysis of solar energy integration in low-temperature district heating and cooling systems,Russo G.,Renewable Energy,2026-01-01,10.1016/j.renene.2025.124017,5,https://api.elsevier.com/content/abstract/scopus_id/105011876473
4th generation AND district heating and cooling,"Evaluating Retrofit Strategies and Decentralized Systems for the Transition to Low-Temperature District Heating: A Simulation-Based Case Study in Borlänge, Sweden",Ayyathurai V.P.,Lecture Notes in Computer Science,2026-01-01,10.1007/978-3-032-03101-3_6,0,https://api.elsevier.com/content/abstract/scopus_id/105021834383
4th generation AND district heating and cooling,District heating modeling tools: A review based on design and simulation of renewable district heating networks,Valentini L.V.,Energy Conversion and Management X,2026-01-01,10.1016/j.ecmx.2025.101414,0,https://api.elsevier.com/content/abstract/scopus_id/105023079317
4th generation AND district heating and cooling,Dynamic temperature supply to boost the integration of renewable energy into existing district heating networks,Capone M.,Renewable Energy,2026-01-01,10.1016/j.renene.2025.124315,2,https://api.elsevier.com/content/abstract/scopus_id/105014373411
4th generation AND district heating and cooling,A review on optimization of district energy systems,Abdelghani D.,Renewable and Sustainable Energy Reviews,2026-01-01,10.1016/j.rser.2025.116041,1,https://api.elsevier.com/content/abstract/scopus_id/105012629133
4th generation AND district heating and cooling,Optimization of supply water temperature for heat demand-supply balance: A weighted thermal disturbance-based regulation model,Jian Y.,Energy and Buildings,2026-01-01,10.1016/j.enbuild.2025.116619,0,https://api.elsevier.com/content/abstract/scopus_id/105022154447
4th generation AND district heating and cooling,Real-world deployment of model-free reinforcement learning for energy control in district heating systems: Enhancing flexibility across neighboring buildings,Moshari A.,Applied Energy,2026-01-01,10.1016/j.apenergy.2025.126997,0,https://api.elsevier.com/content/abstract/scopus_id/105020937658
4th generation AND district heating and cooling,Method for Optimal Implementation of Energy Efficient Technologies in Heating Systems,Polyvianchuk A.,Lecture Notes in Networks and Systems,2026-01-01,10.1007/978-3-032-06832-3_17,0,https://api.elsevier.com/content/abstract/scopus_id/105019649539
4th generation AND district heating and cooling,"Integrating solutions for enabling the sustainable development of energy, water and environment systems",Kılkış Ş.,Energy Conversion and Management,2026-01-01,10.1016/j.enconman.2025.120492,1,https://api.elsevier.com/content/abstract/scopus_id/105016830534
4th generation AND district heating and cooling,Thermal energy storage–coupled heat pump systems: Review of configurations and modelling approaches,Zhou J.,Renewable and Sustainable Energy Reviews,2026-01-01,10.1016/j.rser.2025.116226,1,https://api.elsevier.com/content/abstract/scopus_id/105014016864
4th generation AND district heating and cooling,Recent advancements in internal and external thermoregulation strategies for lithium-ion batteries,Marri G.K.,Renewable and Sustainable Energy Reviews,2026-01-01,10.1016/j.rser.2025.116127,6,https://api.elsevier.com/content/abstract/scopus_id/105011962983
4th generation AND district heating and cooling,Investigation on the supercooling release process in swirling flow crystallizer for supercooled ice slurry generation system,Du Q.,Journal of Energy Storage,2026-01-01,10.1016/j.est.2025.119234,0,https://api.elsevier.com/content/abstract/scopus_id/105020800207
4th generation AND district heating and cooling,Low-carbon configuration of an integrated electricity-gas-thermal energy storage system for effective grid management: Comprehensive sustainability quantification,Lu Y.,Renewable and Sustainable Energy Reviews,2026-01-01,10.1016/j.rser.2025.116413,0,https://api.elsevier.com/content/abstract/scopus_id/105021880336
4th generation AND district heating and cooling,A comprehensive review of deep reinforcement learning applications from centralized power generation to modern energy internet frameworks,Mahmud S.,Renewable and Sustainable Energy Reviews,2026-01-01,10.1016/j.rser.2025.116481,0,https://api.elsevier.com/content/abstract/scopus_id/105021859452
4th generation AND district heating and cooling,Ventilation systems balancing rapid pollutant removal and energy efficiency in the post-pandemic era: a literature review,Zhang J.,Renewable and Sustainable Energy Reviews,2026-01-01,10.1016/j.rser.2025.116175,1,https://api.elsevier.com/content/abstract/scopus_id/105012587022
4th generation AND district heating and cooling,Demand Response in Smart Microgrids: Advanced and Optimal Energy Management Strategies,Ouassaid M.,Studies in Systems Decision and Control,2026-01-01,10.1007/978-3-032-02492-3,0,https://api.elsevier.com/content/abstract/scopus_id/105020789714
4th generation AND district heating and cooling,Design and flexible operation study of a bidirectional thermal substation based on building thermal battery model in fifth generation heating and cooling systems,Guo Y.,Applied Thermal Engineering,2025-12-15,10.1016/j.applthermaleng.2025.128817,0,https://api.elsevier.com/content/abstract/scopus_id/105022183480
4th generation AND district heating and cooling,Estimating the value of novel heat sources in district heating systems from the perspective of energy utilities using a merit order approach,Thommessen C.,Applied Energy,2025-12-15,10.1016/j.apenergy.2025.126594,1,https://api.elsevier.com/content/abstract/scopus_id/105013565286
4th generation AND district heating and cooling,Understanding and coping with uncertainties in district heating systems: a multi-pathway review from probabilistic modeling to intelligent integration,Liang X.,Energy and Buildings,2025-12-15,10.1016/j.enbuild.2025.116514,0,https://api.elsevier.com/content/abstract/scopus_id/105020256918
4th generation AND district heating and cooling,Innovative approach and numerical modeling to retrofit existing substations for bidirectional operation: Enabling thermal prosumer participation in District Heating Network,Gianaroli F.,Applied Energy,2025-12-15,10.1016/j.apenergy.2025.126698,1,https://api.elsevier.com/content/abstract/scopus_id/105015694213
4th generation AND district thermal,"Geochemical signatures, hydrocarbon generation kinetics, and oil-source correlation of the Es4 member source rocks in the Liaohe Western depression: implications for tight oil exploration in continental rift basins",Ge Z.,Fuel,2026-02-15,10.1016/j.fuel.2025.137033,0,https://api.elsevier.com/content/abstract/scopus_id/105020257440
4th generation AND district thermal,Low-temperature district heating operations using heat cost allocators in apartment buildings,Yang Q.,Building and Environment,2026-02-01,10.1016/j.buildenv.2025.114095,0,https://api.elsevier.com/content/abstract/scopus_id/105023648143
4th generation AND district thermal,Hybrid solar transcritical CO2 and green hydrogen loop for sustainable off-grid energy: Performance analysis and techno-economic optimization,Ramachandran S.,Renewable Energy,2026-02-01,10.1016/j.renene.2025.124747,0,https://api.elsevier.com/content/abstract/scopus_id/105022215356
4th generation AND district thermal,Aligning European Union ambitions of renewable energy communities with citizens actions using United Nations sustainable neighbourhood indexes,Llewellyn J.,Energy Policy,2026-02-01,10.1016/j.enpol.2025.114960,0,https://api.elsevier.com/content/abstract/scopus_id/105020855392
4th generation AND district thermal,Assessment of a polygeneration system for district heating and cooling using biogas from wastewater treatment plants,Picardo A.,Energy Conversion and Management,2026-01-15,10.1016/j.enconman.2025.120615,0,https://api.elsevier.com/content/abstract/scopus_id/105017553067
4th generation AND district thermal,Consensus clustering of residential districts under various DR regimes: Stable flexibility oriented building clusters,Jafarinejad T.,Energy and Buildings,2026-01-15,10.1016/j.enbuild.2025.116694,0,https://api.elsevier.com/content/abstract/scopus_id/105021931301
4th generation AND district thermal,Optimization of supply water temperature for heat demand-supply balance: A weighted thermal disturbance-based regulation model,Jian Y.,Energy and Buildings,2026-01-01,10.1016/j.enbuild.2025.116619,0,https://api.elsevier.com/content/abstract/scopus_id/105022154447
4th generation AND district thermal,Sizing procedure of low-enthalpy district heating and cooling heat pump plants: A case study of the Balearic Islands university campus,Bibiloni-Mulet P.A.,Energy and Buildings,2026-01-01,10.1016/j.enbuild.2025.116582,0,https://api.elsevier.com/content/abstract/scopus_id/105022150047
4th generation AND district thermal,A comprehensive techno-economic analysis of solar energy integration in low-temperature district heating and cooling systems,Russo G.,Renewable Energy,2026-01-01,10.1016/j.renene.2025.124017,5,https://api.elsevier.com/content/abstract/scopus_id/105011876473
4th generation AND district thermal,"Evaluating Retrofit Strategies and Decentralized Systems for the Transition to Low-Temperature District Heating: A Simulation-Based Case Study in Borlänge, Sweden",Ayyathurai V.P.,Lecture Notes in Computer Science,2026-01-01,10.1007/978-3-032-03101-3_6,0,https://api.elsevier.com/content/abstract/scopus_id/105021834383
4th generation AND district thermal,District heating modeling tools: A review based on design and simulation of renewable district heating networks,Valentini L.V.,Energy Conversion and Management X,2026-01-01,10.1016/j.ecmx.2025.101414,0,https://api.elsevier.com/content/abstract/scopus_id/105023079317
4th generation AND district thermal,Dynamic temperature supply to boost the integration of renewable energy into existing district heating networks,Capone M.,Renewable Energy,2026-01-01,10.1016/j.renene.2025.124315,2,https://api.elsevier.com/content/abstract/scopus_id/105014373411
4th generation AND district thermal,A review on optimization of district energy systems,Abdelghani D.,Renewable and Sustainable Energy Reviews,2026-01-01,10.1016/j.rser.2025.116041,1,https://api.elsevier.com/content/abstract/scopus_id/105012629133
4th generation AND district thermal,Thermal energy storage–coupled heat pump systems: Review of configurations and modelling approaches,Zhou J.,Renewable and Sustainable Energy Reviews,2026-01-01,10.1016/j.rser.2025.116226,1,https://api.elsevier.com/content/abstract/scopus_id/105014016864
4th generation AND district thermal,"Integrating solutions for enabling the sustainable development of energy, water and environment systems",Kılkış Ş.,Energy Conversion and Management,2026-01-01,10.1016/j.enconman.2025.120492,1,https://api.elsevier.com/content/abstract/scopus_id/105016830534
4th generation AND district thermal,Low-carbon configuration of an integrated electricity-gas-thermal energy storage system for effective grid management: Comprehensive sustainability quantification,Lu Y.,Renewable and Sustainable Energy Reviews,2026-01-01,10.1016/j.rser.2025.116413,0,https://api.elsevier.com/content/abstract/scopus_id/105021880336
4th generation AND district thermal,Optimizing energy futures in the Maldives: A study of Ocean Thermal Energy Conversion technology energy Mixes,Saadha A.,Renewable Energy,2026-01-01,10.1016/j.renene.2025.124204,1,https://api.elsevier.com/content/abstract/scopus_id/105012974040
4th generation AND district thermal,Real-world deployment of model-free reinforcement learning for energy control in district heating systems: Enhancing flexibility across neighboring buildings,Moshari A.,Applied Energy,2026-01-01,10.1016/j.apenergy.2025.126997,0,https://api.elsevier.com/content/abstract/scopus_id/105020937658
4th generation AND district thermal,Method for Optimal Implementation of Energy Efficient Technologies in Heating Systems,Polyvianchuk A.,Lecture Notes in Networks and Systems,2026-01-01,10.1007/978-3-032-06832-3_17,0,https://api.elsevier.com/content/abstract/scopus_id/105019649539
4th generation AND district thermal,Techno-Economic Feasibility and Optimal Sizing of CHP Units for Energy Conservation: Software Development Approach,Zafarullah S.M.,Communications in Computer and Information Science,2026-01-01,10.1007/978-3-032-00983-8_1,0,https://api.elsevier.com/content/abstract/scopus_id/105013462351
4th generation AND district thermal,Recent advancements in internal and external thermoregulation strategies for lithium-ion batteries,Marri G.K.,Renewable and Sustainable Energy Reviews,2026-01-01,10.1016/j.rser.2025.116127,6,https://api.elsevier.com/content/abstract/scopus_id/105011962983
4th generation AND district thermal,Investigation on the supercooling release process in swirling flow crystallizer for supercooled ice slurry generation system,Du Q.,Journal of Energy Storage,2026-01-01,10.1016/j.est.2025.119234,0,https://api.elsevier.com/content/abstract/scopus_id/105020800207
4th generation AND district thermal,A comprehensive review of deep reinforcement learning applications from centralized power generation to modern energy internet frameworks,Mahmud S.,Renewable and Sustainable Energy Reviews,2026-01-01,10.1016/j.rser.2025.116481,0,https://api.elsevier.com/content/abstract/scopus_id/105021859452
4th generation AND district thermal,Low Earth Orbit (LEO) Satellites for 5G-A: Revolutionizing Global Connectivity and Real-Time Communications,Wang B.,Lecture Notes in Networks and Systems,2026-01-01,10.1007/978-3-032-09694-4_40,0,https://api.elsevier.com/content/abstract/scopus_id/105023194300
4th generation AND district thermal,Digital twin technologies in active distribution network: A comprehensive review,Han D.,Renewable and Sustainable Energy Reviews,2026-01-01,10.1016/j.rser.2025.116191,0,https://api.elsevier.com/content/abstract/scopus_id/105013647577
4th generation AND district energy,DK-TGAN-ERRA: A data-knowledge-driven tabular GAN for synthesising cases applied to emergency rescue risk analysis,Ye X.,Reliability Engineering and System Safety,2026-03-01,10.1016/j.ress.2025.111804,0,https://api.elsevier.com/content/abstract/scopus_id/105020955687
4th generation AND district energy,"Geochemical signatures, hydrocarbon generation kinetics, and oil-source correlation of the Es4 member source rocks in the Liaohe Western depression: implications for tight oil exploration in continental rift basins",Ge Z.,Fuel,2026-02-15,10.1016/j.fuel.2025.137033,0,https://api.elsevier.com/content/abstract/scopus_id/105020257440
4th generation AND district energy,Low-temperature district heating operations using heat cost allocators in apartment buildings,Yang Q.,Building and Environment,2026-02-01,10.1016/j.buildenv.2025.114095,0,https://api.elsevier.com/content/abstract/scopus_id/105023648143
4th generation AND district energy,Hybrid solar transcritical CO2 and green hydrogen loop for sustainable off-grid energy: Performance analysis and techno-economic optimization,Ramachandran S.,Renewable Energy,2026-02-01,10.1016/j.renene.2025.124747,0,https://api.elsevier.com/content/abstract/scopus_id/105022215356
4th generation AND district energy,Aligning European Union ambitions of renewable energy communities with citizens actions using United Nations sustainable neighbourhood indexes,Llewellyn J.,Energy Policy,2026-02-01,10.1016/j.enpol.2025.114960,0,https://api.elsevier.com/content/abstract/scopus_id/105020855392
4th generation AND district energy,"Machine learning in peak demand forecasting: foundations, trends, and insights",Dai S.,Renewable and Sustainable Energy Reviews,2026-02-01,10.1016/j.rser.2025.116500,0,https://api.elsevier.com/content/abstract/scopus_id/105023091456
4th generation AND district energy,Assessment of a polygeneration system for district heating and cooling using biogas from wastewater treatment plants,Picardo A.,Energy Conversion and Management,2026-01-15,10.1016/j.enconman.2025.120615,0,https://api.elsevier.com/content/abstract/scopus_id/105017553067
4th generation AND district energy,Consensus clustering of residential districts under various DR regimes: Stable flexibility oriented building clusters,Jafarinejad T.,Energy and Buildings,2026-01-15,10.1016/j.enbuild.2025.116694,0,https://api.elsevier.com/content/abstract/scopus_id/105021931301
4th generation AND district energy,Non-intrusive hourly occupancy detection in residential buildings using remotely readable water meter data: Validation and large-scale analysis,Schaffer M.,Building and Environment,2026-01-15,10.1016/j.buildenv.2025.113917,0,https://api.elsevier.com/content/abstract/scopus_id/105021479400
4th generation AND district energy,"Evaluating Retrofit Strategies and Decentralized Systems for the Transition to Low-Temperature District Heating: A Simulation-Based Case Study in Borlänge, Sweden",Ayyathurai V.P.,Lecture Notes in Computer Science,2026-01-01,10.1007/978-3-032-03101-3_6,0,https://api.elsevier.com/content/abstract/scopus_id/105021834383
4th generation AND district energy,A comprehensive techno-economic analysis of solar energy integration in low-temperature district heating and cooling systems,Russo G.,Renewable Energy,2026-01-01,10.1016/j.renene.2025.124017,5,https://api.elsevier.com/content/abstract/scopus_id/105011876473
4th generation AND district energy,Dynamic temperature supply to boost the integration of renewable energy into existing district heating networks,Capone M.,Renewable Energy,2026-01-01,10.1016/j.renene.2025.124315,2,https://api.elsevier.com/content/abstract/scopus_id/105014373411
4th generation AND district energy,Sizing procedure of low-enthalpy district heating and cooling heat pump plants: A case study of the Balearic Islands university campus,Bibiloni-Mulet P.A.,Energy and Buildings,2026-01-01,10.1016/j.enbuild.2025.116582,0,https://api.elsevier.com/content/abstract/scopus_id/105022150047
4th generation AND district energy,A review on optimization of district energy systems,Abdelghani D.,Renewable and Sustainable Energy Reviews,2026-01-01,10.1016/j.rser.2025.116041,1,https://api.elsevier.com/content/abstract/scopus_id/105012629133
4th generation AND district energy,District heating modeling tools: A review based on design and simulation of renewable district heating networks,Valentini L.V.,Energy Conversion and Management X,2026-01-01,10.1016/j.ecmx.2025.101414,0,https://api.elsevier.com/content/abstract/scopus_id/105023079317
4th generation AND district energy,"Integrating solutions for enabling the sustainable development of energy, water and environment systems",Kılkış Ş.,Energy Conversion and Management,2026-01-01,10.1016/j.enconman.2025.120492,1,https://api.elsevier.com/content/abstract/scopus_id/105016830534
4th generation AND district energy,Optimization of supply water temperature for heat demand-supply balance: A weighted thermal disturbance-based regulation model,Jian Y.,Energy and Buildings,2026-01-01,10.1016/j.enbuild.2025.116619,0,https://api.elsevier.com/content/abstract/scopus_id/105022154447
4th generation AND district energy,Real-world deployment of model-free reinforcement learning for energy control in district heating systems: Enhancing flexibility across neighboring buildings,Moshari A.,Applied Energy,2026-01-01,10.1016/j.apenergy.2025.126997,0,https://api.elsevier.com/content/abstract/scopus_id/105020937658
4th generation AND district energy,Optimization Problems in Cyber-Physical Energy Systems,Lehnhoff S.,Lecture Notes in Computer Science,2026-01-01,10.1007/978-3-031-97537-0_7,0,https://api.elsevier.com/content/abstract/scopus_id/105022753596
4th generation AND district energy,Method for Optimal Implementation of Energy Efficient Technologies in Heating Systems,Polyvianchuk A.,Lecture Notes in Networks and Systems,2026-01-01,10.1007/978-3-032-06832-3_17,0,https://api.elsevier.com/content/abstract/scopus_id/105019649539
4th generation AND district energy,Thermal energy storage–coupled heat pump systems: Review of configurations and modelling approaches,Zhou J.,Renewable and Sustainable Energy Reviews,2026-01-01,10.1016/j.rser.2025.116226,1,https://api.elsevier.com/content/abstract/scopus_id/105014016864
4th generation AND district energy,A comprehensive review of deep reinforcement learning applications from centralized power generation to modern energy internet frameworks,Mahmud S.,Renewable and Sustainable Energy Reviews,2026-01-01,10.1016/j.rser.2025.116481,0,https://api.elsevier.com/content/abstract/scopus_id/105021859452
4th generation AND district energy,Passive atmospheric wind profile retrieval via multi-region microwave radiometer network,Jiang S.,Atmospheric Research,2026-01-01,10.1016/j.atmosres.2025.108474,0,https://api.elsevier.com/content/abstract/scopus_id/105015853901
4th generation AND district energy,Techno-Economic Feasibility and Optimal Sizing of CHP Units for Energy Conservation: Software Development Approach,Zafarullah S.M.,Communications in Computer and Information Science,2026-01-01,10.1007/978-3-032-00983-8_1,0,https://api.elsevier.com/content/abstract/scopus_id/105013462351
4th generation AND district energy,Low-carbon configuration of an integrated electricity-gas-thermal energy storage system for effective grid management: Comprehensive sustainability quantification,Lu Y.,Renewable and Sustainable Energy Reviews,2026-01-01,10.1016/j.rser.2025.116413,0,https://api.elsevier.com/content/abstract/scopus_id/105021880336
4th generation AND district heat pump,Low-temperature district heating operations using heat cost allocators in apartment buildings,Yang Q.,Building and Environment,2026-02-01,10.1016/j.buildenv.2025.114095,0,https://api.elsevier.com/content/abstract/scopus_id/105023648143
4th generation AND district heat pump,Assessment of a polygeneration system for district heating and cooling using biogas from wastewater treatment plants,Picardo A.,Energy Conversion and Management,2026-01-15,10.1016/j.enconman.2025.120615,0,https://api.elsevier.com/content/abstract/scopus_id/105017553067
4th generation AND district heat pump,Consensus clustering of residential districts under various DR regimes: Stable flexibility oriented building clusters,Jafarinejad T.,Energy and Buildings,2026-01-15,10.1016/j.enbuild.2025.116694,0,https://api.elsevier.com/content/abstract/scopus_id/105021931301
4th generation AND district heat pump,Sizing procedure of low-enthalpy district heating and cooling heat pump plants: A case study of the Balearic Islands university campus,Bibiloni-Mulet P.A.,Energy and Buildings,2026-01-01,10.1016/j.enbuild.2025.116582,0,https://api.elsevier.com/content/abstract/scopus_id/105022150047
4th generation AND district heat pump,"Evaluating Retrofit Strategies and Decentralized Systems for the Transition to Low-Temperature District Heating: A Simulation-Based Case Study in Borlänge, Sweden",Ayyathurai V.P.,Lecture Notes in Computer Science,2026-01-01,10.1007/978-3-032-03101-3_6,0,https://api.elsevier.com/content/abstract/scopus_id/105021834383
4th generation AND district heat pump,Dynamic temperature supply to boost the integration of renewable energy into existing district heating networks,Capone M.,Renewable Energy,2026-01-01,10.1016/j.renene.2025.124315,2,https://api.elsevier.com/content/abstract/scopus_id/105014373411
4th generation AND district heat pump,Thermal energy storage–coupled heat pump systems: Review of configurations and modelling approaches,Zhou J.,Renewable and Sustainable Energy Reviews,2026-01-01,10.1016/j.rser.2025.116226,1,https://api.elsevier.com/content/abstract/scopus_id/105014016864
4th generation AND district heat pump,Optimization of supply water temperature for heat demand-supply balance: A weighted thermal disturbance-based regulation model,Jian Y.,Energy and Buildings,2026-01-01,10.1016/j.enbuild.2025.116619,0,https://api.elsevier.com/content/abstract/scopus_id/105022154447
4th generation AND district heat pump,District heating modeling tools: A review based on design and simulation of renewable district heating networks,Valentini L.V.,Energy Conversion and Management X,2026-01-01,10.1016/j.ecmx.2025.101414,0,https://api.elsevier.com/content/abstract/scopus_id/105023079317
4th generation AND district heat pump,A comprehensive techno-economic analysis of solar energy integration in low-temperature district heating and cooling systems,Russo G.,Renewable Energy,2026-01-01,10.1016/j.renene.2025.124017,5,https://api.elsevier.com/content/abstract/scopus_id/105011876473
4th generation AND district heat pump,A review on optimization of district energy systems,Abdelghani D.,Renewable and Sustainable Energy Reviews,2026-01-01,10.1016/j.rser.2025.116041,1,https://api.elsevier.com/content/abstract/scopus_id/105012629133
4th generation AND district heat pump,"Integrating solutions for enabling the sustainable development of energy, water and environment systems",Kılkış Ş.,Energy Conversion and Management,2026-01-01,10.1016/j.enconman.2025.120492,1,https://api.elsevier.com/content/abstract/scopus_id/105016830534
4th generation AND district heat pump,Techno-Economic Feasibility and Optimal Sizing of CHP Units for Energy Conservation: Software Development Approach,Zafarullah S.M.,Communications in Computer and Information Science,2026-01-01,10.1007/978-3-032-00983-8_1,0,https://api.elsevier.com/content/abstract/scopus_id/105013462351
4th generation AND district heat pump,Investigation on the supercooling release process in swirling flow crystallizer for supercooled ice slurry generation system,Du Q.,Journal of Energy Storage,2026-01-01,10.1016/j.est.2025.119234,0,https://api.elsevier.com/content/abstract/scopus_id/105020800207
4th generation AND district heat pump,Low-carbon configuration of an integrated electricity-gas-thermal energy storage system for effective grid management: Comprehensive sustainability quantification,Lu Y.,Renewable and Sustainable Energy Reviews,2026-01-01,10.1016/j.rser.2025.116413,0,https://api.elsevier.com/content/abstract/scopus_id/105021880336
4th generation AND district heat pump,Distributed control and optimization in building energy systems: a technical survey of multi-agent architectures and algorithms,Abdalla A.N.,Energy and Buildings,2026-01-01,10.1016/j.enbuild.2025.116644,0,https://api.elsevier.com/content/abstract/scopus_id/105020918569
4th generation AND district heat pump,A comprehensive review of deep reinforcement learning applications from centralized power generation to modern energy internet frameworks,Mahmud S.,Renewable and Sustainable Energy Reviews,2026-01-01,10.1016/j.rser.2025.116481,0,https://api.elsevier.com/content/abstract/scopus_id/105021859452
4th generation AND district heat pump,Demand Response in Smart Microgrids: Advanced and Optimal Energy Management Strategies,Ouassaid M.,Studies in Systems Decision and Control,2026-01-01,10.1007/978-3-032-02492-3,0,https://api.elsevier.com/content/abstract/scopus_id/105020789714
4th generation AND district heat pump,Ventilation systems balancing rapid pollutant removal and energy efficiency in the post-pandemic era: a literature review,Zhang J.,Renewable and Sustainable Energy Reviews,2026-01-01,10.1016/j.rser.2025.116175,1,https://api.elsevier.com/content/abstract/scopus_id/105012587022
4th generation AND district heat pump,Estimating the value of novel heat sources in district heating systems from the perspective of energy utilities using a merit order approach,Thommessen C.,Applied Energy,2025-12-15,10.1016/j.apenergy.2025.126594,1,https://api.elsevier.com/content/abstract/scopus_id/105013565286
4th generation AND district heat pump,"Comparative techno-economic assessment of solar district heating architectures based on combined solar thermal collectors, heat pumps, PVs and batteries",Braimakis K.,Applied Thermal Engineering,2025-12-15,10.1016/j.applthermaleng.2025.128723,0,https://api.elsevier.com/content/abstract/scopus_id/105020879955
4th generation AND district heat pump,"Transition pathways for a gas supplied district heating network to an ultra low carbon district heating network: A case study for Holywell Park, Loughborough University",Pans M.A.,Renewable Energy,2025-12-15,10.1016/j.renene.2025.123841,0,https://api.elsevier.com/content/abstract/scopus_id/105009218357
4th generation AND district heat pump,Experimental study on falling film evaporation heat transfer of R-1233zd(E) on horizontal enhanced tubes for high-temperature industrial heat pump applications,Min J.,Applied Thermal Engineering,2025-12-15,10.1016/j.applthermaleng.2025.128706,0,https://api.elsevier.com/content/abstract/scopus_id/105020853764
4th generation AND district heat pump,Design and flexible operation study of a bidirectional thermal substation based on building thermal battery model in fifth generation heating and cooling systems,Guo Y.,Applied Thermal Engineering,2025-12-15,10.1016/j.applthermaleng.2025.128817,0,https://api.elsevier.com/content/abstract/scopus_id/105022183480
4th generation AND district heat pump,Innovative approach and numerical modeling to retrofit existing substations for bidirectional operation: Enabling thermal prosumer participation in District Heating Network,Gianaroli F.,Applied Energy,2025-12-15,10.1016/j.apenergy.2025.126698,1,https://api.elsevier.com/content/abstract/scopus_id/105015694213
4th generation AND thermal network,CFD-guided design and performance evaluation of a mobile aerator for delaying channel ice formation,Zhao F.,European Journal of Mechanics B Fluids,2026-05-01,10.1016/j.euromechflu.2025.204428,0,https://api.elsevier.com/content/abstract/scopus_id/105023659322
4th generation AND thermal network,Visual fidelity-oriented compression via representation fusion and diffusion reconstruction,Fang X.,Information Fusion,2026-04-01,10.1016/j.inffus.2025.103954,0,https://api.elsevier.com/content/abstract/scopus_id/105022265062
4th generation AND thermal network,Degradation mechanism of nickel-base single crystal superalloy after long-term aging: Roles of nanomechanical properties and morphology of γ/γ′ phases,Luo C.,Journal of Materials Science and Technology,2026-03-20,10.1016/j.jmst.2025.04.086,4,https://api.elsevier.com/content/abstract/scopus_id/105010696796
4th generation AND thermal network,Deep learning framework for casson fluid flow: A PINN approach to heat and mass transfer with chemical reaction and viscous dissipation,Rudrabhatla S.K.,European Journal of Mechanics B Fluids,2026-03-01,10.1016/j.euromechflu.2025.204401,0,https://api.elsevier.com/content/abstract/scopus_id/105022517978
4th generation AND thermal network,Physics-Informed deep operator learning framework for multiphysics heat and mass transport in rotating disk energy systems,Ganji A.M.,Results in Engineering,2026-03-01,10.1016/j.rineng.2025.108283,0,https://api.elsevier.com/content/abstract/scopus_id/105023643492
4th generation AND thermal network,A security-aware multi-criteria decision-making framework for ordering task mapping techniques in 3D-NoC based MPSoC architectures of IoT,Al-Hchaimi A.A.J.,Computer Standards and Interfaces,2026-03-01,10.1016/j.csi.2025.104075,0,https://api.elsevier.com/content/abstract/scopus_id/105016311748
4th generation AND thermal network,Enhanced magnetic hyperthermia in graphene–magnetite nanohybrids for cancer therapy: Artificial intelligence-driven validation via Nonlinear Autoregressive with Exogenous Inputs-Long Short-Term Memory (NARX–LSTM) forecasting,Dar M.S.,Biomaterials Advances,2026-03-01,10.1016/j.bioadv.2025.214572,0,https://api.elsevier.com/content/abstract/scopus_id/105020962184
4th generation AND thermal network,AAE-CycleWGAN fusion framework for generating fused strain data from sparse to dense domains in bridge monitoring systems,Hassani S.,Information Fusion,2026-03-01,10.1016/j.inffus.2025.103736,1,https://api.elsevier.com/content/abstract/scopus_id/105017803174
4th generation AND thermal network,Predictive summarization framework for resource-constrained device surveillance videos,Beigh T.M.,Pattern Recognition,2026-03-01,10.1016/j.patcog.2025.112274,1,https://api.elsevier.com/content/abstract/scopus_id/105012996895
4th generation AND thermal network,Intelligent condition monitoring of power cables using advanced machine learning models,Abdolahi M.,Results in Engineering,2026-03-01,10.1016/j.rineng.2025.108371,0,https://api.elsevier.com/content/abstract/scopus_id/105023706917
4th generation AND thermal network,"Utilizing solar energy for UAVs: Advancements, challenges and future perspectives in defense and military applications - A review",Ismail N.,Solar Energy Materials and Solar Cells,2026-03-01,10.1016/j.solmat.2025.114075,0,https://api.elsevier.com/content/abstract/scopus_id/105022119899
4th generation AND thermal network,A State-of-the-Art Review of Structural Health Monitoring Techniques for Wind Turbine Blades,Haseeb S.A.,Journal of Nondestructive Evaluation,2026-03-01,10.1007/s10921-025-01296-5,0,https://api.elsevier.com/content/abstract/scopus_id/105023570055
4th generation AND thermal network,Fusion of equipment reliability data through knowledge graphs,Wang C.,Reliability Engineering and System Safety,2026-03-01,10.1016/j.ress.2025.111785,0,https://api.elsevier.com/content/abstract/scopus_id/105021081559
4th generation AND thermal network,Artificial intelligence-empowered industrial framework for extreme vulnerability analysis,Gupta V.,Future Generation Computer Systems,2026-03-01,10.1016/j.future.2025.108127,0,https://api.elsevier.com/content/abstract/scopus_id/105017736216
4th generation AND thermal network,"Three-tier framework for high-throughput biofabrication: Integrating 3D bioprinting, assistive platforms, and translational opportunities",Singh Y.P.,Bioactive Materials,2026-03-01,10.1016/j.bioactmat.2025.11.024,0,https://api.elsevier.com/content/abstract/scopus_id/105022810017
4th generation AND thermal network,Recent advances in efficient large-scale assembly and structural stabilization of colloidal photonic crystals for structural coloration of textiles,Li X.,Dyes and Pigments,2026-03-01,10.1016/j.dyepig.2025.113360,0,https://api.elsevier.com/content/abstract/scopus_id/105019645434
4th generation AND thermal network,"Biofuels in solid oxide fuel cell systems: a review of production, applications, challenges, and future prospects",Zainon A.N.,Fuel,2026-02-15,10.1016/j.fuel.2025.137092,1,https://api.elsevier.com/content/abstract/scopus_id/105020257784
4th generation AND thermal network,Hybrid solar transcritical CO2 and green hydrogen loop for sustainable off-grid energy: Performance analysis and techno-economic optimization,Ramachandran S.,Renewable Energy,2026-02-01,10.1016/j.renene.2025.124747,0,https://api.elsevier.com/content/abstract/scopus_id/105022215356
4th generation AND thermal network,Graph-enhanced residual attention networks for high-resolution reconstruction in VSHDOM,Wang Q.,Journal of Quantitative Spectroscopy and Radiative Transfer,2026-02-01,10.1016/j.jqsrt.2025.109754,0,https://api.elsevier.com/content/abstract/scopus_id/105022295427
4th generation AND thermal network,RAMR: A role-adaptive modality recalibration network for RGBT tracking,Gao Z.,Expert Systems with Applications,2026-02-01,10.1016/j.eswa.2025.129381,0,https://api.elsevier.com/content/abstract/scopus_id/105013675674
4th generation AND thermal network,Low-temperature district heating operations using heat cost allocators in apartment buildings,Yang Q.,Building and Environment,2026-02-01,10.1016/j.buildenv.2025.114095,0,https://api.elsevier.com/content/abstract/scopus_id/105023648143
4th generation AND thermal network,"Hybrid fractional thermoelastic–machine learning framework for heat and mass transfer in skin tissue: Enhanced simulations using Atangana–Baleanu, Cattaneo–Vernotte models, and KNN–SVM classifiers",Singhal A.,International Communications in Heat and Mass Transfer,2026-02-01,10.1016/j.icheatmasstransfer.2025.110074,0,https://api.elsevier.com/content/abstract/scopus_id/105021951870
4th generation AND thermal network,Cooperative operation optimization and profit distribution of large-scale cascade hydro complementary plants,Shi Y.,Renewable Energy,2026-02-01,10.1016/j.renene.2025.124820,0,https://api.elsevier.com/content/abstract/scopus_id/105022943057
4th generation AND thermal network,Aligning European Union ambitions of renewable energy communities with citizens actions using United Nations sustainable neighbourhood indexes,Llewellyn J.,Energy Policy,2026-02-01,10.1016/j.enpol.2025.114960,0,https://api.elsevier.com/content/abstract/scopus_id/105020855392
4th generation AND thermal network,PVSAM: Adapting geometric prompts to segment anything model for photovoltaic detection in remote sensing imagery,Yao X.,Applied Energy,2026-02-01,10.1016/j.apenergy.2025.127137,0,https://api.elsevier.com/content/abstract/scopus_id/105022879511
4th generation AND thermal grid,CFD-guided design and performance evaluation of a mobile aerator for delaying channel ice formation,Zhao F.,European Journal of Mechanics B Fluids,2026-05-01,10.1016/j.euromechflu.2025.204428,0,https://api.elsevier.com/content/abstract/scopus_id/105023659322
4th generation AND thermal grid,Degradation mechanism of nickel-base single crystal superalloy after long-term aging: Roles of nanomechanical properties and morphology of γ/γ′ phases,Luo C.,Journal of Materials Science and Technology,2026-03-20,10.1016/j.jmst.2025.04.086,4,https://api.elsevier.com/content/abstract/scopus_id/105010696796
4th generation AND thermal grid,"Utilizing solar energy for UAVs: Advancements, challenges and future perspectives in defense and military applications - A review",Ismail N.,Solar Energy Materials and Solar Cells,2026-03-01,10.1016/j.solmat.2025.114075,0,https://api.elsevier.com/content/abstract/scopus_id/105022119899
4th generation AND thermal grid,Intelligent condition monitoring of power cables using advanced machine learning models,Abdolahi M.,Results in Engineering,2026-03-01,10.1016/j.rineng.2025.108371,0,https://api.elsevier.com/content/abstract/scopus_id/105023706917
4th generation AND thermal grid,Artificial intelligence-empowered industrial framework for extreme vulnerability analysis,Gupta V.,Future Generation Computer Systems,2026-03-01,10.1016/j.future.2025.108127,0,https://api.elsevier.com/content/abstract/scopus_id/105017736216
4th generation AND thermal grid,"Biofuels in solid oxide fuel cell systems: a review of production, applications, challenges, and future prospects",Zainon A.N.,Fuel,2026-02-15,10.1016/j.fuel.2025.137092,1,https://api.elsevier.com/content/abstract/scopus_id/105020257784
4th generation AND thermal grid,"Status overview of the torrefaction technology, its limitations, and prospective solutions: A reactor design and performance viewpoint",Anukam A.I.,Fuel,2026-02-15,10.1016/j.fuel.2025.136723,0,https://api.elsevier.com/content/abstract/scopus_id/105017853697
4th generation AND thermal grid,Hybrid solar transcritical CO2 and green hydrogen loop for sustainable off-grid energy: Performance analysis and techno-economic optimization,Ramachandran S.,Renewable Energy,2026-02-01,10.1016/j.renene.2025.124747,0,https://api.elsevier.com/content/abstract/scopus_id/105022215356
4th generation AND thermal grid,Buffering heat fluctuation of IGBT power electronic modules using phase change material-based thermal management for wind power generation,Zhang S.,International Journal of Heat and Mass Transfer,2026-02-01,10.1016/j.ijheatmasstransfer.2025.127903,0,https://api.elsevier.com/content/abstract/scopus_id/105017505191
4th generation AND thermal grid,Cooperative operation optimization and profit distribution of large-scale cascade hydro complementary plants,Shi Y.,Renewable Energy,2026-02-01,10.1016/j.renene.2025.124820,0,https://api.elsevier.com/content/abstract/scopus_id/105022943057
4th generation AND thermal grid,Low-temperature district heating operations using heat cost allocators in apartment buildings,Yang Q.,Building and Environment,2026-02-01,10.1016/j.buildenv.2025.114095,0,https://api.elsevier.com/content/abstract/scopus_id/105023648143
4th generation AND thermal grid,Aligning European Union ambitions of renewable energy communities with citizens actions using United Nations sustainable neighbourhood indexes,Llewellyn J.,Energy Policy,2026-02-01,10.1016/j.enpol.2025.114960,0,https://api.elsevier.com/content/abstract/scopus_id/105020855392
4th generation AND thermal grid,PVSAM: Adapting geometric prompts to segment anything model for photovoltaic detection in remote sensing imagery,Yao X.,Applied Energy,2026-02-01,10.1016/j.apenergy.2025.127137,0,https://api.elsevier.com/content/abstract/scopus_id/105022879511
4th generation AND thermal grid,"A taxonomy for extreme weather events and their impacts on power systems: A comprehensive review of classification, effects, and mitigation strategies",Bromberger D.A.,Renewable and Sustainable Energy Reviews,2026-02-01,10.1016/j.rser.2025.116498,0,https://api.elsevier.com/content/abstract/scopus_id/105022850528
4th generation AND thermal grid,"A comprehensive review of condition monitoring systems for hydropower stations: Technologies, applications, and future trends",García Márquez F.P.,Electric Power Systems Research,2026-02-01,10.1016/j.epsr.2025.112339,0,https://api.elsevier.com/content/abstract/scopus_id/105018100100
4th generation AND thermal grid,Large language models in building energy applications: a survey,Arslan M.,Energy and Buildings,2026-02-01,10.1016/j.enbuild.2025.116800,0,https://api.elsevier.com/content/abstract/scopus_id/105023707332
4th generation AND thermal grid,"Exploring the role of model classification, complexity, and selection in volcanic hazard forecasting",Scott E.,Computers and Geosciences,2026-02-01,10.1016/j.cageo.2025.106070,0,https://api.elsevier.com/content/abstract/scopus_id/105020930473
4th generation AND thermal grid,Utilizing metal-organic frameworks and covalent-organic frameworks for enhanced cathode design and separator functionality in metal-sulfur batteries,Pan X.,Journal of Energy Storage,2026-01-20,10.1016/j.est.2025.119577,0,https://api.elsevier.com/content/abstract/scopus_id/105023082255
4th generation AND thermal grid,AI-driven IoT recommender system for enhancing energy efficient management in smart houses,Rodrigues T.,Expert Systems with Applications,2026-01-15,10.1016/j.eswa.2025.129108,1,https://api.elsevier.com/content/abstract/scopus_id/105011877918
4th generation AND thermal grid,Consensus clustering of residential districts under various DR regimes: Stable flexibility oriented building clusters,Jafarinejad T.,Energy and Buildings,2026-01-15,10.1016/j.enbuild.2025.116694,0,https://api.elsevier.com/content/abstract/scopus_id/105021931301
4th generation AND thermal grid,"Large Language Models Meet Energy Systems: Opportunities, Challenges, and Future Perspectives",Zhang C.,Applied Energy,2026-01-15,10.1016/j.apenergy.2025.127076,0,https://api.elsevier.com/content/abstract/scopus_id/105021938158
4th generation AND thermal grid,"Artificial intelligence and machine learning for distributed energy resource management systems: Applications, frameworks, and future directions",Satpathy P.R.,Applied Energy,2026-01-15,10.1016/j.apenergy.2025.127109,0,https://api.elsevier.com/content/abstract/scopus_id/105022251101
4th generation AND thermal grid,"Flying electric: A comparative analysis of spare part demands and material cost for all-electric, hybrid-electric, and conventional aircraft propulsion systems",Wolf J.A.,Applied Energy,2026-01-15,10.1016/j.apenergy.2025.127036,0,https://api.elsevier.com/content/abstract/scopus_id/105021864895
4th generation AND thermal grid,Time series anomaly detection methods for IoT in smart grids: A systematic literature review,Deng T.,Neurocomputing,2026-01-14,10.1016/j.neucom.2025.131967,0,https://api.elsevier.com/content/abstract/scopus_id/105020776795
4th generation AND thermal grid,"Adaptive scheduling and storage system preservation in smart home energy management systems: Considering cost efficiency, user satisfaction and storage systems durability",Sasanmoghadam S.,Journal of Energy Storage,2026-01-10,10.1016/j.est.2025.119521,0,https://api.elsevier.com/content/abstract/scopus_id/105022430621
5th generation AND district heating and cooling,Opportunities and costs for shared ground loops,Barns D.G.,Renewable and Sustainable Energy Reviews,2026-03-01,10.1016/j.rser.2025.116490,0,https://api.elsevier.com/content/abstract/scopus_id/105023483228
5th generation AND district heating and cooling,"Ignoring and denying, or why urban shrinkage remains off the agenda: Insights from the Netherlands and Finland",Marjanović M.,Cities,2026-03-01,10.1016/j.cities.2025.106540,0,https://api.elsevier.com/content/abstract/scopus_id/105020901753
5th generation AND district heating and cooling,"Artificial Intelligence in Deep Geothermal Energy: Trends, Insights, and Future Perspectives",Sheini Dashtgoli D.,Renewable Energy Focus,2026-03-01,10.1016/j.ref.2025.100781,0,https://api.elsevier.com/content/abstract/scopus_id/105021063753
5th generation AND district heating and cooling,A systematic literature review of spatio-temporal graph neural network models for time series forecasting and classification,Corradini F.,Neural Networks,2026-03-01,10.1016/j.neunet.2025.108269,0,https://api.elsevier.com/content/abstract/scopus_id/105021858647
5th generation AND district heating and cooling,Modeling a large ultra-low-temperature district heating system with a focus on an aquifer thermal energy storage,Chicherin S.,Journal of Energy Storage,2026-01-20,10.1016/j.est.2025.119633,0,https://api.elsevier.com/content/abstract/scopus_id/105022884188
5th generation AND district heating and cooling,Assessment of a polygeneration system for district heating and cooling using biogas from wastewater treatment plants,Picardo A.,Energy Conversion and Management,2026-01-15,10.1016/j.enconman.2025.120615,0,https://api.elsevier.com/content/abstract/scopus_id/105017553067
5th generation AND district heating and cooling,Consensus clustering of residential districts under various DR regimes: Stable flexibility oriented building clusters,Jafarinejad T.,Energy and Buildings,2026-01-15,10.1016/j.enbuild.2025.116694,0,https://api.elsevier.com/content/abstract/scopus_id/105021931301
5th generation AND district heating and cooling,My-AESOPT: A systematic approach for the optimal investment planning and design of aggregated energy systems,Dipierro V.,Applied Energy,2026-01-15,10.1016/j.apenergy.2025.127006,0,https://api.elsevier.com/content/abstract/scopus_id/105022437412
5th generation AND district heating and cooling,A Tool for the Optimal Design of Climate Resilient Thermal Energy Networks. Part 2: District Heating and Cooling Network Model,Villa G.,Lecture Notes in Civil Engineering,2026-01-01,10.1007/978-3-032-06806-4_30,0,https://api.elsevier.com/content/abstract/scopus_id/105023591390
5th generation AND district heating and cooling,Sizing procedure of low-enthalpy district heating and cooling heat pump plants: A case study of the Balearic Islands university campus,Bibiloni-Mulet P.A.,Energy and Buildings,2026-01-01,10.1016/j.enbuild.2025.116582,0,https://api.elsevier.com/content/abstract/scopus_id/105022150047
5th generation AND district heating and cooling,A comprehensive techno-economic analysis of solar energy integration in low-temperature district heating and cooling systems,Russo G.,Renewable Energy,2026-01-01,10.1016/j.renene.2025.124017,5,https://api.elsevier.com/content/abstract/scopus_id/105011876473
5th generation AND district heating and cooling,"Evaluating Retrofit Strategies and Decentralized Systems for the Transition to Low-Temperature District Heating: A Simulation-Based Case Study in Borlänge, Sweden",Ayyathurai V.P.,Lecture Notes in Computer Science,2026-01-01,10.1007/978-3-032-03101-3_6,0,https://api.elsevier.com/content/abstract/scopus_id/105021834383
5th generation AND district heating and cooling,A review on optimization of district energy systems,Abdelghani D.,Renewable and Sustainable Energy Reviews,2026-01-01,10.1016/j.rser.2025.116041,1,https://api.elsevier.com/content/abstract/scopus_id/105012629133
5th generation AND district heating and cooling,District heating modeling tools: A review based on design and simulation of renewable district heating networks,Valentini L.V.,Energy Conversion and Management X,2026-01-01,10.1016/j.ecmx.2025.101414,0,https://api.elsevier.com/content/abstract/scopus_id/105023079317
5th generation AND district heating and cooling,Method for Optimal Implementation of Energy Efficient Technologies in Heating Systems,Polyvianchuk A.,Lecture Notes in Networks and Systems,2026-01-01,10.1007/978-3-032-06832-3_17,0,https://api.elsevier.com/content/abstract/scopus_id/105019649539
5th generation AND district heating and cooling,Response surface methodology-based multi-objective optimization of uniform flow orifice plate in stratified thermal water pit for improving energy storage efficiency,Ren Y.,Journal of Energy Storage,2026-01-01,10.1016/j.est.2025.119339,0,https://api.elsevier.com/content/abstract/scopus_id/105021298928
5th generation AND district heating and cooling,Thermal energy storage–coupled heat pump systems: Review of configurations and modelling approaches,Zhou J.,Renewable and Sustainable Energy Reviews,2026-01-01,10.1016/j.rser.2025.116226,1,https://api.elsevier.com/content/abstract/scopus_id/105014016864
5th generation AND district heating and cooling,"Integrating solutions for enabling the sustainable development of energy, water and environment systems",Kılkış Ş.,Energy Conversion and Management,2026-01-01,10.1016/j.enconman.2025.120492,1,https://api.elsevier.com/content/abstract/scopus_id/105016830534
5th generation AND district heating and cooling,Co-simulation of building energy and geothermal systems: A review,Yazdani H.,Energy and Buildings,2026-01-01,10.1016/j.enbuild.2025.116550,1,https://api.elsevier.com/content/abstract/scopus_id/105020979635
5th generation AND district heating and cooling,State-of-the-art low temperature phase change material (PCM) for air conditioning system,Tahir Y.,Energy and Buildings,2026-01-01,10.1016/j.enbuild.2025.116614,0,https://api.elsevier.com/content/abstract/scopus_id/105020918240
5th generation AND district heating and cooling,Sustainable energy solutions for dairy farms under the bio-circular economy approach: dynamic modelling and energy and economic analysis,Calise F.,Renewable Energy,2026-01-01,10.1016/j.renene.2025.123886,2,https://api.elsevier.com/content/abstract/scopus_id/105009489838
5th generation AND district heating and cooling,Uncertainty-driven optimization of photovoltaic-integrated building-level energy Hubs: Advancing SDG 7 targets,Kiani-Moghaddam M.,Renewable Energy,2026-01-01,10.1016/j.renene.2025.124115,0,https://api.elsevier.com/content/abstract/scopus_id/105014004588
5th generation AND district heating and cooling,Sustainability-aligned pathways for energy transition: A review of low-carbon energy network solutions,ur Rehman A.,Renewable and Sustainable Energy Reviews,2026-01-01,10.1016/j.rser.2025.116428,0,https://api.elsevier.com/content/abstract/scopus_id/105021041650
5th generation AND district heating and cooling,A comprehensive review of deep reinforcement learning applications from centralized power generation to modern energy internet frameworks,Mahmud S.,Renewable and Sustainable Energy Reviews,2026-01-01,10.1016/j.rser.2025.116481,0,https://api.elsevier.com/content/abstract/scopus_id/105021859452
5th generation AND district heating and cooling,Cryogenic cold energy storage for liquefied natural gas utilization,Wu Y.,Renewable and Sustainable Energy Reviews,2026-01-01,10.1016/j.rser.2025.116358,0,https://api.elsevier.com/content/abstract/scopus_id/105020934015
5th generation AND district thermal,Opportunities and costs for shared ground loops,Barns D.G.,Renewable and Sustainable Energy Reviews,2026-03-01,10.1016/j.rser.2025.116490,0,https://api.elsevier.com/content/abstract/scopus_id/105023483228
5th generation AND district thermal,"Artificial Intelligence in Deep Geothermal Energy: Trends, Insights, and Future Perspectives",Sheini Dashtgoli D.,Renewable Energy Focus,2026-03-01,10.1016/j.ref.2025.100781,0,https://api.elsevier.com/content/abstract/scopus_id/105021063753
5th generation AND district thermal,Evaluating the sustainability of pv technologies and their cooling systems: a life cycle assessment review,El Kassar R.,Applied Energy,2026-02-01,10.1016/j.apenergy.2025.127187,0,https://api.elsevier.com/content/abstract/scopus_id/105023704973
5th generation AND district thermal,An interpretable prediction model for global horizontal irradiance based on Improved-Informer,Chen W.,Measurement Journal of the International Measurement Confederation,2026-01-30,10.1016/j.measurement.2025.119449,0,https://api.elsevier.com/content/abstract/scopus_id/105020946728
5th generation AND district thermal,Modeling a large ultra-low-temperature district heating system with a focus on an aquifer thermal energy storage,Chicherin S.,Journal of Energy Storage,2026-01-20,10.1016/j.est.2025.119633,0,https://api.elsevier.com/content/abstract/scopus_id/105022884188
5th generation AND district thermal,Assessment of a polygeneration system for district heating and cooling using biogas from wastewater treatment plants,Picardo A.,Energy Conversion and Management,2026-01-15,10.1016/j.enconman.2025.120615,0,https://api.elsevier.com/content/abstract/scopus_id/105017553067
5th generation AND district thermal,Consensus clustering of residential districts under various DR regimes: Stable flexibility oriented building clusters,Jafarinejad T.,Energy and Buildings,2026-01-15,10.1016/j.enbuild.2025.116694,0,https://api.elsevier.com/content/abstract/scopus_id/105021931301
5th generation AND district thermal,My-AESOPT: A systematic approach for the optimal investment planning and design of aggregated energy systems,Dipierro V.,Applied Energy,2026-01-15,10.1016/j.apenergy.2025.127006,0,https://api.elsevier.com/content/abstract/scopus_id/105022437412
5th generation AND district thermal,A systematic review on the adoption of artificial intelligence technologies in renewable energy systems in Australia,Andeobu L.,Engineering Applications of Artificial Intelligence,2026-01-15,10.1016/j.engappai.2025.113333,0,https://api.elsevier.com/content/abstract/scopus_id/105023136388
5th generation AND district thermal,A Tool for the Optimal Design of Climate Resilient Thermal Energy Networks. Part 2: District Heating and Cooling Network Model,Villa G.,Lecture Notes in Civil Engineering,2026-01-01,10.1007/978-3-032-06806-4_30,0,https://api.elsevier.com/content/abstract/scopus_id/105023591390
5th generation AND district thermal,A comprehensive techno-economic analysis of solar energy integration in low-temperature district heating and cooling systems,Russo G.,Renewable Energy,2026-01-01,10.1016/j.renene.2025.124017,5,https://api.elsevier.com/content/abstract/scopus_id/105011876473
5th generation AND district thermal,Sizing procedure of low-enthalpy district heating and cooling heat pump plants: A case study of the Balearic Islands university campus,Bibiloni-Mulet P.A.,Energy and Buildings,2026-01-01,10.1016/j.enbuild.2025.116582,0,https://api.elsevier.com/content/abstract/scopus_id/105022150047
5th generation AND district thermal,"Evaluating Retrofit Strategies and Decentralized Systems for the Transition to Low-Temperature District Heating: A Simulation-Based Case Study in Borlänge, Sweden",Ayyathurai V.P.,Lecture Notes in Computer Science,2026-01-01,10.1007/978-3-032-03101-3_6,0,https://api.elsevier.com/content/abstract/scopus_id/105021834383
5th generation AND district thermal,District heating modeling tools: A review based on design and simulation of renewable district heating networks,Valentini L.V.,Energy Conversion and Management X,2026-01-01,10.1016/j.ecmx.2025.101414,0,https://api.elsevier.com/content/abstract/scopus_id/105023079317
5th generation AND district thermal,A review on optimization of district energy systems,Abdelghani D.,Renewable and Sustainable Energy Reviews,2026-01-01,10.1016/j.rser.2025.116041,1,https://api.elsevier.com/content/abstract/scopus_id/105012629133
5th generation AND district thermal,Response surface methodology-based multi-objective optimization of uniform flow orifice plate in stratified thermal water pit for improving energy storage efficiency,Ren Y.,Journal of Energy Storage,2026-01-01,10.1016/j.est.2025.119339,0,https://api.elsevier.com/content/abstract/scopus_id/105021298928
5th generation AND district thermal,Thermal energy storage–coupled heat pump systems: Review of configurations and modelling approaches,Zhou J.,Renewable and Sustainable Energy Reviews,2026-01-01,10.1016/j.rser.2025.116226,1,https://api.elsevier.com/content/abstract/scopus_id/105014016864
5th generation AND district thermal,Co-simulation of building energy and geothermal systems: A review,Yazdani H.,Energy and Buildings,2026-01-01,10.1016/j.enbuild.2025.116550,1,https://api.elsevier.com/content/abstract/scopus_id/105020979635
5th generation AND district thermal,Method for Optimal Implementation of Energy Efficient Technologies in Heating Systems,Polyvianchuk A.,Lecture Notes in Networks and Systems,2026-01-01,10.1007/978-3-032-06832-3_17,0,https://api.elsevier.com/content/abstract/scopus_id/105019649539
5th generation AND district thermal,"Integrating solutions for enabling the sustainable development of energy, water and environment systems",Kılkış Ş.,Energy Conversion and Management,2026-01-01,10.1016/j.enconman.2025.120492,1,https://api.elsevier.com/content/abstract/scopus_id/105016830534
5th generation AND district thermal,Cryogenic cold energy storage for liquefied natural gas utilization,Wu Y.,Renewable and Sustainable Energy Reviews,2026-01-01,10.1016/j.rser.2025.116358,0,https://api.elsevier.com/content/abstract/scopus_id/105020934015
5th generation AND district thermal,A comprehensive review of deep reinforcement learning applications from centralized power generation to modern energy internet frameworks,Mahmud S.,Renewable and Sustainable Energy Reviews,2026-01-01,10.1016/j.rser.2025.116481,0,https://api.elsevier.com/content/abstract/scopus_id/105021859452
5th generation AND district thermal,Sustainable energy solutions for dairy farms under the bio-circular economy approach: dynamic modelling and energy and economic analysis,Calise F.,Renewable Energy,2026-01-01,10.1016/j.renene.2025.123886,2,https://api.elsevier.com/content/abstract/scopus_id/105009489838
5th generation AND district thermal,Local energy community with a power-to-gas system: A feasibility case study and performance analysis,Amin A.,Renewable and Sustainable Energy Reviews,2026-01-01,10.1016/j.rser.2025.116147,1,https://api.elsevier.com/content/abstract/scopus_id/105014722004
5th generation AND district thermal,Sustainability-aligned pathways for energy transition: A review of low-carbon energy network solutions,ur Rehman A.,Renewable and Sustainable Energy Reviews,2026-01-01,10.1016/j.rser.2025.116428,0,https://api.elsevier.com/content/abstract/scopus_id/105021041650
5th generation AND district energy,Opportunities and costs for shared ground loops,Barns D.G.,Renewable and Sustainable Energy Reviews,2026-03-01,10.1016/j.rser.2025.116490,0,https://api.elsevier.com/content/abstract/scopus_id/105023483228
5th generation AND district energy,"Artificial Intelligence in Deep Geothermal Energy: Trends, Insights, and Future Perspectives",Sheini Dashtgoli D.,Renewable Energy Focus,2026-03-01,10.1016/j.ref.2025.100781,0,https://api.elsevier.com/content/abstract/scopus_id/105021063753
5th generation AND district energy,LAMSNN: Learnable adaptive modulation for artifact suppression in spiking underwater image enhancement networks,Shao J.,Neural Networks,2026-03-01,10.1016/j.neunet.2025.108210,0,https://api.elsevier.com/content/abstract/scopus_id/105019640107
5th generation AND district energy,A systematic literature review of spatio-temporal graph neural network models for time series forecasting and classification,Corradini F.,Neural Networks,2026-03-01,10.1016/j.neunet.2025.108269,0,https://api.elsevier.com/content/abstract/scopus_id/105021858647
5th generation AND district energy,Spatio-temporal data fusion framework based on large language model for enhanced prediction of electric vehicle charging demand in smart grid management,Shang Y.,Information Fusion,2026-02-01,10.1016/j.inffus.2025.103692,2,https://api.elsevier.com/content/abstract/scopus_id/105015491628
5th generation AND district energy,Design of the CiADS timing and fast protection system,Zheng H.,Nuclear Instruments and Methods in Physics Research Section A Accelerators Spectrometers Detectors and Associated Equipment,2026-02-01,10.1016/j.nima.2025.170907,0,https://api.elsevier.com/content/abstract/scopus_id/105012919216
5th generation AND district energy,Evaluating the sustainability of pv technologies and their cooling systems: a life cycle assessment review,El Kassar R.,Applied Energy,2026-02-01,10.1016/j.apenergy.2025.127187,0,https://api.elsevier.com/content/abstract/scopus_id/105023704973
5th generation AND district energy,"Machine learning in peak demand forecasting: foundations, trends, and insights",Dai S.,Renewable and Sustainable Energy Reviews,2026-02-01,10.1016/j.rser.2025.116500,0,https://api.elsevier.com/content/abstract/scopus_id/105023091456
5th generation AND district energy,Exploring the influence of microbialite microfabrics and diagenetic evolution on reservoir quality: the key role of detailed petrography,Frías-Saba R.d.C.,Facies,2026-02-01,10.1007/s10347-025-00715-3,0,https://api.elsevier.com/content/abstract/scopus_id/105020721360
5th generation AND district energy,An interpretable prediction model for global horizontal irradiance based on Improved-Informer,Chen W.,Measurement Journal of the International Measurement Confederation,2026-01-30,10.1016/j.measurement.2025.119449,0,https://api.elsevier.com/content/abstract/scopus_id/105020946728
5th generation AND district energy,Modeling a large ultra-low-temperature district heating system with a focus on an aquifer thermal energy storage,Chicherin S.,Journal of Energy Storage,2026-01-20,10.1016/j.est.2025.119633,0,https://api.elsevier.com/content/abstract/scopus_id/105022884188
5th generation AND district energy,Assessment of a polygeneration system for district heating and cooling using biogas from wastewater treatment plants,Picardo A.,Energy Conversion and Management,2026-01-15,10.1016/j.enconman.2025.120615,0,https://api.elsevier.com/content/abstract/scopus_id/105017553067
5th generation AND district energy,Consensus clustering of residential districts under various DR regimes: Stable flexibility oriented building clusters,Jafarinejad T.,Energy and Buildings,2026-01-15,10.1016/j.enbuild.2025.116694,0,https://api.elsevier.com/content/abstract/scopus_id/105021931301
5th generation AND district energy,My-AESOPT: A systematic approach for the optimal investment planning and design of aggregated energy systems,Dipierro V.,Applied Energy,2026-01-15,10.1016/j.apenergy.2025.127006,0,https://api.elsevier.com/content/abstract/scopus_id/105022437412
5th generation AND district energy,A systematic review on the adoption of artificial intelligence technologies in renewable energy systems in Australia,Andeobu L.,Engineering Applications of Artificial Intelligence,2026-01-15,10.1016/j.engappai.2025.113333,0,https://api.elsevier.com/content/abstract/scopus_id/105023136388
5th generation AND district energy,Non-intrusive hourly occupancy detection in residential buildings using remotely readable water meter data: Validation and large-scale analysis,Schaffer M.,Building and Environment,2026-01-15,10.1016/j.buildenv.2025.113917,0,https://api.elsevier.com/content/abstract/scopus_id/105021479400
5th generation AND district energy,Expert system for non-technical loss detection in power distribution grids using particle swarm optimization and nested power flow integration,Livanos N.A.,Expert Systems with Applications,2026-01-15,10.1016/j.eswa.2025.128997,1,https://api.elsevier.com/content/abstract/scopus_id/105011596204
5th generation AND district energy,Accurate calibration of effective stress cells using a novel chamber for monitoring effective stresses in three different boundary conditions,Ye H.J.,Ocean Engineering,2026-01-15,10.1016/j.oceaneng.2025.123154,0,https://api.elsevier.com/content/abstract/scopus_id/105020787358
5th generation AND district energy,A Tool for the Optimal Design of Climate Resilient Thermal Energy Networks. Part 2: District Heating and Cooling Network Model,Villa G.,Lecture Notes in Civil Engineering,2026-01-01,10.1007/978-3-032-06806-4_30,0,https://api.elsevier.com/content/abstract/scopus_id/105023591390
5th generation AND district energy,A comprehensive techno-economic analysis of solar energy integration in low-temperature district heating and cooling systems,Russo G.,Renewable Energy,2026-01-01,10.1016/j.renene.2025.124017,5,https://api.elsevier.com/content/abstract/scopus_id/105011876473
5th generation AND district energy,"Evaluating Retrofit Strategies and Decentralized Systems for the Transition to Low-Temperature District Heating: A Simulation-Based Case Study in Borlänge, Sweden",Ayyathurai V.P.,Lecture Notes in Computer Science,2026-01-01,10.1007/978-3-032-03101-3_6,0,https://api.elsevier.com/content/abstract/scopus_id/105021834383
5th generation AND district energy,A review on optimization of district energy systems,Abdelghani D.,Renewable and Sustainable Energy Reviews,2026-01-01,10.1016/j.rser.2025.116041,1,https://api.elsevier.com/content/abstract/scopus_id/105012629133
5th generation AND district energy,Sizing procedure of low-enthalpy district heating and cooling heat pump plants: A case study of the Balearic Islands university campus,Bibiloni-Mulet P.A.,Energy and Buildings,2026-01-01,10.1016/j.enbuild.2025.116582,0,https://api.elsevier.com/content/abstract/scopus_id/105022150047
5th generation AND district energy,District heating modeling tools: A review based on design and simulation of renewable district heating networks,Valentini L.V.,Energy Conversion and Management X,2026-01-01,10.1016/j.ecmx.2025.101414,0,https://api.elsevier.com/content/abstract/scopus_id/105023079317
5th generation AND district energy,Response surface methodology-based multi-objective optimization of uniform flow orifice plate in stratified thermal water pit for improving energy storage efficiency,Ren Y.,Journal of Energy Storage,2026-01-01,10.1016/j.est.2025.119339,0,https://api.elsevier.com/content/abstract/scopus_id/105021298928
5th generation AND district heat pump,Opportunities and costs for shared ground loops,Barns D.G.,Renewable and Sustainable Energy Reviews,2026-03-01,10.1016/j.rser.2025.116490,0,https://api.elsevier.com/content/abstract/scopus_id/105023483228
5th generation AND district heat pump,"Artificial Intelligence in Deep Geothermal Energy: Trends, Insights, and Future Perspectives",Sheini Dashtgoli D.,Renewable Energy Focus,2026-03-01,10.1016/j.ref.2025.100781,0,https://api.elsevier.com/content/abstract/scopus_id/105021063753
5th generation AND district heat pump,Modeling a large ultra-low-temperature district heating system with a focus on an aquifer thermal energy storage,Chicherin S.,Journal of Energy Storage,2026-01-20,10.1016/j.est.2025.119633,0,https://api.elsevier.com/content/abstract/scopus_id/105022884188
5th generation AND district heat pump,Assessment of a polygeneration system for district heating and cooling using biogas from wastewater treatment plants,Picardo A.,Energy Conversion and Management,2026-01-15,10.1016/j.enconman.2025.120615,0,https://api.elsevier.com/content/abstract/scopus_id/105017553067
5th generation AND district heat pump,Consensus clustering of residential districts under various DR regimes: Stable flexibility oriented building clusters,Jafarinejad T.,Energy and Buildings,2026-01-15,10.1016/j.enbuild.2025.116694,0,https://api.elsevier.com/content/abstract/scopus_id/105021931301
5th generation AND district heat pump,A systematic review on the adoption of artificial intelligence technologies in renewable energy systems in Australia,Andeobu L.,Engineering Applications of Artificial Intelligence,2026-01-15,10.1016/j.engappai.2025.113333,0,https://api.elsevier.com/content/abstract/scopus_id/105023136388
5th generation AND district heat pump,Sizing procedure of low-enthalpy district heating and cooling heat pump plants: A case study of the Balearic Islands university campus,Bibiloni-Mulet P.A.,Energy and Buildings,2026-01-01,10.1016/j.enbuild.2025.116582,0,https://api.elsevier.com/content/abstract/scopus_id/105022150047
5th generation AND district heat pump,A Tool for the Optimal Design of Climate Resilient Thermal Energy Networks. Part 2: District Heating and Cooling Network Model,Villa G.,Lecture Notes in Civil Engineering,2026-01-01,10.1007/978-3-032-06806-4_30,0,https://api.elsevier.com/content/abstract/scopus_id/105023591390
5th generation AND district heat pump,"Evaluating Retrofit Strategies and Decentralized Systems for the Transition to Low-Temperature District Heating: A Simulation-Based Case Study in Borlänge, Sweden",Ayyathurai V.P.,Lecture Notes in Computer Science,2026-01-01,10.1007/978-3-032-03101-3_6,0,https://api.elsevier.com/content/abstract/scopus_id/105021834383
5th generation AND district heat pump,Thermal energy storage–coupled heat pump systems: Review of configurations and modelling approaches,Zhou J.,Renewable and Sustainable Energy Reviews,2026-01-01,10.1016/j.rser.2025.116226,1,https://api.elsevier.com/content/abstract/scopus_id/105014016864
5th generation AND district heat pump,A comprehensive techno-economic analysis of solar energy integration in low-temperature district heating and cooling systems,Russo G.,Renewable Energy,2026-01-01,10.1016/j.renene.2025.124017,5,https://api.elsevier.com/content/abstract/scopus_id/105011876473
5th generation AND district heat pump,District heating modeling tools: A review based on design and simulation of renewable district heating networks,Valentini L.V.,Energy Conversion and Management X,2026-01-01,10.1016/j.ecmx.2025.101414,0,https://api.elsevier.com/content/abstract/scopus_id/105023079317
5th generation AND district heat pump,A review on optimization of district energy systems,Abdelghani D.,Renewable and Sustainable Energy Reviews,2026-01-01,10.1016/j.rser.2025.116041,1,https://api.elsevier.com/content/abstract/scopus_id/105012629133
5th generation AND district heat pump,Co-simulation of building energy and geothermal systems: A review,Yazdani H.,Energy and Buildings,2026-01-01,10.1016/j.enbuild.2025.116550,1,https://api.elsevier.com/content/abstract/scopus_id/105020979635
5th generation AND district heat pump,Response surface methodology-based multi-objective optimization of uniform flow orifice plate in stratified thermal water pit for improving energy storage efficiency,Ren Y.,Journal of Energy Storage,2026-01-01,10.1016/j.est.2025.119339,0,https://api.elsevier.com/content/abstract/scopus_id/105021298928
5th generation AND district heat pump,"Integrating solutions for enabling the sustainable development of energy, water and environment systems",Kılkış Ş.,Energy Conversion and Management,2026-01-01,10.1016/j.enconman.2025.120492,1,https://api.elsevier.com/content/abstract/scopus_id/105016830534
5th generation AND district heat pump,Sustainability-aligned pathways for energy transition: A review of low-carbon energy network solutions,ur Rehman A.,Renewable and Sustainable Energy Reviews,2026-01-01,10.1016/j.rser.2025.116428,0,https://api.elsevier.com/content/abstract/scopus_id/105021041650
5th generation AND district heat pump,Uncertainty-driven optimization of photovoltaic-integrated building-level energy Hubs: Advancing SDG 7 targets,Kiani-Moghaddam M.,Renewable Energy,2026-01-01,10.1016/j.renene.2025.124115,0,https://api.elsevier.com/content/abstract/scopus_id/105014004588
5th generation AND district heat pump,Sustainable energy solutions for dairy farms under the bio-circular economy approach: dynamic modelling and energy and economic analysis,Calise F.,Renewable Energy,2026-01-01,10.1016/j.renene.2025.123886,2,https://api.elsevier.com/content/abstract/scopus_id/105009489838
5th generation AND district heat pump,State-of-the-art low temperature phase change material (PCM) for air conditioning system,Tahir Y.,Energy and Buildings,2026-01-01,10.1016/j.enbuild.2025.116614,0,https://api.elsevier.com/content/abstract/scopus_id/105020918240
5th generation AND district heat pump,A comprehensive review of deep reinforcement learning applications from centralized power generation to modern energy internet frameworks,Mahmud S.,Renewable and Sustainable Energy Reviews,2026-01-01,10.1016/j.rser.2025.116481,0,https://api.elsevier.com/content/abstract/scopus_id/105021859452
5th generation AND district heat pump,Distributed control and optimization in building energy systems: a technical survey of multi-agent architectures and algorithms,Abdalla A.N.,Energy and Buildings,2026-01-01,10.1016/j.enbuild.2025.116644,0,https://api.elsevier.com/content/abstract/scopus_id/105020918569
5th generation AND district heat pump,Demand Response in Smart Microgrids: Advanced and Optimal Energy Management Strategies,Ouassaid M.,Studies in Systems Decision and Control,2026-01-01,10.1007/978-3-032-02492-3,0,https://api.elsevier.com/content/abstract/scopus_id/105020789714
5th generation AND district heat pump,Membrane-based liquid cooling strategy enabling sustainable high-heat-flux thermal management,Sui Z.,Energy,2025-12-30,10.1016/j.energy.2025.139413,0,https://api.elsevier.com/content/abstract/scopus_id/105022787253
5th generation AND district heat pump,"Comparative techno-economic assessment of solar district heating architectures based on combined solar thermal collectors, heat pumps, PVs and batteries",Braimakis K.,Applied Thermal Engineering,2025-12-15,10.1016/j.applthermaleng.2025.128723,0,https://api.elsevier.com/content/abstract/scopus_id/105020879955
5th generation AND thermal network,Small or large superpixel graphs? Gaussian influence walk with rebound can assist,Iqbal M.,Pattern Recognition,2026-04-01,10.1016/j.patcog.2025.112777,0,https://api.elsevier.com/content/abstract/scopus_id/105022634415
5th generation AND thermal network,Opportunities and costs for shared ground loops,Barns D.G.,Renewable and Sustainable Energy Reviews,2026-03-01,10.1016/j.rser.2025.116490,0,https://api.elsevier.com/content/abstract/scopus_id/105023483228
5th generation AND thermal network,Comparative analysis of machine learning and hybrid models for global horizontal irradiance prediction: a case study in Morocco,Ghiate S.,International Journal of Energy and Water Resources,2026-03-01,10.1007/s42108-025-00429-w,0,https://api.elsevier.com/content/abstract/scopus_id/105022615850
5th generation AND thermal network,Machine learning-based approach for predicting the isobaric heat capacity of biodiesel,Bueno V.F.d.S.,Fuel,2026-03-01,10.1016/j.fuel.2025.137574,0,https://api.elsevier.com/content/abstract/scopus_id/105022098860
5th generation AND thermal network,"Artificial Intelligence in Deep Geothermal Energy: Trends, Insights, and Future Perspectives",Sheini Dashtgoli D.,Renewable Energy Focus,2026-03-01,10.1016/j.ref.2025.100781,0,https://api.elsevier.com/content/abstract/scopus_id/105021063753
5th generation AND thermal network,Data-driven and computational insights into borophene: Integrating machine learning with DFT and AI,Patel R.,Coordination Chemistry Reviews,2026-03-01,10.1016/j.ccr.2025.217385,0,https://api.elsevier.com/content/abstract/scopus_id/105022217107
5th generation AND thermal network,"Utilizing solar energy for UAVs: Advancements, challenges and future perspectives in defense and military applications - A review",Ismail N.,Solar Energy Materials and Solar Cells,2026-03-01,10.1016/j.solmat.2025.114075,0,https://api.elsevier.com/content/abstract/scopus_id/105022119899
5th generation AND thermal network,Multistep diesel vehicle emissions forecasting with an efficient transformer enhanced by temporal-frequency fusion and covariate interaction,Luo Y.,Expert Systems with Applications,2026-03-01,10.1016/j.eswa.2025.129532,0,https://api.elsevier.com/content/abstract/scopus_id/105015299190
5th generation AND thermal network,"Review on Fan-Out Packaging of Light-Emitting Diodes: Process Route, Manufacturing Reliability, and Performance Optimization",Li Z.T.,Journal of Electronic Packaging,2026-03-01,10.1115/1.4069750,0,https://api.elsevier.com/content/abstract/scopus_id/105020807361
5th generation AND thermal network,Functional nanomaterial-based biosensors as complex adaptive systems for early plant disease detection for sustainable agriculture,Sonu S.,Materials Science in Semiconductor Processing,2026-03-01,10.1016/j.mssp.2025.110222,0,https://api.elsevier.com/content/abstract/scopus_id/105021855420
5th generation AND thermal network,"Modelling, optimisation and management strategies for a microgrid with integrated thermal energy storage",D'Angelo P.,Mathematics and Computers in Simulation,2026-02-01,10.1016/j.matcom.2025.07.055,3,https://api.elsevier.com/content/abstract/scopus_id/105012429691
5th generation AND thermal network,Graph-enhanced residual attention networks for high-resolution reconstruction in VSHDOM,Wang Q.,Journal of Quantitative Spectroscopy and Radiative Transfer,2026-02-01,10.1016/j.jqsrt.2025.109754,0,https://api.elsevier.com/content/abstract/scopus_id/105022295427
5th generation AND thermal network,Feedback correction method for phase compensation-based low-frequency thermal noise suppression in space gravitational wave detection,Deng Q.,International Communications in Heat and Mass Transfer,2026-02-01,10.1016/j.icheatmasstransfer.2025.110076,0,https://api.elsevier.com/content/abstract/scopus_id/105022477577
5th generation AND thermal network,Linear active disturbance rejection control for MPPT with dynamic optimization based on AC algorithm,Zhou X.,Electric Power Systems Research,2026-02-01,10.1016/j.epsr.2025.112283,0,https://api.elsevier.com/content/abstract/scopus_id/105016679214
5th generation AND thermal network,A survey of machine learning-driven task scheduling approaches for multiprocessor systems,Rahim S.,Journal of Systems Architecture,2026-02-01,10.1016/j.sysarc.2025.103628,0,https://api.elsevier.com/content/abstract/scopus_id/105022911622
5th generation AND thermal network,Fundamental flaws of physics-informed neural networks and explainability methods in engineering systems,Naser M.Z.,Computers and Industrial Engineering,2026-02-01,10.1016/j.cie.2025.111704,0,https://api.elsevier.com/content/abstract/scopus_id/105023441648
5th generation AND thermal network,Plate heat exchanger: A state-of-the-art review,Al-Zahrani S.,Renewable and Sustainable Energy Reviews,2026-02-01,10.1016/j.rser.2025.116502,0,https://api.elsevier.com/content/abstract/scopus_id/105022599298
5th generation AND thermal network,Semantic segmentation with scale alignment and contextual information fusion for multimodal remote sensing images,Li J.,Information Fusion,2026-02-01,10.1016/j.inffus.2025.103671,1,https://api.elsevier.com/content/abstract/scopus_id/105015136075
5th generation AND thermal network,Boundary-precise semi-supervised medical image segmentation via prototypical mutual learning and cyclic task consistency,Lin Y.C.,Digital Signal Processing A Review Journal,2026-02-01,10.1016/j.dsp.2025.105756,0,https://api.elsevier.com/content/abstract/scopus_id/105023142256
5th generation AND thermal network,Advancement in functional polymer-based security features and pattern printing technologies for anti-counterfeiting applications,Jin Y.,Progress in Organic Coatings,2026-02-01,10.1016/j.porgcoat.2025.109753,0,https://api.elsevier.com/content/abstract/scopus_id/105019923419
5th generation AND thermal network,Investigation of Oil Production with Different CO 2 Injection Methods at Microscale and Macroscale,Zhang J.,Journal of Energy Engineering,2026-02-01,10.1061/JLEED9.EYENG-6222,0,https://api.elsevier.com/content/abstract/scopus_id/105019748904
5th generation AND thermal network,"A comprehensive review of Edge Computing empowered smart agriculture: Trends, Opportunities and Future directions",Sapna ,Computers and Electronics in Agriculture,2026-02-01,10.1016/j.compag.2025.111252,0,https://api.elsevier.com/content/abstract/scopus_id/105022596351
5th generation AND thermal network,A Comprehensive Review of Corrosion Failure Mechanisms in Advanced Materials: Microscopic Insights and Durability Under Extreme Conditions,Alao T.O.,High Temperature Corrosion of Materials,2026-02-01,10.1007/s11085-025-10358-y,0,https://api.elsevier.com/content/abstract/scopus_id/105023213881
5th generation AND thermal network,"A comprehensive review of condition monitoring systems for hydropower stations: Technologies, applications, and future trends",García Márquez F.P.,Electric Power Systems Research,2026-02-01,10.1016/j.epsr.2025.112339,0,https://api.elsevier.com/content/abstract/scopus_id/105018100100
5th generation AND thermal network,"Robot digital twin systems in manufacturing: Technologies, applications, trends and challenges",Qin Q.,Robotics and Computer Integrated Manufacturing,2026-02-01,10.1016/j.rcim.2025.103103,3,https://api.elsevier.com/content/abstract/scopus_id/105013503596
5th generation AND thermal grid,Opportunities and costs for shared ground loops,Barns D.G.,Renewable and Sustainable Energy Reviews,2026-03-01,10.1016/j.rser.2025.116490,0,https://api.elsevier.com/content/abstract/scopus_id/105023483228
5th generation AND thermal grid,Comparative analysis of machine learning and hybrid models for global horizontal irradiance prediction: a case study in Morocco,Ghiate S.,International Journal of Energy and Water Resources,2026-03-01,10.1007/s42108-025-00429-w,0,https://api.elsevier.com/content/abstract/scopus_id/105022615850
5th generation AND thermal grid,"Utilizing solar energy for UAVs: Advancements, challenges and future perspectives in defense and military applications - A review",Ismail N.,Solar Energy Materials and Solar Cells,2026-03-01,10.1016/j.solmat.2025.114075,0,https://api.elsevier.com/content/abstract/scopus_id/105022119899
5th generation AND thermal grid,"Review on Fan-Out Packaging of Light-Emitting Diodes: Process Route, Manufacturing Reliability, and Performance Optimization",Li Z.T.,Journal of Electronic Packaging,2026-03-01,10.1115/1.4069750,0,https://api.elsevier.com/content/abstract/scopus_id/105020807361
5th generation AND thermal grid,"Modelling, optimisation and management strategies for a microgrid with integrated thermal energy storage",D'Angelo P.,Mathematics and Computers in Simulation,2026-02-01,10.1016/j.matcom.2025.07.055,3,https://api.elsevier.com/content/abstract/scopus_id/105012429691
5th generation AND thermal grid,Linear active disturbance rejection control for MPPT with dynamic optimization based on AC algorithm,Zhou X.,Electric Power Systems Research,2026-02-01,10.1016/j.epsr.2025.112283,0,https://api.elsevier.com/content/abstract/scopus_id/105016679214
5th generation AND thermal grid,Real data-based performance analysis of a solar photovoltaic plant on Toledo university campus,Ortiz-Peña A.,Renewable Energy,2026-02-01,10.1016/j.renene.2025.124770,0,https://api.elsevier.com/content/abstract/scopus_id/105021614070
5th generation AND thermal grid,Evaluating the sustainability of pv technologies and their cooling systems: a life cycle assessment review,El Kassar R.,Applied Energy,2026-02-01,10.1016/j.apenergy.2025.127187,0,https://api.elsevier.com/content/abstract/scopus_id/105023704973
5th generation AND thermal grid,Environmental footprints of global geothermal power: Bridging micro-level technological and macro-level national assessments,Liu G.,Energy Conversion and Management,2026-02-01,10.1016/j.enconman.2025.120853,0,https://api.elsevier.com/content/abstract/scopus_id/105023711180
5th generation AND thermal grid,Plate heat exchanger: A state-of-the-art review,Al-Zahrani S.,Renewable and Sustainable Energy Reviews,2026-02-01,10.1016/j.rser.2025.116502,0,https://api.elsevier.com/content/abstract/scopus_id/105022599298
5th generation AND thermal grid,"A comprehensive review of condition monitoring systems for hydropower stations: Technologies, applications, and future trends",García Márquez F.P.,Electric Power Systems Research,2026-02-01,10.1016/j.epsr.2025.112339,0,https://api.elsevier.com/content/abstract/scopus_id/105018100100
5th generation AND thermal grid,An interpretable prediction model for global horizontal irradiance based on Improved-Informer,Chen W.,Measurement Journal of the International Measurement Confederation,2026-01-30,10.1016/j.measurement.2025.119449,0,https://api.elsevier.com/content/abstract/scopus_id/105020946728
5th generation AND thermal grid,Reinforcement learning competitive–cooperative optimizer for multi-area dynamic power dispatch,Cao P.,Applied Thermal Engineering,2026-01-30,10.1016/j.applthermaleng.2025.129108,0,https://api.elsevier.com/content/abstract/scopus_id/105022631914
5th generation AND thermal grid,A new method for incipient fault diagnosis of power transformers based on image processing of phase resolved partial discharge pattern of transformer oil,Tharamal L.,Measurement Journal of the International Measurement Confederation,2026-01-30,10.1016/j.measurement.2025.119536,0,https://api.elsevier.com/content/abstract/scopus_id/105020664926
5th generation AND thermal grid,Integrating IoT-enabled automated impressed current cathodic protection systems with metal potential monitoring: a digital technology approach to address corrosion for promoting environmental ecosystem conservation,Budiman F.,Measurement Journal of the International Measurement Confederation,2026-01-30,10.1016/j.measurement.2025.119167,0,https://api.elsevier.com/content/abstract/scopus_id/105017637448
5th generation AND thermal grid,Cross-scale recognition of dense insulators and defects in complex power grid environments,Wang Q.,Engineering Applications of Artificial Intelligence,2026-01-15,10.1016/j.engappai.2025.113283,0,https://api.elsevier.com/content/abstract/scopus_id/105022876540
5th generation AND thermal grid,AI-driven IoT recommender system for enhancing energy efficient management in smart houses,Rodrigues T.,Expert Systems with Applications,2026-01-15,10.1016/j.eswa.2025.129108,1,https://api.elsevier.com/content/abstract/scopus_id/105011877918
5th generation AND thermal grid,A systematic review on the adoption of artificial intelligence technologies in renewable energy systems in Australia,Andeobu L.,Engineering Applications of Artificial Intelligence,2026-01-15,10.1016/j.engappai.2025.113333,0,https://api.elsevier.com/content/abstract/scopus_id/105023136388
5th generation AND thermal grid,Consensus clustering of residential districts under various DR regimes: Stable flexibility oriented building clusters,Jafarinejad T.,Energy and Buildings,2026-01-15,10.1016/j.enbuild.2025.116694,0,https://api.elsevier.com/content/abstract/scopus_id/105021931301
5th generation AND thermal grid,My-AESOPT: A systematic approach for the optimal investment planning and design of aggregated energy systems,Dipierro V.,Applied Energy,2026-01-15,10.1016/j.apenergy.2025.127006,0,https://api.elsevier.com/content/abstract/scopus_id/105022437412
5th generation AND thermal grid,Effects of the electricity consumption profile on the optimal renewable energy supply,Mayer M.J.,Energy Conversion and Management,2026-01-15,10.1016/j.enconman.2025.120797,0,https://api.elsevier.com/content/abstract/scopus_id/105023496161
5th generation AND thermal grid,"Large Language Models Meet Energy Systems: Opportunities, Challenges, and Future Perspectives",Zhang C.,Applied Energy,2026-01-15,10.1016/j.apenergy.2025.127076,0,https://api.elsevier.com/content/abstract/scopus_id/105021938158
5th generation AND thermal grid,Economic optimization of modular solid oxide electrolysis system considering degradation and lifetime,Beyrami J.,Energy Conversion and Management,2026-01-15,10.1016/j.enconman.2025.120782,0,https://api.elsevier.com/content/abstract/scopus_id/105022816084
5th generation AND thermal grid,Targeted and cost-efficient solar cleaning: A novel RTVA approach to robotic path planning,Üstündağ E.,Applied Energy,2026-01-15,10.1016/j.apenergy.2025.127064,0,https://api.elsevier.com/content/abstract/scopus_id/105021860191
5th generation AND thermal grid,Recent advances in fault diagnosis of ship integrated power systems: A review,Huang K.,Ocean Engineering,2026-01-15,10.1016/j.oceaneng.2025.123141,0,https://api.elsevier.com/content/abstract/scopus_id/105020825123
fifth generation AND district heating and cooling,Opportunities and costs for shared ground loops,Barns D.G.,Renewable and Sustainable Energy Reviews,2026-03-01,10.1016/j.rser.2025.116490,0,https://api.elsevier.com/content/abstract/scopus_id/105023483228
fifth generation AND district heating and cooling,Simulation-based planning for cost-effective and energy-efficient large-scale seasonal thermal energy storage systems,Dahash A.,Renewable Energy,2026-02-15,10.1016/j.renene.2025.124813,0,https://api.elsevier.com/content/abstract/scopus_id/105023657710
fifth generation AND district heating and cooling,Cavern thermal energy storage: State of play and prospects,Müller D.,Applied Energy,2026-02-01,10.1016/j.apenergy.2025.127141,0,https://api.elsevier.com/content/abstract/scopus_id/105022878883
fifth generation AND district heating and cooling,Review on heat transfer and thermo-mechanical behaviour of energy geostructures,Cen D.,Underground Space New,2026-02-01,10.1016/j.undsp.2025.06.003,0,https://api.elsevier.com/content/abstract/scopus_id/105023378429
fifth generation AND district heating and cooling,Modeling a large ultra-low-temperature district heating system with a focus on an aquifer thermal energy storage,Chicherin S.,Journal of Energy Storage,2026-01-20,10.1016/j.est.2025.119633,0,https://api.elsevier.com/content/abstract/scopus_id/105022884188
fifth generation AND district heating and cooling,Synthetic data generation and energy consumption prediction in district building energy modeling,Bolluk S.,Energy and Buildings,2026-01-15,10.1016/j.enbuild.2025.116716,0,https://api.elsevier.com/content/abstract/scopus_id/105022779460
fifth generation AND district heating and cooling,My-AESOPT: A systematic approach for the optimal investment planning and design of aggregated energy systems,Dipierro V.,Applied Energy,2026-01-15,10.1016/j.apenergy.2025.127006,0,https://api.elsevier.com/content/abstract/scopus_id/105022437412
fifth generation AND district heating and cooling,Triggering mechanisms of nucleation in supercooled sodium acetate trihydrate using magnetic actuation,Sun M.,Solar Energy,2026-01-15,10.1016/j.solener.2025.114193,0,https://api.elsevier.com/content/abstract/scopus_id/105023649062
fifth generation AND district heating and cooling,A comprehensive techno-economic analysis of solar energy integration in low-temperature district heating and cooling systems,Russo G.,Renewable Energy,2026-01-01,10.1016/j.renene.2025.124017,5,https://api.elsevier.com/content/abstract/scopus_id/105011876473
fifth generation AND district heating and cooling,Sizing procedure of low-enthalpy district heating and cooling heat pump plants: A case study of the Balearic Islands university campus,Bibiloni-Mulet P.A.,Energy and Buildings,2026-01-01,10.1016/j.enbuild.2025.116582,0,https://api.elsevier.com/content/abstract/scopus_id/105022150047
fifth generation AND district heating and cooling,A Tool for the Optimal Design of Climate Resilient Thermal Energy Networks. Part 2: District Heating and Cooling Network Model,Villa G.,Lecture Notes in Civil Engineering,2026-01-01,10.1007/978-3-032-06806-4_30,0,https://api.elsevier.com/content/abstract/scopus_id/105023591390
fifth generation AND district heating and cooling,"Evaluating Retrofit Strategies and Decentralized Systems for the Transition to Low-Temperature District Heating: A Simulation-Based Case Study in Borlänge, Sweden",Ayyathurai V.P.,Lecture Notes in Computer Science,2026-01-01,10.1007/978-3-032-03101-3_6,0,https://api.elsevier.com/content/abstract/scopus_id/105021834383
fifth generation AND district heating and cooling,A review on optimization of district energy systems,Abdelghani D.,Renewable and Sustainable Energy Reviews,2026-01-01,10.1016/j.rser.2025.116041,1,https://api.elsevier.com/content/abstract/scopus_id/105012629133
fifth generation AND district heating and cooling,District heating modeling tools: A review based on design and simulation of renewable district heating networks,Valentini L.V.,Energy Conversion and Management X,2026-01-01,10.1016/j.ecmx.2025.101414,0,https://api.elsevier.com/content/abstract/scopus_id/105023079317
fifth generation AND district heating and cooling,Advancing an already high-performance smart building with model predictive control: Multi-layer optimization under forecast uncertainty in a real building case,Behzadi A.,Applied Energy,2026-01-01,10.1016/j.apenergy.2025.126999,0,https://api.elsevier.com/content/abstract/scopus_id/105020918060
fifth generation AND district heating and cooling,Experimental investigation on the thermal performance of a novel inverted pyramid-shaped simultaneous cold and heat storage water tank,Ren Y.,International Journal of Thermal Sciences,2026-01-01,10.1016/j.ijthermalsci.2025.110234,1,https://api.elsevier.com/content/abstract/scopus_id/105013360441
fifth generation AND district heating and cooling,Optimising renewable energy community aggregation for urban districts decarbonisation,Buonomano A.,Renewable and Sustainable Energy Reviews,2026-01-01,10.1016/j.rser.2025.116411,0,https://api.elsevier.com/content/abstract/scopus_id/105020376659
fifth generation AND district heating and cooling,"Integrating solutions for enabling the sustainable development of energy, water and environment systems",Kılkış Ş.,Energy Conversion and Management,2026-01-01,10.1016/j.enconman.2025.120492,1,https://api.elsevier.com/content/abstract/scopus_id/105016830534
fifth generation AND district heating and cooling,Research on novel synergistic thermoelectric utilization of ASHP-BIPVF coupled system through advanced air-handling strategies in North America,Fu Y.,Energy and Buildings,2026-01-01,10.1016/j.enbuild.2025.116571,0,https://api.elsevier.com/content/abstract/scopus_id/105020878046
fifth generation AND district heating and cooling,"GIS-driven planning of energy communities: optimising renewables, storage, and demand aggregation in urban areas",Buonomano A.,Renewable Energy,2026-01-01,10.1016/j.renene.2025.124521,0,https://api.elsevier.com/content/abstract/scopus_id/105017231538
fifth generation AND district heating and cooling,Ventilation systems balancing rapid pollutant removal and energy efficiency in the post-pandemic era: a literature review,Zhang J.,Renewable and Sustainable Energy Reviews,2026-01-01,10.1016/j.rser.2025.116175,1,https://api.elsevier.com/content/abstract/scopus_id/105012587022
fifth generation AND district heating and cooling,"A detailed review of evacuated tube solar collectors for sustainable energy, current trends and future prospects",Sood T.,Solar Energy,2026-01-01,10.1016/j.solener.2025.114054,0,https://api.elsevier.com/content/abstract/scopus_id/105020938178
fifth generation AND district heating and cooling,A detailed simulation model for fifth generation district heating and cooling networks with seasonal latent storage evaluated on field data,Kollmar M.,Applied Energy,2025-12-15,10.1016/j.apenergy.2025.126757,0,https://api.elsevier.com/content/abstract/scopus_id/105016611124
fifth generation AND district heating and cooling,Design and flexible operation study of a bidirectional thermal substation based on building thermal battery model in fifth generation heating and cooling systems,Guo Y.,Applied Thermal Engineering,2025-12-15,10.1016/j.applthermaleng.2025.128817,0,https://api.elsevier.com/content/abstract/scopus_id/105022183480
fifth generation AND district heating and cooling,Understanding and coping with uncertainties in district heating systems: a multi-pathway review from probabilistic modeling to intelligent integration,Liang X.,Energy and Buildings,2025-12-15,10.1016/j.enbuild.2025.116514,0,https://api.elsevier.com/content/abstract/scopus_id/105020256918
fifth generation AND district thermal,Opportunities and costs for shared ground loops,Barns D.G.,Renewable and Sustainable Energy Reviews,2026-03-01,10.1016/j.rser.2025.116490,0,https://api.elsevier.com/content/abstract/scopus_id/105023483228
fifth generation AND district thermal,Simulation-based planning for cost-effective and energy-efficient large-scale seasonal thermal energy storage systems,Dahash A.,Renewable Energy,2026-02-15,10.1016/j.renene.2025.124813,0,https://api.elsevier.com/content/abstract/scopus_id/105023657710
fifth generation AND district thermal,Cavern thermal energy storage: State of play and prospects,Müller D.,Applied Energy,2026-02-01,10.1016/j.apenergy.2025.127141,0,https://api.elsevier.com/content/abstract/scopus_id/105022878883
fifth generation AND district thermal,Review on heat transfer and thermo-mechanical behaviour of energy geostructures,Cen D.,Underground Space New,2026-02-01,10.1016/j.undsp.2025.06.003,0,https://api.elsevier.com/content/abstract/scopus_id/105023378429
fifth generation AND district thermal,Thermodynamic and economic analysis of an integrated LiBr/H2O absorption chiller and energy storage system,Xie N.,Applied Thermal Engineering,2026-01-30,10.1016/j.applthermaleng.2025.129182,0,https://api.elsevier.com/content/abstract/scopus_id/105022839293
fifth generation AND district thermal,Modeling a large ultra-low-temperature district heating system with a focus on an aquifer thermal energy storage,Chicherin S.,Journal of Energy Storage,2026-01-20,10.1016/j.est.2025.119633,0,https://api.elsevier.com/content/abstract/scopus_id/105022884188
fifth generation AND district thermal,Synthetic data generation and energy consumption prediction in district building energy modeling,Bolluk S.,Energy and Buildings,2026-01-15,10.1016/j.enbuild.2025.116716,0,https://api.elsevier.com/content/abstract/scopus_id/105022779460
fifth generation AND district thermal,Thermal design characteristics and techno-economic optimization of ultra-high-temperature transcritical heat pumps for waste heat upgrade,Yan Y.,Energy Conversion and Management,2026-01-15,10.1016/j.enconman.2025.120779,0,https://api.elsevier.com/content/abstract/scopus_id/105022807647
fifth generation AND district thermal,My-AESOPT: A systematic approach for the optimal investment planning and design of aggregated energy systems,Dipierro V.,Applied Energy,2026-01-15,10.1016/j.apenergy.2025.127006,0,https://api.elsevier.com/content/abstract/scopus_id/105022437412
fifth generation AND district thermal,Collaborative optimization of hydrogen energy storage-aided multi-energy complementary systems: Resilience weight regulation and hybrid storage planning,Yang Z.,Energy Conversion and Management,2026-01-15,10.1016/j.enconman.2025.120768,0,https://api.elsevier.com/content/abstract/scopus_id/105023158505
fifth generation AND district thermal,Triggering mechanisms of nucleation in supercooled sodium acetate trihydrate using magnetic actuation,Sun M.,Solar Energy,2026-01-15,10.1016/j.solener.2025.114193,0,https://api.elsevier.com/content/abstract/scopus_id/105023649062
fifth generation AND district thermal,A comprehensive techno-economic analysis of solar energy integration in low-temperature district heating and cooling systems,Russo G.,Renewable Energy,2026-01-01,10.1016/j.renene.2025.124017,5,https://api.elsevier.com/content/abstract/scopus_id/105011876473
fifth generation AND district thermal,A Tool for the Optimal Design of Climate Resilient Thermal Energy Networks. Part 2: District Heating and Cooling Network Model,Villa G.,Lecture Notes in Civil Engineering,2026-01-01,10.1007/978-3-032-06806-4_30,0,https://api.elsevier.com/content/abstract/scopus_id/105023591390
fifth generation AND district thermal,"Evaluating Retrofit Strategies and Decentralized Systems for the Transition to Low-Temperature District Heating: A Simulation-Based Case Study in Borlänge, Sweden",Ayyathurai V.P.,Lecture Notes in Computer Science,2026-01-01,10.1007/978-3-032-03101-3_6,0,https://api.elsevier.com/content/abstract/scopus_id/105021834383
fifth generation AND district thermal,Sizing procedure of low-enthalpy district heating and cooling heat pump plants: A case study of the Balearic Islands university campus,Bibiloni-Mulet P.A.,Energy and Buildings,2026-01-01,10.1016/j.enbuild.2025.116582,0,https://api.elsevier.com/content/abstract/scopus_id/105022150047
fifth generation AND district thermal,District heating modeling tools: A review based on design and simulation of renewable district heating networks,Valentini L.V.,Energy Conversion and Management X,2026-01-01,10.1016/j.ecmx.2025.101414,0,https://api.elsevier.com/content/abstract/scopus_id/105023079317
fifth generation AND district thermal,Experimental investigation on the thermal performance of a novel inverted pyramid-shaped simultaneous cold and heat storage water tank,Ren Y.,International Journal of Thermal Sciences,2026-01-01,10.1016/j.ijthermalsci.2025.110234,1,https://api.elsevier.com/content/abstract/scopus_id/105013360441
fifth generation AND district thermal,A review on optimization of district energy systems,Abdelghani D.,Renewable and Sustainable Energy Reviews,2026-01-01,10.1016/j.rser.2025.116041,1,https://api.elsevier.com/content/abstract/scopus_id/105012629133
fifth generation AND district thermal,Advancing an already high-performance smart building with model predictive control: Multi-layer optimization under forecast uncertainty in a real building case,Behzadi A.,Applied Energy,2026-01-01,10.1016/j.apenergy.2025.126999,0,https://api.elsevier.com/content/abstract/scopus_id/105020918060
fifth generation AND district thermal,Air-source ammonia heat pump for district heating: a field modeling approach with focus on frosting-defrosting cycles,Passarelli A.F.,Applied Thermal Engineering,2026-01-01,10.1016/j.applthermaleng.2025.128790,0,https://api.elsevier.com/content/abstract/scopus_id/105020907183
fifth generation AND district thermal,Optimising renewable energy community aggregation for urban districts decarbonisation,Buonomano A.,Renewable and Sustainable Energy Reviews,2026-01-01,10.1016/j.rser.2025.116411,0,https://api.elsevier.com/content/abstract/scopus_id/105020376659
fifth generation AND district thermal,"Integrating solutions for enabling the sustainable development of energy, water and environment systems",Kılkış Ş.,Energy Conversion and Management,2026-01-01,10.1016/j.enconman.2025.120492,1,https://api.elsevier.com/content/abstract/scopus_id/105016830534
fifth generation AND district thermal,Precipitation characteristics and formation mechanisms of prolonged southwesterly flow around southern Taiwan during the Mei-Yu season,Chiu Y.C.,Atmospheric Research,2026-01-01,10.1016/j.atmosres.2025.108460,0,https://api.elsevier.com/content/abstract/scopus_id/105016786052
fifth generation AND district thermal,Research on novel synergistic thermoelectric utilization of ASHP-BIPVF coupled system through advanced air-handling strategies in North America,Fu Y.,Energy and Buildings,2026-01-01,10.1016/j.enbuild.2025.116571,0,https://api.elsevier.com/content/abstract/scopus_id/105020878046
fifth generation AND district thermal,"A detailed review of evacuated tube solar collectors for sustainable energy, current trends and future prospects",Sood T.,Solar Energy,2026-01-01,10.1016/j.solener.2025.114054,0,https://api.elsevier.com/content/abstract/scopus_id/105020938178
fifth generation AND district energy,Tailoring imaging probes for defining glioma invasive margins: Tracing the molecular footprints of cancer cells,He Q.,Biomaterials,2026-04-01,10.1016/j.biomaterials.2025.123779,0,https://api.elsevier.com/content/abstract/scopus_id/105019944694
fifth generation AND district energy,Opportunities and costs for shared ground loops,Barns D.G.,Renewable and Sustainable Energy Reviews,2026-03-01,10.1016/j.rser.2025.116490,0,https://api.elsevier.com/content/abstract/scopus_id/105023483228
fifth generation AND district energy,"Assessing groundwater and climate susceptibility in Masgeredo-Bulal catchment, Ethiopia",Tafesa A.M.,Scientific African,2026-03-01,10.1016/j.sciaf.2025.e03112,0,https://api.elsevier.com/content/abstract/scopus_id/105023481047
fifth generation AND district energy,Simulation-based planning for cost-effective and energy-efficient large-scale seasonal thermal energy storage systems,Dahash A.,Renewable Energy,2026-02-15,10.1016/j.renene.2025.124813,0,https://api.elsevier.com/content/abstract/scopus_id/105023657710
fifth generation AND district energy,Cavern thermal energy storage: State of play and prospects,Müller D.,Applied Energy,2026-02-01,10.1016/j.apenergy.2025.127141,0,https://api.elsevier.com/content/abstract/scopus_id/105022878883
fifth generation AND district energy,Review on heat transfer and thermo-mechanical behaviour of energy geostructures,Cen D.,Underground Space New,2026-02-01,10.1016/j.undsp.2025.06.003,0,https://api.elsevier.com/content/abstract/scopus_id/105023378429
fifth generation AND district energy,A hybrid learning framework for real-time fire dynamics prediction using diffusion models and spiking neural networks,Zhang P.,Reliability Engineering and System Safety,2026-02-01,10.1016/j.ress.2025.111645,0,https://api.elsevier.com/content/abstract/scopus_id/105015043316
fifth generation AND district energy,Unravelling trade-offs and synergies of direct-seeded rice in Indian agriculture: A meta-analysis,Kiran K.K.,European Journal of Agronomy,2026-02-01,10.1016/j.eja.2025.127897,0,https://api.elsevier.com/content/abstract/scopus_id/105020730236
fifth generation AND district energy,"Observations on morphological, physiological, and behavioural changes induced by protozoan infections in certain storage insect pests",Alfazairy A.A.,Journal of Invertebrate Pathology,2026-02-01,10.1016/j.jip.2025.108498,0,https://api.elsevier.com/content/abstract/scopus_id/105022806919
fifth generation AND district energy,Thermodynamic and economic analysis of an integrated LiBr/H2O absorption chiller and energy storage system,Xie N.,Applied Thermal Engineering,2026-01-30,10.1016/j.applthermaleng.2025.129182,0,https://api.elsevier.com/content/abstract/scopus_id/105022839293
fifth generation AND district energy,Modeling a large ultra-low-temperature district heating system with a focus on an aquifer thermal energy storage,Chicherin S.,Journal of Energy Storage,2026-01-20,10.1016/j.est.2025.119633,0,https://api.elsevier.com/content/abstract/scopus_id/105022884188
fifth generation AND district energy,Synthetic data generation and energy consumption prediction in district building energy modeling,Bolluk S.,Energy and Buildings,2026-01-15,10.1016/j.enbuild.2025.116716,0,https://api.elsevier.com/content/abstract/scopus_id/105022779460
fifth generation AND district energy,Collaborative optimization of hydrogen energy storage-aided multi-energy complementary systems: Resilience weight regulation and hybrid storage planning,Yang Z.,Energy Conversion and Management,2026-01-15,10.1016/j.enconman.2025.120768,0,https://api.elsevier.com/content/abstract/scopus_id/105023158505
fifth generation AND district energy,My-AESOPT: A systematic approach for the optimal investment planning and design of aggregated energy systems,Dipierro V.,Applied Energy,2026-01-15,10.1016/j.apenergy.2025.127006,0,https://api.elsevier.com/content/abstract/scopus_id/105022437412
fifth generation AND district energy,Green hydrogen production potential in New Zealand cities: A bottom-up geospatial approach,Steidl S.,Energy Conversion and Management,2026-01-15,10.1016/j.enconman.2025.120773,0,https://api.elsevier.com/content/abstract/scopus_id/105022304080
fifth generation AND district energy,Thermal design characteristics and techno-economic optimization of ultra-high-temperature transcritical heat pumps for waste heat upgrade,Yan Y.,Energy Conversion and Management,2026-01-15,10.1016/j.enconman.2025.120779,0,https://api.elsevier.com/content/abstract/scopus_id/105022807647
fifth generation AND district energy,Triggering mechanisms of nucleation in supercooled sodium acetate trihydrate using magnetic actuation,Sun M.,Solar Energy,2026-01-15,10.1016/j.solener.2025.114193,0,https://api.elsevier.com/content/abstract/scopus_id/105023649062
fifth generation AND district energy,A comprehensive techno-economic analysis of solar energy integration in low-temperature district heating and cooling systems,Russo G.,Renewable Energy,2026-01-01,10.1016/j.renene.2025.124017,5,https://api.elsevier.com/content/abstract/scopus_id/105011876473
fifth generation AND district energy,A Tool for the Optimal Design of Climate Resilient Thermal Energy Networks. Part 2: District Heating and Cooling Network Model,Villa G.,Lecture Notes in Civil Engineering,2026-01-01,10.1007/978-3-032-06806-4_30,0,https://api.elsevier.com/content/abstract/scopus_id/105023591390
fifth generation AND district energy,"Evaluating Retrofit Strategies and Decentralized Systems for the Transition to Low-Temperature District Heating: A Simulation-Based Case Study in Borlänge, Sweden",Ayyathurai V.P.,Lecture Notes in Computer Science,2026-01-01,10.1007/978-3-032-03101-3_6,0,https://api.elsevier.com/content/abstract/scopus_id/105021834383
fifth generation AND district energy,A review on optimization of district energy systems,Abdelghani D.,Renewable and Sustainable Energy Reviews,2026-01-01,10.1016/j.rser.2025.116041,1,https://api.elsevier.com/content/abstract/scopus_id/105012629133
fifth generation AND district energy,Optimising renewable energy community aggregation for urban districts decarbonisation,Buonomano A.,Renewable and Sustainable Energy Reviews,2026-01-01,10.1016/j.rser.2025.116411,0,https://api.elsevier.com/content/abstract/scopus_id/105020376659
fifth generation AND district energy,Sizing procedure of low-enthalpy district heating and cooling heat pump plants: A case study of the Balearic Islands university campus,Bibiloni-Mulet P.A.,Energy and Buildings,2026-01-01,10.1016/j.enbuild.2025.116582,0,https://api.elsevier.com/content/abstract/scopus_id/105022150047
fifth generation AND district energy,District heating modeling tools: A review based on design and simulation of renewable district heating networks,Valentini L.V.,Energy Conversion and Management X,2026-01-01,10.1016/j.ecmx.2025.101414,0,https://api.elsevier.com/content/abstract/scopus_id/105023079317
fifth generation AND district energy,Air-source ammonia heat pump for district heating: a field modeling approach with focus on frosting-defrosting cycles,Passarelli A.F.,Applied Thermal Engineering,2026-01-01,10.1016/j.applthermaleng.2025.128790,0,https://api.elsevier.com/content/abstract/scopus_id/105020907183
fifth generation AND district heat pump,Opportunities and costs for shared ground loops,Barns D.G.,Renewable and Sustainable Energy Reviews,2026-03-01,10.1016/j.rser.2025.116490,0,https://api.elsevier.com/content/abstract/scopus_id/105023483228
fifth generation AND district heat pump,Simulation-based planning for cost-effective and energy-efficient large-scale seasonal thermal energy storage systems,Dahash A.,Renewable Energy,2026-02-15,10.1016/j.renene.2025.124813,0,https://api.elsevier.com/content/abstract/scopus_id/105023657710
fifth generation AND district heat pump,Review on heat transfer and thermo-mechanical behaviour of energy geostructures,Cen D.,Underground Space New,2026-02-01,10.1016/j.undsp.2025.06.003,0,https://api.elsevier.com/content/abstract/scopus_id/105023378429
fifth generation AND district heat pump,Cavern thermal energy storage: State of play and prospects,Müller D.,Applied Energy,2026-02-01,10.1016/j.apenergy.2025.127141,0,https://api.elsevier.com/content/abstract/scopus_id/105022878883
fifth generation AND district heat pump,Thermodynamic and economic analysis of an integrated LiBr/H2O absorption chiller and energy storage system,Xie N.,Applied Thermal Engineering,2026-01-30,10.1016/j.applthermaleng.2025.129182,0,https://api.elsevier.com/content/abstract/scopus_id/105022839293
fifth generation AND district heat pump,Modeling a large ultra-low-temperature district heating system with a focus on an aquifer thermal energy storage,Chicherin S.,Journal of Energy Storage,2026-01-20,10.1016/j.est.2025.119633,0,https://api.elsevier.com/content/abstract/scopus_id/105022884188
fifth generation AND district heat pump,Thermal design characteristics and techno-economic optimization of ultra-high-temperature transcritical heat pumps for waste heat upgrade,Yan Y.,Energy Conversion and Management,2026-01-15,10.1016/j.enconman.2025.120779,0,https://api.elsevier.com/content/abstract/scopus_id/105022807647
fifth generation AND district heat pump,Green hydrogen production potential in New Zealand cities: A bottom-up geospatial approach,Steidl S.,Energy Conversion and Management,2026-01-15,10.1016/j.enconman.2025.120773,0,https://api.elsevier.com/content/abstract/scopus_id/105022304080
fifth generation AND district heat pump,Sizing procedure of low-enthalpy district heating and cooling heat pump plants: A case study of the Balearic Islands university campus,Bibiloni-Mulet P.A.,Energy and Buildings,2026-01-01,10.1016/j.enbuild.2025.116582,0,https://api.elsevier.com/content/abstract/scopus_id/105022150047
fifth generation AND district heat pump,A Tool for the Optimal Design of Climate Resilient Thermal Energy Networks. Part 2: District Heating and Cooling Network Model,Villa G.,Lecture Notes in Civil Engineering,2026-01-01,10.1007/978-3-032-06806-4_30,0,https://api.elsevier.com/content/abstract/scopus_id/105023591390
fifth generation AND district heat pump,Air-source ammonia heat pump for district heating: a field modeling approach with focus on frosting-defrosting cycles,Passarelli A.F.,Applied Thermal Engineering,2026-01-01,10.1016/j.applthermaleng.2025.128790,0,https://api.elsevier.com/content/abstract/scopus_id/105020907183
fifth generation AND district heat pump,"Evaluating Retrofit Strategies and Decentralized Systems for the Transition to Low-Temperature District Heating: A Simulation-Based Case Study in Borlänge, Sweden",Ayyathurai V.P.,Lecture Notes in Computer Science,2026-01-01,10.1007/978-3-032-03101-3_6,0,https://api.elsevier.com/content/abstract/scopus_id/105021834383
fifth generation AND district heat pump,A comprehensive techno-economic analysis of solar energy integration in low-temperature district heating and cooling systems,Russo G.,Renewable Energy,2026-01-01,10.1016/j.renene.2025.124017,5,https://api.elsevier.com/content/abstract/scopus_id/105011876473
fifth generation AND district heat pump,District heating modeling tools: A review based on design and simulation of renewable district heating networks,Valentini L.V.,Energy Conversion and Management X,2026-01-01,10.1016/j.ecmx.2025.101414,0,https://api.elsevier.com/content/abstract/scopus_id/105023079317
fifth generation AND district heat pump,A review on optimization of district energy systems,Abdelghani D.,Renewable and Sustainable Energy Reviews,2026-01-01,10.1016/j.rser.2025.116041,1,https://api.elsevier.com/content/abstract/scopus_id/105012629133
fifth generation AND district heat pump,Experimental investigation on the thermal performance of a novel inverted pyramid-shaped simultaneous cold and heat storage water tank,Ren Y.,International Journal of Thermal Sciences,2026-01-01,10.1016/j.ijthermalsci.2025.110234,1,https://api.elsevier.com/content/abstract/scopus_id/105013360441
fifth generation AND district heat pump,Advancing an already high-performance smart building with model predictive control: Multi-layer optimization under forecast uncertainty in a real building case,Behzadi A.,Applied Energy,2026-01-01,10.1016/j.apenergy.2025.126999,0,https://api.elsevier.com/content/abstract/scopus_id/105020918060
fifth generation AND district heat pump,Research on novel synergistic thermoelectric utilization of ASHP-BIPVF coupled system through advanced air-handling strategies in North America,Fu Y.,Energy and Buildings,2026-01-01,10.1016/j.enbuild.2025.116571,0,https://api.elsevier.com/content/abstract/scopus_id/105020878046
fifth generation AND district heat pump,Optimising renewable energy community aggregation for urban districts decarbonisation,Buonomano A.,Renewable and Sustainable Energy Reviews,2026-01-01,10.1016/j.rser.2025.116411,0,https://api.elsevier.com/content/abstract/scopus_id/105020376659
fifth generation AND district heat pump,"Integrating solutions for enabling the sustainable development of energy, water and environment systems",Kılkış Ş.,Energy Conversion and Management,2026-01-01,10.1016/j.enconman.2025.120492,1,https://api.elsevier.com/content/abstract/scopus_id/105016830534
fifth generation AND district heat pump,"A detailed review of evacuated tube solar collectors for sustainable energy, current trends and future prospects",Sood T.,Solar Energy,2026-01-01,10.1016/j.solener.2025.114054,0,https://api.elsevier.com/content/abstract/scopus_id/105020938178
fifth generation AND district heat pump,Ventilation systems balancing rapid pollutant removal and energy efficiency in the post-pandemic era: a literature review,Zhang J.,Renewable and Sustainable Energy Reviews,2026-01-01,10.1016/j.rser.2025.116175,1,https://api.elsevier.com/content/abstract/scopus_id/105012587022
fifth generation AND district heat pump,A detailed simulation model for fifth generation district heating and cooling networks with seasonal latent storage evaluated on field data,Kollmar M.,Applied Energy,2025-12-15,10.1016/j.apenergy.2025.126757,0,https://api.elsevier.com/content/abstract/scopus_id/105016611124
fifth generation AND district heat pump,"Comparative techno-economic assessment of solar district heating architectures based on combined solar thermal collectors, heat pumps, PVs and batteries",Braimakis K.,Applied Thermal Engineering,2025-12-15,10.1016/j.applthermaleng.2025.128723,0,https://api.elsevier.com/content/abstract/scopus_id/105020879955
fifth generation AND district heat pump,Design and flexible operation study of a bidirectional thermal substation based on building thermal battery model in fifth generation heating and cooling systems,Guo Y.,Applied Thermal Engineering,2025-12-15,10.1016/j.applthermaleng.2025.128817,0,https://api.elsevier.com/content/abstract/scopus_id/105022183480
fifth generation AND thermal network,Entropy generation on bio-convection prandtl-eyring fluid flow through a porous microchannel with waste discharge and non-uniform heat sources,A R.,Multiscale and Multidisciplinary Modeling Experiments and Design,2026-12-01,10.1007/s41939-025-01084-8,0,https://api.elsevier.com/content/abstract/scopus_id/105019492287
fifth generation AND thermal network,A hybrid approach to CFD modeling of the combustion chamber and the platen superheater,Granda M.,Fuel,2026-04-01,10.1016/j.fuel.2025.137707,0,https://api.elsevier.com/content/abstract/scopus_id/105023662332
fifth generation AND thermal network,Solving the inverse problem of time-dependent heat source identification with non-classical boundary conditions,Shivanian E.,Journal of Computational and Applied Mathematics,2026-04-01,10.1016/j.cam.2025.117074,0,https://api.elsevier.com/content/abstract/scopus_id/105016778703
fifth generation AND thermal network,Opportunities and costs for shared ground loops,Barns D.G.,Renewable and Sustainable Energy Reviews,2026-03-01,10.1016/j.rser.2025.116490,0,https://api.elsevier.com/content/abstract/scopus_id/105023483228
fifth generation AND thermal network,Efficient numerical simulation of heat extraction from fractured media in enhanced geothermal systems (EGS) by water and CO2,Solovský J.,International Journal of Heat and Mass Transfer,2026-03-01,10.1016/j.ijheatmasstransfer.2025.128065,0,https://api.elsevier.com/content/abstract/scopus_id/105022246732
fifth generation AND thermal network,Manufacturing Challenges of Hybrid Bonding for Chiplets Heterogenerous Integration,Lu M.C.,Journal of Electronic Packaging,2026-03-01,10.1115/1.4068767,0,https://api.elsevier.com/content/abstract/scopus_id/105015500827
fifth generation AND thermal network,Modeling the solubility of iron oxides in wide temperature ranges: thermodynamic foundation for understanding flow-accelerated corrosion,Wang P.,Fluid Phase Equilibria,2026-03-01,10.1016/j.fluid.2025.114618,0,https://api.elsevier.com/content/abstract/scopus_id/105021080218
fifth generation AND thermal network,The impact of vehicle emissions on secondary aerosol formation: a laboratory study using an oxidation flow reactor,Sasso F.,Fuel,2026-03-01,10.1016/j.fuel.2025.137404,0,https://api.elsevier.com/content/abstract/scopus_id/105021087869
fifth generation AND thermal network,Exploring the piezoelectric phenomenon: From polymers to human tissues and advanced applications in tissue engineering,Martins L.,Bioactive Materials,2026-03-01,10.1016/j.bioactmat.2025.11.010,0,https://api.elsevier.com/content/abstract/scopus_id/105021466721
fifth generation AND thermal network,Surface functionalization of carbon fibers with NiCo nanosheets and nanoneedles: Multifunctional interfacial and electromagnetic protection performances of PEEK composites,Zhou J.,Composites Part B Engineering,2026-02-15,10.1016/j.compositesb.2025.113212,0,https://api.elsevier.com/content/abstract/scopus_id/105022119866
fifth generation AND thermal network,Simulation-based planning for cost-effective and energy-efficient large-scale seasonal thermal energy storage systems,Dahash A.,Renewable Energy,2026-02-15,10.1016/j.renene.2025.124813,0,https://api.elsevier.com/content/abstract/scopus_id/105023657710
fifth generation AND thermal network,"Electroless copper-deposited basalt fibers with light-weight, high conductivity, and corrosion-resistance for next-generation communication networks",Parkash A.,Materials Research Bulletin,2026-02-01,10.1016/j.materresbull.2025.113770,0,https://api.elsevier.com/content/abstract/scopus_id/105014940857
fifth generation AND thermal network,Cavern thermal energy storage: State of play and prospects,Müller D.,Applied Energy,2026-02-01,10.1016/j.apenergy.2025.127141,0,https://api.elsevier.com/content/abstract/scopus_id/105022878883
fifth generation AND thermal network,Design of 2D/2D nanostructure based fire-resistant barriers upon thermal runaway propagation of LIBs: Performance evaluation and mechanism investigation,Wang W.,Polymer Degradation and Stability,2026-02-01,10.1016/j.polymdegradstab.2025.111797,0,https://api.elsevier.com/content/abstract/scopus_id/105022288252
fifth generation AND thermal network,Modified quasi-static analysis of angular contact ball bearing,Guo J.,Tribology International,2026-02-01,10.1016/j.triboint.2025.111198,0,https://api.elsevier.com/content/abstract/scopus_id/105018855824
fifth generation AND thermal network,Two novel pressure recovery devices for compressed air energy storage: A comparative study,Zhang Y.,Applied Thermal Engineering,2026-02-01,10.1016/j.applthermaleng.2025.129228,0,https://api.elsevier.com/content/abstract/scopus_id/105023409772
fifth generation AND thermal network,Review on heat transfer and thermo-mechanical behaviour of energy geostructures,Cen D.,Underground Space New,2026-02-01,10.1016/j.undsp.2025.06.003,0,https://api.elsevier.com/content/abstract/scopus_id/105023378429
fifth generation AND thermal network,Cavitation reliability assessment of aviation fuel centrifugal pumps combining kriging and subset simulation important sampling,Liu B.,Reliability Engineering and System Safety,2026-02-01,10.1016/j.ress.2025.111706,1,https://api.elsevier.com/content/abstract/scopus_id/105015821975
fifth generation AND thermal network,A review of hybrid computational fluid dynamics and machine learning approaches for the combustion of alternative fuels,Quaye E.K.,Journal of the Energy Institute,2026-02-01,10.1016/j.joei.2025.102384,0,https://api.elsevier.com/content/abstract/scopus_id/105023413537
fifth generation AND thermal network,Silver ion competition reaction-triggered elastoplastic transition of chitosan hydrogel tubes,Guo Y.,Carbohydrate Polymers,2026-02-01,10.1016/j.carbpol.2025.124601,0,https://api.elsevier.com/content/abstract/scopus_id/105021259534
fifth generation AND thermal network,Advancing hierarchical optimization: A-Cubed algorithm for adaptive agent collaboration,Chou J.S.,Mathematics and Computers in Simulation,2026-02-01,10.1016/j.matcom.2025.07.024,0,https://api.elsevier.com/content/abstract/scopus_id/105015095875
fifth generation AND thermal network,Urban heatwaves and mortality: A socioeconomic and environmental study using a novel building heat vulnerability index,Zou J.,Cities,2026-02-01,10.1016/j.cities.2025.106558,0,https://api.elsevier.com/content/abstract/scopus_id/105018182997
fifth generation AND thermal network,Levenberg–Marquardt artificial neural network approach to analyze tetra hybrid nanofluid flow over a rough rotating disk under low/high oscillating magnetic fields,Banakar V.R.,Modern Physics Letters B,2026-01-30,10.1142/S0217984925502641,0,https://api.elsevier.com/content/abstract/scopus_id/105020724019
fifth generation AND thermal network,Modeling a large ultra-low-temperature district heating system with a focus on an aquifer thermal energy storage,Chicherin S.,Journal of Energy Storage,2026-01-20,10.1016/j.est.2025.119633,0,https://api.elsevier.com/content/abstract/scopus_id/105022884188
fifth generation AND thermal network,Synthetic data generation and energy consumption prediction in district building energy modeling,Bolluk S.,Energy and Buildings,2026-01-15,10.1016/j.enbuild.2025.116716,0,https://api.elsevier.com/content/abstract/scopus_id/105022779460
fifth generation AND thermal grid,Efficient numerical simulation of heat extraction from fractured media in enhanced geothermal systems (EGS) by water and CO2,Solovský J.,International Journal of Heat and Mass Transfer,2026-03-01,10.1016/j.ijheatmasstransfer.2025.128065,0,https://api.elsevier.com/content/abstract/scopus_id/105022246732
fifth generation AND thermal grid,Opportunities and costs for shared ground loops,Barns D.G.,Renewable and Sustainable Energy Reviews,2026-03-01,10.1016/j.rser.2025.116490,0,https://api.elsevier.com/content/abstract/scopus_id/105023483228
fifth generation AND thermal grid,Environmental Impacts and Sustainability of Production of Biochar,Thatoi H.,Biochar and the Circular Economy Innovations in Production and Applications,2026-02-20,10.1201/9781003659761-9,0,https://api.elsevier.com/content/abstract/scopus_id/105023360166
fifth generation AND thermal grid,Design of 2D/2D nanostructure based fire-resistant barriers upon thermal runaway propagation of LIBs: Performance evaluation and mechanism investigation,Wang W.,Polymer Degradation and Stability,2026-02-01,10.1016/j.polymdegradstab.2025.111797,0,https://api.elsevier.com/content/abstract/scopus_id/105022288252
fifth generation AND thermal grid,Two novel pressure recovery devices for compressed air energy storage: A comparative study,Zhang Y.,Applied Thermal Engineering,2026-02-01,10.1016/j.applthermaleng.2025.129228,0,https://api.elsevier.com/content/abstract/scopus_id/105023409772
fifth generation AND thermal grid,"Energy, exergy, economic, and environmental (4E) analyses and optimization of a novel coalbed methane liquefaction-distillation process for LNG production using regenerative cryocoolers",Dong X.,Applied Thermal Engineering,2026-02-01,10.1016/j.applthermaleng.2025.129314,0,https://api.elsevier.com/content/abstract/scopus_id/105023669121
fifth generation AND thermal grid,LES of a hydrogen flame controlled by mass flow oscillations and rotating shear layer disturbance,Wawrzak K.,International Journal of Heat and Mass Transfer,2026-02-01,10.1016/j.ijheatmasstransfer.2025.127742,1,https://api.elsevier.com/content/abstract/scopus_id/105014947933
fifth generation AND thermal grid,A review of hybrid computational fluid dynamics and machine learning approaches for the combustion of alternative fuels,Quaye E.K.,Journal of the Energy Institute,2026-02-01,10.1016/j.joei.2025.102384,0,https://api.elsevier.com/content/abstract/scopus_id/105023413537
fifth generation AND thermal grid,Unlocking mid-to-long-term flexibility: why seasonal pumped storage outperforms conventional pumped storage in wind-solar dominated grids,Zhang M.,Energy Conversion and Management,2026-01-15,10.1016/j.enconman.2025.120750,0,https://api.elsevier.com/content/abstract/scopus_id/105021873466
fifth generation AND thermal grid,My-AESOPT: A systematic approach for the optimal investment planning and design of aggregated energy systems,Dipierro V.,Applied Energy,2026-01-15,10.1016/j.apenergy.2025.127006,0,https://api.elsevier.com/content/abstract/scopus_id/105022437412
fifth generation AND thermal grid,Collaborative optimization of hydrogen energy storage-aided multi-energy complementary systems: Resilience weight regulation and hybrid storage planning,Yang Z.,Energy Conversion and Management,2026-01-15,10.1016/j.enconman.2025.120768,0,https://api.elsevier.com/content/abstract/scopus_id/105023158505
fifth generation AND thermal grid,Assessment of tidal stream energy and decarbonization potential by high-resolution simulations: A case study for Singapore,Wen Y.,Energy Conversion and Management,2026-01-15,10.1016/j.enconman.2025.120771,0,https://api.elsevier.com/content/abstract/scopus_id/105022253609
fifth generation AND thermal grid,Thermo-economic Sizing of a Heat-Pump Based Residential HVAC System with Latent Thermal Energy Storage and in Situ Photovoltaic Generation,Mira-Hernández C.,Lecture Notes in Civil Engineering,2026-01-01,10.1007/978-3-032-06806-4_25,0,https://api.elsevier.com/content/abstract/scopus_id/105023585364
fifth generation AND thermal grid,Mesh generation and geometric characteristics of multi-surface spatial structures based on surface partitioning and unfolding,Wang L.,Thin Walled Structures,2026-01-01,10.1016/j.tws.2025.114128,0,https://api.elsevier.com/content/abstract/scopus_id/105019073883
fifth generation AND thermal grid,The uneven change of global expanding summer over the past 50 years,Jiao G.,Atmospheric Research,2026-01-01,10.1016/j.atmosres.2025.108506,0,https://api.elsevier.com/content/abstract/scopus_id/105017224938
fifth generation AND thermal grid,"Evaluating Retrofit Strategies and Decentralized Systems for the Transition to Low-Temperature District Heating: A Simulation-Based Case Study in Borlänge, Sweden",Ayyathurai V.P.,Lecture Notes in Computer Science,2026-01-01,10.1007/978-3-032-03101-3_6,0,https://api.elsevier.com/content/abstract/scopus_id/105021834383
fifth generation AND thermal grid,Sizing procedure of low-enthalpy district heating and cooling heat pump plants: A case study of the Balearic Islands university campus,Bibiloni-Mulet P.A.,Energy and Buildings,2026-01-01,10.1016/j.enbuild.2025.116582,0,https://api.elsevier.com/content/abstract/scopus_id/105022150047
fifth generation AND thermal grid,CANFLEX fuel bundle CFD analysis: Evaluation of different levels of modeling detailing,Moreira A.G.,Progress in Nuclear Energy,2026-01-01,10.1016/j.pnucene.2025.106056,0,https://api.elsevier.com/content/abstract/scopus_id/105017847415
fifth generation AND thermal grid,Experimental investigation on the thermal performance of a novel inverted pyramid-shaped simultaneous cold and heat storage water tank,Ren Y.,International Journal of Thermal Sciences,2026-01-01,10.1016/j.ijthermalsci.2025.110234,1,https://api.elsevier.com/content/abstract/scopus_id/105013360441
fifth generation AND thermal grid,Assessing renewable energy installations in pig farms from a financial and environmental perspective: a case study in the EU,Everaert M.,Renewable Energy,2026-01-01,10.1016/j.renene.2025.124291,1,https://api.elsevier.com/content/abstract/scopus_id/105014533797
fifth generation AND thermal grid,"High-resolution dynamic modeling of ambient temperature and humidity for solar applications: A study from the Dead Sea Basin, Jordan",Al Shabaan G.N.,Renewable Energy,2026-01-01,10.1016/j.renene.2025.124389,0,https://api.elsevier.com/content/abstract/scopus_id/105015949711
fifth generation AND thermal grid,Advancing an already high-performance smart building with model predictive control: Multi-layer optimization under forecast uncertainty in a real building case,Behzadi A.,Applied Energy,2026-01-01,10.1016/j.apenergy.2025.126999,0,https://api.elsevier.com/content/abstract/scopus_id/105020918060
fifth generation AND thermal grid,A review on optimization of district energy systems,Abdelghani D.,Renewable and Sustainable Energy Reviews,2026-01-01,10.1016/j.rser.2025.116041,1,https://api.elsevier.com/content/abstract/scopus_id/105012629133
fifth generation AND thermal grid,Remote sensing compatible snow loss modelling for PV power simulations,Öhgren G.,Solar Energy,2026-01-01,10.1016/j.solener.2025.114132,0,https://api.elsevier.com/content/abstract/scopus_id/105022937367
fifth generation AND thermal grid,Comprehensive thermal assessment of anaerobic digestion process in biogas plants,Godara R.,Renewable and Sustainable Energy Reviews,2026-01-01,10.1016/j.rser.2025.116265,1,https://api.elsevier.com/content/abstract/scopus_id/105016456839
fourth generation AND district heating and cooling,Opportunities and costs for shared ground loops,Barns D.G.,Renewable and Sustainable Energy Reviews,2026-03-01,10.1016/j.rser.2025.116490,0,https://api.elsevier.com/content/abstract/scopus_id/105023483228
fourth generation AND district heating and cooling,Simulation-based planning for cost-effective and energy-efficient large-scale seasonal thermal energy storage systems,Dahash A.,Renewable Energy,2026-02-15,10.1016/j.renene.2025.124813,0,https://api.elsevier.com/content/abstract/scopus_id/105023657710
fourth generation AND district heating and cooling,Low-temperature district heating operations using heat cost allocators in apartment buildings,Yang Q.,Building and Environment,2026-02-01,10.1016/j.buildenv.2025.114095,0,https://api.elsevier.com/content/abstract/scopus_id/105023648143
fourth generation AND district heating and cooling,Cavern thermal energy storage: State of play and prospects,Müller D.,Applied Energy,2026-02-01,10.1016/j.apenergy.2025.127141,0,https://api.elsevier.com/content/abstract/scopus_id/105022878883
fourth generation AND district heating and cooling,Impact of electrical energy storage on the performance of photovoltaic systems in building retrofits,Schibuola L.,Energy and Buildings,2026-01-15,10.1016/j.enbuild.2025.116755,0,https://api.elsevier.com/content/abstract/scopus_id/105022798652
fourth generation AND district heating and cooling,Triggering mechanisms of nucleation in supercooled sodium acetate trihydrate using magnetic actuation,Sun M.,Solar Energy,2026-01-15,10.1016/j.solener.2025.114193,0,https://api.elsevier.com/content/abstract/scopus_id/105023649062
fourth generation AND district heating and cooling,Sizing procedure of low-enthalpy district heating and cooling heat pump plants: A case study of the Balearic Islands university campus,Bibiloni-Mulet P.A.,Energy and Buildings,2026-01-01,10.1016/j.enbuild.2025.116582,0,https://api.elsevier.com/content/abstract/scopus_id/105022150047
fourth generation AND district heating and cooling,A comprehensive techno-economic analysis of solar energy integration in low-temperature district heating and cooling systems,Russo G.,Renewable Energy,2026-01-01,10.1016/j.renene.2025.124017,5,https://api.elsevier.com/content/abstract/scopus_id/105011876473
fourth generation AND district heating and cooling,District heating modeling tools: A review based on design and simulation of renewable district heating networks,Valentini L.V.,Energy Conversion and Management X,2026-01-01,10.1016/j.ecmx.2025.101414,0,https://api.elsevier.com/content/abstract/scopus_id/105023079317
fourth generation AND district heating and cooling,A review on optimization of district energy systems,Abdelghani D.,Renewable and Sustainable Energy Reviews,2026-01-01,10.1016/j.rser.2025.116041,1,https://api.elsevier.com/content/abstract/scopus_id/105012629133
fourth generation AND district heating and cooling,Real-world deployment of model-free reinforcement learning for energy control in district heating systems: Enhancing flexibility across neighboring buildings,Moshari A.,Applied Energy,2026-01-01,10.1016/j.apenergy.2025.126997,0,https://api.elsevier.com/content/abstract/scopus_id/105020937658
fourth generation AND district heating and cooling,Experimental investigation on the thermal performance of a novel inverted pyramid-shaped simultaneous cold and heat storage water tank,Ren Y.,International Journal of Thermal Sciences,2026-01-01,10.1016/j.ijthermalsci.2025.110234,1,https://api.elsevier.com/content/abstract/scopus_id/105013360441
fourth generation AND district heating and cooling,"Integrating solutions for enabling the sustainable development of energy, water and environment systems",Kılkış Ş.,Energy Conversion and Management,2026-01-01,10.1016/j.enconman.2025.120492,1,https://api.elsevier.com/content/abstract/scopus_id/105016830534
fourth generation AND district heating and cooling,AI-Based Air Quality Tracking for Smart City Management on Performance Enhancement Health and Physical Sports,Shrivastava Y.,Lecture Notes in Electrical Engineering,2026-01-01,10.1007/978-981-96-9971-1_23,0,https://api.elsevier.com/content/abstract/scopus_id/105023059474
fourth generation AND district heating and cooling,Shipboard applications of heat pumps and thermal energy storage under dual carbon targets: Opportunities and challenges,Gu Y.,Journal of Energy Storage,2025-12-20,10.1016/j.est.2025.118556,0,https://api.elsevier.com/content/abstract/scopus_id/105018662773
fourth generation AND district heating and cooling,A detailed simulation model for fifth generation district heating and cooling networks with seasonal latent storage evaluated on field data,Kollmar M.,Applied Energy,2025-12-15,10.1016/j.apenergy.2025.126757,0,https://api.elsevier.com/content/abstract/scopus_id/105016611124
fourth generation AND district heating and cooling,Understanding and coping with uncertainties in district heating systems: a multi-pathway review from probabilistic modeling to intelligent integration,Liang X.,Energy and Buildings,2025-12-15,10.1016/j.enbuild.2025.116514,0,https://api.elsevier.com/content/abstract/scopus_id/105020256918
fourth generation AND district heating and cooling,Optimizing low-grade waste-heat recovery for district heating: A case study of a steel plant in China,Yang Z.,Energy and Buildings,2025-12-15,10.1016/j.enbuild.2025.116583,0,https://api.elsevier.com/content/abstract/scopus_id/105018910507
fourth generation AND district heating and cooling,Groundwater flow impacts on very high temperature borehole thermal energy storage performance,Asan E.,Energy and Buildings,2025-12-15,10.1016/j.enbuild.2025.116568,0,https://api.elsevier.com/content/abstract/scopus_id/105018908037
fourth generation AND district heating and cooling,Experimental evaluation of model predictive control and fuzzy logic control for demand response in buildings,Langner F.,Applied Energy,2025-12-15,10.1016/j.apenergy.2025.126666,1,https://api.elsevier.com/content/abstract/scopus_id/105014535900
fourth generation AND district heating and cooling,"Advances in industrial energy systems for production, storage and utilization of energy",Bešenić T.,Applied Thermal Engineering,2025-12-15,10.1016/j.applthermaleng.2025.128658,0,https://api.elsevier.com/content/abstract/scopus_id/105018126839
fourth generation AND district heating and cooling,Advancing sustainability through renewable energy Technologies: Trends and innovations,Østergaard P.A.,Renewable Energy,2025-12-15,10.1016/j.renene.2025.124595,1,https://api.elsevier.com/content/abstract/scopus_id/105020284869
fourth generation AND district heating and cooling,Dynamical Tides in Neutron Stars with First-Order Phase Transitions: The Role of the Discontinuity Mode,Pereira J.P.,Physical Review Letters,2025-12-05,10.1103/k7l9-hw8g,0,https://api.elsevier.com/content/abstract/scopus_id/105023703125
fourth generation AND district heating and cooling,Business and pricing models for district heating and cooling: A review,Lilliu F.,Energy Reports,2025-12-01,10.1016/j.egyr.2025.06.049,0,https://api.elsevier.com/content/abstract/scopus_id/105012240461
fourth generation AND district heating and cooling,Assessing the economic feasibility of renewable integration in district heating and cooling networks for sustainable urban development,Li W.,Energy,2025-12-01,10.1016/j.energy.2025.138814,0,https://api.elsevier.com/content/abstract/scopus_id/105019738651
fourth generation AND district thermal,Techno-economic assessment of vegetable oils as heat transfer fluids for industrial solar thermal systems applications,Bouarfa I.,Results in Engineering,2026-03-01,10.1016/j.rineng.2025.108488,0,https://api.elsevier.com/content/abstract/scopus_id/105023675294
fourth generation AND district thermal,Opportunities and costs for shared ground loops,Barns D.G.,Renewable and Sustainable Energy Reviews,2026-03-01,10.1016/j.rser.2025.116490,0,https://api.elsevier.com/content/abstract/scopus_id/105023483228
fourth generation AND district thermal,Simulation-based planning for cost-effective and energy-efficient large-scale seasonal thermal energy storage systems,Dahash A.,Renewable Energy,2026-02-15,10.1016/j.renene.2025.124813,0,https://api.elsevier.com/content/abstract/scopus_id/105023657710
fourth generation AND district thermal,"Geochemical signatures, hydrocarbon generation kinetics, and oil-source correlation of the Es4 member source rocks in the Liaohe Western depression: implications for tight oil exploration in continental rift basins",Ge Z.,Fuel,2026-02-15,10.1016/j.fuel.2025.137033,0,https://api.elsevier.com/content/abstract/scopus_id/105020257440
fourth generation AND district thermal,Low-temperature district heating operations using heat cost allocators in apartment buildings,Yang Q.,Building and Environment,2026-02-01,10.1016/j.buildenv.2025.114095,0,https://api.elsevier.com/content/abstract/scopus_id/105023648143
fourth generation AND district thermal,Cavern thermal energy storage: State of play and prospects,Müller D.,Applied Energy,2026-02-01,10.1016/j.apenergy.2025.127141,0,https://api.elsevier.com/content/abstract/scopus_id/105022878883
fourth generation AND district thermal,Impact of electrical energy storage on the performance of photovoltaic systems in building retrofits,Schibuola L.,Energy and Buildings,2026-01-15,10.1016/j.enbuild.2025.116755,0,https://api.elsevier.com/content/abstract/scopus_id/105022798652
fourth generation AND district thermal,Triggering mechanisms of nucleation in supercooled sodium acetate trihydrate using magnetic actuation,Sun M.,Solar Energy,2026-01-15,10.1016/j.solener.2025.114193,0,https://api.elsevier.com/content/abstract/scopus_id/105023649062
fourth generation AND district thermal,Sizing procedure of low-enthalpy district heating and cooling heat pump plants: A case study of the Balearic Islands university campus,Bibiloni-Mulet P.A.,Energy and Buildings,2026-01-01,10.1016/j.enbuild.2025.116582,0,https://api.elsevier.com/content/abstract/scopus_id/105022150047
fourth generation AND district thermal,A comprehensive techno-economic analysis of solar energy integration in low-temperature district heating and cooling systems,Russo G.,Renewable Energy,2026-01-01,10.1016/j.renene.2025.124017,5,https://api.elsevier.com/content/abstract/scopus_id/105011876473
fourth generation AND district thermal,District heating modeling tools: A review based on design and simulation of renewable district heating networks,Valentini L.V.,Energy Conversion and Management X,2026-01-01,10.1016/j.ecmx.2025.101414,0,https://api.elsevier.com/content/abstract/scopus_id/105023079317
fourth generation AND district thermal,Experimental investigation on the thermal performance of a novel inverted pyramid-shaped simultaneous cold and heat storage water tank,Ren Y.,International Journal of Thermal Sciences,2026-01-01,10.1016/j.ijthermalsci.2025.110234,1,https://api.elsevier.com/content/abstract/scopus_id/105013360441
fourth generation AND district thermal,A review on optimization of district energy systems,Abdelghani D.,Renewable and Sustainable Energy Reviews,2026-01-01,10.1016/j.rser.2025.116041,1,https://api.elsevier.com/content/abstract/scopus_id/105012629133
fourth generation AND district thermal,Real-world deployment of model-free reinforcement learning for energy control in district heating systems: Enhancing flexibility across neighboring buildings,Moshari A.,Applied Energy,2026-01-01,10.1016/j.apenergy.2025.126997,0,https://api.elsevier.com/content/abstract/scopus_id/105020937658
fourth generation AND district thermal,"Integrating solutions for enabling the sustainable development of energy, water and environment systems",Kılkış Ş.,Energy Conversion and Management,2026-01-01,10.1016/j.enconman.2025.120492,1,https://api.elsevier.com/content/abstract/scopus_id/105016830534
fourth generation AND district thermal,Clustering direct air capture and low-temperature waste heat sources to optimise the United Kingdom's future energy system,Middleton A.,Energy Conversion and Management,2026-01-01,10.1016/j.enconman.2025.120588,0,https://api.elsevier.com/content/abstract/scopus_id/105017545736
fourth generation AND district thermal,Unlocking solar and hydrogen potentials: A comparative analysis of solar tracking systems for South Africa's energy transition,Diesing A.,Renewable Energy,2026-01-01,10.1016/j.renene.2025.124066,0,https://api.elsevier.com/content/abstract/scopus_id/105012625750
fourth generation AND district thermal,Occupancy behavior-informed PV–battery sizing for resilient and sufficient buildings under climate-related disruptions,Jiang Z.,Energy Conversion and Management,2026-01-01,10.1016/j.enconman.2025.120524,0,https://api.elsevier.com/content/abstract/scopus_id/105019980406
fourth generation AND district thermal,Unlocking controllable ignition and combustion in onion-structured Al@Na3AlF6@AP composites through Na3AlF6 “Temperature Switch”,Wang X.,Fuel,2026-01-01,10.1016/j.fuel.2025.136033,1,https://api.elsevier.com/content/abstract/scopus_id/105009229732
fourth generation AND district thermal,Salt-assisted liquid-liquid microextraction-programmed temperature vaporizer-gas chromatography-tandem Q-Exactive Orbitrap mass spectrometry for simultaneous analysis of sixteen nitrosamines in drinking water,Gan P.,Talanta,2026-01-01,10.1016/j.talanta.2025.128486,0,https://api.elsevier.com/content/abstract/scopus_id/105008378174
fourth generation AND district thermal,Harnessing Variational Autoencoders and self-organising maps for groundwater contamination assessment in peri-urban Ghana,Opoku P.A.,Journal of African Earth Sciences,2026-01-01,10.1016/j.jafrearsci.2025.105866,0,https://api.elsevier.com/content/abstract/scopus_id/105017801437
fourth generation AND district thermal,Modern Solutions to UTIs: The Role of Nanotechnology and Herbal Treatments,Kumar A.,Current Drug Targets,2026-01-01,10.2174/0113894501371882250713174322,0,https://api.elsevier.com/content/abstract/scopus_id/105012864373
fourth generation AND district thermal,Recent progress in bio-hydrogen production for sustainable energy and chemical production,Openshaw D.,Renewable and Sustainable Energy Reviews,2026-01-01,10.1016/j.rser.2025.116307,0,https://api.elsevier.com/content/abstract/scopus_id/105016455440
fourth generation AND district thermal,Shipboard applications of heat pumps and thermal energy storage under dual carbon targets: Opportunities and challenges,Gu Y.,Journal of Energy Storage,2025-12-20,10.1016/j.est.2025.118556,0,https://api.elsevier.com/content/abstract/scopus_id/105018662773
fourth generation AND district thermal,A detailed simulation model for fifth generation district heating and cooling networks with seasonal latent storage evaluated on field data,Kollmar M.,Applied Energy,2025-12-15,10.1016/j.apenergy.2025.126757,0,https://api.elsevier.com/content/abstract/scopus_id/105016611124
fourth generation AND district energy,Opportunities and costs for shared ground loops,Barns D.G.,Renewable and Sustainable Energy Reviews,2026-03-01,10.1016/j.rser.2025.116490,0,https://api.elsevier.com/content/abstract/scopus_id/105023483228
fourth generation AND district energy,Techno-economic assessment of vegetable oils as heat transfer fluids for industrial solar thermal systems applications,Bouarfa I.,Results in Engineering,2026-03-01,10.1016/j.rineng.2025.108488,0,https://api.elsevier.com/content/abstract/scopus_id/105023675294
fourth generation AND district energy,The enhancement of diffusion capabilities by transition intermediaries: A longitudinal study on the UK electrification of transport,Gonzalez H.,Environmental Innovation and Societal Transitions,2026-03-01,10.1016/j.eist.2025.101062,0,https://api.elsevier.com/content/abstract/scopus_id/105018935621
fourth generation AND district energy,Simulation-based planning for cost-effective and energy-efficient large-scale seasonal thermal energy storage systems,Dahash A.,Renewable Energy,2026-02-15,10.1016/j.renene.2025.124813,0,https://api.elsevier.com/content/abstract/scopus_id/105023657710
fourth generation AND district energy,"Geochemical signatures, hydrocarbon generation kinetics, and oil-source correlation of the Es4 member source rocks in the Liaohe Western depression: implications for tight oil exploration in continental rift basins",Ge Z.,Fuel,2026-02-15,10.1016/j.fuel.2025.137033,0,https://api.elsevier.com/content/abstract/scopus_id/105020257440
fourth generation AND district energy,Low-temperature district heating operations using heat cost allocators in apartment buildings,Yang Q.,Building and Environment,2026-02-01,10.1016/j.buildenv.2025.114095,0,https://api.elsevier.com/content/abstract/scopus_id/105023648143
fourth generation AND district energy,Cavern thermal energy storage: State of play and prospects,Müller D.,Applied Energy,2026-02-01,10.1016/j.apenergy.2025.127141,0,https://api.elsevier.com/content/abstract/scopus_id/105022878883
fourth generation AND district energy,"Machine learning in peak demand forecasting: foundations, trends, and insights",Dai S.,Renewable and Sustainable Energy Reviews,2026-02-01,10.1016/j.rser.2025.116500,0,https://api.elsevier.com/content/abstract/scopus_id/105023091456
fourth generation AND district energy,"Can hotels benefit from connected rooms technology, and are tourists ready to embrace it? An analysis of business performance and user perception",Gajić T.,International Journal of Hospitality Management,2026-02-01,10.1016/j.ijhm.2025.104480,0,https://api.elsevier.com/content/abstract/scopus_id/105018933838
fourth generation AND district energy,Impact of electrical energy storage on the performance of photovoltaic systems in building retrofits,Schibuola L.,Energy and Buildings,2026-01-15,10.1016/j.enbuild.2025.116755,0,https://api.elsevier.com/content/abstract/scopus_id/105022798652
fourth generation AND district energy,Triggering mechanisms of nucleation in supercooled sodium acetate trihydrate using magnetic actuation,Sun M.,Solar Energy,2026-01-15,10.1016/j.solener.2025.114193,0,https://api.elsevier.com/content/abstract/scopus_id/105023649062
fourth generation AND district energy,Synergistic dual mechanisms in SiO2-Activated CaCO3 composites: Enhanced Pb(II) removal and trace contaminant purification,Zhang H.,Materials Chemistry and Physics,2026-01-15,10.1016/j.matchemphys.2025.131720,0,https://api.elsevier.com/content/abstract/scopus_id/105020852422
fourth generation AND district energy,A comprehensive techno-economic analysis of solar energy integration in low-temperature district heating and cooling systems,Russo G.,Renewable Energy,2026-01-01,10.1016/j.renene.2025.124017,5,https://api.elsevier.com/content/abstract/scopus_id/105011876473
fourth generation AND district energy,Sizing procedure of low-enthalpy district heating and cooling heat pump plants: A case study of the Balearic Islands university campus,Bibiloni-Mulet P.A.,Energy and Buildings,2026-01-01,10.1016/j.enbuild.2025.116582,0,https://api.elsevier.com/content/abstract/scopus_id/105022150047
fourth generation AND district energy,A review on optimization of district energy systems,Abdelghani D.,Renewable and Sustainable Energy Reviews,2026-01-01,10.1016/j.rser.2025.116041,1,https://api.elsevier.com/content/abstract/scopus_id/105012629133
fourth generation AND district energy,District heating modeling tools: A review based on design and simulation of renewable district heating networks,Valentini L.V.,Energy Conversion and Management X,2026-01-01,10.1016/j.ecmx.2025.101414,0,https://api.elsevier.com/content/abstract/scopus_id/105023079317
fourth generation AND district energy,"Digitalization in District Heating: Comparative Insights from Denmark and Sweden on Adoption, Barriers, and Value Creation",Ma Z.,Lecture Notes in Computer Science,2026-01-01,10.1007/978-3-032-03101-3_5,0,https://api.elsevier.com/content/abstract/scopus_id/105021821928
fourth generation AND district energy,Real-world deployment of model-free reinforcement learning for energy control in district heating systems: Enhancing flexibility across neighboring buildings,Moshari A.,Applied Energy,2026-01-01,10.1016/j.apenergy.2025.126997,0,https://api.elsevier.com/content/abstract/scopus_id/105020937658
fourth generation AND district energy,"Integrating solutions for enabling the sustainable development of energy, water and environment systems",Kılkış Ş.,Energy Conversion and Management,2026-01-01,10.1016/j.enconman.2025.120492,1,https://api.elsevier.com/content/abstract/scopus_id/105016830534
fourth generation AND district energy,Experimental investigation on the thermal performance of a novel inverted pyramid-shaped simultaneous cold and heat storage water tank,Ren Y.,International Journal of Thermal Sciences,2026-01-01,10.1016/j.ijthermalsci.2025.110234,1,https://api.elsevier.com/content/abstract/scopus_id/105013360441
fourth generation AND district energy,Unlocking solar and hydrogen potentials: A comparative analysis of solar tracking systems for South Africa's energy transition,Diesing A.,Renewable Energy,2026-01-01,10.1016/j.renene.2025.124066,0,https://api.elsevier.com/content/abstract/scopus_id/105012625750
fourth generation AND district energy,Clustering direct air capture and low-temperature waste heat sources to optimise the United Kingdom's future energy system,Middleton A.,Energy Conversion and Management,2026-01-01,10.1016/j.enconman.2025.120588,0,https://api.elsevier.com/content/abstract/scopus_id/105017545736
fourth generation AND district energy,Techno-Economic and Environmental Impact Assessment of Organic Waste Incineration for Energy Recovery in Jordan,Abu-Ashour J.,Journal of Environmental Engineering United States,2026-01-01,10.1061/JOEEDU.EEENG-8278,0,https://api.elsevier.com/content/abstract/scopus_id/105020374043
fourth generation AND district energy,MEIS2 Modulates Oxidative Phosphorylation and ROS Generation to Affect CD8+ T Cell Antitumor Immunity in Prostate Cancer,Han D.,Prostate,2026-01-01,10.1002/pros.70051,0,https://api.elsevier.com/content/abstract/scopus_id/105017403142
fourth generation AND district energy,Recent progress in bio-hydrogen production for sustainable energy and chemical production,Openshaw D.,Renewable and Sustainable Energy Reviews,2026-01-01,10.1016/j.rser.2025.116307,0,https://api.elsevier.com/content/abstract/scopus_id/105016455440
fourth generation AND district heat pump,Opportunities and costs for shared ground loops,Barns D.G.,Renewable and Sustainable Energy Reviews,2026-03-01,10.1016/j.rser.2025.116490,0,https://api.elsevier.com/content/abstract/scopus_id/105023483228
fourth generation AND district heat pump,The enhancement of diffusion capabilities by transition intermediaries: A longitudinal study on the UK electrification of transport,Gonzalez H.,Environmental Innovation and Societal Transitions,2026-03-01,10.1016/j.eist.2025.101062,0,https://api.elsevier.com/content/abstract/scopus_id/105018935621
fourth generation AND district heat pump,Simulation-based planning for cost-effective and energy-efficient large-scale seasonal thermal energy storage systems,Dahash A.,Renewable Energy,2026-02-15,10.1016/j.renene.2025.124813,0,https://api.elsevier.com/content/abstract/scopus_id/105023657710
fourth generation AND district heat pump,Low-temperature district heating operations using heat cost allocators in apartment buildings,Yang Q.,Building and Environment,2026-02-01,10.1016/j.buildenv.2025.114095,0,https://api.elsevier.com/content/abstract/scopus_id/105023648143
fourth generation AND district heat pump,Cavern thermal energy storage: State of play and prospects,Müller D.,Applied Energy,2026-02-01,10.1016/j.apenergy.2025.127141,0,https://api.elsevier.com/content/abstract/scopus_id/105022878883
fourth generation AND district heat pump,Impact of electrical energy storage on the performance of photovoltaic systems in building retrofits,Schibuola L.,Energy and Buildings,2026-01-15,10.1016/j.enbuild.2025.116755,0,https://api.elsevier.com/content/abstract/scopus_id/105022798652
fourth generation AND district heat pump,Sizing procedure of low-enthalpy district heating and cooling heat pump plants: A case study of the Balearic Islands university campus,Bibiloni-Mulet P.A.,Energy and Buildings,2026-01-01,10.1016/j.enbuild.2025.116582,0,https://api.elsevier.com/content/abstract/scopus_id/105022150047
fourth generation AND district heat pump,District heating modeling tools: A review based on design and simulation of renewable district heating networks,Valentini L.V.,Energy Conversion and Management X,2026-01-01,10.1016/j.ecmx.2025.101414,0,https://api.elsevier.com/content/abstract/scopus_id/105023079317
fourth generation AND district heat pump,A comprehensive techno-economic analysis of solar energy integration in low-temperature district heating and cooling systems,Russo G.,Renewable Energy,2026-01-01,10.1016/j.renene.2025.124017,5,https://api.elsevier.com/content/abstract/scopus_id/105011876473
fourth generation AND district heat pump,A review on optimization of district energy systems,Abdelghani D.,Renewable and Sustainable Energy Reviews,2026-01-01,10.1016/j.rser.2025.116041,1,https://api.elsevier.com/content/abstract/scopus_id/105012629133
fourth generation AND district heat pump,Experimental investigation on the thermal performance of a novel inverted pyramid-shaped simultaneous cold and heat storage water tank,Ren Y.,International Journal of Thermal Sciences,2026-01-01,10.1016/j.ijthermalsci.2025.110234,1,https://api.elsevier.com/content/abstract/scopus_id/105013360441
fourth generation AND district heat pump,"Integrating solutions for enabling the sustainable development of energy, water and environment systems",Kılkış Ş.,Energy Conversion and Management,2026-01-01,10.1016/j.enconman.2025.120492,1,https://api.elsevier.com/content/abstract/scopus_id/105016830534
fourth generation AND district heat pump,Shipboard applications of heat pumps and thermal energy storage under dual carbon targets: Opportunities and challenges,Gu Y.,Journal of Energy Storage,2025-12-20,10.1016/j.est.2025.118556,0,https://api.elsevier.com/content/abstract/scopus_id/105018662773
fourth generation AND district heat pump,Optimizing low-grade waste-heat recovery for district heating: A case study of a steel plant in China,Yang Z.,Energy and Buildings,2025-12-15,10.1016/j.enbuild.2025.116583,0,https://api.elsevier.com/content/abstract/scopus_id/105018910507
fourth generation AND district heat pump,A detailed simulation model for fifth generation district heating and cooling networks with seasonal latent storage evaluated on field data,Kollmar M.,Applied Energy,2025-12-15,10.1016/j.apenergy.2025.126757,0,https://api.elsevier.com/content/abstract/scopus_id/105016611124
fourth generation AND district heat pump,Understanding and coping with uncertainties in district heating systems: a multi-pathway review from probabilistic modeling to intelligent integration,Liang X.,Energy and Buildings,2025-12-15,10.1016/j.enbuild.2025.116514,0,https://api.elsevier.com/content/abstract/scopus_id/105020256918
fourth generation AND district heat pump,Groundwater flow impacts on very high temperature borehole thermal energy storage performance,Asan E.,Energy and Buildings,2025-12-15,10.1016/j.enbuild.2025.116568,0,https://api.elsevier.com/content/abstract/scopus_id/105018908037
fourth generation AND district heat pump,Experimental evaluation of model predictive control and fuzzy logic control for demand response in buildings,Langner F.,Applied Energy,2025-12-15,10.1016/j.apenergy.2025.126666,1,https://api.elsevier.com/content/abstract/scopus_id/105014535900
fourth generation AND district heat pump,"Advances in industrial energy systems for production, storage and utilization of energy",Bešenić T.,Applied Thermal Engineering,2025-12-15,10.1016/j.applthermaleng.2025.128658,0,https://api.elsevier.com/content/abstract/scopus_id/105018126839
fourth generation AND district heat pump,Advancing sustainability through renewable energy Technologies: Trends and innovations,Østergaard P.A.,Renewable Energy,2025-12-15,10.1016/j.renene.2025.124595,1,https://api.elsevier.com/content/abstract/scopus_id/105020284869
fourth generation AND district heat pump,A review of waste heat sources for district heating,Opadokun O.,Energy Reports,2025-12-01,10.1016/j.egyr.2025.07.015,1,https://api.elsevier.com/content/abstract/scopus_id/105011037463
fourth generation AND district heat pump,Business and pricing models for district heating and cooling: A review,Lilliu F.,Energy Reports,2025-12-01,10.1016/j.egyr.2025.06.049,0,https://api.elsevier.com/content/abstract/scopus_id/105012240461
fourth generation AND district heat pump,Integrating renewable energy and thermal storage in district heating networks: A design optimization approach,Ceruti A.,Energy Conversion and Management,2025-12-01,10.1016/j.enconman.2025.120323,1,https://api.elsevier.com/content/abstract/scopus_id/105013112560
fourth generation AND district heat pump,UrbanHeatOpt: A software framework for supporting municipal heat transition planning,Malacek S.,Softwarex,2025-12-01,10.1016/j.softx.2025.102393,0,https://api.elsevier.com/content/abstract/scopus_id/105023508746
fourth generation AND district heat pump,"Integration and interaction of next-generation AI-focused data centers with smart grids and district energy systems: The state-of-the-art, opportunities and challenges",Zhang Y.,Renewable and Sustainable Energy Reviews,2025-12-01,10.1016/j.rser.2025.116097,5,https://api.elsevier.com/content/abstract/scopus_id/105011147760
fourth generation AND thermal network,Entropy generation on bio-convection prandtl-eyring fluid flow through a porous microchannel with waste discharge and non-uniform heat sources,A R.,Multiscale and Multidisciplinary Modeling Experiments and Design,2026-12-01,10.1007/s41939-025-01084-8,0,https://api.elsevier.com/content/abstract/scopus_id/105019492287
fourth generation AND thermal network,Hybrid numerical–artificial neural network modeling of bioconvection in MHD nanofluids with gyrotactic microorganisms,Kavitha R.,Multiscale and Multidisciplinary Modeling Experiments and Design,2026-12-01,10.1007/s41939-025-01064-y,0,https://api.elsevier.com/content/abstract/scopus_id/105019261587
fourth generation AND thermal network,Effects of electrophoresis and double slip on multiphase peristaltic transport in non-uniform geometry: a comparative study of analytical and ANN approaches,Mingliang Z.,Multiscale and Multidisciplinary Modeling Experiments and Design,2026-12-01,10.1007/s41939-025-01081-x,0,https://api.elsevier.com/content/abstract/scopus_id/105020855727
fourth generation AND thermal network,"Thermally Drawn Flexible Fiber Sensors: Principles, Materials, Structures, and Applications",Zhang Z.L.,Nano Micro Letters,2026-12-01,10.1007/s40820-025-01840-y,0,https://api.elsevier.com/content/abstract/scopus_id/105010922805
fourth generation AND thermal network,High-Entropy Oxide Memristors for Neuromorphic Computing: From Material Engineering to Functional Integration,Yang J.L.,Nano Micro Letters,2026-12-01,10.1007/s40820-025-01891-1,3,https://api.elsevier.com/content/abstract/scopus_id/105016620962
fourth generation AND thermal network,A bimetallic catalyst core-shell nanoplatform enabling all-stage management of infected diabetic wound healing,Xie H.,Biomaterials,2026-04-01,10.1016/j.biomaterials.2025.123771,1,https://api.elsevier.com/content/abstract/scopus_id/105019213818
fourth generation AND thermal network,Degradation mechanism of nickel-base single crystal superalloy after long-term aging: Roles of nanomechanical properties and morphology of γ/γ′ phases,Luo C.,Journal of Materials Science and Technology,2026-03-20,10.1016/j.jmst.2025.04.086,4,https://api.elsevier.com/content/abstract/scopus_id/105010696796
fourth generation AND thermal network,Precision cross-sections for advancing cosmic-ray physics and other applications: A comprehensive programme for the next decade,Maurin D.,Physics Reports,2026-03-11,10.1016/j.physrep.2025.11.002,0,https://api.elsevier.com/content/abstract/scopus_id/105021659608
fourth generation AND thermal network,"Sonogashira-Hydroamination based Annulation of 2-(2‑chloro-1-methyl-1H-indol-3-yl)-5-methyl-1H-benzo[d]imidazole: Antiproliferative Activity, DFT, and Molecular Docking Studies",Upadhyay R.,Journal of Molecular Structure,2026-03-05,10.1016/j.molstruc.2025.144856,0,https://api.elsevier.com/content/abstract/scopus_id/105023502852
fourth generation AND thermal network,An assessment of performance of bifurcations in thermal systems with new correlations for estimating Nusselt number and loss coefficient,Roy Chowdhury S.,International Communications in Heat and Mass Transfer,2026-03-01,10.1016/j.icheatmasstransfer.2025.110116,0,https://api.elsevier.com/content/abstract/scopus_id/105023698666
fourth generation AND thermal network,From design to operation: Integrated optimization of intermediate cycle heat exchange systems for aero engines,Liu W.,International Journal of Heat and Mass Transfer,2026-03-01,10.1016/j.ijheatmasstransfer.2025.127904,0,https://api.elsevier.com/content/abstract/scopus_id/105017971778
fourth generation AND thermal network,Flame image binarization statistics and pollutant emission analysis of hydrogen-enriched kerosene combustion in a turbulent swirl burner,Józsa V.,Fuel,2026-03-01,10.1016/j.fuel.2025.137341,0,https://api.elsevier.com/content/abstract/scopus_id/105022174488
fourth generation AND thermal network,Opportunities and costs for shared ground loops,Barns D.G.,Renewable and Sustainable Energy Reviews,2026-03-01,10.1016/j.rser.2025.116490,0,https://api.elsevier.com/content/abstract/scopus_id/105023483228
fourth generation AND thermal network,Machine learning-based approach for predicting the isobaric heat capacity of biodiesel,Bueno V.F.d.S.,Fuel,2026-03-01,10.1016/j.fuel.2025.137574,0,https://api.elsevier.com/content/abstract/scopus_id/105022098860
fourth generation AND thermal network,A multi-field phase-field framework for thermomechanical fracture in layered rocks incorporating bedding plane interfaces,Zhao Q.,International Journal of Fracture,2026-03-01,10.1007/s10704-025-00897-5,0,https://api.elsevier.com/content/abstract/scopus_id/105023482001
fourth generation AND thermal network,Effective esterification of sewage sludge lipid feedstock into biodiesel using sulfated-based ZrO2 – SiO2 nanocomposite,Ali K.A.,Biomass and Bioenergy,2026-03-01,10.1016/j.biombioe.2025.108639,0,https://api.elsevier.com/content/abstract/scopus_id/105022305468
fourth generation AND thermal network,Generative Reliability-Based Design Optimization Using In-Context Learning Capabilities of Large Language Models,Jiang Z.,Journal of Mechanical Design,2026-03-01,10.1115/1.4069598,0,https://api.elsevier.com/content/abstract/scopus_id/105017049560
fourth generation AND thermal network,Putative membrane protein Cgl2168 and its variant enhance thermotolerance in Corynebacterium glutamicum,Gao N.,Synthetic and Systems Biotechnology,2026-03-01,10.1016/j.synbio.2025.09.018,0,https://api.elsevier.com/content/abstract/scopus_id/105020583868
fourth generation AND thermal network,Advancing biomaterial research with artificial intelligence,Ng J.C.,Biomaterials Advances,2026-03-01,10.1016/j.bioadv.2025.214535,0,https://api.elsevier.com/content/abstract/scopus_id/105018051320
fourth generation AND thermal network,Cellular metabolism biosensing: From extracellular microenvironment to intracellular physiology monitoring,Liang T.,Biosensors and Bioelectronics,2026-03-01,10.1016/j.bios.2025.118250,0,https://api.elsevier.com/content/abstract/scopus_id/105023212515
fourth generation AND thermal network,Simulation-based planning for cost-effective and energy-efficient large-scale seasonal thermal energy storage systems,Dahash A.,Renewable Energy,2026-02-15,10.1016/j.renene.2025.124813,0,https://api.elsevier.com/content/abstract/scopus_id/105023657710
fourth generation AND thermal network,Metal-coordinated mechanically interlocked polymers,Liu G.,Coordination Chemistry Reviews,2026-02-15,10.1016/j.ccr.2025.217307,0,https://api.elsevier.com/content/abstract/scopus_id/105020946877
fourth generation AND thermal network,"Engineered smart nano-bio-physio sensing platforms as emerging point-of-care technologies: materials, mechanisms, and applications",Yücer S.,Coordination Chemistry Reviews,2026-02-15,10.1016/j.ccr.2025.217358,0,https://api.elsevier.com/content/abstract/scopus_id/105021253385
fourth generation AND thermal network,DNTFNet: Deep feature learning via tensor factorization for few-shot HSI classification,Cheng C.,Neurocomputing,2026-02-07,10.1016/j.neucom.2025.132140,0,https://api.elsevier.com/content/abstract/scopus_id/105022923492
fourth generation AND thermal network,Nonlinear thermo-mechanical forced vibration of nonlocal FG-CNTRC adsorber with 2D PSH network and vdW interactions across wide frequency spectrum,Khouni S.,Thin Walled Structures,2026-02-01,10.1016/j.tws.2025.114216,0,https://api.elsevier.com/content/abstract/scopus_id/105021273072
fourth generation AND thermal grid,Degradation mechanism of nickel-base single crystal superalloy after long-term aging: Roles of nanomechanical properties and morphology of γ/γ′ phases,Luo C.,Journal of Materials Science and Technology,2026-03-20,10.1016/j.jmst.2025.04.086,4,https://api.elsevier.com/content/abstract/scopus_id/105010696796
fourth generation AND thermal grid,Opportunities and costs for shared ground loops,Barns D.G.,Renewable and Sustainable Energy Reviews,2026-03-01,10.1016/j.rser.2025.116490,0,https://api.elsevier.com/content/abstract/scopus_id/105023483228
fourth generation AND thermal grid,Error estimates of augmented compact FVM for nonlinear singular parabolic problems with degenerate interface,Chen Y.,Journal of Computational and Applied Mathematics,2026-02-01,10.1016/j.cam.2025.116899,0,https://api.elsevier.com/content/abstract/scopus_id/105010521189
fourth generation AND thermal grid,Low-temperature district heating operations using heat cost allocators in apartment buildings,Yang Q.,Building and Environment,2026-02-01,10.1016/j.buildenv.2025.114095,0,https://api.elsevier.com/content/abstract/scopus_id/105023648143
fourth generation AND thermal grid,A fuzzy-and-fair framework for solar irradiance modeling and derivative pricing: Bridging photovoltaic production risk and climate-linked finance,Romagnoli S.,Applied Energy,2026-02-01,10.1016/j.apenergy.2025.127139,0,https://api.elsevier.com/content/abstract/scopus_id/105023419179
fourth generation AND thermal grid,Scalable sulfonated activated carbons as high-capacity sorbents for atmospheric water harvesting,Schweng P.,Carbon,2026-02-01,10.1016/j.carbon.2025.120964,0,https://api.elsevier.com/content/abstract/scopus_id/105020964977
fourth generation AND thermal grid,Impact of electrical energy storage on the performance of photovoltaic systems in building retrofits,Schibuola L.,Energy and Buildings,2026-01-15,10.1016/j.enbuild.2025.116755,0,https://api.elsevier.com/content/abstract/scopus_id/105022798652
fourth generation AND thermal grid,Effects of the electricity consumption profile on the optimal renewable energy supply,Mayer M.J.,Energy Conversion and Management,2026-01-15,10.1016/j.enconman.2025.120797,0,https://api.elsevier.com/content/abstract/scopus_id/105023496161
fourth generation AND thermal grid,Development and validation of interpretable machine learning models for photovoltaic panel temperature prediction,Ren B.,Expert Systems with Applications,2026-01-15,10.1016/j.eswa.2025.128952,1,https://api.elsevier.com/content/abstract/scopus_id/105010003481
fourth generation AND thermal grid,Degradation of high-temperature fretting wear performance in Zr alloy due to fretting-induced dynamic recrystallization,Sun Q.,Wear,2026-01-15,10.1016/j.wear.2025.206408,0,https://api.elsevier.com/content/abstract/scopus_id/105020975780
fourth generation AND thermal grid,Safeguarding the energy transition: A review of cybersecurity strategies for vulnerability management in smart grids,Abbasi A.R.,Energy Conversion and Management X,2026-01-01,10.1016/j.ecmx.2025.101419,0,https://api.elsevier.com/content/abstract/scopus_id/105022780222
fourth generation AND thermal grid,Solar-assisted high-temperature heat pumps to achieve off-grid zero-carbon heating in industrial parks,Jiang J.,Renewable and Sustainable Energy Reviews,2026-01-01,10.1016/j.rser.2025.116412,0,https://api.elsevier.com/content/abstract/scopus_id/105019079070
fourth generation AND thermal grid,Hybrid salinity gradient solar ponds: A short review,Ahmed O.K.,Renewable and Sustainable Energy Reviews,2026-01-01,10.1016/j.rser.2025.116418,0,https://api.elsevier.com/content/abstract/scopus_id/105018857844
fourth generation AND thermal grid,Design of Advanced PV Cell for Electric Vehicle Battery Charging Systems,Nagarani R.,Lecture Notes in Networks and Systems,2026-01-01,10.1007/978-981-96-5732-2_5,0,https://api.elsevier.com/content/abstract/scopus_id/105020570127
fourth generation AND thermal grid,Thermal management of lithium-ion batteries: Numerical evaluation of phase change materials and fin designs against air cooling,Esmaeili Z.,International Journal of Thermal Sciences,2026-01-01,10.1016/j.ijthermalsci.2025.110194,5,https://api.elsevier.com/content/abstract/scopus_id/105011964692
fourth generation AND thermal grid,Combining physical models to estimate PV power: evaluation and optimal modeling in the solar resource-rich semi-arid Brazilian region,de Medeiros J.V.F.F.,Renewable Energy,2026-01-01,10.1016/j.renene.2025.123999,0,https://api.elsevier.com/content/abstract/scopus_id/105010556040
fourth generation AND thermal grid,Sizing procedure of low-enthalpy district heating and cooling heat pump plants: A case study of the Balearic Islands university campus,Bibiloni-Mulet P.A.,Energy and Buildings,2026-01-01,10.1016/j.enbuild.2025.116582,0,https://api.elsevier.com/content/abstract/scopus_id/105022150047
fourth generation AND thermal grid,Experimental investigation on the thermal performance of a novel inverted pyramid-shaped simultaneous cold and heat storage water tank,Ren Y.,International Journal of Thermal Sciences,2026-01-01,10.1016/j.ijthermalsci.2025.110234,1,https://api.elsevier.com/content/abstract/scopus_id/105013360441
fourth generation AND thermal grid,District heating modeling tools: A review based on design and simulation of renewable district heating networks,Valentini L.V.,Energy Conversion and Management X,2026-01-01,10.1016/j.ecmx.2025.101414,0,https://api.elsevier.com/content/abstract/scopus_id/105023079317
fourth generation AND thermal grid,Occupancy behavior-informed PV–battery sizing for resilient and sufficient buildings under climate-related disruptions,Jiang Z.,Energy Conversion and Management,2026-01-01,10.1016/j.enconman.2025.120524,0,https://api.elsevier.com/content/abstract/scopus_id/105019980406
fourth generation AND thermal grid,Unlocking solar and hydrogen potentials: A comparative analysis of solar tracking systems for South Africa's energy transition,Diesing A.,Renewable Energy,2026-01-01,10.1016/j.renene.2025.124066,0,https://api.elsevier.com/content/abstract/scopus_id/105012625750
fourth generation AND thermal grid,Study on the modeling and simulation of the pre-treatment process of coffee husks for renewable energy production in the Brazilian agro-industrial sector,e Silva A.d.O.,Biomass and Bioenergy,2026-01-01,10.1016/j.biombioe.2025.108405,0,https://api.elsevier.com/content/abstract/scopus_id/105016463659
fourth generation AND thermal grid,A review on optimization of district energy systems,Abdelghani D.,Renewable and Sustainable Energy Reviews,2026-01-01,10.1016/j.rser.2025.116041,1,https://api.elsevier.com/content/abstract/scopus_id/105012629133
fourth generation AND thermal grid,Numerical investigation of fin arrangement in phase change material–based passive cooling to improve photovoltaic panel performance,El Goual M.,Journal of Energy Storage,2026-01-01,10.1016/j.est.2025.119459,0,https://api.elsevier.com/content/abstract/scopus_id/105021640194
fourth generation AND thermal grid,Modeling and performance assessment of innovative hybrid electro-disinfection processes for Escherichia coli inactivation in water,Solak M.,Chemical Engineering and Processing Process Intensification,2026-01-01,10.1016/j.cep.2025.110594,0,https://api.elsevier.com/content/abstract/scopus_id/105019929845
bi-directional AND district heating and cooling,The Green's function based analysis for seasonal heat storage and utilization in a solar-geothermal building,Wu C.,Journal of Energy Storage,2026-01-01,10.1016/j.est.2025.118721,0,https://api.elsevier.com/content/abstract/scopus_id/105020796834
bi-directional AND district heating and cooling,Demand Response in Smart Microgrids: Advanced and Optimal Energy Management Strategies,Ouassaid M.,Studies in Systems Decision and Control,2026-01-01,10.1007/978-3-032-02492-3,0,https://api.elsevier.com/content/abstract/scopus_id/105020789714
bi-directional AND district heating and cooling,Quantifying the cooling demand of Manhattan using aerial images,Barth F.,Energy and Buildings,2025-12-15,10.1016/j.enbuild.2025.116526,0,https://api.elsevier.com/content/abstract/scopus_id/105018740504
bi-directional AND district heating and cooling,From baseload to flexibility: A cost-driven evolutionary model for thermal power industry at various stages of the China's “dual carbon” policy,Chen Y.,Applied Energy,2025-12-15,10.1016/j.apenergy.2025.126709,0,https://api.elsevier.com/content/abstract/scopus_id/105015036718
bi-directional AND district heating and cooling,Advancing sustainability through renewable energy Technologies: Trends and innovations,Østergaard P.A.,Renewable Energy,2025-12-15,10.1016/j.renene.2025.124595,1,https://api.elsevier.com/content/abstract/scopus_id/105020284869
bi-directional AND district heating and cooling,A two-stage imputation method for enhancing urban building energy data resilience using Bayesian inference,Lee G.,Energy and Buildings,2025-12-15,10.1016/j.enbuild.2025.116515,0,https://api.elsevier.com/content/abstract/scopus_id/105018737699
bi-directional AND district heating and cooling,Real-time proactive control of cascading failures in integrated electricity–gas systems based on a privacy-preserving physics informed deep operator surrogate model,Zhang J.,Applied Energy,2025-12-15,10.1016/j.apenergy.2025.126791,0,https://api.elsevier.com/content/abstract/scopus_id/105016779104
bi-directional AND district heating and cooling,Hydraulic–thermal dynamic model of meshed district heating network based on discrete event simulation,Xie Z.,Energy,2025-12-01,10.1016/j.energy.2025.138895,0,https://api.elsevier.com/content/abstract/scopus_id/105019507661
bi-directional AND district heating and cooling,Mechanism-guided short-term heat load prediction of district heating system based on a hybrid data-driven model,Zhang X.,Applied Thermal Engineering,2025-12-01,10.1016/j.applthermaleng.2025.128113,0,https://api.elsevier.com/content/abstract/scopus_id/105015295366
bi-directional AND district heating and cooling,"Fast prediction of annual hourly indoor non-uniform unsteady environment through coupled model of daylighting, CFD, energy simulation and machine learning",Luo Y.,Journal of Building Engineering,2025-11-15,10.1016/j.jobe.2025.114280,0,https://api.elsevier.com/content/abstract/scopus_id/105018173472
bi-directional AND district heating and cooling,Transmission-Targeted Demand-Side Response for Congestion Relief: A Systematic Review,Sidor P.,Energies,2025-11-01,10.3390/en18215705,0,https://api.elsevier.com/content/abstract/scopus_id/105021580573
bi-directional AND district heating and cooling,A review of state-of-the-art solutions to common sensor problems in HVAC systems for enhancement of energy efficiency and reliability,Sun S.,Journal of Building Engineering,2025-10-15,10.1016/j.jobe.2025.113761,0,https://api.elsevier.com/content/abstract/scopus_id/105013556802
bi-directional AND district heating and cooling,Hybrid thermal load prediction model for the regional built environment based on random forest feature screening,Zhu J.,Energy and Buildings,2025-10-01,10.1016/j.enbuild.2025.115987,1,https://api.elsevier.com/content/abstract/scopus_id/105007746666
bi-directional AND district heating and cooling,Quantifying the Impact of Energy Storage Capacity on Building Energy Flexibility: A Case Study of the PV-ESS-GSHP System,Han F.,Buildings,2025-10-01,10.3390/buildings15193536,0,https://api.elsevier.com/content/abstract/scopus_id/105019203628
bi-directional AND district heating and cooling,Deep learning based digital twins augmented reality: Model predictive control for battery and storage optimization in renewable energy prosumers districts,Khan B.,Journal of Energy Storage,2025-09-30,10.1016/j.est.2025.117565,3,https://api.elsevier.com/content/abstract/scopus_id/105009843724
bi-directional AND district heating and cooling,Techno-economic feasibility of prosumers in urban district heating systems utilising low-temperature industrial excess heat,Trabert U.,Energy,2025-09-01,10.1016/j.energy.2025.136583,1,https://api.elsevier.com/content/abstract/scopus_id/105007147673
bi-directional AND district heating and cooling,A techno-economic analysis of a high vacuum solar system integrated into a prosumer-based district heating network,Dino G.E.,Energy,2025-09-01,10.1016/j.energy.2025.136843,5,https://api.elsevier.com/content/abstract/scopus_id/105006876528
bi-directional AND district heating and cooling,A novel adaptive adjustment Kolmogorov-Arnold network for heat load prediction in district heating systems,Zhu J.,Applied Thermal Engineering,2025-09-01,10.1016/j.applthermaleng.2025.126552,5,https://api.elsevier.com/content/abstract/scopus_id/105003376581
bi-directional AND district heating and cooling,PEEK-derived composite film combines high thermal conductivity and excellent joule heating properties for smart thermal management electronic sensing floors,Bai Y.,Chemical Engineering Journal,2025-09-01,10.1016/j.cej.2025.165732,1,https://api.elsevier.com/content/abstract/scopus_id/105009907419
bi-directional AND district heating and cooling,LITHEUM. A web-based lighting and thermal urban model for city energy assessment,Rodríguez-Álvarez J.,Sustainable Cities and Society,2025-07-15,10.1016/j.scs.2025.106603,0,https://api.elsevier.com/content/abstract/scopus_id/105010515440
bi-directional AND district heating and cooling,"The Power Regulation Characteristics, Key Challenges, and Solution Pathways of Typical Flexible Resources in Regional Energy Systems",Jiang H.,Energies,2025-07-01,10.3390/en18143830,1,https://api.elsevier.com/content/abstract/scopus_id/105011708908
bi-directional AND district heating and cooling,Influence of the graphene oxide on heat conduction characteristics of cement-based honeycomb scaffolds,Cheng Z.,Case Studies in Construction Materials,2025-07-01,10.1016/j.cscm.2025.e04282,2,https://api.elsevier.com/content/abstract/scopus_id/85215566851
bi-directional AND district heating and cooling,Leveraging Machine Learning in Next-Generation Climate Change Adaptation Efforts by Increasing Renewable Energy Integration and Efficiency,Rojek I.,Energies,2025-07-01,10.3390/en18133315,0,https://api.elsevier.com/content/abstract/scopus_id/105010339956
bi-directional AND district heating and cooling,A novel heat load prediction algorithm based on fuzzy C-mean clustering and mixed positional encoding informer,Song J.,Applied Energy,2025-06-15,10.1016/j.apenergy.2025.125709,3,https://api.elsevier.com/content/abstract/scopus_id/105000040175
bi-directional AND district heating and cooling,Artificial intelligence-enabled predictive energy saving planning of liquid cooling system for data centers,Ma S.,Advanced Engineering Informatics,2025-05-01,10.1016/j.aei.2025.103283,6,https://api.elsevier.com/content/abstract/scopus_id/105001117190
bi-directional AND district thermal,Hierarchical energy management system for coordinated operation of multiple grid-tied home microgrids,Neda O.M.,Renewable Energy Focus,2026-03-01,10.1016/j.ref.2025.100766,0,https://api.elsevier.com/content/abstract/scopus_id/105017954611
bi-directional AND district thermal,A novel multiphase prediction model for shale oil production,Qi N.,Fuel,2026-02-15,10.1016/j.fuel.2025.137048,0,https://api.elsevier.com/content/abstract/scopus_id/105018176884
bi-directional AND district thermal,Spindle thermal error modeling with linear and nonlinear hybrid tandem metamodel based on statistical and machine learning approaches,Li M.H.,Expert Systems with Applications,2026-02-01,10.1016/j.eswa.2025.129449,0,https://api.elsevier.com/content/abstract/scopus_id/105014595957
bi-directional AND district thermal,The Green's function based analysis for seasonal heat storage and utilization in a solar-geothermal building,Wu C.,Journal of Energy Storage,2026-01-01,10.1016/j.est.2025.118721,0,https://api.elsevier.com/content/abstract/scopus_id/105020796834
bi-directional AND district thermal,Nonlinear aerodynamic analyses of rotary composite tapered bladed disks (blisks) under subsonic and supersonic flow conditions,Ru Y.,Aerospace Science and Technology,2026-01-01,10.1016/j.ast.2025.111186,0,https://api.elsevier.com/content/abstract/scopus_id/105021093343
bi-directional AND district thermal,Fake news detection based on shared information and cross-feature ambiguity learning,Cui S.D.,Engineering Applications of Artificial Intelligence,2026-01-01,10.1016/j.engappai.2025.112841,0,https://api.elsevier.com/content/abstract/scopus_id/105020573829
bi-directional AND district thermal,Demand Response in Smart Microgrids: Advanced and Optimal Energy Management Strategies,Ouassaid M.,Studies in Systems Decision and Control,2026-01-01,10.1007/978-3-032-02492-3,0,https://api.elsevier.com/content/abstract/scopus_id/105020789714
bi-directional AND district thermal,Quantifying the cooling demand of Manhattan using aerial images,Barth F.,Energy and Buildings,2025-12-15,10.1016/j.enbuild.2025.116526,0,https://api.elsevier.com/content/abstract/scopus_id/105018740504
bi-directional AND district thermal,From baseload to flexibility: A cost-driven evolutionary model for thermal power industry at various stages of the China's “dual carbon” policy,Chen Y.,Applied Energy,2025-12-15,10.1016/j.apenergy.2025.126709,0,https://api.elsevier.com/content/abstract/scopus_id/105015036718
bi-directional AND district thermal,TCN-BiLSTM-CE: An interdisciplinary approach for missing energy data imputation by contextual inference,Yu M.,Applied Energy,2025-12-15,10.1016/j.apenergy.2025.126618,0,https://api.elsevier.com/content/abstract/scopus_id/105013243394
bi-directional AND district thermal,Quantitative analysis of multi-energy coupling: Indicator set and influence on IES region,Xiao J.,Applied Energy,2025-12-15,10.1016/j.apenergy.2025.126619,0,https://api.elsevier.com/content/abstract/scopus_id/105013506133
bi-directional AND district thermal,Real-time proactive control of cascading failures in integrated electricity–gas systems based on a privacy-preserving physics informed deep operator surrogate model,Zhang J.,Applied Energy,2025-12-15,10.1016/j.apenergy.2025.126791,0,https://api.elsevier.com/content/abstract/scopus_id/105016779104
bi-directional AND district thermal,Advancing sustainability through renewable energy Technologies: Trends and innovations,Østergaard P.A.,Renewable Energy,2025-12-15,10.1016/j.renene.2025.124595,1,https://api.elsevier.com/content/abstract/scopus_id/105020284869
bi-directional AND district thermal,Hydraulic–thermal dynamic model of meshed district heating network based on discrete event simulation,Xie Z.,Energy,2025-12-01,10.1016/j.energy.2025.138895,0,https://api.elsevier.com/content/abstract/scopus_id/105019507661
bi-directional AND district thermal,Mechanism-guided short-term heat load prediction of district heating system based on a hybrid data-driven model,Zhang X.,Applied Thermal Engineering,2025-12-01,10.1016/j.applthermaleng.2025.128113,0,https://api.elsevier.com/content/abstract/scopus_id/105015295366
bi-directional AND district thermal,Deep Learning Ensemble and Multi-Criteria GIS for High-Fidelity Rooftop Solar Potential Mapping,Lodhi M.K.,Journal of Geovisualization and Spatial Analysis,2025-12-01,10.1007/s41651-025-00240-5,0,https://api.elsevier.com/content/abstract/scopus_id/105018710058
bi-directional AND district thermal,A review of integrated energy system modeling and operation,Zhu H.,Applied Energy,2025-12-01,10.1016/j.apenergy.2025.126572,2,https://api.elsevier.com/content/abstract/scopus_id/105012608822
bi-directional AND district thermal,Monitoring leaf nitrogen concentration for different leaf layers based on multiangle remote sensing and fusion models,Liu M.,Smart Agricultural Technology,2025-12-01,10.1016/j.atech.2025.101392,0,https://api.elsevier.com/content/abstract/scopus_id/105014621870
bi-directional AND district thermal,Strategic design of wind energy and battery storage for efficient and sustainable energy systems,Eroğlu H.,Scientific Reports,2025-12-01,10.1038/s41598-025-18863-5,0,https://api.elsevier.com/content/abstract/scopus_id/105018128532
bi-directional AND district thermal,"Development, optimization, and benchmarking of zone-specific deep learning architectures for air quality prediction in end-of-life vehicle recycling zones",Molla A.H.,Computers and Industrial Engineering,2025-12-01,10.1016/j.cie.2025.111507,0,https://api.elsevier.com/content/abstract/scopus_id/105015407698
bi-directional AND district thermal,Advanced Functional Electromagnetic Shielding Materials: A Review Based on Micro-Nano Structure Interface Control of Biomass Cell Walls,Shi Y.,Nano Micro Letters,2025-12-01,10.1007/s40820-024-01494-2,81,https://api.elsevier.com/content/abstract/scopus_id/85204695610
bi-directional AND district thermal,Advances in TENGs for Marine Energy Harvesting and In Situ Electrochemistry,Zhang C.,Nano Micro Letters,2025-12-01,10.1007/s40820-024-01640-w,29,https://api.elsevier.com/content/abstract/scopus_id/85218182736
bi-directional AND district thermal,Thermal management strategy for motorized spindle systems: graphite coating thermal path reconstruction and hybrid predictive modeling,Dai Y.,Applied Thermal Engineering,2025-11-15,10.1016/j.applthermaleng.2025.128071,0,https://api.elsevier.com/content/abstract/scopus_id/105014520816
bi-directional AND district thermal,Research on the carbon neutrality path of urban block buildings through multi-dimensional synergy,Deng Y.,Journal of Building Engineering,2025-11-15,10.1016/j.jobe.2025.114391,0,https://api.elsevier.com/content/abstract/scopus_id/105018861500
bi-directional AND district thermal,"Fast prediction of annual hourly indoor non-uniform unsteady environment through coupled model of daylighting, CFD, energy simulation and machine learning",Luo Y.,Journal of Building Engineering,2025-11-15,10.1016/j.jobe.2025.114280,0,https://api.elsevier.com/content/abstract/scopus_id/105018173472
bi-directional AND district energy,OpenCIL: Benchmarking out-of-distribution detection in class incremental learning,Miao W.,Pattern Recognition,2026-03-01,10.1016/j.patcog.2025.112163,0,https://api.elsevier.com/content/abstract/scopus_id/105011502301
bi-directional AND district energy,Hierarchical energy management system for coordinated operation of multiple grid-tied home microgrids,Neda O.M.,Renewable Energy Focus,2026-03-01,10.1016/j.ref.2025.100766,0,https://api.elsevier.com/content/abstract/scopus_id/105017954611
bi-directional AND district energy,A novel multiphase prediction model for shale oil production,Qi N.,Fuel,2026-02-15,10.1016/j.fuel.2025.137048,0,https://api.elsevier.com/content/abstract/scopus_id/105018176884
bi-directional AND district energy,WDLformer: A novel mid-term load forecasting network considering weather score and distribution shift based on multi-encoders frequency fusion approach,Tian Z.,Information Fusion,2026-02-01,10.1016/j.inffus.2025.103674,0,https://api.elsevier.com/content/abstract/scopus_id/105015046104
bi-directional AND district energy,Unbiased Spatial–Temporal Atomic Fusion-based Zero-Shot Action Recognition,Xing M.,Information Fusion,2026-02-01,10.1016/j.inffus.2025.103633,0,https://api.elsevier.com/content/abstract/scopus_id/105013850024
bi-directional AND district energy,Association between caregivers' responsive feeding practices and the intake of fruit and vegetable among children aged 6–36 months: the mediating role of children's enjoyment of food,An M.,Appetite,2026-02-01,10.1016/j.appet.2025.108325,0,https://api.elsevier.com/content/abstract/scopus_id/105017966093
bi-directional AND district energy,The Green's function based analysis for seasonal heat storage and utilization in a solar-geothermal building,Wu C.,Journal of Energy Storage,2026-01-01,10.1016/j.est.2025.118721,0,https://api.elsevier.com/content/abstract/scopus_id/105020796834
bi-directional AND district energy,Enhancing seismic site response analyses: Tuning soil properties via genetic algorithms and Bayesian model updating from downhole array data,Sadeghzadeh S.,Soil Dynamics and Earthquake Engineering,2026-01-01,10.1016/j.soildyn.2025.109773,0,https://api.elsevier.com/content/abstract/scopus_id/105016875540
bi-directional AND district energy,Demand Response in Smart Microgrids: Advanced and Optimal Energy Management Strategies,Ouassaid M.,Studies in Systems Decision and Control,2026-01-01,10.1007/978-3-032-02492-3,0,https://api.elsevier.com/content/abstract/scopus_id/105020789714
bi-directional AND district energy,A multi-scale graph tide model with enhanced graph structure learning and spatiotemporal decoupling for load forecasting,Liu W.,Expert Systems with Applications,2026-01-01,10.1016/j.eswa.2025.128839,0,https://api.elsevier.com/content/abstract/scopus_id/105009746565
bi-directional AND district energy,A novel three-segment solar radiation forecasting model,Kaysal K.,Renewable Energy,2026-01-01,10.1016/j.renene.2025.123947,0,https://api.elsevier.com/content/abstract/scopus_id/105010842852
bi-directional AND district energy,Nonlinear aerodynamic analyses of rotary composite tapered bladed disks (blisks) under subsonic and supersonic flow conditions,Ru Y.,Aerospace Science and Technology,2026-01-01,10.1016/j.ast.2025.111186,0,https://api.elsevier.com/content/abstract/scopus_id/105021093343
bi-directional AND district energy,CATC-Net: A CoAttention-Guided Temporal Capsule Network for Speech Emotion Recognition,Wei Y.,Communications in Computer and Information Science,2026-01-01,10.1007/978-3-031-99879-9_5,0,https://api.elsevier.com/content/abstract/scopus_id/105019227768
bi-directional AND district energy,Spatial assessment and ecological risk evaluation of soil heavy metal contamination using multivariate statistical techniques,Islam M.S.,Catena,2025-12-31,10.1016/j.catena.2025.109550,0,https://api.elsevier.com/content/abstract/scopus_id/105022179221
bi-directional AND district energy,TCN-BiLSTM-CE: An interdisciplinary approach for missing energy data imputation by contextual inference,Yu M.,Applied Energy,2025-12-15,10.1016/j.apenergy.2025.126618,0,https://api.elsevier.com/content/abstract/scopus_id/105013243394
bi-directional AND district energy,Quantifying the cooling demand of Manhattan using aerial images,Barth F.,Energy and Buildings,2025-12-15,10.1016/j.enbuild.2025.116526,0,https://api.elsevier.com/content/abstract/scopus_id/105018740504
bi-directional AND district energy,Quantitative analysis of multi-energy coupling: Indicator set and influence on IES region,Xiao J.,Applied Energy,2025-12-15,10.1016/j.apenergy.2025.126619,0,https://api.elsevier.com/content/abstract/scopus_id/105013506133
bi-directional AND district energy,Real-time proactive control of cascading failures in integrated electricity–gas systems based on a privacy-preserving physics informed deep operator surrogate model,Zhang J.,Applied Energy,2025-12-15,10.1016/j.apenergy.2025.126791,0,https://api.elsevier.com/content/abstract/scopus_id/105016779104
bi-directional AND district energy,Advancing sustainability through renewable energy Technologies: Trends and innovations,Østergaard P.A.,Renewable Energy,2025-12-15,10.1016/j.renene.2025.124595,1,https://api.elsevier.com/content/abstract/scopus_id/105020284869
bi-directional AND district energy,A two-stage imputation method for enhancing urban building energy data resilience using Bayesian inference,Lee G.,Energy and Buildings,2025-12-15,10.1016/j.enbuild.2025.116515,0,https://api.elsevier.com/content/abstract/scopus_id/105018737699
bi-directional AND district energy,From baseload to flexibility: A cost-driven evolutionary model for thermal power industry at various stages of the China's “dual carbon” policy,Chen Y.,Applied Energy,2025-12-15,10.1016/j.apenergy.2025.126709,0,https://api.elsevier.com/content/abstract/scopus_id/105015036718
bi-directional AND district energy,Hydraulic–thermal dynamic model of meshed district heating network based on discrete event simulation,Xie Z.,Energy,2025-12-01,10.1016/j.energy.2025.138895,0,https://api.elsevier.com/content/abstract/scopus_id/105019507661
bi-directional AND district energy,Mechanism-guided short-term heat load prediction of district heating system based on a hybrid data-driven model,Zhang X.,Applied Thermal Engineering,2025-12-01,10.1016/j.applthermaleng.2025.128113,0,https://api.elsevier.com/content/abstract/scopus_id/105015295366
bi-directional AND district energy,A review of integrated energy system modeling and operation,Zhu H.,Applied Energy,2025-12-01,10.1016/j.apenergy.2025.126572,2,https://api.elsevier.com/content/abstract/scopus_id/105012608822
bi-directional AND district energy,"Energy consumption forecasting with hybrid deep learning approach, explainable AI, and hunger games optimization",Band S.S.,Sustainable Computing Informatics and Systems,2025-12-01,10.1016/j.suscom.2025.101255,0,https://api.elsevier.com/content/abstract/scopus_id/105022809407
bi-directional AND district heat pump,The Green's function based analysis for seasonal heat storage and utilization in a solar-geothermal building,Wu C.,Journal of Energy Storage,2026-01-01,10.1016/j.est.2025.118721,0,https://api.elsevier.com/content/abstract/scopus_id/105020796834
bi-directional AND district heat pump,Demand Response in Smart Microgrids: Advanced and Optimal Energy Management Strategies,Ouassaid M.,Studies in Systems Decision and Control,2026-01-01,10.1007/978-3-032-02492-3,0,https://api.elsevier.com/content/abstract/scopus_id/105020789714
bi-directional AND district heat pump,Quantifying the cooling demand of Manhattan using aerial images,Barth F.,Energy and Buildings,2025-12-15,10.1016/j.enbuild.2025.116526,0,https://api.elsevier.com/content/abstract/scopus_id/105018740504
bi-directional AND district heat pump,TCN-BiLSTM-CE: An interdisciplinary approach for missing energy data imputation by contextual inference,Yu M.,Applied Energy,2025-12-15,10.1016/j.apenergy.2025.126618,0,https://api.elsevier.com/content/abstract/scopus_id/105013243394
bi-directional AND district heat pump,Quantitative analysis of multi-energy coupling: Indicator set and influence on IES region,Xiao J.,Applied Energy,2025-12-15,10.1016/j.apenergy.2025.126619,0,https://api.elsevier.com/content/abstract/scopus_id/105013506133
bi-directional AND district heat pump,From baseload to flexibility: A cost-driven evolutionary model for thermal power industry at various stages of the China's “dual carbon” policy,Chen Y.,Applied Energy,2025-12-15,10.1016/j.apenergy.2025.126709,0,https://api.elsevier.com/content/abstract/scopus_id/105015036718
bi-directional AND district heat pump,Advancing sustainability through renewable energy Technologies: Trends and innovations,Østergaard P.A.,Renewable Energy,2025-12-15,10.1016/j.renene.2025.124595,1,https://api.elsevier.com/content/abstract/scopus_id/105020284869
bi-directional AND district heat pump,Hydraulic–thermal dynamic model of meshed district heating network based on discrete event simulation,Xie Z.,Energy,2025-12-01,10.1016/j.energy.2025.138895,0,https://api.elsevier.com/content/abstract/scopus_id/105019507661
bi-directional AND district heat pump,A review of integrated energy system modeling and operation,Zhu H.,Applied Energy,2025-12-01,10.1016/j.apenergy.2025.126572,2,https://api.elsevier.com/content/abstract/scopus_id/105012608822
bi-directional AND district heat pump,Advances in TENGs for Marine Energy Harvesting and In Situ Electrochemistry,Zhang C.,Nano Micro Letters,2025-12-01,10.1007/s40820-024-01640-w,29,https://api.elsevier.com/content/abstract/scopus_id/85218182736
bi-directional AND district heat pump,Machine learning-enhanced coordination of home-microgrids for resource compensation in large-scale energy systems,Neda O.M.,Sustainable Cities and Society,2025-11-15,10.1016/j.scs.2025.106744,0,https://api.elsevier.com/content/abstract/scopus_id/105019081810
bi-directional AND district heat pump,Research on the carbon neutrality path of urban block buildings through multi-dimensional synergy,Deng Y.,Journal of Building Engineering,2025-11-15,10.1016/j.jobe.2025.114391,0,https://api.elsevier.com/content/abstract/scopus_id/105018861500
bi-directional AND district heat pump,Transmission-Targeted Demand-Side Response for Congestion Relief: A Systematic Review,Sidor P.,Energies,2025-11-01,10.3390/en18215705,0,https://api.elsevier.com/content/abstract/scopus_id/105021580573
bi-directional AND district heat pump,Dual-layer optimized scheduling for solar-energy-integrated system based on auto-tuned MPC and event-triggering mechanism,He N.,Journal of Building Engineering,2025-10-15,10.1016/j.jobe.2025.113837,0,https://api.elsevier.com/content/abstract/scopus_id/105013971153
bi-directional AND district heat pump,A review of state-of-the-art solutions to common sensor problems in HVAC systems for enhancement of energy efficiency and reliability,Sun S.,Journal of Building Engineering,2025-10-15,10.1016/j.jobe.2025.113761,0,https://api.elsevier.com/content/abstract/scopus_id/105013556802
bi-directional AND district heat pump,Hybrid thermal load prediction model for the regional built environment based on random forest feature screening,Zhu J.,Energy and Buildings,2025-10-01,10.1016/j.enbuild.2025.115987,1,https://api.elsevier.com/content/abstract/scopus_id/105007746666
bi-directional AND district heat pump,Quantifying the Impact of Energy Storage Capacity on Building Energy Flexibility: A Case Study of the PV-ESS-GSHP System,Han F.,Buildings,2025-10-01,10.3390/buildings15193536,0,https://api.elsevier.com/content/abstract/scopus_id/105019203628
bi-directional AND district heat pump,Real-time effluent water quality prediction model based on BiLSTM and KAN for wastewater treatment plants,Liu S.,Journal of Water Process Engineering,2025-10-01,10.1016/j.jwpe.2025.108750,0,https://api.elsevier.com/content/abstract/scopus_id/105016136982
bi-directional AND district heat pump,Hybrid group method of data handling for time-series forecasting of thermal generation dispatch in electrical power systems,Buratto W.G.,Electrical Engineering,2025-10-01,10.1007/s00202-025-03242-0,0,https://api.elsevier.com/content/abstract/scopus_id/105009053424
bi-directional AND district heat pump,Techno-economic feasibility of prosumers in urban district heating systems utilising low-temperature industrial excess heat,Trabert U.,Energy,2025-09-01,10.1016/j.energy.2025.136583,1,https://api.elsevier.com/content/abstract/scopus_id/105007147673
bi-directional AND district heat pump,A novel adaptive adjustment Kolmogorov-Arnold network for heat load prediction in district heating systems,Zhu J.,Applied Thermal Engineering,2025-09-01,10.1016/j.applthermaleng.2025.126552,5,https://api.elsevier.com/content/abstract/scopus_id/105003376581
bi-directional AND district heat pump,A techno-economic analysis of a high vacuum solar system integrated into a prosumer-based district heating network,Dino G.E.,Energy,2025-09-01,10.1016/j.energy.2025.136843,5,https://api.elsevier.com/content/abstract/scopus_id/105006876528
bi-directional AND district heat pump,Energy-carbon pricing-guided collaborative optimization for local integrated energy communities with multi-vector electrification consumers,Xi Y.,Applied Energy,2025-08-15,10.1016/j.apenergy.2025.125946,1,https://api.elsevier.com/content/abstract/scopus_id/105003669616
bi-directional AND district heat pump,"The Power Regulation Characteristics, Key Challenges, and Solution Pathways of Typical Flexible Resources in Regional Energy Systems",Jiang H.,Energies,2025-07-01,10.3390/en18143830,1,https://api.elsevier.com/content/abstract/scopus_id/105011708908
bi-directional AND district heat pump,A novel heat load prediction algorithm based on fuzzy C-mean clustering and mixed positional encoding informer,Song J.,Applied Energy,2025-06-15,10.1016/j.apenergy.2025.125709,3,https://api.elsevier.com/content/abstract/scopus_id/105000040175
bi-directional AND thermal network,Comparative entropy optimization of MHD penta-hybrid nanofluid flow with Casson and Ellis models under thermal radiation over a 3D rotating stretching sheet,Sakkaravarthi K.,Multiscale and Multidisciplinary Modeling Experiments and Design,2026-12-01,10.1007/s41939-025-01069-7,0,https://api.elsevier.com/content/abstract/scopus_id/105019673498
bi-directional AND thermal network,"Low-cost, scalable, thermally conductive polymer nanocomposite films for dual-mode battery thermal management",Chen Q.,Journal of Materials Science and Technology,2026-05-20,10.1016/j.jmst.2025.07.040,0,https://api.elsevier.com/content/abstract/scopus_id/105015088447
bi-directional AND thermal network,Review for artificial intelligence-based micro-nanophotonic devices,Xie Z.,Frontiers of Physics,2026-05-01,10.15302/frontphys.2026.052301,0,https://api.elsevier.com/content/abstract/scopus_id/105021957493
bi-directional AND thermal network,Learning Bi-directional fusion and deformation-sensitive loss for RGB-T tiny object detection,Tang Z.,Information Fusion,2026-04-01,10.1016/j.inffus.2025.103985,0,https://api.elsevier.com/content/abstract/scopus_id/105022852709
bi-directional AND thermal network,A quasi-dynamic overload hidden cascading failure model for wind-integrated power systems considering line thermal dynamics,Li Q.,Electric Power Systems Research,2026-04-01,10.1016/j.epsr.2025.112505,0,https://api.elsevier.com/content/abstract/scopus_id/105021862606
bi-directional AND thermal network,Adaptive reinforcement ensemble transfer learning for robust lung tumor detection,Yang J.S.,Biomedical Signal Processing and Control,2026-04-01,10.1016/j.bspc.2025.109247,0,https://api.elsevier.com/content/abstract/scopus_id/105023093291
bi-directional AND thermal network,Multi-source errors evaluation of machine tools: from research gaps to methodologies and applications,Sun J.,International Journal of Extreme Manufacturing,2026-04-01,10.1088/2631-7990/ae1be8,0,https://api.elsevier.com/content/abstract/scopus_id/105022777986
bi-directional AND thermal network,‘Knowledge and experience’ for visible-infrared person re-identification,Huang N.,Pattern Recognition,2026-04-01,10.1016/j.patcog.2025.112553,0,https://api.elsevier.com/content/abstract/scopus_id/105018669293
bi-directional AND thermal network,Thermal analysis of radiative magnetized casson hybrid nanofluid flow through two spinning disks with effects of variable porosity: An application of Cattaneo-Christov flux model,Algehyne E.A.,Results in Engineering,2026-03-01,10.1016/j.rineng.2025.108464,0,https://api.elsevier.com/content/abstract/scopus_id/105023709563
bi-directional AND thermal network,HCCFNet: Hierarchical cross-modal and cross-granularity fusion network for infrared and visible image fusion,Yu T.,Signal Processing,2026-03-01,10.1016/j.sigpro.2025.110366,0,https://api.elsevier.com/content/abstract/scopus_id/105020948611
bi-directional AND thermal network,RGBT tracking via supervised mutual guiding,Liu L.,Pattern Recognition,2026-03-01,10.1016/j.patcog.2025.112295,0,https://api.elsevier.com/content/abstract/scopus_id/105013510232
bi-directional AND thermal network,Dual-crosslinked MXene/CNT composite film for fast and programmable humidity-responsive actuation,Lin S.,Sensors and Actuators B Chemical,2026-03-01,10.1016/j.snb.2025.139221,0,https://api.elsevier.com/content/abstract/scopus_id/105023498760
bi-directional AND thermal network,TGNet: Texture-enhanced guidance network for RGB-D salient object detection,Song X.,Expert Systems with Applications,2026-03-01,10.1016/j.eswa.2025.129633,0,https://api.elsevier.com/content/abstract/scopus_id/105015471623
bi-directional AND thermal network,Mining representative tokens via transformer-based multi-modal interaction for RGB-T tracking,Lai P.,Pattern Recognition,2026-03-01,10.1016/j.patcog.2025.112162,1,https://api.elsevier.com/content/abstract/scopus_id/105011398187
bi-directional AND thermal network,A High-Accuracy prediction approach for NOx concentration in Coal-Fired boilers based on optimal subset generation algorithm and bidirectional gated recurrent unit,Yang M.,Fuel,2026-03-01,10.1016/j.fuel.2025.137543,0,https://api.elsevier.com/content/abstract/scopus_id/105022131210
bi-directional AND thermal network,CIFDet: robust correlation-guided fusion and contrast-driven attention for misaligned multi-modal object detection,Wang J.,Information Fusion,2026-03-01,10.1016/j.inffus.2025.103833,0,https://api.elsevier.com/content/abstract/scopus_id/105019679960
bi-directional AND thermal network,Multispectral state-space feature fusion: Bridging shared and cross-parametric interactions for object detection,Shen J.,Information Fusion,2026-03-01,10.1016/j.inffus.2025.103895,0,https://api.elsevier.com/content/abstract/scopus_id/105021082155
bi-directional AND thermal network,Stochastic style perturbation modelling for visible-Infrared person re-Identification with severely modality imbalance,Liu H.,Neural Networks,2026-03-01,10.1016/j.neunet.2025.108206,0,https://api.elsevier.com/content/abstract/scopus_id/105019680923
bi-directional AND thermal network,Metal-perovskite interfacial engineering for quasi-2D CsPbBr3-based memristor devices,He S.,Journal of Energy Chemistry,2026-03-01,10.1016/j.jechem.2025.09.084,0,https://api.elsevier.com/content/abstract/scopus_id/105021029077
bi-directional AND thermal network,Optimized free vibration design of laminated composite shells with central cut-outs: A metaheuristic approach,Pal S.,European Journal of Mechanics A Solids,2026-03-01,10.1016/j.euromechsol.2025.105944,0,https://api.elsevier.com/content/abstract/scopus_id/105020776909
bi-directional AND thermal network,Exploring challenges of adaptive reusing of vacant shophouses in Penang's heritage zone,Maghsoodi Tilaki M.J.,Cities,2026-03-01,10.1016/j.cities.2025.106663,0,https://api.elsevier.com/content/abstract/scopus_id/105021112712
bi-directional AND thermal network,Hierarchical energy management system for coordinated operation of multiple grid-tied home microgrids,Neda O.M.,Renewable Energy Focus,2026-03-01,10.1016/j.ref.2025.100766,0,https://api.elsevier.com/content/abstract/scopus_id/105017954611
bi-directional AND thermal network,"4D printing for bone implant: Progress, advantages and challenges",Yang F.,Progress in Materials Science,2026-03-01,10.1016/j.pmatsci.2025.101591,0,https://api.elsevier.com/content/abstract/scopus_id/105019082698
bi-directional AND thermal network,Defect-engineered oxygen vacancy dichotomy in oxide synaptic transistors for broadband neuromorphic vision without performance trade-offs,Zou L.,Applied Surface Science,2026-02-28,10.1016/j.apsusc.2025.165190,0,https://api.elsevier.com/content/abstract/scopus_id/105021255062
bi-directional AND thermal network,Application of graph neural networks in modeling volatile matter generation and internal gas pressure behavior during coking of coking coal blends,Zhao P.,Fuel,2026-02-15,10.1016/j.fuel.2025.136785,1,https://api.elsevier.com/content/abstract/scopus_id/105016316487
bi-directional AND thermal grid,Review for artificial intelligence-based micro-nanophotonic devices,Xie Z.,Frontiers of Physics,2026-05-01,10.15302/frontphys.2026.052301,0,https://api.elsevier.com/content/abstract/scopus_id/105021957493
bi-directional AND thermal grid,A quasi-dynamic overload hidden cascading failure model for wind-integrated power systems considering line thermal dynamics,Li Q.,Electric Power Systems Research,2026-04-01,10.1016/j.epsr.2025.112505,0,https://api.elsevier.com/content/abstract/scopus_id/105021862606
bi-directional AND thermal grid,Adaptive reinforcement ensemble transfer learning for robust lung tumor detection,Yang J.S.,Biomedical Signal Processing and Control,2026-04-01,10.1016/j.bspc.2025.109247,0,https://api.elsevier.com/content/abstract/scopus_id/105023093291
bi-directional AND thermal grid,Hierarchical energy management system for coordinated operation of multiple grid-tied home microgrids,Neda O.M.,Renewable Energy Focus,2026-03-01,10.1016/j.ref.2025.100766,0,https://api.elsevier.com/content/abstract/scopus_id/105017954611
bi-directional AND thermal grid,A High-Accuracy prediction approach for NOx concentration in Coal-Fired boilers based on optimal subset generation algorithm and bidirectional gated recurrent unit,Yang M.,Fuel,2026-03-01,10.1016/j.fuel.2025.137543,0,https://api.elsevier.com/content/abstract/scopus_id/105022131210
bi-directional AND thermal grid,Effect of bypass duct size on the opening pressure of fire doors in an escape tunnel,Zhong K.,Tunnelling and Underground Space Technology,2026-02-01,10.1016/j.tust.2025.107139,0,https://api.elsevier.com/content/abstract/scopus_id/105017612812
bi-directional AND thermal grid,Linear active disturbance rejection control for MPPT with dynamic optimization based on AC algorithm,Zhou X.,Electric Power Systems Research,2026-02-01,10.1016/j.epsr.2025.112283,0,https://api.elsevier.com/content/abstract/scopus_id/105016679214
bi-directional AND thermal grid,Dynamic analysis and design of axially functionally graded lattice sandwich structures based on dynamic substructuring method,Zhao Z.,Thin Walled Structures,2026-02-01,10.1016/j.tws.2025.114176,0,https://api.elsevier.com/content/abstract/scopus_id/105021238491
bi-directional AND thermal grid,Multifunctional topology optimization design for foreign debris filtration: A case study in the nuclear sector,Huo D.,Thin Walled Structures,2026-02-01,10.1016/j.tws.2025.114139,1,https://api.elsevier.com/content/abstract/scopus_id/105020800576
bi-directional AND thermal grid,Performance degradation prediction of PEMFC based on harris hawks optimization and bidirectional gated recurrent units,Ba T.,Computers and Chemical Engineering,2026-02-01,10.1016/j.compchemeng.2025.109466,0,https://api.elsevier.com/content/abstract/scopus_id/105020372485
bi-directional AND thermal grid,A comprehensive survey on multi-sensor information processing and fusion for BEV perception in autonomous vehicles,Ping P.,Information Fusion,2026-02-01,10.1016/j.inffus.2025.103653,0,https://api.elsevier.com/content/abstract/scopus_id/105015047142
bi-directional AND thermal grid,Fine-scale estimates of ammonia emissions from South Asian croplands under changing climate,Ismaeel A.,Atmospheric Environment,2026-01-25,10.1016/j.atmosenv.2025.121705,0,https://api.elsevier.com/content/abstract/scopus_id/105023046581
bi-directional AND thermal grid,Degradation of high-temperature fretting wear performance in Zr alloy due to fretting-induced dynamic recrystallization,Sun Q.,Wear,2026-01-15,10.1016/j.wear.2025.206408,0,https://api.elsevier.com/content/abstract/scopus_id/105020975780
bi-directional AND thermal grid,Time series anomaly detection methods for IoT in smart grids: A systematic literature review,Deng T.,Neurocomputing,2026-01-14,10.1016/j.neucom.2025.131967,0,https://api.elsevier.com/content/abstract/scopus_id/105020776795
bi-directional AND thermal grid,A Design of Cost-Efficient Solid-State Circuit Breaker for LVDC Grid Applications,Wong S.S.M.,IEEE Transactions on Power Electronics,2026-01-01,10.1109/TPEL.2025.3596810,0,https://api.elsevier.com/content/abstract/scopus_id/105013054720
bi-directional AND thermal grid,Multi-objective Optimization Design for Reversible Counter-rotating Axial Flow Pump Based on the Adaptive Modified Genetic Algorithm,Xiang Q.,Journal of Applied Fluid Mechanics,2026-01-01,10.47176/jafm.19.1.3580,0,https://api.elsevier.com/content/abstract/scopus_id/105021032459
bi-directional AND thermal grid,Grid-connected inverter for photovoltaic energy harvesting: Advances in topologies and control techniques,Hossain M.K.,Energy Conversion and Management X,2026-01-01,10.1016/j.ecmx.2025.101422,0,https://api.elsevier.com/content/abstract/scopus_id/105023315696
bi-directional AND thermal grid,A comprehensive review of AI-driven approaches for smart grid stability and reliability,Ahmadi M.,Renewable and Sustainable Energy Reviews,2026-01-01,10.1016/j.rser.2025.116424,1,https://api.elsevier.com/content/abstract/scopus_id/105019487342
bi-directional AND thermal grid,Dynamic UAV path planning in mountainous terrain utilizing an arithmetic optimization algorithm incorporating adaptive thermal conduction search and elite population genetic strategies,Wang W.,Aerospace Science and Technology,2026-01-01,10.1016/j.ast.2025.110950,0,https://api.elsevier.com/content/abstract/scopus_id/105016782750
bi-directional AND thermal grid,Adaptive multi-objective real-time hierarchical control for isolated microgrid clusters utilizing an enhanced particle swarm optimization strategy to optimize costs and emissions,Horrillo-Quintero P.,Electric Power Systems Research,2026-01-01,10.1016/j.epsr.2025.112169,1,https://api.elsevier.com/content/abstract/scopus_id/105014254684
bi-directional AND thermal grid,Demand Response in Smart Microgrids: Advanced and Optimal Energy Management Strategies,Ouassaid M.,Studies in Systems Decision and Control,2026-01-01,10.1007/978-3-032-02492-3,0,https://api.elsevier.com/content/abstract/scopus_id/105020789714
bi-directional AND thermal grid,Domain-embedded deep learning frameworks for topology optimization: Enhancing structural performance under data scarce environments,Lee G.,Advances in Engineering Software,2026-01-01,10.1016/j.advengsoft.2025.104064,0,https://api.elsevier.com/content/abstract/scopus_id/105021078331
bi-directional AND thermal grid,A novel hybrid model for state of health prediction in lithium batteries based on non-stationary transformers optimized by tree-structured Parzen estimator considering health factors,He R.,Applied Energy,2026-01-01,10.1016/j.apenergy.2025.127030,0,https://api.elsevier.com/content/abstract/scopus_id/105021235605
bi-directional AND thermal grid,Nonlinear dynamics of PFG cylindrical shells reinforced with oblique stiffeners under viscous fluid flow,Foroutan K.,Thin Walled Structures,2026-01-01,10.1016/j.tws.2025.113925,0,https://api.elsevier.com/content/abstract/scopus_id/105015388860
bi-directional AND thermal grid,"Recent advances in the properties, synthesis, and applications of oriented composite phase change materials",Tong J.,Journal of Energy Chemistry,2026-01-01,10.1016/j.jechem.2025.09.014,0,https://api.elsevier.com/content/abstract/scopus_id/105017555687
bidirectional AND district heating and cooling,Opportunities and costs for shared ground loops,Barns D.G.,Renewable and Sustainable Energy Reviews,2026-03-01,10.1016/j.rser.2025.116490,0,https://api.elsevier.com/content/abstract/scopus_id/105023483228
bidirectional AND district heating and cooling,A systematic literature review of spatio-temporal graph neural network models for time series forecasting and classification,Corradini F.,Neural Networks,2026-03-01,10.1016/j.neunet.2025.108269,0,https://api.elsevier.com/content/abstract/scopus_id/105021858647
bidirectional AND district heating and cooling,Low-carbon economic optimization of park integrated energy system under hybrid market regulation: A multi-scenario dispatch system integrating ladder-type carbon trading and green certificate trading,Li L.,Expert Systems with Applications,2026-02-01,10.1016/j.eswa.2025.129232,0,https://api.elsevier.com/content/abstract/scopus_id/105013654070
bidirectional AND district heating and cooling,Levelised cost of demand response: Estimating the cost-competitiveness of flexible demand,Thrän J.,Energy Conversion and Management,2026-02-01,10.1016/j.enconman.2025.120811,0,https://api.elsevier.com/content/abstract/scopus_id/105023591736
bidirectional AND district heating and cooling,A Tool for the Optimal Design of Climate Resilient Thermal Energy Networks. Part 2: District Heating and Cooling Network Model,Villa G.,Lecture Notes in Civil Engineering,2026-01-01,10.1007/978-3-032-06806-4_30,0,https://api.elsevier.com/content/abstract/scopus_id/105023591390
bidirectional AND district heating and cooling,A comprehensive techno-economic analysis of solar energy integration in low-temperature district heating and cooling systems,Russo G.,Renewable Energy,2026-01-01,10.1016/j.renene.2025.124017,5,https://api.elsevier.com/content/abstract/scopus_id/105011876473
bidirectional AND district heating and cooling,"Evaluating Retrofit Strategies and Decentralized Systems for the Transition to Low-Temperature District Heating: A Simulation-Based Case Study in Borlänge, Sweden",Ayyathurai V.P.,Lecture Notes in Computer Science,2026-01-01,10.1007/978-3-032-03101-3_6,0,https://api.elsevier.com/content/abstract/scopus_id/105021834383
bidirectional AND district heating and cooling,A review on optimization of district energy systems,Abdelghani D.,Renewable and Sustainable Energy Reviews,2026-01-01,10.1016/j.rser.2025.116041,1,https://api.elsevier.com/content/abstract/scopus_id/105012629133
bidirectional AND district heating and cooling,District heating modeling tools: A review based on design and simulation of renewable district heating networks,Valentini L.V.,Energy Conversion and Management X,2026-01-01,10.1016/j.ecmx.2025.101414,0,https://api.elsevier.com/content/abstract/scopus_id/105023079317
bidirectional AND district heating and cooling,An empirical study on the compound effects of extreme weather and UHI on building energy consumption under urban local climate,Zhang S.,Building and Environment,2026-01-01,10.1016/j.buildenv.2025.113824,0,https://api.elsevier.com/content/abstract/scopus_id/105018915653
bidirectional AND district heating and cooling,Cryogenic cold energy storage for liquefied natural gas utilization,Wu Y.,Renewable and Sustainable Energy Reviews,2026-01-01,10.1016/j.rser.2025.116358,0,https://api.elsevier.com/content/abstract/scopus_id/105020934015
bidirectional AND district heating and cooling,Intelligent load forecasting technologies for diverse scenarios in the new power systems,Liu T.,Renewable and Sustainable Energy Reviews,2026-01-01,10.1016/j.rser.2025.116366,0,https://api.elsevier.com/content/abstract/scopus_id/105020974625
bidirectional AND district heating and cooling,Design and flexible operation study of a bidirectional thermal substation based on building thermal battery model in fifth generation heating and cooling systems,Guo Y.,Applied Thermal Engineering,2025-12-15,10.1016/j.applthermaleng.2025.128817,0,https://api.elsevier.com/content/abstract/scopus_id/105022183480
bidirectional AND district heating and cooling,Innovative approach and numerical modeling to retrofit existing substations for bidirectional operation: Enabling thermal prosumer participation in District Heating Network,Gianaroli F.,Applied Energy,2025-12-15,10.1016/j.apenergy.2025.126698,1,https://api.elsevier.com/content/abstract/scopus_id/105015694213
bidirectional AND district heating and cooling,A detailed simulation model for fifth generation district heating and cooling networks with seasonal latent storage evaluated on field data,Kollmar M.,Applied Energy,2025-12-15,10.1016/j.apenergy.2025.126757,0,https://api.elsevier.com/content/abstract/scopus_id/105016611124
bidirectional AND district heating and cooling,Deep learning-driven heat load prediction: Investigating the impacts of optimizer and learning rate scheduler strategies,Zhu J.,Energy,2025-12-15,10.1016/j.energy.2025.139195,0,https://api.elsevier.com/content/abstract/scopus_id/105021119871
bidirectional AND district heating and cooling,Operational strategies and economic analysis of a multi-mode solar-assisted liquid CO2 energy storage system,Jiang H.,Energy Conversion and Management,2025-12-15,10.1016/j.enconman.2025.120449,0,https://api.elsevier.com/content/abstract/scopus_id/105014923290
bidirectional AND district heating and cooling,State-of-the-art review of urban building energy modelling on supporting sustainable development goals,Zhou J.,Applied Energy,2025-12-15,10.1016/j.apenergy.2025.126924,0,https://api.elsevier.com/content/abstract/scopus_id/105019339859
bidirectional AND district heating and cooling,Assessing the economic feasibility of renewable integration in district heating and cooling networks for sustainable urban development,Li W.,Energy,2025-12-01,10.1016/j.energy.2025.138814,0,https://api.elsevier.com/content/abstract/scopus_id/105019738651
bidirectional AND district heating and cooling,Mechanism-guided short-term heat load prediction of district heating system based on a hybrid data-driven model,Zhang X.,Applied Thermal Engineering,2025-12-01,10.1016/j.applthermaleng.2025.128113,0,https://api.elsevier.com/content/abstract/scopus_id/105015295366
bidirectional AND district heating and cooling,A review of sustainable development in the harnessing geothermal and solar energy for approaching the residual heat utilization in refrigeration and district cooling systems,Francisco-Hernandez A.,Discover Sustainability,2025-12-01,10.1007/s43621-025-01138-4,2,https://api.elsevier.com/content/abstract/scopus_id/105007524507
bidirectional AND district heating and cooling,Hydraulic–thermal dynamic model of meshed district heating network based on discrete event simulation,Xie Z.,Energy,2025-12-01,10.1016/j.energy.2025.138895,0,https://api.elsevier.com/content/abstract/scopus_id/105019507661
bidirectional AND district heating and cooling,Integrating technical assessment and stakeholder engagement: A case-based approach to explore thermal renewable energy communities,Caputo P.,Energy Reports,2025-12-01,10.1016/j.egyr.2025.07.004,3,https://api.elsevier.com/content/abstract/scopus_id/105010555762
bidirectional AND district heating and cooling,Thermal management in cooling pavements: Advancements in harnessing phase change materials to mitigate urban heat island effect,Wang X.,Journal of Energy Storage,2025-12-01,10.1016/j.est.2025.118628,0,https://api.elsevier.com/content/abstract/scopus_id/105017432085
bidirectional AND district heating and cooling,Distributed air-conditioning system for multi-machine parallel collaborative operation in electric vehicles,Peng D.,Energy Efficiency,2025-12-01,10.1007/s12053-025-10387-1,0,https://api.elsevier.com/content/abstract/scopus_id/105019526666
bidirectional AND district thermal,Opportunities and costs for shared ground loops,Barns D.G.,Renewable and Sustainable Energy Reviews,2026-03-01,10.1016/j.rser.2025.116490,0,https://api.elsevier.com/content/abstract/scopus_id/105023483228
bidirectional AND district thermal,Prior knowledge-driven multi-period fouling prediction with online adaptation triggered by cleaning events in industrial heat exchangers,Ren C.,Journal of the Taiwan Institute of Chemical Engineers,2026-03-01,10.1016/j.jtice.2025.106481,0,https://api.elsevier.com/content/abstract/scopus_id/105020902391
bidirectional AND district thermal,DSA mamba: A model for advanced medical image classification,Wang Z.,Expert Systems with Applications,2026-03-01,10.1016/j.eswa.2025.130064,0,https://api.elsevier.com/content/abstract/scopus_id/105021046388
bidirectional AND district thermal,Hierarchical energy management system for coordinated operation of multiple grid-tied home microgrids,Neda O.M.,Renewable Energy Focus,2026-03-01,10.1016/j.ref.2025.100766,0,https://api.elsevier.com/content/abstract/scopus_id/105017954611
bidirectional AND district thermal,Adaptable conductive hydrogel-enabled soft electronics,Liu Y.,Progress in Materials Science,2026-03-01,10.1016/j.pmatsci.2025.101590,0,https://api.elsevier.com/content/abstract/scopus_id/105020789792
bidirectional AND district thermal,Antifreezing/antidrying eutectogel-based potentiometric pressure sensor for human-machine interaction,Feng S.,Journal of Colloid and Interface Science,2026-02-15,10.1016/j.jcis.2025.139287,0,https://api.elsevier.com/content/abstract/scopus_id/105019405946
bidirectional AND district thermal,A novel multiphase prediction model for shale oil production,Qi N.,Fuel,2026-02-15,10.1016/j.fuel.2025.137048,0,https://api.elsevier.com/content/abstract/scopus_id/105018176884
bidirectional AND district thermal,Levelised cost of demand response: Estimating the cost-competitiveness of flexible demand,Thrän J.,Energy Conversion and Management,2026-02-01,10.1016/j.enconman.2025.120811,0,https://api.elsevier.com/content/abstract/scopus_id/105023591736
bidirectional AND district thermal,Low-carbon economic optimization of park integrated energy system under hybrid market regulation: A multi-scenario dispatch system integrating ladder-type carbon trading and green certificate trading,Li L.,Expert Systems with Applications,2026-02-01,10.1016/j.eswa.2025.129232,0,https://api.elsevier.com/content/abstract/scopus_id/105013654070
bidirectional AND district thermal,Physics-data dual-driven temperature prediction for district heating systems,Wang N.,Applied Thermal Engineering,2026-01-30,10.1016/j.applthermaleng.2025.129222,0,https://api.elsevier.com/content/abstract/scopus_id/105023163872
bidirectional AND district thermal,Collaborative optimization of hydrogen energy storage-aided multi-energy complementary systems: Resilience weight regulation and hybrid storage planning,Yang Z.,Energy Conversion and Management,2026-01-15,10.1016/j.enconman.2025.120768,0,https://api.elsevier.com/content/abstract/scopus_id/105023158505
bidirectional AND district thermal,The development and application of transient-based leak detection methods in pressurized liquid pipelines: A review,Guo X.,Measurement Journal of the International Measurement Confederation,2026-01-15,10.1016/j.measurement.2025.118867,1,https://api.elsevier.com/content/abstract/scopus_id/105015950604
bidirectional AND district thermal,A Tool for the Optimal Design of Climate Resilient Thermal Energy Networks. Part 2: District Heating and Cooling Network Model,Villa G.,Lecture Notes in Civil Engineering,2026-01-01,10.1007/978-3-032-06806-4_30,0,https://api.elsevier.com/content/abstract/scopus_id/105023591390
bidirectional AND district thermal,A comprehensive techno-economic analysis of solar energy integration in low-temperature district heating and cooling systems,Russo G.,Renewable Energy,2026-01-01,10.1016/j.renene.2025.124017,5,https://api.elsevier.com/content/abstract/scopus_id/105011876473
bidirectional AND district thermal,"Evaluating Retrofit Strategies and Decentralized Systems for the Transition to Low-Temperature District Heating: A Simulation-Based Case Study in Borlänge, Sweden",Ayyathurai V.P.,Lecture Notes in Computer Science,2026-01-01,10.1007/978-3-032-03101-3_6,0,https://api.elsevier.com/content/abstract/scopus_id/105021834383
bidirectional AND district thermal,District heating modeling tools: A review based on design and simulation of renewable district heating networks,Valentini L.V.,Energy Conversion and Management X,2026-01-01,10.1016/j.ecmx.2025.101414,0,https://api.elsevier.com/content/abstract/scopus_id/105023079317
bidirectional AND district thermal,A review on optimization of district energy systems,Abdelghani D.,Renewable and Sustainable Energy Reviews,2026-01-01,10.1016/j.rser.2025.116041,1,https://api.elsevier.com/content/abstract/scopus_id/105012629133
bidirectional AND district thermal,Thermal turbulence mitigation in underwater images of nuclear fuel assemblies,Li L.,Displays,2026-01-01,10.1016/j.displa.2025.103186,0,https://api.elsevier.com/content/abstract/scopus_id/105016718290
bidirectional AND district thermal,Effect of 100 Days of Hot-Wet Conditioning on Mechanical Properties of PU-Coated Polymer Composites,Adusumalli R.,Journal of Engineering Materials and Technology,2026-01-01,10.1115/1.4069706,0,https://api.elsevier.com/content/abstract/scopus_id/105018672344
bidirectional AND district thermal,"Towards sustainable and resilient net/nearly zero energy buildings: A flexible energy framework integrating renewable energy, storage, and electric vehicles with grid-friendly interactions under uncertainties",Lu M.,Applied Energy,2026-01-01,10.1016/j.apenergy.2025.127002,0,https://api.elsevier.com/content/abstract/scopus_id/105020918705
bidirectional AND district thermal,Quantitative evaluation and sensitivity analysis of carbon emission reduction costs based on optimal scheduling of electric-thermal integrated energy systems,Qin J.,Electric Power Systems Research,2026-01-01,10.1016/j.epsr.2025.112108,0,https://api.elsevier.com/content/abstract/scopus_id/105013148301
bidirectional AND district thermal,Development of a heat-exchanger performance degradation model by integrating physics-based modeling with an LSTM approach,Lu Y.J.,Journal of Loss Prevention in the Process Industries,2026-01-01,10.1016/j.jlp.2025.105788,1,https://api.elsevier.com/content/abstract/scopus_id/105015501369
bidirectional AND district thermal,Cryogenic cold energy storage for liquefied natural gas utilization,Wu Y.,Renewable and Sustainable Energy Reviews,2026-01-01,10.1016/j.rser.2025.116358,0,https://api.elsevier.com/content/abstract/scopus_id/105020934015
bidirectional AND district thermal,Sensory integration via glutamatergic signaling in Caenorhabditis elegans,Wen X.,Neuroscience and Biobehavioral Reviews,2026-01-01,10.1016/j.neubiorev.2025.106477,0,https://api.elsevier.com/content/abstract/scopus_id/105022473522
bidirectional AND district thermal,Optimizing renewable energy systems with hybrid action space reinforcement learning: A case study on achieving net zero energy in Japan,Gao Y.,Renewable Energy,2026-01-01,10.1016/j.renene.2025.124493,1,https://api.elsevier.com/content/abstract/scopus_id/105017236795
bidirectional AND district energy,Efficient Neutral Nitrate-to-Ammonia Electrosynthesis Using Synergistic Ru-Based Nanoalloys on Nitrogen-Doped Carbon,Huang L.,Nano Micro Letters,2026-12-01,10.1007/s40820-025-01896-w,1,https://api.elsevier.com/content/abstract/scopus_id/105016361789
bidirectional AND district energy,Hybrid model for short-term wind power prediction by the SAO and a parallel architecture of LSTM and GRU,Zhang J.,Electric Power Systems Research,2026-04-01,10.1016/j.epsr.2025.112534,0,https://api.elsevier.com/content/abstract/scopus_id/105022623435
bidirectional AND district energy,Attack-defense game model for interdependent power-gas networks considering cascading failures,Wu Y.,Reliability Engineering and System Safety,2026-03-01,10.1016/j.ress.2025.111892,0,https://api.elsevier.com/content/abstract/scopus_id/105021084052
bidirectional AND district energy,Hierarchical energy management system for coordinated operation of multiple grid-tied home microgrids,Neda O.M.,Renewable Energy Focus,2026-03-01,10.1016/j.ref.2025.100766,0,https://api.elsevier.com/content/abstract/scopus_id/105017954611
bidirectional AND district energy,Opportunities and costs for shared ground loops,Barns D.G.,Renewable and Sustainable Energy Reviews,2026-03-01,10.1016/j.rser.2025.116490,0,https://api.elsevier.com/content/abstract/scopus_id/105023483228
bidirectional AND district energy,Prior knowledge-driven multi-period fouling prediction with online adaptation triggered by cleaning events in industrial heat exchangers,Ren C.,Journal of the Taiwan Institute of Chemical Engineers,2026-03-01,10.1016/j.jtice.2025.106481,0,https://api.elsevier.com/content/abstract/scopus_id/105020902391
bidirectional AND district energy,Uncertainty-Aware Bayesian Time Series framework for probabilistic imputation,Zeng Z.X.,Advanced Engineering Informatics,2026-03-01,10.1016/j.aei.2025.104153,0,https://api.elsevier.com/content/abstract/scopus_id/105023560884
bidirectional AND district energy,A systematic literature review of spatio-temporal graph neural network models for time series forecasting and classification,Corradini F.,Neural Networks,2026-03-01,10.1016/j.neunet.2025.108269,0,https://api.elsevier.com/content/abstract/scopus_id/105021858647
bidirectional AND district energy,Investigation of Spatial Determinants of Urban Growth Dynamics in Eight Indian Metropolitan Cities,Sharma G.K.,Journal of Urban Planning and Development,2026-03-01,10.1061/JUPDDM.UPENG-4798,0,https://api.elsevier.com/content/abstract/scopus_id/105021464422
bidirectional AND district energy,Adaptable conductive hydrogel-enabled soft electronics,Liu Y.,Progress in Materials Science,2026-03-01,10.1016/j.pmatsci.2025.101590,0,https://api.elsevier.com/content/abstract/scopus_id/105020789792
bidirectional AND district energy,Antifreezing/antidrying eutectogel-based potentiometric pressure sensor for human-machine interaction,Feng S.,Journal of Colloid and Interface Science,2026-02-15,10.1016/j.jcis.2025.139287,0,https://api.elsevier.com/content/abstract/scopus_id/105019405946
bidirectional AND district energy,A novel multiphase prediction model for shale oil production,Qi N.,Fuel,2026-02-15,10.1016/j.fuel.2025.137048,0,https://api.elsevier.com/content/abstract/scopus_id/105018176884
bidirectional AND district energy,Low-carbon economic optimization of park integrated energy system under hybrid market regulation: A multi-scenario dispatch system integrating ladder-type carbon trading and green certificate trading,Li L.,Expert Systems with Applications,2026-02-01,10.1016/j.eswa.2025.129232,0,https://api.elsevier.com/content/abstract/scopus_id/105013654070
bidirectional AND district energy,Levelised cost of demand response: Estimating the cost-competitiveness of flexible demand,Thrän J.,Energy Conversion and Management,2026-02-01,10.1016/j.enconman.2025.120811,0,https://api.elsevier.com/content/abstract/scopus_id/105023591736
bidirectional AND district energy,A comprehensive review of reinforcement learning-based voltage control in smart grids,Ahmadi M.,Renewable and Sustainable Energy Reviews,2026-02-01,10.1016/j.rser.2025.116526,0,https://api.elsevier.com/content/abstract/scopus_id/105022090095
bidirectional AND district energy,Exploring the influence of microbialite microfabrics and diagenetic evolution on reservoir quality: the key role of detailed petrography,Frías-Saba R.d.C.,Facies,2026-02-01,10.1007/s10347-025-00715-3,0,https://api.elsevier.com/content/abstract/scopus_id/105020721360
bidirectional AND district energy,High-fidelity analysis for hyperentangled four-photon cluster states based on QD-cavity system,Dong L.,Optics and Laser Technology,2026-02-01,10.1016/j.optlastec.2025.114408,0,https://api.elsevier.com/content/abstract/scopus_id/105023668276
bidirectional AND district energy,Unbiased Spatial–Temporal Atomic Fusion-based Zero-Shot Action Recognition,Xing M.,Information Fusion,2026-02-01,10.1016/j.inffus.2025.103633,0,https://api.elsevier.com/content/abstract/scopus_id/105013850024
bidirectional AND district energy,Physics-data dual-driven temperature prediction for district heating systems,Wang N.,Applied Thermal Engineering,2026-01-30,10.1016/j.applthermaleng.2025.129222,0,https://api.elsevier.com/content/abstract/scopus_id/105023163872
bidirectional AND district energy,Physics informed Dual-Layer Bidirectional Gated Recurrent Unit for Nuclear-Grade Electric Gate Valves Fault Prognostics,Liu J.,Engineering Applications of Artificial Intelligence,2026-01-15,10.1016/j.engappai.2025.113295,0,https://api.elsevier.com/content/abstract/scopus_id/105023450414
bidirectional AND district energy,Collaborative optimization of hydrogen energy storage-aided multi-energy complementary systems: Resilience weight regulation and hybrid storage planning,Yang Z.,Energy Conversion and Management,2026-01-15,10.1016/j.enconman.2025.120768,0,https://api.elsevier.com/content/abstract/scopus_id/105023158505
bidirectional AND district energy,Dynamic impedance measurement analysis and LC matching network optimization of percussive ultrasonic drilling,Zhang Q.,Measurement Journal of the International Measurement Confederation,2026-01-15,10.1016/j.measurement.2025.118806,0,https://api.elsevier.com/content/abstract/scopus_id/105014945496
bidirectional AND district energy,Boosting medium- and high-temperature NH3-SCR performance over FeMOR with distorted tetra-coordinated framework Al species,Zhang L.,Chemical Engineering Science,2026-01-15,10.1016/j.ces.2025.122439,1,https://api.elsevier.com/content/abstract/scopus_id/105013521144
bidirectional AND district energy,An artificial olfactory system with confined structures enhanced gas classification and potential esophageal cancer diagnosis,Mao L.,Sensors and Actuators B Chemical,2026-01-15,10.1016/j.snb.2025.138775,0,https://api.elsevier.com/content/abstract/scopus_id/105016172881
bidirectional AND district energy,The development and application of transient-based leak detection methods in pressurized liquid pipelines: A review,Guo X.,Measurement Journal of the International Measurement Confederation,2026-01-15,10.1016/j.measurement.2025.118867,1,https://api.elsevier.com/content/abstract/scopus_id/105015950604
bidirectional AND district heat pump,Opportunities and costs for shared ground loops,Barns D.G.,Renewable and Sustainable Energy Reviews,2026-03-01,10.1016/j.rser.2025.116490,0,https://api.elsevier.com/content/abstract/scopus_id/105023483228
bidirectional AND district heat pump,Levelised cost of demand response: Estimating the cost-competitiveness of flexible demand,Thrän J.,Energy Conversion and Management,2026-02-01,10.1016/j.enconman.2025.120811,0,https://api.elsevier.com/content/abstract/scopus_id/105023591736
bidirectional AND district heat pump,A Tool for the Optimal Design of Climate Resilient Thermal Energy Networks. Part 2: District Heating and Cooling Network Model,Villa G.,Lecture Notes in Civil Engineering,2026-01-01,10.1007/978-3-032-06806-4_30,0,https://api.elsevier.com/content/abstract/scopus_id/105023591390
bidirectional AND district heat pump,"Evaluating Retrofit Strategies and Decentralized Systems for the Transition to Low-Temperature District Heating: A Simulation-Based Case Study in Borlänge, Sweden",Ayyathurai V.P.,Lecture Notes in Computer Science,2026-01-01,10.1007/978-3-032-03101-3_6,0,https://api.elsevier.com/content/abstract/scopus_id/105021834383
bidirectional AND district heat pump,A review on optimization of district energy systems,Abdelghani D.,Renewable and Sustainable Energy Reviews,2026-01-01,10.1016/j.rser.2025.116041,1,https://api.elsevier.com/content/abstract/scopus_id/105012629133
bidirectional AND district heat pump,District heating modeling tools: A review based on design and simulation of renewable district heating networks,Valentini L.V.,Energy Conversion and Management X,2026-01-01,10.1016/j.ecmx.2025.101414,0,https://api.elsevier.com/content/abstract/scopus_id/105023079317
bidirectional AND district heat pump,A comprehensive techno-economic analysis of solar energy integration in low-temperature district heating and cooling systems,Russo G.,Renewable Energy,2026-01-01,10.1016/j.renene.2025.124017,5,https://api.elsevier.com/content/abstract/scopus_id/105011876473
bidirectional AND district heat pump,"Towards sustainable and resilient net/nearly zero energy buildings: A flexible energy framework integrating renewable energy, storage, and electric vehicles with grid-friendly interactions under uncertainties",Lu M.,Applied Energy,2026-01-01,10.1016/j.apenergy.2025.127002,0,https://api.elsevier.com/content/abstract/scopus_id/105020918705
bidirectional AND district heat pump,Distributed control and optimization in building energy systems: a technical survey of multi-agent architectures and algorithms,Abdalla A.N.,Energy and Buildings,2026-01-01,10.1016/j.enbuild.2025.116644,0,https://api.elsevier.com/content/abstract/scopus_id/105020918569
bidirectional AND district heat pump,Innovative approach and numerical modeling to retrofit existing substations for bidirectional operation: Enabling thermal prosumer participation in District Heating Network,Gianaroli F.,Applied Energy,2025-12-15,10.1016/j.apenergy.2025.126698,1,https://api.elsevier.com/content/abstract/scopus_id/105015694213
bidirectional AND district heat pump,Design and flexible operation study of a bidirectional thermal substation based on building thermal battery model in fifth generation heating and cooling systems,Guo Y.,Applied Thermal Engineering,2025-12-15,10.1016/j.applthermaleng.2025.128817,0,https://api.elsevier.com/content/abstract/scopus_id/105022183480
bidirectional AND district heat pump,A detailed simulation model for fifth generation district heating and cooling networks with seasonal latent storage evaluated on field data,Kollmar M.,Applied Energy,2025-12-15,10.1016/j.apenergy.2025.126757,0,https://api.elsevier.com/content/abstract/scopus_id/105016611124
bidirectional AND district heat pump,Deep learning-driven heat load prediction: Investigating the impacts of optimizer and learning rate scheduler strategies,Zhu J.,Energy,2025-12-15,10.1016/j.energy.2025.139195,0,https://api.elsevier.com/content/abstract/scopus_id/105021119871
bidirectional AND district heat pump,TCN-BiLSTM-CE: An interdisciplinary approach for missing energy data imputation by contextual inference,Yu M.,Applied Energy,2025-12-15,10.1016/j.apenergy.2025.126618,0,https://api.elsevier.com/content/abstract/scopus_id/105013243394
bidirectional AND district heat pump,Operational strategies and economic analysis of a multi-mode solar-assisted liquid CO2 energy storage system,Jiang H.,Energy Conversion and Management,2025-12-15,10.1016/j.enconman.2025.120449,0,https://api.elsevier.com/content/abstract/scopus_id/105014923290
bidirectional AND district heat pump,Assessing the economic feasibility of renewable integration in district heating and cooling networks for sustainable urban development,Li W.,Energy,2025-12-01,10.1016/j.energy.2025.138814,0,https://api.elsevier.com/content/abstract/scopus_id/105019738651
bidirectional AND district heat pump,A review of sustainable development in the harnessing geothermal and solar energy for approaching the residual heat utilization in refrigeration and district cooling systems,Francisco-Hernandez A.,Discover Sustainability,2025-12-01,10.1007/s43621-025-01138-4,2,https://api.elsevier.com/content/abstract/scopus_id/105007524507
bidirectional AND district heat pump,Hydraulic–thermal dynamic model of meshed district heating network based on discrete event simulation,Xie Z.,Energy,2025-12-01,10.1016/j.energy.2025.138895,0,https://api.elsevier.com/content/abstract/scopus_id/105019507661
bidirectional AND district heat pump,Integrating technical assessment and stakeholder engagement: A case-based approach to explore thermal renewable energy communities,Caputo P.,Energy Reports,2025-12-01,10.1016/j.egyr.2025.07.004,3,https://api.elsevier.com/content/abstract/scopus_id/105010555762
bidirectional AND district heat pump,Distributed air-conditioning system for multi-machine parallel collaborative operation in electric vehicles,Peng D.,Energy Efficiency,2025-12-01,10.1007/s12053-025-10387-1,0,https://api.elsevier.com/content/abstract/scopus_id/105019526666
bidirectional AND district heat pump,A review of integrated energy system modeling and operation,Zhu H.,Applied Energy,2025-12-01,10.1016/j.apenergy.2025.126572,2,https://api.elsevier.com/content/abstract/scopus_id/105012608822
bidirectional AND district heat pump,A Data-Driven Stochastic Optimization Model for Energy Conservation of Industrial Air Conditioning Systems,Dagne T.B.,Journal of Energy Engineering,2025-12-01,10.1061/JLEED9.EYENG-6039,0,https://api.elsevier.com/content/abstract/scopus_id/105018217366
bidirectional AND district heat pump,Exploring the impact of nanoparticle aggregation in parabolic trough solar collectors with a neural network-based predictions for enhanced thermal performance,Sharma A.,Solar Energy Materials and Solar Cells,2025-12-01,10.1016/j.solmat.2025.113866,0,https://api.elsevier.com/content/abstract/scopus_id/105011587400
bidirectional AND district heat pump,Adaptive thermal comfort driven capacity decision-making framework for distributed energy resources in building integrated energy systems considering occupant participation degree,Ma G.,Sustainable Energy Technologies and Assessments,2025-12-01,10.1016/j.seta.2025.104733,0,https://api.elsevier.com/content/abstract/scopus_id/105023585570
bidirectional AND district heat pump,"Strategies and technologies for the sustainable development of energy, water, and environmental systems",Russo G.,Energy Reports,2025-12-01,10.1016/j.egyr.2025.06.032,1,https://api.elsevier.com/content/abstract/scopus_id/105009599987
bidirectional AND thermal network,Comparative entropy optimization of MHD penta-hybrid nanofluid flow with Casson and Ellis models under thermal radiation over a 3D rotating stretching sheet,Sakkaravarthi K.,Multiscale and Multidisciplinary Modeling Experiments and Design,2026-12-01,10.1007/s41939-025-01069-7,0,https://api.elsevier.com/content/abstract/scopus_id/105019673498
bidirectional AND thermal network,Mathematical analysis of Eyring–Powell nanofluid with Cattaneo–Christov heat and mass flux over an upper horizontal surface of a paraboloid of revolution,Mazhar M.,Multiscale and Multidisciplinary Modeling Experiments and Design,2026-12-01,10.1007/s41939-025-01094-6,0,https://api.elsevier.com/content/abstract/scopus_id/105022747733
bidirectional AND thermal network,High-Entropy Oxide Memristors for Neuromorphic Computing: From Material Engineering to Functional Integration,Yang J.L.,Nano Micro Letters,2026-12-01,10.1007/s40820-025-01891-1,3,https://api.elsevier.com/content/abstract/scopus_id/105016620962
bidirectional AND thermal network,Directional Three-Dimensional Macroporous Carbon Foams Decorated with WC1−x Nanoparticles Derived from Salting-Out Protein Assemblies for Highly Effective Electromagnetic Absorption,Chen Y.,Nano Micro Letters,2026-12-01,10.1007/s40820-025-01920-z,1,https://api.elsevier.com/content/abstract/scopus_id/105016414873
bidirectional AND thermal network,"Wide-Temperature Electrolytes for Aqueous Alkali Metal-Ion Batteries: Challenges, Progress, and Prospects",Lin Z.,Nano Micro Letters,2026-12-01,10.1007/s40820-025-01865-3,0,https://api.elsevier.com/content/abstract/scopus_id/105016564271
bidirectional AND thermal network,Wearable Ultrasound Devices for Therapeutic Applications,Chen S.,Nano Micro Letters,2026-12-01,10.1007/s40820-025-01890-2,1,https://api.elsevier.com/content/abstract/scopus_id/105014608562
bidirectional AND thermal network,High-Entropy Materials: A New Paradigm in the Design of Advanced Batteries,Xin Y.,Nano Micro Letters,2026-12-01,10.1007/s40820-025-01842-w,3,https://api.elsevier.com/content/abstract/scopus_id/105010881019
bidirectional AND thermal network,Noninvasive On-Skin Biosensors for Monitoring Diabetes Mellitus,Sedighi A.,Nano Micro Letters,2026-12-01,10.1007/s40820-025-01843-9,1,https://api.elsevier.com/content/abstract/scopus_id/105012275434
bidirectional AND thermal network,Improved hybrid algorithm for land surface temperature retrieval from Chinese GF-5B satellite,Shen Z.,Science of Remote Sensing,2026-06-01,10.1016/j.srs.2025.100343,0,https://api.elsevier.com/content/abstract/scopus_id/105023708558
bidirectional AND thermal network,Advances and Significance of Nanowires in Semiconductor Applications,Mimona M.A.,Nano Life,2026-06-01,10.1142/S1793984425300043,1,https://api.elsevier.com/content/abstract/scopus_id/105002124792
bidirectional AND thermal network,Rare earth/g-C3N4-based composite photocatalytic materials: A critical review,Ma Y.,Journal of Materials Science and Technology,2026-06-01,10.1016/j.jmst.2025.08.023,0,https://api.elsevier.com/content/abstract/scopus_id/105018914865
bidirectional AND thermal network,Investigation of high-frequency ice-melting in overhead ground wires based on electromagnetic-thermal coupling and excitation probing: current-frequency relationship and regulation margin,Zhang S.,Electric Power Systems Research,2026-04-01,10.1016/j.epsr.2025.112545,0,https://api.elsevier.com/content/abstract/scopus_id/105022615083
bidirectional AND thermal network,Multi-modal mamba framework for RGB-T crowd counting with linear complexity,Gan C.L.,Pattern Recognition,2026-04-01,10.1016/j.patcog.2025.112522,0,https://api.elsevier.com/content/abstract/scopus_id/105018061063
bidirectional AND thermal network,Adaptive learning-based energy scheduling of public EV parking lots using double estimator deep Q-network,Shabanpour H.,Electric Power Systems Research,2026-04-01,10.1016/j.epsr.2025.112490,0,https://api.elsevier.com/content/abstract/scopus_id/105022151720
bidirectional AND thermal network,FusionKD: Fusion knowledge distillation of vision-language foundation model for strip steel surface defect detection,Su J.,Information Fusion,2026-04-01,10.1016/j.inffus.2025.103940,0,https://api.elsevier.com/content/abstract/scopus_id/105022311487
bidirectional AND thermal network,Learning Bi-directional fusion and deformation-sensitive loss for RGB-T tiny object detection,Tang Z.,Information Fusion,2026-04-01,10.1016/j.inffus.2025.103985,0,https://api.elsevier.com/content/abstract/scopus_id/105022852709
bidirectional AND thermal network,A novel approach of cable failure level and failure type detection based on environmental conditions,Emdadi K.,Electric Power Systems Research,2026-04-01,10.1016/j.epsr.2025.112553,0,https://api.elsevier.com/content/abstract/scopus_id/105022869002
bidirectional AND thermal network,Design of a phase reference line system for Super Tau-Charm Facility storage ring,Wang H.,Nuclear Instruments and Methods in Physics Research Section A Accelerators Spectrometers Detectors and Associated Equipment,2026-04-01,10.1016/j.nima.2025.171179,0,https://api.elsevier.com/content/abstract/scopus_id/105022602538
bidirectional AND thermal network,Optimal scheduling of regional integrated energy systems considering multi-loads demand response,Wang Q.,Electric Power Systems Research,2026-04-01,10.1016/j.epsr.2025.112569,0,https://api.elsevier.com/content/abstract/scopus_id/105023668651
bidirectional AND thermal network,Finite element method for transient response of viscoelastic multi-directional FGP skew-nanoplate resting on visco-Pasternak foundation taking into account surface effect using nonlocal strain gradient theory,Thi T.H.N.,Acta Mechanica Sinica Lixue Xuebao,2026-04-01,10.1007/s10409-025-24824-x,0,https://api.elsevier.com/content/abstract/scopus_id/105013845603
bidirectional AND thermal network,An online state of charge estimation method: support vector machine battery model fusing a filtering algorithm,Li S.,Electric Power Systems Research,2026-04-01,10.1016/j.epsr.2025.112530,0,https://api.elsevier.com/content/abstract/scopus_id/105022595724
bidirectional AND thermal network,Adversarial flow-based generative models for visible-to-Infrared person re-Identification,Pan H.,Pattern Recognition,2026-04-01,10.1016/j.patcog.2025.112622,0,https://api.elsevier.com/content/abstract/scopus_id/105021265014
bidirectional AND thermal network,Joint multi-view embedding with progressive multi-scale alignment for unaligned infrared-visible image fusion,Chen Y.,Information Fusion,2026-04-01,10.1016/j.inffus.2025.103960,0,https://api.elsevier.com/content/abstract/scopus_id/105022779976
bidirectional AND thermal network,The synthesis of two-dimensional materials for post-Moore integrated circuits,Xiong Z.,Frontiers of Physics,2026-04-01,10.15302/frontphys.2026.045301,0,https://api.elsevier.com/content/abstract/scopus_id/105021336584
bidirectional AND thermal network,Physics-aware state space network with uncertainty quantification for automated defect detection in infrared NDT thermography,Jibril M.U.,NDT and E International,2026-03-01,10.1016/j.ndteint.2025.103586,1,https://api.elsevier.com/content/abstract/scopus_id/105022186700
bidirectional AND thermal grid,High-Entropy Materials: A New Paradigm in the Design of Advanced Batteries,Xin Y.,Nano Micro Letters,2026-12-01,10.1007/s40820-025-01842-w,3,https://api.elsevier.com/content/abstract/scopus_id/105010881019
bidirectional AND thermal grid,"Wide-Temperature Electrolytes for Aqueous Alkali Metal-Ion Batteries: Challenges, Progress, and Prospects",Lin Z.,Nano Micro Letters,2026-12-01,10.1007/s40820-025-01865-3,0,https://api.elsevier.com/content/abstract/scopus_id/105016564271
bidirectional AND thermal grid,Advances and Significance of Nanowires in Semiconductor Applications,Mimona M.A.,Nano Life,2026-06-01,10.1142/S1793984425300043,1,https://api.elsevier.com/content/abstract/scopus_id/105002124792
bidirectional AND thermal grid,Investigation of high-frequency ice-melting in overhead ground wires based on electromagnetic-thermal coupling and excitation probing: current-frequency relationship and regulation margin,Zhang S.,Electric Power Systems Research,2026-04-01,10.1016/j.epsr.2025.112545,0,https://api.elsevier.com/content/abstract/scopus_id/105022615083
bidirectional AND thermal grid,Adaptive learning-based energy scheduling of public EV parking lots using double estimator deep Q-network,Shabanpour H.,Electric Power Systems Research,2026-04-01,10.1016/j.epsr.2025.112490,0,https://api.elsevier.com/content/abstract/scopus_id/105022151720
bidirectional AND thermal grid,Optimal scheduling of regional integrated energy systems considering multi-loads demand response,Wang Q.,Electric Power Systems Research,2026-04-01,10.1016/j.epsr.2025.112569,0,https://api.elsevier.com/content/abstract/scopus_id/105023668651
bidirectional AND thermal grid,A novel approach of cable failure level and failure type detection based on environmental conditions,Emdadi K.,Electric Power Systems Research,2026-04-01,10.1016/j.epsr.2025.112553,0,https://api.elsevier.com/content/abstract/scopus_id/105022869002
bidirectional AND thermal grid,Privacy-Preserving and Stochastic Energy Management of Multi-Microgrid Systems with Bidirectional Electric Vehicle Integration,Quteishat A.,Renewable Energy Focus,2026-03-01,10.1016/j.ref.2025.100784,0,https://api.elsevier.com/content/abstract/scopus_id/105020953420
bidirectional AND thermal grid,A High-Accuracy prediction approach for NOx concentration in Coal-Fired boilers based on optimal subset generation algorithm and bidirectional gated recurrent unit,Yang M.,Fuel,2026-03-01,10.1016/j.fuel.2025.137543,0,https://api.elsevier.com/content/abstract/scopus_id/105022131210
bidirectional AND thermal grid,Hierarchical energy management system for coordinated operation of multiple grid-tied home microgrids,Neda O.M.,Renewable Energy Focus,2026-03-01,10.1016/j.ref.2025.100766,0,https://api.elsevier.com/content/abstract/scopus_id/105017954611
bidirectional AND thermal grid,Design and characterization of near-zero refractive index labyrinth-type acoustic metamaterials,Yin J.H.,European Journal of Mechanics A Solids,2026-03-01,10.1016/j.euromechsol.2025.105882,0,https://api.elsevier.com/content/abstract/scopus_id/105016793814
bidirectional AND thermal grid,A hybrid piezoelectric-triboelectric generator with inertial amplification for vibration energy harvesting,Zhang G.,European Journal of Mechanics A Solids,2026-03-01,10.1016/j.euromechsol.2025.105851,0,https://api.elsevier.com/content/abstract/scopus_id/105014932670
bidirectional AND thermal grid,TFD-YOLO-LSTM: A smartphone-based model for real-time prediction of tomato shelf-life,ElManawy A.I.,Postharvest Biology and Technology,2026-03-01,10.1016/j.postharvbio.2025.114060,0,https://api.elsevier.com/content/abstract/scopus_id/105021663435
bidirectional AND thermal grid,Opportunities and costs for shared ground loops,Barns D.G.,Renewable and Sustainable Energy Reviews,2026-03-01,10.1016/j.rser.2025.116490,0,https://api.elsevier.com/content/abstract/scopus_id/105023483228
bidirectional AND thermal grid,Self cycle strategy for unpaired visible-to-infrared image translation,Ma D.,Pattern Recognition,2026-03-01,10.1016/j.patcog.2025.112253,3,https://api.elsevier.com/content/abstract/scopus_id/105013498342
bidirectional AND thermal grid,Tunable compression response and enhanced mechanical properties of bio-inspired lattice structures with dual-stage stiffness,Zhu Y.,European Journal of Mechanics A Solids,2026-03-01,10.1016/j.euromechsol.2025.105911,0,https://api.elsevier.com/content/abstract/scopus_id/105018853564
bidirectional AND thermal grid,Recent advances in wind turbine condition monitoring using SCADA data: A state-of-the-art review,Wang S.,Reliability Engineering and System Safety,2026-03-01,10.1016/j.ress.2025.111838,0,https://api.elsevier.com/content/abstract/scopus_id/105022148586
bidirectional AND thermal grid,Davidon-Herd-CapsSiam-ConvNet: A Novel Synergistic Model for Time-Series Wind Speed Forecasting,Padhye P.R.,Journal of Circuits Systems and Computers,2026-02-15,10.1142/S0218126625504158,0,https://api.elsevier.com/content/abstract/scopus_id/105014086023
bidirectional AND thermal grid,Optimized Deep Learning-Based Fault Detection and Classification for New Energy Vehicles Using CLSTM and Deep Belief Network,Guo L.,Journal of Circuits Systems and Computers,2026-02-15,10.1142/S0218126625504018,0,https://api.elsevier.com/content/abstract/scopus_id/105012538156
bidirectional AND thermal grid,Performance degradation prediction of PEMFC based on harris hawks optimization and bidirectional gated recurrent units,Ba T.,Computers and Chemical Engineering,2026-02-01,10.1016/j.compchemeng.2025.109466,0,https://api.elsevier.com/content/abstract/scopus_id/105020372485
bidirectional AND thermal grid,Levelised cost of demand response: Estimating the cost-competitiveness of flexible demand,Thrän J.,Energy Conversion and Management,2026-02-01,10.1016/j.enconman.2025.120811,0,https://api.elsevier.com/content/abstract/scopus_id/105023591736
bidirectional AND thermal grid,Real-time dispatch of cascade hydropower-photovoltaic complementary system with hybrid pumped-storage based on Wasserstein distributionally robust optimization,Wang Z.,Renewable Energy,2026-02-01,10.1016/j.renene.2025.124801,0,https://api.elsevier.com/content/abstract/scopus_id/105022487736
bidirectional AND thermal grid,Sustainable finance and clean energy: Strategies for achieving sustainable development in China,Li T.,Renewable Energy,2026-02-01,10.1016/j.renene.2025.124693,0,https://api.elsevier.com/content/abstract/scopus_id/105021232872
bidirectional AND thermal grid,Optimization of unit-level transformation pathways of coal-fired power plants under the new power system,Yang Q.,Energy Conversion and Management,2026-02-01,10.1016/j.enconman.2025.120834,0,https://api.elsevier.com/content/abstract/scopus_id/105023645345
bidirectional AND thermal grid,Improved sparrow search based on temporal convolutional network for ECG classification,Zhou X.,Biomedical Signal Processing and Control,2026-02-01,10.1016/j.bspc.2025.108535,1,https://api.elsevier.com/content/abstract/scopus_id/105012748040
low temperature AND district heating and cooling,Experimental and Numerical Investigations for Improvement of Building Ventilation Performance by Using Solar Chimney Integrated with Different Phase Change Materials and Nanoparticles,Younus Abeid Al-Zubaidi W.,International Journal of Engineering Transactions B Applications,2026-05-01,10.5829/ije.20205.39.05b.02,0,https://api.elsevier.com/content/abstract/scopus_id/105012775566
low temperature AND district heating and cooling,Integrated electricity‒heat scheduling optimization strategy for biomass-PV-battery islanded microgrid with micro turbine in high-latitude regions,Wang G.,Biomass and Bioenergy,2026-04-01,10.1016/j.biombioe.2025.108765,0,https://api.elsevier.com/content/abstract/scopus_id/105023491156
low temperature AND district heating and cooling,Temperature-dependent performance characterization of 4H-SiC PIN detectors for alpha-particle detection (25–90 °C),Li X.,Nuclear Instruments and Methods in Physics Research Section A Accelerators Spectrometers Detectors and Associated Equipment,2026-04-01,10.1016/j.nima.2025.171178,0,https://api.elsevier.com/content/abstract/scopus_id/105022503689
low temperature AND district heating and cooling,Thermal study of the battery thermal management system based on electric mining trucks under different working conditions,Mu M.,International Journal of Thermal Sciences,2026-04-01,10.1016/j.ijthermalsci.2025.110539,0,https://api.elsevier.com/content/abstract/scopus_id/105023591762
low temperature AND district heating and cooling,Co-simulating the effects of nature-based and conventional composite facades on building thermal and energy performance in temperate climates,Morakinyo T.E.,Green Technologies and Sustainability,2026-04-01,10.1016/j.grets.2025.100312,0,https://api.elsevier.com/content/abstract/scopus_id/105023686033
low temperature AND district heating and cooling,Gamma-gliadins and some non-gluten proteins critically influence the rheological behavior of wheat dough subjected to thermal treatment,Li P.,Food Hydrocolloids,2026-04-01,10.1016/j.foodhyd.2025.112303,0,https://api.elsevier.com/content/abstract/scopus_id/105023195252
low temperature AND district heating and cooling,"A review of solid oxide cell technologies for power, fuel, and reversible energy storage",Rijo B.,Fuel,2026-03-15,10.1016/j.fuel.2025.137624,0,https://api.elsevier.com/content/abstract/scopus_id/105023509242
low temperature AND district heating and cooling,Overcoming the warming bottleneck in animal vitrification: Volumetric heating and enabling technologies for reproductive cryobanking,Ayantoye J.O.,Progress in Biophysics and Molecular Biology,2026-03-01,10.1016/j.pbiomolbio.2025.11.003,0,https://api.elsevier.com/content/abstract/scopus_id/105023449971
low temperature AND district heating and cooling,Numerical simulation and mechanism analysis of heat transfer performance of radiation sky coolers,Meng Z.,International Communications in Heat and Mass Transfer,2026-03-01,10.1016/j.icheatmasstransfer.2025.110205,0,https://api.elsevier.com/content/abstract/scopus_id/105023506509
low temperature AND district heating and cooling,Opportunities and costs for shared ground loops,Barns D.G.,Renewable and Sustainable Energy Reviews,2026-03-01,10.1016/j.rser.2025.116490,0,https://api.elsevier.com/content/abstract/scopus_id/105023483228
low temperature AND district heating and cooling,Coupled CFD-FEA investigation on dynamic thermo-mechanical behavior of superheater under wide-load flexible operation,Jiang M.,International Journal of Heat and Mass Transfer,2026-03-01,10.1016/j.ijheatmasstransfer.2025.128041,0,https://api.elsevier.com/content/abstract/scopus_id/105020964911
low temperature AND district heating and cooling,A Comprehensive Experimental Database and Novel Onset Criterion for Heat Transfer Deterioration in Vertical Upward Supercritical CO₂,Liao H.,International Journal of Heat and Mass Transfer,2026-03-01,10.1016/j.ijheatmasstransfer.2025.127906,0,https://api.elsevier.com/content/abstract/scopus_id/105018044700
low temperature AND district heating and cooling,Research progress on the deposition mechanisms and mitigation of particulate and crystallization fouling in heat exchangers,Wang P.,International Journal of Heat and Mass Transfer,2026-03-01,10.1016/j.ijheatmasstransfer.2025.128183,0,https://api.elsevier.com/content/abstract/scopus_id/105023589059
low temperature AND district heating and cooling,Organic coating failure and monitoring in atmospheric corrosion: from mechanisms to applications,Mu X.,Progress in Materials Science,2026-03-01,10.1016/j.pmatsci.2025.101592,0,https://api.elsevier.com/content/abstract/scopus_id/105019707539
low temperature AND district heating and cooling,"Artificial Intelligence in Deep Geothermal Energy: Trends, Insights, and Future Perspectives",Sheini Dashtgoli D.,Renewable Energy Focus,2026-03-01,10.1016/j.ref.2025.100781,0,https://api.elsevier.com/content/abstract/scopus_id/105021063753
low temperature AND district heating and cooling,Progress in preparation strategies for lignin-derived carbon aerogels and the regulation of their supercapacitor performance,Tan F.,Fuel,2026-03-01,10.1016/j.fuel.2025.137371,0,https://api.elsevier.com/content/abstract/scopus_id/105020911515
low temperature AND district heating and cooling,Fast joule heating-enabled activation of coal gangue for high-efficiency lithium and gallium extraction,Dai S.,Separation and Purification Technology,2026-02-26,10.1016/j.seppur.2025.135844,0,https://api.elsevier.com/content/abstract/scopus_id/105020672305
low temperature AND district heating and cooling,4E-based performance evaluation of a solar-assisted SOFC–CCHP system integrating zero-energy CO2 enrichment and cascade waste heat recovery,Ren Y.,Fuel,2026-02-15,10.1016/j.fuel.2025.137093,0,https://api.elsevier.com/content/abstract/scopus_id/105017970746
low temperature AND district heating and cooling,Low-temperature district heating operations using heat cost allocators in apartment buildings,Yang Q.,Building and Environment,2026-02-01,10.1016/j.buildenv.2025.114095,0,https://api.elsevier.com/content/abstract/scopus_id/105023648143
low temperature AND district heating and cooling,On the thermal drift of an ATES system subject to different heating and cooling loads,Lepinay E.,Renewable Energy,2026-02-01,10.1016/j.renene.2025.124746,0,https://api.elsevier.com/content/abstract/scopus_id/105021868820
low temperature AND district heating and cooling,Low-temperature desalination based on natural circulation driven by waste heat,Wang Y.,Applied Thermal Engineering,2026-02-01,10.1016/j.applthermaleng.2025.129231,0,https://api.elsevier.com/content/abstract/scopus_id/105023642797
low temperature AND district heating and cooling,Research on the impact of resident behavior on energy consumption during the heating period of ultra-low energy buildings,Ding R.X.,Energy and Buildings,2026-02-01,10.1016/j.enbuild.2025.116786,0,https://api.elsevier.com/content/abstract/scopus_id/105023474112
low temperature AND district heating and cooling,Numerical investigation on cooling performance of phase change assisted direct ventilation system for data center,Yang L.,International Journal of Thermal Sciences,2026-02-01,10.1016/j.ijthermalsci.2025.110295,0,https://api.elsevier.com/content/abstract/scopus_id/105015297918
low temperature AND district heating and cooling,Design and modelling of a reversible HP/ORC Carnot battery tailored for waste heat integration in flooded mines,Cendoya A.,Applied Energy,2026-02-01,10.1016/j.apenergy.2025.127127,0,https://api.elsevier.com/content/abstract/scopus_id/105023105608
low temperature AND district heating and cooling,Study on the phase change cold storage and release characteristics of the capillary cold storage plate for district cooling applications,Wu W.,Applied Thermal Engineering,2026-02-01,10.1016/j.applthermaleng.2025.129225,0,https://api.elsevier.com/content/abstract/scopus_id/105023466937
low temperature AND district thermal,Techno-Economic Household-Scale Solar Power Plants in Support of The Policy of Presidential Regulation Number 112 of 2022 Concerning the Acceleration of Renewable Energy Development,Ramdani F.T.,Indonesian Journal of Science and Technology,2026-09-01,10.17509/ijost.v11i2.89708,2,https://api.elsevier.com/content/abstract/scopus_id/105015532657
low temperature AND district thermal,Experimental and Numerical Investigations for Improvement of Building Ventilation Performance by Using Solar Chimney Integrated with Different Phase Change Materials and Nanoparticles,Younus Abeid Al-Zubaidi W.,International Journal of Engineering Transactions B Applications,2026-05-01,10.5829/ije.20205.39.05b.02,0,https://api.elsevier.com/content/abstract/scopus_id/105012775566
low temperature AND district thermal,Temperature-dependent performance characterization of 4H-SiC PIN detectors for alpha-particle detection (25–90 °C),Li X.,Nuclear Instruments and Methods in Physics Research Section A Accelerators Spectrometers Detectors and Associated Equipment,2026-04-01,10.1016/j.nima.2025.171178,0,https://api.elsevier.com/content/abstract/scopus_id/105022503689
low temperature AND district thermal,Thermal study of the battery thermal management system based on electric mining trucks under different working conditions,Mu M.,International Journal of Thermal Sciences,2026-04-01,10.1016/j.ijthermalsci.2025.110539,0,https://api.elsevier.com/content/abstract/scopus_id/105023591762
low temperature AND district thermal,Integrated electricity‒heat scheduling optimization strategy for biomass-PV-battery islanded microgrid with micro turbine in high-latitude regions,Wang G.,Biomass and Bioenergy,2026-04-01,10.1016/j.biombioe.2025.108765,0,https://api.elsevier.com/content/abstract/scopus_id/105023491156
low temperature AND district thermal,Co-simulating the effects of nature-based and conventional composite facades on building thermal and energy performance in temperate climates,Morakinyo T.E.,Green Technologies and Sustainability,2026-04-01,10.1016/j.grets.2025.100312,0,https://api.elsevier.com/content/abstract/scopus_id/105023686033
low temperature AND district thermal,Gamma-gliadins and some non-gluten proteins critically influence the rheological behavior of wheat dough subjected to thermal treatment,Li P.,Food Hydrocolloids,2026-04-01,10.1016/j.foodhyd.2025.112303,0,https://api.elsevier.com/content/abstract/scopus_id/105023195252
low temperature AND district thermal,Unveiling multiscale and nonlinear effects of land use change drivers through interpretable machine learning model: Insights from “Ecological-cost and Economic-benefit” trade-off perspective,Lu J.,Environmental Impact Assessment Review,2026-04-01,10.1016/j.eiar.2025.108254,0,https://api.elsevier.com/content/abstract/scopus_id/105020811083
low temperature AND district thermal,Advancements in low-carbon biofuel production from agricultural waste valorization,Kusmayadi A.,Biomass and Bioenergy,2026-04-01,10.1016/j.biombioe.2025.108726,0,https://api.elsevier.com/content/abstract/scopus_id/105022795262
low temperature AND district thermal,A Critical Appraisal of Remediation Techniques for Heavy Metal-Contaminated Soils: Geotechnical and Geoenvironmental Perspectives,Rahman M.A.,Journal of Hazardous Toxic and Radioactive Waste,2026-04-01,10.1061/JHTRBP.HZENG-1540,0,https://api.elsevier.com/content/abstract/scopus_id/105023636890
low temperature AND district thermal,Construction of pH/near-infrared laser stimuli-responsive drug delivery system and its application in treatment of oral squamous cell carcinoma,Changqin M.,Chinese Journal of Tissue Engineering Research,2026-03-18,10.12307/2026.607,0,https://api.elsevier.com/content/abstract/scopus_id/105017649778
low temperature AND district thermal,"A review of solid oxide cell technologies for power, fuel, and reversible energy storage",Rijo B.,Fuel,2026-03-15,10.1016/j.fuel.2025.137624,0,https://api.elsevier.com/content/abstract/scopus_id/105023509242
low temperature AND district thermal,Elastic 2D graphene/ZIF-8 nanosheets aerogels for efficient and sustainable As(III) removal from water,Tian X.,Separation and Purification Technology,2026-03-03,10.1016/j.seppur.2025.136167,0,https://api.elsevier.com/content/abstract/scopus_id/105022722911
low temperature AND district thermal,Numerical analysis of thermal performance of integrated thermoelectric cooling with nanofluid microchannels based on LTCC substrates,Li C.,International Journal of Heat and Mass Transfer,2026-03-01,10.1016/j.ijheatmasstransfer.2025.128076,0,https://api.elsevier.com/content/abstract/scopus_id/105021867609
low temperature AND district thermal,Facet-engineered Pt/CeO2 oxygen carriers for efficient low-temperature chemical looping steam methane reforming,Seong G.,Fuel,2026-03-01,10.1016/j.fuel.2025.137406,0,https://api.elsevier.com/content/abstract/scopus_id/105022831913
low temperature AND district thermal,Preparation and thermal properties of hollow ceramic-based phase change materials for thermal energy storage,Wang X.,Solar Energy Materials and Solar Cells,2026-03-01,10.1016/j.solmat.2025.114064,0,https://api.elsevier.com/content/abstract/scopus_id/105021077388
low temperature AND district thermal,Techno-economic assessment of vegetable oils as heat transfer fluids for industrial solar thermal systems applications,Bouarfa I.,Results in Engineering,2026-03-01,10.1016/j.rineng.2025.108488,0,https://api.elsevier.com/content/abstract/scopus_id/105023675294
low temperature AND district thermal,Establishment and Verification of a Thermal Conductivity Model for Fine-Grained Soils,Liu F.,Journal of Cold Regions Engineering,2026-03-01,10.1061/JCRGEI.CRENG-1032,0,https://api.elsevier.com/content/abstract/scopus_id/105020674376
low temperature AND district thermal,Coupled CFD-FEA investigation on dynamic thermo-mechanical behavior of superheater under wide-load flexible operation,Jiang M.,International Journal of Heat and Mass Transfer,2026-03-01,10.1016/j.ijheatmasstransfer.2025.128041,0,https://api.elsevier.com/content/abstract/scopus_id/105020964911
low temperature AND district thermal,Opportunities and costs for shared ground loops,Barns D.G.,Renewable and Sustainable Energy Reviews,2026-03-01,10.1016/j.rser.2025.116490,0,https://api.elsevier.com/content/abstract/scopus_id/105023483228
low temperature AND district thermal,A Comprehensive Experimental Database and Novel Onset Criterion for Heat Transfer Deterioration in Vertical Upward Supercritical CO₂,Liao H.,International Journal of Heat and Mass Transfer,2026-03-01,10.1016/j.ijheatmasstransfer.2025.127906,0,https://api.elsevier.com/content/abstract/scopus_id/105018044700
low temperature AND district thermal,"Preparation, Properties, and Microscopic Mechanism Analysis of Liquid Natural Rubber-Modified Asphalt",Dong T.,Journal of Transportation Engineering Part B Pavements,2026-03-01,10.1061/JPEODX.PVENG-1789,0,https://api.elsevier.com/content/abstract/scopus_id/105019649158
low temperature AND district thermal,Preparation and Performance Evaluation of Organic Diatomite-Based High-Viscosity Modified Asphalt as Permeable Asphalt Pavement,Sun J.,Journal of Transportation Engineering Part B Pavements,2026-03-01,10.1061/JPEODX.PVENG-1787,0,https://api.elsevier.com/content/abstract/scopus_id/105021005843
low temperature AND district thermal,Numerical simulation and mechanism analysis of heat transfer performance of radiation sky coolers,Meng Z.,International Communications in Heat and Mass Transfer,2026-03-01,10.1016/j.icheatmasstransfer.2025.110205,0,https://api.elsevier.com/content/abstract/scopus_id/105023506509
low temperature AND district thermal,An explainable transfer learning approach to predict carbon emission intensity of coal-fired power plants with multi-source monitoring data,Jin X.,Expert Systems with Applications,2026-03-01,10.1016/j.eswa.2025.129743,1,https://api.elsevier.com/content/abstract/scopus_id/105021398426
low temperature AND district energy,Techno-Economic Household-Scale Solar Power Plants in Support of The Policy of Presidential Regulation Number 112 of 2022 Concerning the Acceleration of Renewable Energy Development,Ramdani F.T.,Indonesian Journal of Science and Technology,2026-09-01,10.17509/ijost.v11i2.89708,2,https://api.elsevier.com/content/abstract/scopus_id/105015532657
low temperature AND district energy,"Characterization of vitamin C, D3, and Magnesium nanocomposites with montmorillonite clay and their quantification in lemon and aronia tea",Eyupoglu O.E.,Biotech Studies,2026-06-01,10.38042/biotechstudies.1757016,0,https://api.elsevier.com/content/abstract/scopus_id/105021857101
low temperature AND district energy,Synergizing nonmetal dual−vacancy and interface engineering for electrocatalytic nitrate reduction to ammonia,Bo K.,Applied Catalysis B Environmental,2026-05-15,10.1016/j.apcatb.2025.126272,0,https://api.elsevier.com/content/abstract/scopus_id/105023509711
low temperature AND district energy,Experimental and Numerical Investigations for Improvement of Building Ventilation Performance by Using Solar Chimney Integrated with Different Phase Change Materials and Nanoparticles,Younus Abeid Al-Zubaidi W.,International Journal of Engineering Transactions B Applications,2026-05-01,10.5829/ije.20205.39.05b.02,0,https://api.elsevier.com/content/abstract/scopus_id/105012775566
low temperature AND district energy,Temperature-dependent performance characterization of 4H-SiC PIN detectors for alpha-particle detection (25–90 °C),Li X.,Nuclear Instruments and Methods in Physics Research Section A Accelerators Spectrometers Detectors and Associated Equipment,2026-04-01,10.1016/j.nima.2025.171178,0,https://api.elsevier.com/content/abstract/scopus_id/105022503689
low temperature AND district energy,Integrated electricity‒heat scheduling optimization strategy for biomass-PV-battery islanded microgrid with micro turbine in high-latitude regions,Wang G.,Biomass and Bioenergy,2026-04-01,10.1016/j.biombioe.2025.108765,0,https://api.elsevier.com/content/abstract/scopus_id/105023491156
low temperature AND district energy,Co-simulating the effects of nature-based and conventional composite facades on building thermal and energy performance in temperate climates,Morakinyo T.E.,Green Technologies and Sustainability,2026-04-01,10.1016/j.grets.2025.100312,0,https://api.elsevier.com/content/abstract/scopus_id/105023686033
low temperature AND district energy,Development of IoT-based energy management system to maximize energy savings in Iraq,Salman H.M.,Electric Power Systems Research,2026-04-01,10.1016/j.epsr.2025.112523,0,https://api.elsevier.com/content/abstract/scopus_id/105022932614
low temperature AND district energy,Advancements in low-carbon biofuel production from agricultural waste valorization,Kusmayadi A.,Biomass and Bioenergy,2026-04-01,10.1016/j.biombioe.2025.108726,0,https://api.elsevier.com/content/abstract/scopus_id/105022795262
low temperature AND district energy,Thermal study of the battery thermal management system based on electric mining trucks under different working conditions,Mu M.,International Journal of Thermal Sciences,2026-04-01,10.1016/j.ijthermalsci.2025.110539,0,https://api.elsevier.com/content/abstract/scopus_id/105023591762
low temperature AND district energy,Synergistic defect passivation in lead-free perovskite quantum dots through organic-inorganic coating for enhanced stability in flexible electroluminescence and photovoltaics,Nan W.,Journal of Photochemistry and Photobiology A Chemistry,2026-04-01,10.1016/j.jphotochem.2025.116919,0,https://api.elsevier.com/content/abstract/scopus_id/105022013467
low temperature AND district energy,A Critical Appraisal of Remediation Techniques for Heavy Metal-Contaminated Soils: Geotechnical and Geoenvironmental Perspectives,Rahman M.A.,Journal of Hazardous Toxic and Radioactive Waste,2026-04-01,10.1061/JHTRBP.HZENG-1540,0,https://api.elsevier.com/content/abstract/scopus_id/105023636890
low temperature AND district energy,"A review of solid oxide cell technologies for power, fuel, and reversible energy storage",Rijo B.,Fuel,2026-03-15,10.1016/j.fuel.2025.137624,0,https://api.elsevier.com/content/abstract/scopus_id/105023509242
low temperature AND district energy,"Machine learning-guided design and experimental validation of electrostatically assisted micro-biochar fiber filters for high-efficiency, low-resistance air filtration",Xu J.,Separation and Purification Technology,2026-03-03,10.1016/j.seppur.2025.136184,0,https://api.elsevier.com/content/abstract/scopus_id/105022649208
low temperature AND district energy,Elastic 2D graphene/ZIF-8 nanosheets aerogels for efficient and sustainable As(III) removal from water,Tian X.,Separation and Purification Technology,2026-03-03,10.1016/j.seppur.2025.136167,0,https://api.elsevier.com/content/abstract/scopus_id/105022722911
low temperature AND district energy,Facet-engineered Pt/CeO2 oxygen carriers for efficient low-temperature chemical looping steam methane reforming,Seong G.,Fuel,2026-03-01,10.1016/j.fuel.2025.137406,0,https://api.elsevier.com/content/abstract/scopus_id/105022831913
low temperature AND district energy,Numerical analysis of thermal performance of integrated thermoelectric cooling with nanofluid microchannels based on LTCC substrates,Li C.,International Journal of Heat and Mass Transfer,2026-03-01,10.1016/j.ijheatmasstransfer.2025.128076,0,https://api.elsevier.com/content/abstract/scopus_id/105021867609
low temperature AND district energy,Preparation and thermal properties of hollow ceramic-based phase change materials for thermal energy storage,Wang X.,Solar Energy Materials and Solar Cells,2026-03-01,10.1016/j.solmat.2025.114064,0,https://api.elsevier.com/content/abstract/scopus_id/105021077388
low temperature AND district energy,Opportunities and costs for shared ground loops,Barns D.G.,Renewable and Sustainable Energy Reviews,2026-03-01,10.1016/j.rser.2025.116490,0,https://api.elsevier.com/content/abstract/scopus_id/105023483228
low temperature AND district energy,Coupled CFD-FEA investigation on dynamic thermo-mechanical behavior of superheater under wide-load flexible operation,Jiang M.,International Journal of Heat and Mass Transfer,2026-03-01,10.1016/j.ijheatmasstransfer.2025.128041,0,https://api.elsevier.com/content/abstract/scopus_id/105020964911
low temperature AND district energy,Molecular dynamics simulation of lanthanum(III) chloride nucleation and growth mechanisms in supercritical water,Xu X.,Journal of Supercritical Fluids,2026-03-01,10.1016/j.supflu.2025.106822,0,https://api.elsevier.com/content/abstract/scopus_id/105019746275
low temperature AND district energy,"Artificial Intelligence in Deep Geothermal Energy: Trends, Insights, and Future Perspectives",Sheini Dashtgoli D.,Renewable Energy Focus,2026-03-01,10.1016/j.ref.2025.100781,0,https://api.elsevier.com/content/abstract/scopus_id/105021063753
low temperature AND district energy,"Leather waste into functional materials: composite nanoarchitectonics, energy systems, and environmental applications",Zheng A.L.T.,International Journal of Energy and Water Resources,2026-03-01,10.1007/s42108-025-00433-0,0,https://api.elsevier.com/content/abstract/scopus_id/105020731845
low temperature AND district energy,An explainable transfer learning approach to predict carbon emission intensity of coal-fired power plants with multi-source monitoring data,Jin X.,Expert Systems with Applications,2026-03-01,10.1016/j.eswa.2025.129743,1,https://api.elsevier.com/content/abstract/scopus_id/105021398426
low temperature AND district energy,From physical modalities to energy-responsive biomaterials: Current strategies and challenges in tendon-to-bone healing,Zhang L.,Bioactive Materials,2026-03-01,10.1016/j.bioactmat.2025.11.014,0,https://api.elsevier.com/content/abstract/scopus_id/105023058207
low temperature AND district heat pump,Integrated electricity‒heat scheduling optimization strategy for biomass-PV-battery islanded microgrid with micro turbine in high-latitude regions,Wang G.,Biomass and Bioenergy,2026-04-01,10.1016/j.biombioe.2025.108765,0,https://api.elsevier.com/content/abstract/scopus_id/105023491156
low temperature AND district heat pump,Opportunities and costs for shared ground loops,Barns D.G.,Renewable and Sustainable Energy Reviews,2026-03-01,10.1016/j.rser.2025.116490,0,https://api.elsevier.com/content/abstract/scopus_id/105023483228
low temperature AND district heat pump,Numerical simulation and mechanism analysis of heat transfer performance of radiation sky coolers,Meng Z.,International Communications in Heat and Mass Transfer,2026-03-01,10.1016/j.icheatmasstransfer.2025.110205,0,https://api.elsevier.com/content/abstract/scopus_id/105023506509
low temperature AND district heat pump,A Comprehensive Experimental Database and Novel Onset Criterion for Heat Transfer Deterioration in Vertical Upward Supercritical CO₂,Liao H.,International Journal of Heat and Mass Transfer,2026-03-01,10.1016/j.ijheatmasstransfer.2025.127906,0,https://api.elsevier.com/content/abstract/scopus_id/105018044700
low temperature AND district heat pump,Preparation and thermal properties of hollow ceramic-based phase change materials for thermal energy storage,Wang X.,Solar Energy Materials and Solar Cells,2026-03-01,10.1016/j.solmat.2025.114064,0,https://api.elsevier.com/content/abstract/scopus_id/105021077388
low temperature AND district heat pump,Research progress on the deposition mechanisms and mitigation of particulate and crystallization fouling in heat exchangers,Wang P.,International Journal of Heat and Mass Transfer,2026-03-01,10.1016/j.ijheatmasstransfer.2025.128183,0,https://api.elsevier.com/content/abstract/scopus_id/105023589059
low temperature AND district heat pump,"Artificial Intelligence in Deep Geothermal Energy: Trends, Insights, and Future Perspectives",Sheini Dashtgoli D.,Renewable Energy Focus,2026-03-01,10.1016/j.ref.2025.100781,0,https://api.elsevier.com/content/abstract/scopus_id/105021063753
low temperature AND district heat pump,"Carbon capture and storage: A comprehensive review on current trends, techniques, and future prospects in North America",Seyyedattar M.,Fuel,2026-03-01,10.1016/j.fuel.2025.137276,0,https://api.elsevier.com/content/abstract/scopus_id/105021123891
low temperature AND district heat pump,4E-based performance evaluation of a solar-assisted SOFC–CCHP system integrating zero-energy CO2 enrichment and cascade waste heat recovery,Ren Y.,Fuel,2026-02-15,10.1016/j.fuel.2025.137093,0,https://api.elsevier.com/content/abstract/scopus_id/105017970746
low temperature AND district heat pump,Low-temperature district heating operations using heat cost allocators in apartment buildings,Yang Q.,Building and Environment,2026-02-01,10.1016/j.buildenv.2025.114095,0,https://api.elsevier.com/content/abstract/scopus_id/105023648143
low temperature AND district heat pump,"A Comprehensive Review of Working Fluids for High-Temperature Heat Pumps: History, Selection, and Evaluation",Sun J.,Journal of Thermal Science and Engineering Applications,2026-02-01,10.1115/1.4070129,0,https://api.elsevier.com/content/abstract/scopus_id/105022195081
low temperature AND district heat pump,Design and modelling of a reversible HP/ORC Carnot battery tailored for waste heat integration in flooded mines,Cendoya A.,Applied Energy,2026-02-01,10.1016/j.apenergy.2025.127127,0,https://api.elsevier.com/content/abstract/scopus_id/105023105608
low temperature AND district heat pump,Low-temperature desalination based on natural circulation driven by waste heat,Wang Y.,Applied Thermal Engineering,2026-02-01,10.1016/j.applthermaleng.2025.129231,0,https://api.elsevier.com/content/abstract/scopus_id/105023642797
low temperature AND district heat pump,Experimental Investigation on the Dynamic Response of a Vaned Diffuser Compressor in Innovative Heat-Pump Systems,Silvestri P.,Journal of Engineering for Gas Turbines and Power,2026-02-01,10.1115/1.4069461,0,https://api.elsevier.com/content/abstract/scopus_id/105019654119
low temperature AND district heat pump,On the thermal drift of an ATES system subject to different heating and cooling loads,Lepinay E.,Renewable Energy,2026-02-01,10.1016/j.renene.2025.124746,0,https://api.elsevier.com/content/abstract/scopus_id/105021868820
low temperature AND district heat pump,Review on heat transfer and thermo-mechanical behaviour of energy geostructures,Cen D.,Underground Space New,2026-02-01,10.1016/j.undsp.2025.06.003,0,https://api.elsevier.com/content/abstract/scopus_id/105023378429
low temperature AND district heat pump,Study on the phase change cold storage and release characteristics of the capillary cold storage plate for district cooling applications,Wu W.,Applied Thermal Engineering,2026-02-01,10.1016/j.applthermaleng.2025.129225,0,https://api.elsevier.com/content/abstract/scopus_id/105023466937
low temperature AND district heat pump,Study of hydration/dehydrataion kinetic properties of strontium chloride-activated carbon composites,Deng L.,Applied Thermal Engineering,2026-02-01,10.1016/j.applthermaleng.2025.129132,0,https://api.elsevier.com/content/abstract/scopus_id/105023565365
low temperature AND district heat pump,Enhanced MOEA/D and response surface methodology for multi-objective optimization of multi-zone borehole thermal energy storage,Hu Z.,Energy Conversion and Management,2026-02-01,10.1016/j.enconman.2025.120829,0,https://api.elsevier.com/content/abstract/scopus_id/105023647443
low temperature AND district heat pump,Research on the impact of resident behavior on energy consumption during the heating period of ultra-low energy buildings,Ding R.X.,Energy and Buildings,2026-02-01,10.1016/j.enbuild.2025.116786,0,https://api.elsevier.com/content/abstract/scopus_id/105023474112
low temperature AND district heat pump,Surrogate model-integrated deep reinforcement learning for temperature and pyrolysis behavior control in the coal coking process,Zhao P.,Fuel,2026-02-01,10.1016/j.fuel.2025.136770,0,https://api.elsevier.com/content/abstract/scopus_id/105015526292
low temperature AND district heat pump,Multi-scale investigations of packed bed latent thermal energy storage systems: perspectives from material selection to applications,Cui J.,International Journal of Heat and Mass Transfer,2026-02-01,10.1016/j.ijheatmasstransfer.2025.127773,0,https://api.elsevier.com/content/abstract/scopus_id/105014612987
low temperature AND district heat pump,Cavern thermal energy storage: State of play and prospects,Müller D.,Applied Energy,2026-02-01,10.1016/j.apenergy.2025.127141,0,https://api.elsevier.com/content/abstract/scopus_id/105022878883
low temperature AND district heat pump,Strategy for the design and operation regulation of compressed gas energy storage system based on a comprehensive comparison between four different systems: Thermodynamic analysis and machine learning,Li Y.,Renewable Energy,2026-02-01,10.1016/j.renene.2025.124794,0,https://api.elsevier.com/content/abstract/scopus_id/105021960828
low temperature AND district heat pump,Numerical investigation on cooling performance of phase change assisted direct ventilation system for data center,Yang L.,International Journal of Thermal Sciences,2026-02-01,10.1016/j.ijthermalsci.2025.110295,0,https://api.elsevier.com/content/abstract/scopus_id/105015297918
low temperature AND thermal network,Neural network-aided simulation of MHD nanofluid flow in double-disk systems with nonlinear thermal radiation,Vuppala N.,Multiscale and Multidisciplinary Modeling Experiments and Design,2026-12-01,10.1007/s41939-025-01083-9,0,https://api.elsevier.com/content/abstract/scopus_id/105019659108
low temperature AND thermal network,Artificial neuron based repercussions of thermal prediction of steady nanofluid with involvement of antimicrobial agent in time dependent magnetized environment: blending of two models and geometries,Khan S.,Multiscale and Multidisciplinary Modeling Experiments and Design,2026-12-01,10.1007/s41939-025-01052-2,1,https://api.elsevier.com/content/abstract/scopus_id/105019175494
low temperature AND thermal network,"Low-Temperature Electrolytes for Lithium-Ion Batteries: Current Challenges, Development, and Perspectives",Zhao Y.,Nano Micro Letters,2026-12-01,10.1007/s40820-025-01914-x,0,https://api.elsevier.com/content/abstract/scopus_id/105015765623
low temperature AND thermal network,Superelastic and Washable Micro/Nanofibrous Sponges Based on Biomimetic Helical Fibers for Efficient Thermal Insulation,Yang F.,Nano Micro Letters,2026-12-01,10.1007/s40820-025-01882-2,0,https://api.elsevier.com/content/abstract/scopus_id/105016673509
low temperature AND thermal network,Down-Top Strategy Engineered Large-Scale Fluorographene/PBO Nanofibers Composite Papers with Excellent Wave-Transparent Performance and Thermal Conductivity,Lin Y.,Nano Micro Letters,2026-12-01,10.1007/s40820-025-01878-y,2,https://api.elsevier.com/content/abstract/scopus_id/105013685358
low temperature AND thermal network,Solar parabolic trough collectors with heat pipe technology: a review of efficiency enhancement and machine learning-based optimization,Gomupandian T.,Multiscale and Multidisciplinary Modeling Experiments and Design,2026-12-01,10.1007/s41939-025-01115-4,0,https://api.elsevier.com/content/abstract/scopus_id/105023117214
low temperature AND thermal network,Engineered Radiative Cooling Systems for Thermal-Regulating and Energy-Saving Applications,Lei L.,Nano Micro Letters,2026-12-01,10.1007/s40820-025-01859-1,1,https://api.elsevier.com/content/abstract/scopus_id/105012600115
low temperature AND thermal network,"Wide-Temperature Electrolytes for Aqueous Alkali Metal-Ion Batteries: Challenges, Progress, and Prospects",Lin Z.,Nano Micro Letters,2026-12-01,10.1007/s40820-025-01865-3,0,https://api.elsevier.com/content/abstract/scopus_id/105016564271
low temperature AND thermal network,"Thermally Drawn Flexible Fiber Sensors: Principles, Materials, Structures, and Applications",Zhang Z.L.,Nano Micro Letters,2026-12-01,10.1007/s40820-025-01840-y,0,https://api.elsevier.com/content/abstract/scopus_id/105010922805
low temperature AND thermal network,"Multi-methods cooling strategies for concentrated solar power (CSP) plants: technologies, challenges, and opportunities",Aslam Z.,Multiscale and Multidisciplinary Modeling Experiments and Design,2026-12-01,10.1007/s41939-025-01080-y,0,https://api.elsevier.com/content/abstract/scopus_id/105020236277
low temperature AND thermal network,Size-dependent nonlocal resonance of smart phononic adsorber for biosensing under interatomic energy and magnetic intensity,Mektout M.,Multiscale and Multidisciplinary Modeling Experiments and Design,2026-12-01,10.1007/s41939-025-01087-5,0,https://api.elsevier.com/content/abstract/scopus_id/105021799374
low temperature AND thermal network,Hybrid computational and AI/ML framework for predicting sound transmission loss in concrete structures using COMSOL multiphysics,Bobade S.S.,Multiscale and Multidisciplinary Modeling Experiments and Design,2026-12-01,10.1007/s41939-025-01105-6,0,https://api.elsevier.com/content/abstract/scopus_id/105021470053
low temperature AND thermal network,Recent Advancements and Perspectives of Low-Dimensional Halide Perovskites for Visual Perception and Optoelectronic Applications,Rafique H.,Nano Micro Letters,2026-12-01,10.1007/s40820-025-01823-z,1,https://api.elsevier.com/content/abstract/scopus_id/105014598340
low temperature AND thermal network,Tackling Challenges and Exploring Opportunities in Cathode Binder Innovation,Lai T.,Nano Micro Letters,2026-12-01,10.1007/s40820-025-01848-4,5,https://api.elsevier.com/content/abstract/scopus_id/105011265266
low temperature AND thermal network,Electrospun Nanofiber-Based Ceramic Aerogels: Synergistic Strategies for Design and Functionalization,Li P.,Nano Micro Letters,2026-12-01,10.1007/s40820-025-01864-4,0,https://api.elsevier.com/content/abstract/scopus_id/105018576936
low temperature AND thermal network,Ecodesign strategies in the redesign of Shaft's TSC: a methodology to achieve SDG 12,Tapia-Peña L.A.,Multiscale and Multidisciplinary Modeling Experiments and Design,2026-12-01,10.1007/s41939-025-01111-8,0,https://api.elsevier.com/content/abstract/scopus_id/105022639752
low temperature AND thermal network,CRISPR-driven innovations in rice (Oryza sativa L.) breeding: precision development of male sterile lines,Behera L.,Molecular Biology Reports,2026-12-01,10.1007/s11033-025-11269-6,0,https://api.elsevier.com/content/abstract/scopus_id/105021924254
low temperature AND thermal network,Nature-Inspired Upward Hanging Evaporator with Photothermal 3D Spacer Fabric for Zero-Liquid-Discharge Desalination,Peng Y.,Nano Micro Letters,2026-12-01,10.1007/s40820-025-01868-0,4,https://api.elsevier.com/content/abstract/scopus_id/105016722518
low temperature AND thermal network,"Cement-Based Thermoelectric Materials, Devices and Applications",Li W.,Nano Micro Letters,2026-12-01,10.1007/s40820-025-01866-2,3,https://api.elsevier.com/content/abstract/scopus_id/105012918570
low temperature AND thermal network,Mechanical Properties Analysis of Flexible Memristors for Neuromorphic Computing,Zhu Z.,Nano Micro Letters,2026-12-01,10.1007/s40820-025-01825-x,4,https://api.elsevier.com/content/abstract/scopus_id/105011084897
low temperature AND thermal network,High-Entropy Oxide Memristors for Neuromorphic Computing: From Material Engineering to Functional Integration,Yang J.L.,Nano Micro Letters,2026-12-01,10.1007/s40820-025-01891-1,3,https://api.elsevier.com/content/abstract/scopus_id/105016620962
low temperature AND thermal network,Flexible Tactile Sensing Systems: Challenges in Theoretical Research Transferring to Practical Applications,Yao Z.,Nano Micro Letters,2026-12-01,10.1007/s40820-025-01872-4,1,https://api.elsevier.com/content/abstract/scopus_id/105016763449
low temperature AND thermal network,High-Entropy Materials: A New Paradigm in the Design of Advanced Batteries,Xin Y.,Nano Micro Letters,2026-12-01,10.1007/s40820-025-01842-w,3,https://api.elsevier.com/content/abstract/scopus_id/105010881019
low temperature AND thermal network,Multifunctional zwitterionic hydrogels: A review of cross-disciplinary applications,Xie Y.,Supramolecular Materials,2026-12-01,10.1016/j.supmat.2025.100133,0,https://api.elsevier.com/content/abstract/scopus_id/105023383348
low temperature AND thermal network,Harnessing the sustainable bioremediation potential of leaf litter for ‐ polycyclic aromatic hydrocarbon-contaminated soils – A review,Akinseye O.R.,Environmental Pollution and Management,2026-12-01,10.1016/j.epm.2025.09.002,0,https://api.elsevier.com/content/abstract/scopus_id/105016892515
low temperature AND thermal grid,"Wide-Temperature Electrolytes for Aqueous Alkali Metal-Ion Batteries: Challenges, Progress, and Prospects",Lin Z.,Nano Micro Letters,2026-12-01,10.1007/s40820-025-01865-3,0,https://api.elsevier.com/content/abstract/scopus_id/105016564271
low temperature AND thermal grid,Quantum-Size FeS2 with Delocalized Electronic Regions Enable High-Performance Sodium-Ion Batteries Across Wide Temperatures,Li T.,Nano Micro Letters,2026-12-01,10.1007/s40820-025-01858-2,1,https://api.elsevier.com/content/abstract/scopus_id/105012129510
low temperature AND thermal grid,"Multi-methods cooling strategies for concentrated solar power (CSP) plants: technologies, challenges, and opportunities",Aslam Z.,Multiscale and Multidisciplinary Modeling Experiments and Design,2026-12-01,10.1007/s41939-025-01080-y,0,https://api.elsevier.com/content/abstract/scopus_id/105020236277
low temperature AND thermal grid,An Emerging Liquid-Crystalline Conducting Polymer Thermoelectrics: Opportunities and Challenges,Ye Z.,Nano Micro Letters,2026-12-01,10.1007/s40820-025-01916-9,0,https://api.elsevier.com/content/abstract/scopus_id/105021824023
low temperature AND thermal grid,High-Entropy Materials: A New Paradigm in the Design of Advanced Batteries,Xin Y.,Nano Micro Letters,2026-12-01,10.1007/s40820-025-01842-w,3,https://api.elsevier.com/content/abstract/scopus_id/105010881019
low temperature AND thermal grid,Lignocellulose-Mediated Gel Polymer Electrolytes Toward Next-Generation Energy Storage,Yang H.,Nano Micro Letters,2026-12-01,10.1007/s40820-025-01927-6,0,https://api.elsevier.com/content/abstract/scopus_id/105022823773
low temperature AND thermal grid,"Additive Manufacturing for Nanogenerators: Fundamental Mechanisms, Recent Advancements, and Future Prospects",Tian Z.,Nano Micro Letters,2026-12-01,10.1007/s40820-025-01874-2,0,https://api.elsevier.com/content/abstract/scopus_id/105012922205
low temperature AND thermal grid,A self-attentive physics-informed and data-driven framework for predicting solder joint reliability in printed circuit board assemblies under thermal aging,Wang T.,Journal of Materials Science and Technology,2026-08-10,10.1016/j.jmst.2025.10.038,0,https://api.elsevier.com/content/abstract/scopus_id/105021845992
low temperature AND thermal grid,"Medium-entropy core-shell (Zr, Ta, Ti)C@C ceramics for efficient electromagnetic wave absorption",Zhang X.,Journal of Materials Science and Technology,2026-07-20,10.1016/j.jmst.2025.09.065,0,https://api.elsevier.com/content/abstract/scopus_id/105020259862
low temperature AND thermal grid,Metal-organic framework incorporated PEO-based flexible polymer electrolyte for advanced all-solid-state sodium-ion batteries,Hong J.,Journal of Materials Science and Technology,2026-06-01,10.1016/j.jmst.2025.07.048,0,https://api.elsevier.com/content/abstract/scopus_id/105018300158
low temperature AND thermal grid,Damage characteristics of CFRP laminate upon hypervelocity impact,Jiang Q.,Acta Mechanica Sinica Lixue Xuebao,2026-06-01,10.1007/s10409-025-24621-x,0,https://api.elsevier.com/content/abstract/scopus_id/105013957204
low temperature AND thermal grid,Advances and Significance of Nanowires in Semiconductor Applications,Mimona M.A.,Nano Life,2026-06-01,10.1142/S1793984425300043,1,https://api.elsevier.com/content/abstract/scopus_id/105002124792
low temperature AND thermal grid,Tailoring microstructure in K-doped SiO2 coatings for enhanced densification and oxidation resistance,Yan H.J.,Journal of Materials Science and Technology,2026-05-20,10.1016/j.jmst.2025.08.010,0,https://api.elsevier.com/content/abstract/scopus_id/105014759301
low temperature AND thermal grid,Porous and compressible silicone rubber composites integrated with progressive magneto-electric networks for electromagnetic interference shielding,Yang J.,Journal of Materials Science and Technology,2026-05-20,10.1016/j.jmst.2025.07.045,6,https://api.elsevier.com/content/abstract/scopus_id/105015039072
low temperature AND thermal grid,Mitigating Cation Contamination in PEMFC Ionomers: Mechanisms and Strategies,Liu L.,Journal of Electrochemical Energy Conversion and Storage,2026-05-01,10.1115/1.4069752,0,https://api.elsevier.com/content/abstract/scopus_id/105019331122
low temperature AND thermal grid,Review for artificial intelligence-based micro-nanophotonic devices,Xie Z.,Frontiers of Physics,2026-05-01,10.15302/frontphys.2026.052301,0,https://api.elsevier.com/content/abstract/scopus_id/105021957493
low temperature AND thermal grid,Unravelling the limit of the coercivity enhancement in PrAl grain boundary diffusion processed Nd‒La‒Ce‒Fe‒B magnets,Chen W.,Journal of Materials Science and Technology,2026-04-20,10.1016/j.jmst.2025.05.039,1,https://api.elsevier.com/content/abstract/scopus_id/105013208531
low temperature AND thermal grid,PCM-integrated bionic cold plate inspired by banyan aerial roots for enhanced battery thermal management,Mu M.,International Journal of Thermal Sciences,2026-04-01,10.1016/j.ijthermalsci.2025.110527,0,https://api.elsevier.com/content/abstract/scopus_id/105023587414
low temperature AND thermal grid,Integrated electricity‒heat scheduling optimization strategy for biomass-PV-battery islanded microgrid with micro turbine in high-latitude regions,Wang G.,Biomass and Bioenergy,2026-04-01,10.1016/j.biombioe.2025.108765,0,https://api.elsevier.com/content/abstract/scopus_id/105023491156
low temperature AND thermal grid,Techno-economic and environmental essessment of a wind-biomass poly-generation system for co-producing low-carbon DME and potable water: A case study of coastal urban sustainability,Wu Q.,Biomass and Bioenergy,2026-04-01,10.1016/j.biombioe.2025.108704,0,https://api.elsevier.com/content/abstract/scopus_id/105023666665
low temperature AND thermal grid,Heat-healing strategy by low-melting alloy to achieve Li metal anode stable cycling at high current density,Shao Y.,Journal of Materials Science and Technology,2026-04-01,10.1016/j.jmst.2025.05.056,0,https://api.elsevier.com/content/abstract/scopus_id/105011416527
low temperature AND thermal grid,Laser-induced broad-spectrum strong absorption multiscale carbon-based nanofilms for photonic debonding based on the spatial confinement effect,Liu H.,International Journal of Extreme Manufacturing,2026-04-01,10.1088/2631-7990/ae1db8,0,https://api.elsevier.com/content/abstract/scopus_id/105022907981
low temperature AND thermal grid,Adaptive learning-based energy scheduling of public EV parking lots using double estimator deep Q-network,Shabanpour H.,Electric Power Systems Research,2026-04-01,10.1016/j.epsr.2025.112490,0,https://api.elsevier.com/content/abstract/scopus_id/105022151720
low temperature AND thermal grid,Multi-level feature-based cross-domain SOH prediction for lithium-ion batteries with dual-stage loss,Cao D.,Electric Power Systems Research,2026-04-01,10.1016/j.epsr.2025.112550,0,https://api.elsevier.com/content/abstract/scopus_id/105023191487
low temperature AND thermal grid,Unveiling multiscale and nonlinear effects of land use change drivers through interpretable machine learning model: Insights from “Ecological-cost and Economic-benefit” trade-off perspective,Lu J.,Environmental Impact Assessment Review,2026-04-01,10.1016/j.eiar.2025.108254,0,https://api.elsevier.com/content/abstract/scopus_id/105020811083
low-temperature AND district heating and cooling,Experimental and Numerical Investigations for Improvement of Building Ventilation Performance by Using Solar Chimney Integrated with Different Phase Change Materials and Nanoparticles,Younus Abeid Al-Zubaidi W.,International Journal of Engineering Transactions B Applications,2026-05-01,10.5829/ije.20205.39.05b.02,0,https://api.elsevier.com/content/abstract/scopus_id/105012775566
low-temperature AND district heating and cooling,Integrated electricity‒heat scheduling optimization strategy for biomass-PV-battery islanded microgrid with micro turbine in high-latitude regions,Wang G.,Biomass and Bioenergy,2026-04-01,10.1016/j.biombioe.2025.108765,0,https://api.elsevier.com/content/abstract/scopus_id/105023491156
low-temperature AND district heating and cooling,"A review of solid oxide cell technologies for power, fuel, and reversible energy storage",Rijo B.,Fuel,2026-03-15,10.1016/j.fuel.2025.137624,0,https://api.elsevier.com/content/abstract/scopus_id/105023509242
low-temperature AND district heating and cooling,Overcoming the warming bottleneck in animal vitrification: Volumetric heating and enabling technologies for reproductive cryobanking,Ayantoye J.O.,Progress in Biophysics and Molecular Biology,2026-03-01,10.1016/j.pbiomolbio.2025.11.003,0,https://api.elsevier.com/content/abstract/scopus_id/105023449971
low-temperature AND district heating and cooling,Opportunities and costs for shared ground loops,Barns D.G.,Renewable and Sustainable Energy Reviews,2026-03-01,10.1016/j.rser.2025.116490,0,https://api.elsevier.com/content/abstract/scopus_id/105023483228
low-temperature AND district heating and cooling,"Artificial Intelligence in Deep Geothermal Energy: Trends, Insights, and Future Perspectives",Sheini Dashtgoli D.,Renewable Energy Focus,2026-03-01,10.1016/j.ref.2025.100781,0,https://api.elsevier.com/content/abstract/scopus_id/105021063753
low-temperature AND district heating and cooling,Organic coating failure and monitoring in atmospheric corrosion: from mechanisms to applications,Mu X.,Progress in Materials Science,2026-03-01,10.1016/j.pmatsci.2025.101592,0,https://api.elsevier.com/content/abstract/scopus_id/105019707539
low-temperature AND district heating and cooling,Progress in preparation strategies for lignin-derived carbon aerogels and the regulation of their supercapacitor performance,Tan F.,Fuel,2026-03-01,10.1016/j.fuel.2025.137371,0,https://api.elsevier.com/content/abstract/scopus_id/105020911515
low-temperature AND district heating and cooling,Fast joule heating-enabled activation of coal gangue for high-efficiency lithium and gallium extraction,Dai S.,Separation and Purification Technology,2026-02-26,10.1016/j.seppur.2025.135844,0,https://api.elsevier.com/content/abstract/scopus_id/105020672305
low-temperature AND district heating and cooling,4E-based performance evaluation of a solar-assisted SOFC–CCHP system integrating zero-energy CO2 enrichment and cascade waste heat recovery,Ren Y.,Fuel,2026-02-15,10.1016/j.fuel.2025.137093,0,https://api.elsevier.com/content/abstract/scopus_id/105017970746
low-temperature AND district heating and cooling,Low-temperature district heating operations using heat cost allocators in apartment buildings,Yang Q.,Building and Environment,2026-02-01,10.1016/j.buildenv.2025.114095,0,https://api.elsevier.com/content/abstract/scopus_id/105023648143
low-temperature AND district heating and cooling,On the thermal drift of an ATES system subject to different heating and cooling loads,Lepinay E.,Renewable Energy,2026-02-01,10.1016/j.renene.2025.124746,0,https://api.elsevier.com/content/abstract/scopus_id/105021868820
low-temperature AND district heating and cooling,Low-temperature desalination based on natural circulation driven by waste heat,Wang Y.,Applied Thermal Engineering,2026-02-01,10.1016/j.applthermaleng.2025.129231,0,https://api.elsevier.com/content/abstract/scopus_id/105023642797
low-temperature AND district heating and cooling,Design and modelling of a reversible HP/ORC Carnot battery tailored for waste heat integration in flooded mines,Cendoya A.,Applied Energy,2026-02-01,10.1016/j.apenergy.2025.127127,0,https://api.elsevier.com/content/abstract/scopus_id/105023105608
low-temperature AND district heating and cooling,Study on the phase change cold storage and release characteristics of the capillary cold storage plate for district cooling applications,Wu W.,Applied Thermal Engineering,2026-02-01,10.1016/j.applthermaleng.2025.129225,0,https://api.elsevier.com/content/abstract/scopus_id/105023466937
low-temperature AND district heating and cooling,Enhanced MOEA/D and response surface methodology for multi-objective optimization of multi-zone borehole thermal energy storage,Hu Z.,Energy Conversion and Management,2026-02-01,10.1016/j.enconman.2025.120829,0,https://api.elsevier.com/content/abstract/scopus_id/105023647443
low-temperature AND district heating and cooling,Study of hydration/dehydrataion kinetic properties of strontium chloride-activated carbon composites,Deng L.,Applied Thermal Engineering,2026-02-01,10.1016/j.applthermaleng.2025.129132,0,https://api.elsevier.com/content/abstract/scopus_id/105023565365
low-temperature AND district heating and cooling,A comprehensive review of heat pipes for the thermal management in proton exchange membrane fuel cells,Shi X.,International Journal of Thermal Sciences,2026-02-01,10.1016/j.ijthermalsci.2025.110269,0,https://api.elsevier.com/content/abstract/scopus_id/105015510411
low-temperature AND district heating and cooling,"A Comprehensive Review of Working Fluids for High-Temperature Heat Pumps: History, Selection, and Evaluation",Sun J.,Journal of Thermal Science and Engineering Applications,2026-02-01,10.1115/1.4070129,0,https://api.elsevier.com/content/abstract/scopus_id/105022195081
low-temperature AND district heating and cooling,Strategy for the design and operation regulation of compressed gas energy storage system based on a comprehensive comparison between four different systems: Thermodynamic analysis and machine learning,Li Y.,Renewable Energy,2026-02-01,10.1016/j.renene.2025.124794,0,https://api.elsevier.com/content/abstract/scopus_id/105021960828
low-temperature AND district heating and cooling,Multi-scale investigations of packed bed latent thermal energy storage systems: perspectives from material selection to applications,Cui J.,International Journal of Heat and Mass Transfer,2026-02-01,10.1016/j.ijheatmasstransfer.2025.127773,0,https://api.elsevier.com/content/abstract/scopus_id/105014612987
low-temperature AND district heating and cooling,Theoretical analysis of the enhancement effect of the combination of ultrasonic oscillation and atomization on the falling film absorption process of ammonia water and optimization of the combined parameters,Pan C.,International Journal of Refrigeration,2026-02-01,10.1016/j.ijrefrig.2025.11.027,0,https://api.elsevier.com/content/abstract/scopus_id/105023676131
low-temperature AND district heating and cooling,Review of the digital twin design of the smart satellite thermal control structure,Wang H.,Acta Astronautica,2026-02-01,10.1016/j.actaastro.2025.11.014,0,https://api.elsevier.com/content/abstract/scopus_id/105021482047
low-temperature AND district heating and cooling,Optimization of a solar-assisted air-source heat pump system in hot summer and cold winter regions,Cao H.,Applied Thermal Engineering,2026-01-30,10.1016/j.applthermaleng.2025.129065,0,https://api.elsevier.com/content/abstract/scopus_id/105021833785
low-temperature AND district heating and cooling,Exergoeconomic analysis and optimization of a solar-heat pump driven drying system integrated with liquid desiccant dehumidification for waste heat recovery,Su W.,Applied Thermal Engineering,2026-01-30,10.1016/j.applthermaleng.2025.129205,0,https://api.elsevier.com/content/abstract/scopus_id/105022903322
low-temperature AND district thermal,Experimental and Numerical Investigations for Improvement of Building Ventilation Performance by Using Solar Chimney Integrated with Different Phase Change Materials and Nanoparticles,Younus Abeid Al-Zubaidi W.,International Journal of Engineering Transactions B Applications,2026-05-01,10.5829/ije.20205.39.05b.02,0,https://api.elsevier.com/content/abstract/scopus_id/105012775566
low-temperature AND district thermal,Integrated electricity‒heat scheduling optimization strategy for biomass-PV-battery islanded microgrid with micro turbine in high-latitude regions,Wang G.,Biomass and Bioenergy,2026-04-01,10.1016/j.biombioe.2025.108765,0,https://api.elsevier.com/content/abstract/scopus_id/105023491156
low-temperature AND district thermal,Construction of pH/near-infrared laser stimuli-responsive drug delivery system and its application in treatment of oral squamous cell carcinoma,Changqin M.,Chinese Journal of Tissue Engineering Research,2026-03-18,10.12307/2026.607,0,https://api.elsevier.com/content/abstract/scopus_id/105017649778
low-temperature AND district thermal,"A review of solid oxide cell technologies for power, fuel, and reversible energy storage",Rijo B.,Fuel,2026-03-15,10.1016/j.fuel.2025.137624,0,https://api.elsevier.com/content/abstract/scopus_id/105023509242
low-temperature AND district thermal,Elastic 2D graphene/ZIF-8 nanosheets aerogels for efficient and sustainable As(III) removal from water,Tian X.,Separation and Purification Technology,2026-03-03,10.1016/j.seppur.2025.136167,0,https://api.elsevier.com/content/abstract/scopus_id/105022722911
low-temperature AND district thermal,Facet-engineered Pt/CeO2 oxygen carriers for efficient low-temperature chemical looping steam methane reforming,Seong G.,Fuel,2026-03-01,10.1016/j.fuel.2025.137406,0,https://api.elsevier.com/content/abstract/scopus_id/105022831913
low-temperature AND district thermal,Numerical analysis of thermal performance of integrated thermoelectric cooling with nanofluid microchannels based on LTCC substrates,Li C.,International Journal of Heat and Mass Transfer,2026-03-01,10.1016/j.ijheatmasstransfer.2025.128076,0,https://api.elsevier.com/content/abstract/scopus_id/105021867609
low-temperature AND district thermal,Establishment and Verification of a Thermal Conductivity Model for Fine-Grained Soils,Liu F.,Journal of Cold Regions Engineering,2026-03-01,10.1061/JCRGEI.CRENG-1032,0,https://api.elsevier.com/content/abstract/scopus_id/105020674376
low-temperature AND district thermal,Opportunities and costs for shared ground loops,Barns D.G.,Renewable and Sustainable Energy Reviews,2026-03-01,10.1016/j.rser.2025.116490,0,https://api.elsevier.com/content/abstract/scopus_id/105023483228
low-temperature AND district thermal,"Preparation, Properties, and Microscopic Mechanism Analysis of Liquid Natural Rubber-Modified Asphalt",Dong T.,Journal of Transportation Engineering Part B Pavements,2026-03-01,10.1061/JPEODX.PVENG-1789,0,https://api.elsevier.com/content/abstract/scopus_id/105019649158
low-temperature AND district thermal,Preparation and Performance Evaluation of Organic Diatomite-Based High-Viscosity Modified Asphalt as Permeable Asphalt Pavement,Sun J.,Journal of Transportation Engineering Part B Pavements,2026-03-01,10.1061/JPEODX.PVENG-1787,0,https://api.elsevier.com/content/abstract/scopus_id/105021005843
low-temperature AND district thermal,Review of advanced purification technologies for high-purity quartz materials,Shao H.,Materials Research Bulletin,2026-03-01,10.1016/j.materresbull.2025.113904,0,https://api.elsevier.com/content/abstract/scopus_id/105022903909
low-temperature AND district thermal,Physicochemical properties of edible oxidized gum arabic–polylysine crosslinked films and their effects on the postharvest preservation of litchi,Li D.,Postharvest Biology and Technology,2026-03-01,10.1016/j.postharvbio.2025.114012,0,https://api.elsevier.com/content/abstract/scopus_id/105019706386
low-temperature AND district thermal,Overcoming the warming bottleneck in animal vitrification: Volumetric heating and enabling technologies for reproductive cryobanking,Ayantoye J.O.,Progress in Biophysics and Molecular Biology,2026-03-01,10.1016/j.pbiomolbio.2025.11.003,0,https://api.elsevier.com/content/abstract/scopus_id/105023449971
low-temperature AND district thermal,Organic coating failure and monitoring in atmospheric corrosion: from mechanisms to applications,Mu X.,Progress in Materials Science,2026-03-01,10.1016/j.pmatsci.2025.101592,0,https://api.elsevier.com/content/abstract/scopus_id/105019707539
low-temperature AND district thermal,Ultra-stable Ni-overdoped yttria-stabilized zirconia oxygen separation membranes for methane partial oxidation,Gao Y.,Advanced Membranes,2026-03-01,10.1016/j.advmem.2025.100186,0,https://api.elsevier.com/content/abstract/scopus_id/105021084900
low-temperature AND district thermal,"Artificial Intelligence in Deep Geothermal Energy: Trends, Insights, and Future Perspectives",Sheini Dashtgoli D.,Renewable Energy Focus,2026-03-01,10.1016/j.ref.2025.100781,0,https://api.elsevier.com/content/abstract/scopus_id/105021063753
low-temperature AND district thermal,Green valorization of invasive alien plants using a novel method of simultaneous hydrothermal treatment and ball milling,Li B.,Biomass and Bioenergy,2026-03-01,10.1016/j.biombioe.2025.108686,0,https://api.elsevier.com/content/abstract/scopus_id/105023067171
low-temperature AND district thermal,Progress in preparation strategies for lignin-derived carbon aerogels and the regulation of their supercapacitor performance,Tan F.,Fuel,2026-03-01,10.1016/j.fuel.2025.137371,0,https://api.elsevier.com/content/abstract/scopus_id/105020911515
low-temperature AND district thermal,"Leather waste into functional materials: composite nanoarchitectonics, energy systems, and environmental applications",Zheng A.L.T.,International Journal of Energy and Water Resources,2026-03-01,10.1007/s42108-025-00433-0,0,https://api.elsevier.com/content/abstract/scopus_id/105020731845
low-temperature AND district thermal,Adaptable conductive hydrogel-enabled soft electronics,Liu Y.,Progress in Materials Science,2026-03-01,10.1016/j.pmatsci.2025.101590,0,https://api.elsevier.com/content/abstract/scopus_id/105020789792
low-temperature AND district thermal,"Carbon capture and storage: A comprehensive review on current trends, techniques, and future prospects in North America",Seyyedattar M.,Fuel,2026-03-01,10.1016/j.fuel.2025.137276,0,https://api.elsevier.com/content/abstract/scopus_id/105021123891
low-temperature AND district thermal,Fast joule heating-enabled activation of coal gangue for high-efficiency lithium and gallium extraction,Dai S.,Separation and Purification Technology,2026-02-26,10.1016/j.seppur.2025.135844,0,https://api.elsevier.com/content/abstract/scopus_id/105020672305
low-temperature AND district thermal,Emerging strategies for sustainable LCO cathode recycling: Integrating thermomechanical pretreatment with phosphocholine-DES recovery systems,Afreh P.,Separation and Purification Technology,2026-02-26,10.1016/j.seppur.2025.135976,0,https://api.elsevier.com/content/abstract/scopus_id/105020987540
low-temperature AND district thermal,Dual-function graphene based aerogels for photocatalytic coenzyme regeneration and enzymatic CO2 reduction,Chong R.,Separation and Purification Technology,2026-02-26,10.1016/j.seppur.2025.135974,0,https://api.elsevier.com/content/abstract/scopus_id/105021234148
low-temperature AND district energy,"Characterization of vitamin C, D3, and Magnesium nanocomposites with montmorillonite clay and their quantification in lemon and aronia tea",Eyupoglu O.E.,Biotech Studies,2026-06-01,10.38042/biotechstudies.1757016,0,https://api.elsevier.com/content/abstract/scopus_id/105021857101
low-temperature AND district energy,Experimental and Numerical Investigations for Improvement of Building Ventilation Performance by Using Solar Chimney Integrated with Different Phase Change Materials and Nanoparticles,Younus Abeid Al-Zubaidi W.,International Journal of Engineering Transactions B Applications,2026-05-01,10.5829/ije.20205.39.05b.02,0,https://api.elsevier.com/content/abstract/scopus_id/105012775566
low-temperature AND district energy,Development of IoT-based energy management system to maximize energy savings in Iraq,Salman H.M.,Electric Power Systems Research,2026-04-01,10.1016/j.epsr.2025.112523,0,https://api.elsevier.com/content/abstract/scopus_id/105022932614
low-temperature AND district energy,Integrated electricity‒heat scheduling optimization strategy for biomass-PV-battery islanded microgrid with micro turbine in high-latitude regions,Wang G.,Biomass and Bioenergy,2026-04-01,10.1016/j.biombioe.2025.108765,0,https://api.elsevier.com/content/abstract/scopus_id/105023491156
low-temperature AND district energy,Synergistic defect passivation in lead-free perovskite quantum dots through organic-inorganic coating for enhanced stability in flexible electroluminescence and photovoltaics,Nan W.,Journal of Photochemistry and Photobiology A Chemistry,2026-04-01,10.1016/j.jphotochem.2025.116919,0,https://api.elsevier.com/content/abstract/scopus_id/105022013467
low-temperature AND district energy,"A review of solid oxide cell technologies for power, fuel, and reversible energy storage",Rijo B.,Fuel,2026-03-15,10.1016/j.fuel.2025.137624,0,https://api.elsevier.com/content/abstract/scopus_id/105023509242
low-temperature AND district energy,Elastic 2D graphene/ZIF-8 nanosheets aerogels for efficient and sustainable As(III) removal from water,Tian X.,Separation and Purification Technology,2026-03-03,10.1016/j.seppur.2025.136167,0,https://api.elsevier.com/content/abstract/scopus_id/105022722911
low-temperature AND district energy,Facet-engineered Pt/CeO2 oxygen carriers for efficient low-temperature chemical looping steam methane reforming,Seong G.,Fuel,2026-03-01,10.1016/j.fuel.2025.137406,0,https://api.elsevier.com/content/abstract/scopus_id/105022831913
low-temperature AND district energy,Opportunities and costs for shared ground loops,Barns D.G.,Renewable and Sustainable Energy Reviews,2026-03-01,10.1016/j.rser.2025.116490,0,https://api.elsevier.com/content/abstract/scopus_id/105023483228
low-temperature AND district energy,Numerical analysis of thermal performance of integrated thermoelectric cooling with nanofluid microchannels based on LTCC substrates,Li C.,International Journal of Heat and Mass Transfer,2026-03-01,10.1016/j.ijheatmasstransfer.2025.128076,0,https://api.elsevier.com/content/abstract/scopus_id/105021867609
low-temperature AND district energy,"Artificial Intelligence in Deep Geothermal Energy: Trends, Insights, and Future Perspectives",Sheini Dashtgoli D.,Renewable Energy Focus,2026-03-01,10.1016/j.ref.2025.100781,0,https://api.elsevier.com/content/abstract/scopus_id/105021063753
low-temperature AND district energy,"Leather waste into functional materials: composite nanoarchitectonics, energy systems, and environmental applications",Zheng A.L.T.,International Journal of Energy and Water Resources,2026-03-01,10.1007/s42108-025-00433-0,0,https://api.elsevier.com/content/abstract/scopus_id/105020731845
low-temperature AND district energy,Progress in preparation strategies for lignin-derived carbon aerogels and the regulation of their supercapacitor performance,Tan F.,Fuel,2026-03-01,10.1016/j.fuel.2025.137371,0,https://api.elsevier.com/content/abstract/scopus_id/105020911515
low-temperature AND district energy,Ultra-stable Ni-overdoped yttria-stabilized zirconia oxygen separation membranes for methane partial oxidation,Gao Y.,Advanced Membranes,2026-03-01,10.1016/j.advmem.2025.100186,0,https://api.elsevier.com/content/abstract/scopus_id/105021084900
low-temperature AND district energy,Establishment and Verification of a Thermal Conductivity Model for Fine-Grained Soils,Liu F.,Journal of Cold Regions Engineering,2026-03-01,10.1061/JCRGEI.CRENG-1032,0,https://api.elsevier.com/content/abstract/scopus_id/105020674376
low-temperature AND district energy,"Synergistic phototherapy and Ca2+ consumption for combating biofilms in diabetic wounds via ion interference, physical disruption, and biological regulation",Liu Y.,Bioactive Materials,2026-03-01,10.1016/j.bioactmat.2025.10.044,0,https://api.elsevier.com/content/abstract/scopus_id/105021107991
low-temperature AND district energy,Green valorization of invasive alien plants using a novel method of simultaneous hydrothermal treatment and ball milling,Li B.,Biomass and Bioenergy,2026-03-01,10.1016/j.biombioe.2025.108686,0,https://api.elsevier.com/content/abstract/scopus_id/105023067171
low-temperature AND district energy,"Carbon capture and storage: A comprehensive review on current trends, techniques, and future prospects in North America",Seyyedattar M.,Fuel,2026-03-01,10.1016/j.fuel.2025.137276,0,https://api.elsevier.com/content/abstract/scopus_id/105021123891
low-temperature AND district energy,Organic coating failure and monitoring in atmospheric corrosion: from mechanisms to applications,Mu X.,Progress in Materials Science,2026-03-01,10.1016/j.pmatsci.2025.101592,0,https://api.elsevier.com/content/abstract/scopus_id/105019707539
low-temperature AND district energy,Overcoming the warming bottleneck in animal vitrification: Volumetric heating and enabling technologies for reproductive cryobanking,Ayantoye J.O.,Progress in Biophysics and Molecular Biology,2026-03-01,10.1016/j.pbiomolbio.2025.11.003,0,https://api.elsevier.com/content/abstract/scopus_id/105023449971
low-temperature AND district energy,Adaptable conductive hydrogel-enabled soft electronics,Liu Y.,Progress in Materials Science,2026-03-01,10.1016/j.pmatsci.2025.101590,0,https://api.elsevier.com/content/abstract/scopus_id/105020789792
low-temperature AND district energy,Novel dodecylphosphonic acid collectors for the selective flotation of cassiterite from quartz: Flotation performance and DFT study,Yang Y.,Applied Surface Science,2026-02-28,10.1016/j.apsusc.2025.165091,1,https://api.elsevier.com/content/abstract/scopus_id/105020789309
low-temperature AND district energy,Fast joule heating-enabled activation of coal gangue for high-efficiency lithium and gallium extraction,Dai S.,Separation and Purification Technology,2026-02-26,10.1016/j.seppur.2025.135844,0,https://api.elsevier.com/content/abstract/scopus_id/105020672305
low-temperature AND district energy,Emerging strategies for sustainable LCO cathode recycling: Integrating thermomechanical pretreatment with phosphocholine-DES recovery systems,Afreh P.,Separation and Purification Technology,2026-02-26,10.1016/j.seppur.2025.135976,0,https://api.elsevier.com/content/abstract/scopus_id/105020987540
low-temperature AND district energy,Dual-function graphene based aerogels for photocatalytic coenzyme regeneration and enzymatic CO2 reduction,Chong R.,Separation and Purification Technology,2026-02-26,10.1016/j.seppur.2025.135974,0,https://api.elsevier.com/content/abstract/scopus_id/105021234148
low-temperature AND district heat pump,Integrated electricity‒heat scheduling optimization strategy for biomass-PV-battery islanded microgrid with micro turbine in high-latitude regions,Wang G.,Biomass and Bioenergy,2026-04-01,10.1016/j.biombioe.2025.108765,0,https://api.elsevier.com/content/abstract/scopus_id/105023491156
low-temperature AND district heat pump,Opportunities and costs for shared ground loops,Barns D.G.,Renewable and Sustainable Energy Reviews,2026-03-01,10.1016/j.rser.2025.116490,0,https://api.elsevier.com/content/abstract/scopus_id/105023483228
low-temperature AND district heat pump,"Artificial Intelligence in Deep Geothermal Energy: Trends, Insights, and Future Perspectives",Sheini Dashtgoli D.,Renewable Energy Focus,2026-03-01,10.1016/j.ref.2025.100781,0,https://api.elsevier.com/content/abstract/scopus_id/105021063753
low-temperature AND district heat pump,"Carbon capture and storage: A comprehensive review on current trends, techniques, and future prospects in North America",Seyyedattar M.,Fuel,2026-03-01,10.1016/j.fuel.2025.137276,0,https://api.elsevier.com/content/abstract/scopus_id/105021123891
low-temperature AND district heat pump,4E-based performance evaluation of a solar-assisted SOFC–CCHP system integrating zero-energy CO2 enrichment and cascade waste heat recovery,Ren Y.,Fuel,2026-02-15,10.1016/j.fuel.2025.137093,0,https://api.elsevier.com/content/abstract/scopus_id/105017970746
low-temperature AND district heat pump,Low-temperature district heating operations using heat cost allocators in apartment buildings,Yang Q.,Building and Environment,2026-02-01,10.1016/j.buildenv.2025.114095,0,https://api.elsevier.com/content/abstract/scopus_id/105023648143
low-temperature AND district heat pump,Design and modelling of a reversible HP/ORC Carnot battery tailored for waste heat integration in flooded mines,Cendoya A.,Applied Energy,2026-02-01,10.1016/j.apenergy.2025.127127,0,https://api.elsevier.com/content/abstract/scopus_id/105023105608
low-temperature AND district heat pump,Low-temperature desalination based on natural circulation driven by waste heat,Wang Y.,Applied Thermal Engineering,2026-02-01,10.1016/j.applthermaleng.2025.129231,0,https://api.elsevier.com/content/abstract/scopus_id/105023642797
low-temperature AND district heat pump,"A Comprehensive Review of Working Fluids for High-Temperature Heat Pumps: History, Selection, and Evaluation",Sun J.,Journal of Thermal Science and Engineering Applications,2026-02-01,10.1115/1.4070129,0,https://api.elsevier.com/content/abstract/scopus_id/105022195081
low-temperature AND district heat pump,On the thermal drift of an ATES system subject to different heating and cooling loads,Lepinay E.,Renewable Energy,2026-02-01,10.1016/j.renene.2025.124746,0,https://api.elsevier.com/content/abstract/scopus_id/105021868820
low-temperature AND district heat pump,Study of hydration/dehydrataion kinetic properties of strontium chloride-activated carbon composites,Deng L.,Applied Thermal Engineering,2026-02-01,10.1016/j.applthermaleng.2025.129132,0,https://api.elsevier.com/content/abstract/scopus_id/105023565365
low-temperature AND district heat pump,Study on the phase change cold storage and release characteristics of the capillary cold storage plate for district cooling applications,Wu W.,Applied Thermal Engineering,2026-02-01,10.1016/j.applthermaleng.2025.129225,0,https://api.elsevier.com/content/abstract/scopus_id/105023466937
low-temperature AND district heat pump,Enhanced MOEA/D and response surface methodology for multi-objective optimization of multi-zone borehole thermal energy storage,Hu Z.,Energy Conversion and Management,2026-02-01,10.1016/j.enconman.2025.120829,0,https://api.elsevier.com/content/abstract/scopus_id/105023647443
low-temperature AND district heat pump,Theoretical analysis of the enhancement effect of the combination of ultrasonic oscillation and atomization on the falling film absorption process of ammonia water and optimization of the combined parameters,Pan C.,International Journal of Refrigeration,2026-02-01,10.1016/j.ijrefrig.2025.11.027,0,https://api.elsevier.com/content/abstract/scopus_id/105023676131
low-temperature AND district heat pump,Strategy for the design and operation regulation of compressed gas energy storage system based on a comprehensive comparison between four different systems: Thermodynamic analysis and machine learning,Li Y.,Renewable Energy,2026-02-01,10.1016/j.renene.2025.124794,0,https://api.elsevier.com/content/abstract/scopus_id/105021960828
low-temperature AND district heat pump,Multi-scale investigations of packed bed latent thermal energy storage systems: perspectives from material selection to applications,Cui J.,International Journal of Heat and Mass Transfer,2026-02-01,10.1016/j.ijheatmasstransfer.2025.127773,0,https://api.elsevier.com/content/abstract/scopus_id/105014612987
low-temperature AND district heat pump,Review of the digital twin design of the smart satellite thermal control structure,Wang H.,Acta Astronautica,2026-02-01,10.1016/j.actaastro.2025.11.014,0,https://api.elsevier.com/content/abstract/scopus_id/105021482047
low-temperature AND district heat pump,Exergoeconomic analysis and optimization of a solar-heat pump driven drying system integrated with liquid desiccant dehumidification for waste heat recovery,Su W.,Applied Thermal Engineering,2026-01-30,10.1016/j.applthermaleng.2025.129205,0,https://api.elsevier.com/content/abstract/scopus_id/105022903322
low-temperature AND district heat pump,Optimization of a solar-assisted air-source heat pump system in hot summer and cold winter regions,Cao H.,Applied Thermal Engineering,2026-01-30,10.1016/j.applthermaleng.2025.129065,0,https://api.elsevier.com/content/abstract/scopus_id/105021833785
low-temperature AND district heat pump,Thermodynamic and economic analysis of an integrated LiBr/H2O absorption chiller and energy storage system,Xie N.,Applied Thermal Engineering,2026-01-30,10.1016/j.applthermaleng.2025.129182,0,https://api.elsevier.com/content/abstract/scopus_id/105022839293
low-temperature AND district heat pump,Modeling a large ultra-low-temperature district heating system with a focus on an aquifer thermal energy storage,Chicherin S.,Journal of Energy Storage,2026-01-20,10.1016/j.est.2025.119633,0,https://api.elsevier.com/content/abstract/scopus_id/105022884188
low-temperature AND district heat pump,Investigation on a dual-temperature district heating substation with low-temperature return water of primary network adapting to the change of high and low-temperature heating load,Li T.,Energy Conversion and Management,2026-01-15,10.1016/j.enconman.2025.120761,0,https://api.elsevier.com/content/abstract/scopus_id/105022426504
low-temperature AND district heat pump,Theoretical investigation on a liquid-state pressurized carbon dioxide ejector heat pump cycle driven by waste heat,Pan L.,Energy Conversion and Management,2026-01-15,10.1016/j.enconman.2025.120729,0,https://api.elsevier.com/content/abstract/scopus_id/105021000332
low-temperature AND district heat pump,The value of integrating a geothermal district heating system into a microgrid,Oh H.,Energy Conversion and Management,2026-01-15,10.1016/j.enconman.2025.120727,0,https://api.elsevier.com/content/abstract/scopus_id/105020913663
low-temperature AND district heat pump,Experimental study on thermal performance of binary chloride hydrated salts shape-stabilized by porous structure for low temperature energy storage,Wang Y.,Applied Thermal Engineering,2026-01-15,10.1016/j.applthermaleng.2025.129034,0,https://api.elsevier.com/content/abstract/scopus_id/105021227165
low-temperature AND thermal network,Neural network-aided simulation of MHD nanofluid flow in double-disk systems with nonlinear thermal radiation,Vuppala N.,Multiscale and Multidisciplinary Modeling Experiments and Design,2026-12-01,10.1007/s41939-025-01083-9,0,https://api.elsevier.com/content/abstract/scopus_id/105019659108
low-temperature AND thermal network,"Low-Temperature Electrolytes for Lithium-Ion Batteries: Current Challenges, Development, and Perspectives",Zhao Y.,Nano Micro Letters,2026-12-01,10.1007/s40820-025-01914-x,0,https://api.elsevier.com/content/abstract/scopus_id/105015765623
low-temperature AND thermal network,Solar parabolic trough collectors with heat pipe technology: a review of efficiency enhancement and machine learning-based optimization,Gomupandian T.,Multiscale and Multidisciplinary Modeling Experiments and Design,2026-12-01,10.1007/s41939-025-01115-4,0,https://api.elsevier.com/content/abstract/scopus_id/105023117214
low-temperature AND thermal network,Engineered Radiative Cooling Systems for Thermal-Regulating and Energy-Saving Applications,Lei L.,Nano Micro Letters,2026-12-01,10.1007/s40820-025-01859-1,1,https://api.elsevier.com/content/abstract/scopus_id/105012600115
low-temperature AND thermal network,"Wide-Temperature Electrolytes for Aqueous Alkali Metal-Ion Batteries: Challenges, Progress, and Prospects",Lin Z.,Nano Micro Letters,2026-12-01,10.1007/s40820-025-01865-3,0,https://api.elsevier.com/content/abstract/scopus_id/105016564271
low-temperature AND thermal network,Electrospun Nanofiber-Based Ceramic Aerogels: Synergistic Strategies for Design and Functionalization,Li P.,Nano Micro Letters,2026-12-01,10.1007/s40820-025-01864-4,0,https://api.elsevier.com/content/abstract/scopus_id/105018576936
low-temperature AND thermal network,Nature-Inspired Upward Hanging Evaporator with Photothermal 3D Spacer Fabric for Zero-Liquid-Discharge Desalination,Peng Y.,Nano Micro Letters,2026-12-01,10.1007/s40820-025-01868-0,4,https://api.elsevier.com/content/abstract/scopus_id/105016722518
low-temperature AND thermal network,"Cement-Based Thermoelectric Materials, Devices and Applications",Li W.,Nano Micro Letters,2026-12-01,10.1007/s40820-025-01866-2,3,https://api.elsevier.com/content/abstract/scopus_id/105012918570
low-temperature AND thermal network,Lignocellulose-Mediated Gel Polymer Electrolytes Toward Next-Generation Energy Storage,Yang H.,Nano Micro Letters,2026-12-01,10.1007/s40820-025-01927-6,0,https://api.elsevier.com/content/abstract/scopus_id/105022823773
low-temperature AND thermal network,Mechanical Properties Analysis of Flexible Memristors for Neuromorphic Computing,Zhu Z.,Nano Micro Letters,2026-12-01,10.1007/s40820-025-01825-x,4,https://api.elsevier.com/content/abstract/scopus_id/105011084897
low-temperature AND thermal network,High-Entropy Materials: A New Paradigm in the Design of Advanced Batteries,Xin Y.,Nano Micro Letters,2026-12-01,10.1007/s40820-025-01842-w,3,https://api.elsevier.com/content/abstract/scopus_id/105010881019
low-temperature AND thermal network,Boron-Insertion-Induced Lattice Engineering of Rh Nanocrystals Toward Enhanced Electrocatalytic Conversion of Nitric Oxide to Ammonia,Han P.,Nano Micro Letters,2026-12-01,10.1007/s40820-025-01919-6,0,https://api.elsevier.com/content/abstract/scopus_id/105018075599
low-temperature AND thermal network,Recent Advancements and Perspectives of Low-Dimensional Halide Perovskites for Visual Perception and Optoelectronic Applications,Rafique H.,Nano Micro Letters,2026-12-01,10.1007/s40820-025-01823-z,1,https://api.elsevier.com/content/abstract/scopus_id/105014598340
low-temperature AND thermal network,Multifunctional zwitterionic hydrogels: A review of cross-disciplinary applications,Xie Y.,Supramolecular Materials,2026-12-01,10.1016/j.supmat.2025.100133,0,https://api.elsevier.com/content/abstract/scopus_id/105023383348
low-temperature AND thermal network,High-Entropy Amorphous Catalysts for Water Electrolysis: A New Frontier,Wang G.,Nano Micro Letters,2026-12-01,10.1007/s40820-025-01936-5,0,https://api.elsevier.com/content/abstract/scopus_id/105019233843
low-temperature AND thermal network,On-Skin Epidermal Electronics for Next-Generation Health Management,Xu J.,Nano Micro Letters,2026-12-01,10.1007/s40820-025-01871-5,1,https://api.elsevier.com/content/abstract/scopus_id/105012883315
low-temperature AND thermal network,"Additive Manufacturing for Nanogenerators: Fundamental Mechanisms, Recent Advancements, and Future Prospects",Tian Z.,Nano Micro Letters,2026-12-01,10.1007/s40820-025-01874-2,0,https://api.elsevier.com/content/abstract/scopus_id/105012922205
low-temperature AND thermal network,Noninvasive On-Skin Biosensors for Monitoring Diabetes Mellitus,Sedighi A.,Nano Micro Letters,2026-12-01,10.1007/s40820-025-01843-9,1,https://api.elsevier.com/content/abstract/scopus_id/105012275434
low-temperature AND thermal network,"Molecular mechanisms of cold stress-induced energy stress, cholesterol metabolic disorders, and apoptosis in Pangasianodon hypophthalmus",Wang D.,Aquaculture,2026-10-30,10.1016/j.aquaculture.2025.742886,1,https://api.elsevier.com/content/abstract/scopus_id/105008964401
low-temperature AND thermal network,Ultrasoft high-performance functional elastomers fabricated through an innovative strategy,Xie P.,Journal of Materials Science and Technology,2026-08-20,10.1016/j.jmst.2025.10.033,0,https://api.elsevier.com/content/abstract/scopus_id/105022160481
low-temperature AND thermal network,Environmentally robust photothermal superhydrophobic coatings via a composition-interface synergistic reinforcement strategy for ultralow-temperature anti/de-icing,Zhang J.,Journal of Materials Science and Technology,2026-08-20,10.1016/j.jmst.2025.11.001,0,https://api.elsevier.com/content/abstract/scopus_id/105022172867
low-temperature AND thermal network,"State-of-the-art evolution of detection, adsorption, and degradation of micro/nano-plastics",Zhang Y.,Journal of Materials Science and Technology,2026-08-20,10.1016/j.jmst.2025.10.051,0,https://api.elsevier.com/content/abstract/scopus_id/105022193116
low-temperature AND thermal network,Targeting effect of electric current on the microstructure and creep resistance for the heterogeneous highly alloyed Ni-based superalloy friction welded joints,Zhan R.,Journal of Materials Science and Technology,2026-08-10,10.1016/j.jmst.2025.10.058,0,https://api.elsevier.com/content/abstract/scopus_id/105021980968
low-temperature AND thermal network,Anisotropy of microstructure and corrosion resistance of CoCrNi medium-entropy alloy fabricated by selective laser melting,Lyu X.,Journal of Materials Science and Technology,2026-08-01,10.1016/j.jmst.2025.10.016,0,https://api.elsevier.com/content/abstract/scopus_id/105021050521
low-temperature AND thermal network,Enhancing the corrosion and wear resistance of phosphate coatings with MXene-based self-healing fillers,Wang J.,Journal of Materials Science and Technology,2026-08-01,10.1016/j.jmst.2025.10.026,0,https://api.elsevier.com/content/abstract/scopus_id/105020855670
low-temperature AND thermal grid,"Wide-Temperature Electrolytes for Aqueous Alkali Metal-Ion Batteries: Challenges, Progress, and Prospects",Lin Z.,Nano Micro Letters,2026-12-01,10.1007/s40820-025-01865-3,0,https://api.elsevier.com/content/abstract/scopus_id/105016564271
low-temperature AND thermal grid,Quantum-Size FeS2 with Delocalized Electronic Regions Enable High-Performance Sodium-Ion Batteries Across Wide Temperatures,Li T.,Nano Micro Letters,2026-12-01,10.1007/s40820-025-01858-2,1,https://api.elsevier.com/content/abstract/scopus_id/105012129510
low-temperature AND thermal grid,High-Entropy Materials: A New Paradigm in the Design of Advanced Batteries,Xin Y.,Nano Micro Letters,2026-12-01,10.1007/s40820-025-01842-w,3,https://api.elsevier.com/content/abstract/scopus_id/105010881019
low-temperature AND thermal grid,Lignocellulose-Mediated Gel Polymer Electrolytes Toward Next-Generation Energy Storage,Yang H.,Nano Micro Letters,2026-12-01,10.1007/s40820-025-01927-6,0,https://api.elsevier.com/content/abstract/scopus_id/105022823773
low-temperature AND thermal grid,"Additive Manufacturing for Nanogenerators: Fundamental Mechanisms, Recent Advancements, and Future Prospects",Tian Z.,Nano Micro Letters,2026-12-01,10.1007/s40820-025-01874-2,0,https://api.elsevier.com/content/abstract/scopus_id/105012922205
low-temperature AND thermal grid,"Medium-entropy core-shell (Zr, Ta, Ti)C@C ceramics for efficient electromagnetic wave absorption",Zhang X.,Journal of Materials Science and Technology,2026-07-20,10.1016/j.jmst.2025.09.065,0,https://api.elsevier.com/content/abstract/scopus_id/105020259862
low-temperature AND thermal grid,Metal-organic framework incorporated PEO-based flexible polymer electrolyte for advanced all-solid-state sodium-ion batteries,Hong J.,Journal of Materials Science and Technology,2026-06-01,10.1016/j.jmst.2025.07.048,0,https://api.elsevier.com/content/abstract/scopus_id/105018300158
low-temperature AND thermal grid,Damage characteristics of CFRP laminate upon hypervelocity impact,Jiang Q.,Acta Mechanica Sinica Lixue Xuebao,2026-06-01,10.1007/s10409-025-24621-x,0,https://api.elsevier.com/content/abstract/scopus_id/105013957204
low-temperature AND thermal grid,Adaptive learning-based energy scheduling of public EV parking lots using double estimator deep Q-network,Shabanpour H.,Electric Power Systems Research,2026-04-01,10.1016/j.epsr.2025.112490,0,https://api.elsevier.com/content/abstract/scopus_id/105022151720
low-temperature AND thermal grid,Multiscale investigation of the rate-dependent degradation mechanisms in LiFePO4/graphite lithium-ion batteries,Shen W.,Journal of Energy Chemistry,2026-04-01,10.1016/j.jechem.2025.11.012,0,https://api.elsevier.com/content/abstract/scopus_id/105023646576
low-temperature AND thermal grid,Integrated electricity‒heat scheduling optimization strategy for biomass-PV-battery islanded microgrid with micro turbine in high-latitude regions,Wang G.,Biomass and Bioenergy,2026-04-01,10.1016/j.biombioe.2025.108765,0,https://api.elsevier.com/content/abstract/scopus_id/105023491156
low-temperature AND thermal grid,Laser-induced broad-spectrum strong absorption multiscale carbon-based nanofilms for photonic debonding based on the spatial confinement effect,Liu H.,International Journal of Extreme Manufacturing,2026-04-01,10.1088/2631-7990/ae1db8,0,https://api.elsevier.com/content/abstract/scopus_id/105022907981
low-temperature AND thermal grid,Performance and Emission Footprint of Decentralized H2/NH3 Gas Turbines With On-Site Ammonia Decomposition and Exhaust Aftertreatment,Goßrau C.,Journal of Engineering for Gas Turbines and Power,2026-04-01,10.1115/1.4069608,0,https://api.elsevier.com/content/abstract/scopus_id/105022181469
low-temperature AND thermal grid,Analysis of the formation mechanism for the nonlinear impedance characteristics of damp oil–paper insulation,Li J.,Electric Power Systems Research,2026-04-01,10.1016/j.epsr.2025.112538,0,https://api.elsevier.com/content/abstract/scopus_id/105023414892
low-temperature AND thermal grid,"A review of solid oxide cell technologies for power, fuel, and reversible energy storage",Rijo B.,Fuel,2026-03-15,10.1016/j.fuel.2025.137624,0,https://api.elsevier.com/content/abstract/scopus_id/105023509242
low-temperature AND thermal grid,A life-cycle view of carbon emissions in mixed-feedstock electric arc furnace steelmaking,Jiang F.,Fuel,2026-03-15,10.1016/j.fuel.2025.137690,0,https://api.elsevier.com/content/abstract/scopus_id/105023406452
low-temperature AND thermal grid,Using Finite Element Analysis to Analyze the Effects of Paste-to-Ball Volume Ratio and Package Design Parameters on Thermal Cycling Performance of Hybrid SAC-LTS Solder Joints,Chakraborty S.,Journal of Electronic Packaging,2026-03-01,10.1115/1.4069987,0,https://api.elsevier.com/content/abstract/scopus_id/105021860436
low-temperature AND thermal grid,Impact of Thermal Cycling on Phase Change Material Based Thermal Management Systems,Tripathi P.M.,Journal of Electronic Packaging,2026-03-01,10.1115/1.4069554,0,https://api.elsevier.com/content/abstract/scopus_id/105021020223
low-temperature AND thermal grid,Aging matters: how degradation pathways govern thermal runaway in lithium-ion batteries,Sun S.,Journal of Energy Chemistry,2026-03-01,10.1016/j.jechem.2025.09.093,1,https://api.elsevier.com/content/abstract/scopus_id/105020780045
low-temperature AND thermal grid,Indium-based self-confining metal foam thermal interface materials for thermo-mechanical-interface coupling in next-generation large die FCBGA packages,Wen J.,International Journal of Thermal Sciences,2026-03-01,10.1016/j.ijthermalsci.2025.110432,0,https://api.elsevier.com/content/abstract/scopus_id/105021079246
low-temperature AND thermal grid,"Emerging anode materials for low-temperature sodium-ion batteries: Challenges, recent advances, and perspectives",Li Q.,Journal of Energy Chemistry,2026-03-01,10.1016/j.jechem.2025.10.002,0,https://api.elsevier.com/content/abstract/scopus_id/105020776357
low-temperature AND thermal grid,Integrated graph neural network framework for threshold-driven topology optimization of transient phase change thermal energy storage,Zhao R.,International Journal of Heat and Mass Transfer,2026-03-01,10.1016/j.ijheatmasstransfer.2025.128011,0,https://api.elsevier.com/content/abstract/scopus_id/105022201928
low-temperature AND thermal grid,Data-driven modeling and experimental validation of the laser sintering process for the printed silver nanoparticles ink for in-space manufacturing of printed electronics,Verma S.K.,International Journal of Heat and Mass Transfer,2026-03-01,10.1016/j.ijheatmasstransfer.2025.127889,0,https://api.elsevier.com/content/abstract/scopus_id/105018075954
low-temperature AND thermal grid,"Dynamic Simulation and Optimization of an Innovative Cogeneration System Using TRNSYS, EES, and Response Surface Methodology as a Machine learning method",Dezhdar A.,Journal of the Taiwan Institute of Chemical Engineers,2026-03-01,10.1016/j.jtice.2025.106461,1,https://api.elsevier.com/content/abstract/scopus_id/105019961911
low-temperature AND thermal grid,"Bio-based furan aramid/ceramic-coated lithium-ion battery separators with high ionic conductivity, wettability and safety via in situ lithium compensation strategy",Zhu J.,Journal of Energy Chemistry,2026-03-01,10.1016/j.jechem.2025.10.039,0,https://api.elsevier.com/content/abstract/scopus_id/105022923015
ultra-low temperature AND district heating and cooling,Overcoming the warming bottleneck in animal vitrification: Volumetric heating and enabling technologies for reproductive cryobanking,Ayantoye J.O.,Progress in Biophysics and Molecular Biology,2026-03-01,10.1016/j.pbiomolbio.2025.11.003,0,https://api.elsevier.com/content/abstract/scopus_id/105023449971
ultra-low temperature AND district heating and cooling,Opportunities and costs for shared ground loops,Barns D.G.,Renewable and Sustainable Energy Reviews,2026-03-01,10.1016/j.rser.2025.116490,0,https://api.elsevier.com/content/abstract/scopus_id/105023483228
ultra-low temperature AND district heating and cooling,Low-temperature district heating operations using heat cost allocators in apartment buildings,Yang Q.,Building and Environment,2026-02-01,10.1016/j.buildenv.2025.114095,0,https://api.elsevier.com/content/abstract/scopus_id/105023648143
ultra-low temperature AND district heating and cooling,Research on the impact of resident behavior on energy consumption during the heating period of ultra-low energy buildings,Ding R.X.,Energy and Buildings,2026-02-01,10.1016/j.enbuild.2025.116786,0,https://api.elsevier.com/content/abstract/scopus_id/105023474112
ultra-low temperature AND district heating and cooling,Advanced optimization of a biogas-based multigeneration multi effect distillation system integrated with desalination process for enhancing sustainable energy resource efficiency: CatBoost-supported multi objective multi-verse optimization,Alamri S.,Desalination,2026-02-01,10.1016/j.desal.2025.119514,0,https://api.elsevier.com/content/abstract/scopus_id/105022188079
ultra-low temperature AND district heating and cooling,Review of the digital twin design of the smart satellite thermal control structure,Wang H.,Acta Astronautica,2026-02-01,10.1016/j.actaastro.2025.11.014,0,https://api.elsevier.com/content/abstract/scopus_id/105021482047
ultra-low temperature AND district heating and cooling,Modeling a large ultra-low-temperature district heating system with a focus on an aquifer thermal energy storage,Chicherin S.,Journal of Energy Storage,2026-01-20,10.1016/j.est.2025.119633,0,https://api.elsevier.com/content/abstract/scopus_id/105022884188
ultra-low temperature AND district heating and cooling,District heating modeling tools: A review based on design and simulation of renewable district heating networks,Valentini L.V.,Energy Conversion and Management X,2026-01-01,10.1016/j.ecmx.2025.101414,0,https://api.elsevier.com/content/abstract/scopus_id/105023079317
ultra-low temperature AND district heating and cooling,A review on optimization of district energy systems,Abdelghani D.,Renewable and Sustainable Energy Reviews,2026-01-01,10.1016/j.rser.2025.116041,1,https://api.elsevier.com/content/abstract/scopus_id/105012629133
ultra-low temperature AND district heating and cooling,Digital Twins for Data Centre Cooling Optimisation and Waste Heat Recovery,Giordani S.,Lecture Notes in Civil Engineering,2026-01-01,10.1007/978-3-032-09040-9_8,0,https://api.elsevier.com/content/abstract/scopus_id/105021396685
ultra-low temperature AND district heating and cooling,"Evaluating the impact of district-level microclimate, urban microenvironment and occupant behaviour upon overheating of Nordic apartment buildings",Kravchenko I.,Energy and Buildings,2026-01-01,10.1016/j.enbuild.2025.116635,0,https://api.elsevier.com/content/abstract/scopus_id/105022157057
ultra-low temperature AND district heating and cooling,A Novel Optimization-Based Cooling System for Improving Efficacy of Solar Panels Under Changing Climatic Conditions,Sivakumar J.,Optimization in Sustainable Energy Methods and Applications,2026-01-01,10.1002/9781394242139.ch7,0,https://api.elsevier.com/content/abstract/scopus_id/105009960010
ultra-low temperature AND district heating and cooling,Smart tunable colorful thermal emitter based on In3SbTe2 for all-season thermal management,Song X.,Solar Energy Materials and Solar Cells,2026-01-01,10.1016/j.solmat.2025.113939,0,https://api.elsevier.com/content/abstract/scopus_id/105014761000
ultra-low temperature AND district heating and cooling,Optimization design of multi-sources significant temperature lift steam generating heat pump using renewable heat sources,Ma X.,Renewable Energy,2026-01-01,10.1016/j.renene.2025.124607,2,https://api.elsevier.com/content/abstract/scopus_id/105018669276
ultra-low temperature AND district heating and cooling,Thermo-economic evaluation of working fluids for a flue gas driven organic Rankine cycle powered vapor compression cycle for cooling air conditioning using a two-step intermediate performance index,Talha M.,Energy Conversion and Management,2026-01-01,10.1016/j.enconman.2025.120541,0,https://api.elsevier.com/content/abstract/scopus_id/105020858631
ultra-low temperature AND district heating and cooling,Comparison of power generation from high-potential geothermal fields of Iran: Thermodynamic and exergoeconomic assessment of different configurations,Abdolalipouradl M.,Applied Thermal Engineering,2026-01-01,10.1016/j.applthermaleng.2025.128769,0,https://api.elsevier.com/content/abstract/scopus_id/105022263738
ultra-low temperature AND district heating and cooling,"Technologies, trends, and trajectories across 100% renewable energy system analyses",Khalili S.,Renewable and Sustainable Energy Reviews,2026-01-01,10.1016/j.rser.2025.116308,1,https://api.elsevier.com/content/abstract/scopus_id/105017553938
ultra-low temperature AND district heating and cooling,Techno-economic and environmental assessment of an ionic liquid-enhanced LiBr absorption chiller for low-carbon cooling,Itani N.,Engineering Research Express,2025-12-31,10.1088/2631-8695/ae1809,0,https://api.elsevier.com/content/abstract/scopus_id/105021338827
ultra-low temperature AND district heating and cooling,Membrane-based liquid cooling strategy enabling sustainable high-heat-flux thermal management,Sui Z.,Energy,2025-12-30,10.1016/j.energy.2025.139413,0,https://api.elsevier.com/content/abstract/scopus_id/105022787253
ultra-low temperature AND district heating and cooling,"Transition pathways for a gas supplied district heating network to an ultra low carbon district heating network: A case study for Holywell Park, Loughborough University",Pans M.A.,Renewable Energy,2025-12-15,10.1016/j.renene.2025.123841,0,https://api.elsevier.com/content/abstract/scopus_id/105009218357
ultra-low temperature AND district heating and cooling,Pipeline insulation optimization in district heating networks,Bossinov D.,Energy,2025-12-15,10.1016/j.energy.2025.139166,0,https://api.elsevier.com/content/abstract/scopus_id/105021484920
ultra-low temperature AND district heating and cooling,Achieving ultra-high coefficient of performance in a novel solar-assisted trigeneration system integrating absorption and Rankine cycles,Tiktas A.,Energy Conversion and Management,2025-12-15,10.1016/j.enconman.2025.120415,2,https://api.elsevier.com/content/abstract/scopus_id/105014258589
ultra-low temperature AND district heating and cooling,Proposal and optimization of novel heat pump cycles with the Tesla turbine as an expansion device,Li L.,Energy,2025-12-15,10.1016/j.energy.2025.139276,0,https://api.elsevier.com/content/abstract/scopus_id/105022305663
ultra-low temperature AND district heating and cooling,Data-driven methods and their applications to building HVAC energy consumption prediction: A review,Li Y.,Journal of Building Engineering,2025-12-15,10.1016/j.jobe.2025.114612,0,https://api.elsevier.com/content/abstract/scopus_id/105022196494
ultra-low temperature AND district heating and cooling,"Advances in industrial energy systems for production, storage and utilization of energy",Bešenić T.,Applied Thermal Engineering,2025-12-15,10.1016/j.applthermaleng.2025.128658,0,https://api.elsevier.com/content/abstract/scopus_id/105018126839
ultra-low temperature AND district thermal,Opportunities and costs for shared ground loops,Barns D.G.,Renewable and Sustainable Energy Reviews,2026-03-01,10.1016/j.rser.2025.116490,0,https://api.elsevier.com/content/abstract/scopus_id/105023483228
ultra-low temperature AND district thermal,Review of advanced purification technologies for high-purity quartz materials,Shao H.,Materials Research Bulletin,2026-03-01,10.1016/j.materresbull.2025.113904,0,https://api.elsevier.com/content/abstract/scopus_id/105022903909
ultra-low temperature AND district thermal,Overcoming the warming bottleneck in animal vitrification: Volumetric heating and enabling technologies for reproductive cryobanking,Ayantoye J.O.,Progress in Biophysics and Molecular Biology,2026-03-01,10.1016/j.pbiomolbio.2025.11.003,0,https://api.elsevier.com/content/abstract/scopus_id/105023449971
ultra-low temperature AND district thermal,Adaptable conductive hydrogel-enabled soft electronics,Liu Y.,Progress in Materials Science,2026-03-01,10.1016/j.pmatsci.2025.101590,0,https://api.elsevier.com/content/abstract/scopus_id/105020789792
ultra-low temperature AND district thermal,Low-temperature district heating operations using heat cost allocators in apartment buildings,Yang Q.,Building and Environment,2026-02-01,10.1016/j.buildenv.2025.114095,0,https://api.elsevier.com/content/abstract/scopus_id/105023648143
ultra-low temperature AND district thermal,Unravelling the leaching characteristics and potential environmental risks of typical hazardous trace elements in ultra-low emission coal-fired industrial boiler wastes,Tong Y.,Fuel,2026-02-01,10.1016/j.fuel.2025.136510,0,https://api.elsevier.com/content/abstract/scopus_id/105012949864
ultra-low temperature AND district thermal,Review of the digital twin design of the smart satellite thermal control structure,Wang H.,Acta Astronautica,2026-02-01,10.1016/j.actaastro.2025.11.014,0,https://api.elsevier.com/content/abstract/scopus_id/105021482047
ultra-low temperature AND district thermal,Effect of hydrophobicity of ZnO tetrapods coating on vapour film formation and friction reduction: A study using complex approach,Vorotinskienė L.,International Journal of Thermal Sciences,2026-02-01,10.1016/j.ijthermalsci.2025.110372,0,https://api.elsevier.com/content/abstract/scopus_id/105020384128
ultra-low temperature AND district thermal,Advanced optimization of a biogas-based multigeneration multi effect distillation system integrated with desalination process for enhancing sustainable energy resource efficiency: CatBoost-supported multi objective multi-verse optimization,Alamri S.,Desalination,2026-02-01,10.1016/j.desal.2025.119514,0,https://api.elsevier.com/content/abstract/scopus_id/105022188079
ultra-low temperature AND district thermal,Fast measurement of low air velocity based on a new approach to the phase modulated ultrasonic method,Nowak A.,Measurement Journal of the International Measurement Confederation,2026-01-30,10.1016/j.measurement.2025.119373,0,https://api.elsevier.com/content/abstract/scopus_id/105019110029
ultra-low temperature AND district thermal,Modeling a large ultra-low-temperature district heating system with a focus on an aquifer thermal energy storage,Chicherin S.,Journal of Energy Storage,2026-01-20,10.1016/j.est.2025.119633,0,https://api.elsevier.com/content/abstract/scopus_id/105022884188
ultra-low temperature AND district thermal,District heating modeling tools: A review based on design and simulation of renewable district heating networks,Valentini L.V.,Energy Conversion and Management X,2026-01-01,10.1016/j.ecmx.2025.101414,0,https://api.elsevier.com/content/abstract/scopus_id/105023079317
ultra-low temperature AND district thermal,"Evaluating the impact of district-level microclimate, urban microenvironment and occupant behaviour upon overheating of Nordic apartment buildings",Kravchenko I.,Energy and Buildings,2026-01-01,10.1016/j.enbuild.2025.116635,0,https://api.elsevier.com/content/abstract/scopus_id/105022157057
ultra-low temperature AND district thermal,A review on optimization of district energy systems,Abdelghani D.,Renewable and Sustainable Energy Reviews,2026-01-01,10.1016/j.rser.2025.116041,1,https://api.elsevier.com/content/abstract/scopus_id/105012629133
ultra-low temperature AND district thermal,Smart tunable colorful thermal emitter based on In3SbTe2 for all-season thermal management,Song X.,Solar Energy Materials and Solar Cells,2026-01-01,10.1016/j.solmat.2025.113939,0,https://api.elsevier.com/content/abstract/scopus_id/105014761000
ultra-low temperature AND district thermal,Optimization design of multi-sources significant temperature lift steam generating heat pump using renewable heat sources,Ma X.,Renewable Energy,2026-01-01,10.1016/j.renene.2025.124607,2,https://api.elsevier.com/content/abstract/scopus_id/105018669276
ultra-low temperature AND district thermal,A Novel Optimization-Based Cooling System for Improving Efficacy of Solar Panels Under Changing Climatic Conditions,Sivakumar J.,Optimization in Sustainable Energy Methods and Applications,2026-01-01,10.1002/9781394242139.ch7,0,https://api.elsevier.com/content/abstract/scopus_id/105009960010
ultra-low temperature AND district thermal,Comparison of power generation from high-potential geothermal fields of Iran: Thermodynamic and exergoeconomic assessment of different configurations,Abdolalipouradl M.,Applied Thermal Engineering,2026-01-01,10.1016/j.applthermaleng.2025.128769,0,https://api.elsevier.com/content/abstract/scopus_id/105022263738
ultra-low temperature AND district thermal,Review of strategies to improve the efficiency and replace of indirect water bath heaters in city gate stations,Deymi-Dashtebayaz M.,Renewable and Sustainable Energy Reviews,2026-01-01,10.1016/j.rser.2025.116158,0,https://api.elsevier.com/content/abstract/scopus_id/105012747230
ultra-low temperature AND district thermal,Digital Twins for Data Centre Cooling Optimisation and Waste Heat Recovery,Giordani S.,Lecture Notes in Civil Engineering,2026-01-01,10.1007/978-3-032-09040-9_8,0,https://api.elsevier.com/content/abstract/scopus_id/105021396685
ultra-low temperature AND district thermal,Thermo-economic evaluation of working fluids for a flue gas driven organic Rankine cycle powered vapor compression cycle for cooling air conditioning using a two-step intermediate performance index,Talha M.,Energy Conversion and Management,2026-01-01,10.1016/j.enconman.2025.120541,0,https://api.elsevier.com/content/abstract/scopus_id/105020858631
ultra-low temperature AND district thermal,Thermoelectric properties of MoS2 thin films prepared by RF magnetron sputtering,Rahayu I.,Vacuum,2026-01-01,10.1016/j.vacuum.2025.114817,1,https://api.elsevier.com/content/abstract/scopus_id/105018171410
ultra-low temperature AND district thermal,"Technologies, trends, and trajectories across 100% renewable energy system analyses",Khalili S.,Renewable and Sustainable Energy Reviews,2026-01-01,10.1016/j.rser.2025.116308,1,https://api.elsevier.com/content/abstract/scopus_id/105017553938
ultra-low temperature AND district thermal,Expert perspectives on exposure-response functions for urban health policy: Lessons from a UBDPolicy workshop,Williams H.,Environmental Research,2026-01-01,10.1016/j.envres.2025.123150,0,https://api.elsevier.com/content/abstract/scopus_id/105020260472
ultra-low temperature AND district thermal,Hydrogen energy systems for decarbonizing smart cities and industrial applications: A review,Abdelghany M.B.,Renewable and Sustainable Energy Reviews,2026-01-01,10.1016/j.rser.2025.116370,1,https://api.elsevier.com/content/abstract/scopus_id/105018668931
ultra-low temperature AND district energy,Opportunities and costs for shared ground loops,Barns D.G.,Renewable and Sustainable Energy Reviews,2026-03-01,10.1016/j.rser.2025.116490,0,https://api.elsevier.com/content/abstract/scopus_id/105023483228
ultra-low temperature AND district energy,Adaptable conductive hydrogel-enabled soft electronics,Liu Y.,Progress in Materials Science,2026-03-01,10.1016/j.pmatsci.2025.101590,0,https://api.elsevier.com/content/abstract/scopus_id/105020789792
ultra-low temperature AND district energy,Overcoming the warming bottleneck in animal vitrification: Volumetric heating and enabling technologies for reproductive cryobanking,Ayantoye J.O.,Progress in Biophysics and Molecular Biology,2026-03-01,10.1016/j.pbiomolbio.2025.11.003,0,https://api.elsevier.com/content/abstract/scopus_id/105023449971
ultra-low temperature AND district energy,Research on the impact of resident behavior on energy consumption during the heating period of ultra-low energy buildings,Ding R.X.,Energy and Buildings,2026-02-01,10.1016/j.enbuild.2025.116786,0,https://api.elsevier.com/content/abstract/scopus_id/105023474112
ultra-low temperature AND district energy,Low-temperature district heating operations using heat cost allocators in apartment buildings,Yang Q.,Building and Environment,2026-02-01,10.1016/j.buildenv.2025.114095,0,https://api.elsevier.com/content/abstract/scopus_id/105023648143
ultra-low temperature AND district energy,Unravelling the leaching characteristics and potential environmental risks of typical hazardous trace elements in ultra-low emission coal-fired industrial boiler wastes,Tong Y.,Fuel,2026-02-01,10.1016/j.fuel.2025.136510,0,https://api.elsevier.com/content/abstract/scopus_id/105012949864
ultra-low temperature AND district energy,Advanced optimization of a biogas-based multigeneration multi effect distillation system integrated with desalination process for enhancing sustainable energy resource efficiency: CatBoost-supported multi objective multi-verse optimization,Alamri S.,Desalination,2026-02-01,10.1016/j.desal.2025.119514,0,https://api.elsevier.com/content/abstract/scopus_id/105022188079
ultra-low temperature AND district energy,Effect of hydrophobicity of ZnO tetrapods coating on vapour film formation and friction reduction: A study using complex approach,Vorotinskienė L.,International Journal of Thermal Sciences,2026-02-01,10.1016/j.ijthermalsci.2025.110372,0,https://api.elsevier.com/content/abstract/scopus_id/105020384128
ultra-low temperature AND district energy,Air Pollution Caused by Urban Transport: Meteorology and Downwind Dispersion of Near-Road Traffic Exhaust and Non-Exhaust Emissions,Elisephane I.,Water Air and Soil Pollution,2026-02-01,10.1007/s11270-025-08832-z,0,https://api.elsevier.com/content/abstract/scopus_id/105022009351
ultra-low temperature AND district energy,Review of the digital twin design of the smart satellite thermal control structure,Wang H.,Acta Astronautica,2026-02-01,10.1016/j.actaastro.2025.11.014,0,https://api.elsevier.com/content/abstract/scopus_id/105021482047
ultra-low temperature AND district energy,Estimation of FMI-derived fracture aperture from conventional petrophysical well logs applying ensemble machine learning methods,Gholami Vijouyeh A.,Geoenergy Science and Engineering,2026-02-01,10.1016/j.geoen.2025.214187,0,https://api.elsevier.com/content/abstract/scopus_id/105015553560
ultra-low temperature AND district energy,Fast measurement of low air velocity based on a new approach to the phase modulated ultrasonic method,Nowak A.,Measurement Journal of the International Measurement Confederation,2026-01-30,10.1016/j.measurement.2025.119373,0,https://api.elsevier.com/content/abstract/scopus_id/105019110029
ultra-low temperature AND district energy,Modeling a large ultra-low-temperature district heating system with a focus on an aquifer thermal energy storage,Chicherin S.,Journal of Energy Storage,2026-01-20,10.1016/j.est.2025.119633,0,https://api.elsevier.com/content/abstract/scopus_id/105022884188
ultra-low temperature AND district energy,Modes of occurrence of environmentally-sensitive elements in Ge-rich and Al-Ga-Li-rich coal,Hao H.,Fuel,2026-01-15,10.1016/j.fuel.2025.136189,0,https://api.elsevier.com/content/abstract/scopus_id/105009832598
ultra-low temperature AND district energy,A review on optimization of district energy systems,Abdelghani D.,Renewable and Sustainable Energy Reviews,2026-01-01,10.1016/j.rser.2025.116041,1,https://api.elsevier.com/content/abstract/scopus_id/105012629133
ultra-low temperature AND district energy,District heating modeling tools: A review based on design and simulation of renewable district heating networks,Valentini L.V.,Energy Conversion and Management X,2026-01-01,10.1016/j.ecmx.2025.101414,0,https://api.elsevier.com/content/abstract/scopus_id/105023079317
ultra-low temperature AND district energy,"Evaluating the impact of district-level microclimate, urban microenvironment and occupant behaviour upon overheating of Nordic apartment buildings",Kravchenko I.,Energy and Buildings,2026-01-01,10.1016/j.enbuild.2025.116635,0,https://api.elsevier.com/content/abstract/scopus_id/105022157057
ultra-low temperature AND district energy,Optimization design of multi-sources significant temperature lift steam generating heat pump using renewable heat sources,Ma X.,Renewable Energy,2026-01-01,10.1016/j.renene.2025.124607,2,https://api.elsevier.com/content/abstract/scopus_id/105018669276
ultra-low temperature AND district energy,Digital Twins for Data Centre Cooling Optimisation and Waste Heat Recovery,Giordani S.,Lecture Notes in Civil Engineering,2026-01-01,10.1007/978-3-032-09040-9_8,0,https://api.elsevier.com/content/abstract/scopus_id/105021396685
ultra-low temperature AND district energy,A Novel Optimization-Based Cooling System for Improving Efficacy of Solar Panels Under Changing Climatic Conditions,Sivakumar J.,Optimization in Sustainable Energy Methods and Applications,2026-01-01,10.1002/9781394242139.ch7,0,https://api.elsevier.com/content/abstract/scopus_id/105009960010
ultra-low temperature AND district energy,Review of strategies to improve the efficiency and replace of indirect water bath heaters in city gate stations,Deymi-Dashtebayaz M.,Renewable and Sustainable Energy Reviews,2026-01-01,10.1016/j.rser.2025.116158,0,https://api.elsevier.com/content/abstract/scopus_id/105012747230
ultra-low temperature AND district energy,Comparison of power generation from high-potential geothermal fields of Iran: Thermodynamic and exergoeconomic assessment of different configurations,Abdolalipouradl M.,Applied Thermal Engineering,2026-01-01,10.1016/j.applthermaleng.2025.128769,0,https://api.elsevier.com/content/abstract/scopus_id/105022263738
ultra-low temperature AND district energy,Smart tunable colorful thermal emitter based on In3SbTe2 for all-season thermal management,Song X.,Solar Energy Materials and Solar Cells,2026-01-01,10.1016/j.solmat.2025.113939,0,https://api.elsevier.com/content/abstract/scopus_id/105014761000
ultra-low temperature AND district energy,"Technologies, trends, and trajectories across 100% renewable energy system analyses",Khalili S.,Renewable and Sustainable Energy Reviews,2026-01-01,10.1016/j.rser.2025.116308,1,https://api.elsevier.com/content/abstract/scopus_id/105017553938
ultra-low temperature AND district energy,Thermoelectric properties of MoS2 thin films prepared by RF magnetron sputtering,Rahayu I.,Vacuum,2026-01-01,10.1016/j.vacuum.2025.114817,1,https://api.elsevier.com/content/abstract/scopus_id/105018171410
ultra-low temperature AND district heat pump,Opportunities and costs for shared ground loops,Barns D.G.,Renewable and Sustainable Energy Reviews,2026-03-01,10.1016/j.rser.2025.116490,0,https://api.elsevier.com/content/abstract/scopus_id/105023483228
ultra-low temperature AND district heat pump,Low-temperature district heating operations using heat cost allocators in apartment buildings,Yang Q.,Building and Environment,2026-02-01,10.1016/j.buildenv.2025.114095,0,https://api.elsevier.com/content/abstract/scopus_id/105023648143
ultra-low temperature AND district heat pump,Research on the impact of resident behavior on energy consumption during the heating period of ultra-low energy buildings,Ding R.X.,Energy and Buildings,2026-02-01,10.1016/j.enbuild.2025.116786,0,https://api.elsevier.com/content/abstract/scopus_id/105023474112
ultra-low temperature AND district heat pump,Review of the digital twin design of the smart satellite thermal control structure,Wang H.,Acta Astronautica,2026-02-01,10.1016/j.actaastro.2025.11.014,0,https://api.elsevier.com/content/abstract/scopus_id/105021482047
ultra-low temperature AND district heat pump,Modeling a large ultra-low-temperature district heating system with a focus on an aquifer thermal energy storage,Chicherin S.,Journal of Energy Storage,2026-01-20,10.1016/j.est.2025.119633,0,https://api.elsevier.com/content/abstract/scopus_id/105022884188
ultra-low temperature AND district heat pump,Optimization design of multi-sources significant temperature lift steam generating heat pump using renewable heat sources,Ma X.,Renewable Energy,2026-01-01,10.1016/j.renene.2025.124607,2,https://api.elsevier.com/content/abstract/scopus_id/105018669276
ultra-low temperature AND district heat pump,District heating modeling tools: A review based on design and simulation of renewable district heating networks,Valentini L.V.,Energy Conversion and Management X,2026-01-01,10.1016/j.ecmx.2025.101414,0,https://api.elsevier.com/content/abstract/scopus_id/105023079317
ultra-low temperature AND district heat pump,Digital Twins for Data Centre Cooling Optimisation and Waste Heat Recovery,Giordani S.,Lecture Notes in Civil Engineering,2026-01-01,10.1007/978-3-032-09040-9_8,0,https://api.elsevier.com/content/abstract/scopus_id/105021396685
ultra-low temperature AND district heat pump,A review on optimization of district energy systems,Abdelghani D.,Renewable and Sustainable Energy Reviews,2026-01-01,10.1016/j.rser.2025.116041,1,https://api.elsevier.com/content/abstract/scopus_id/105012629133
ultra-low temperature AND district heat pump,Review of strategies to improve the efficiency and replace of indirect water bath heaters in city gate stations,Deymi-Dashtebayaz M.,Renewable and Sustainable Energy Reviews,2026-01-01,10.1016/j.rser.2025.116158,0,https://api.elsevier.com/content/abstract/scopus_id/105012747230
ultra-low temperature AND district heat pump,A Novel Optimization-Based Cooling System for Improving Efficacy of Solar Panels Under Changing Climatic Conditions,Sivakumar J.,Optimization in Sustainable Energy Methods and Applications,2026-01-01,10.1002/9781394242139.ch7,0,https://api.elsevier.com/content/abstract/scopus_id/105009960010
ultra-low temperature AND district heat pump,Thermo-economic evaluation of working fluids for a flue gas driven organic Rankine cycle powered vapor compression cycle for cooling air conditioning using a two-step intermediate performance index,Talha M.,Energy Conversion and Management,2026-01-01,10.1016/j.enconman.2025.120541,0,https://api.elsevier.com/content/abstract/scopus_id/105020858631
ultra-low temperature AND district heat pump,"Technologies, trends, and trajectories across 100% renewable energy system analyses",Khalili S.,Renewable and Sustainable Energy Reviews,2026-01-01,10.1016/j.rser.2025.116308,1,https://api.elsevier.com/content/abstract/scopus_id/105017553938
ultra-low temperature AND district heat pump,Comparison of power generation from high-potential geothermal fields of Iran: Thermodynamic and exergoeconomic assessment of different configurations,Abdolalipouradl M.,Applied Thermal Engineering,2026-01-01,10.1016/j.applthermaleng.2025.128769,0,https://api.elsevier.com/content/abstract/scopus_id/105022263738
ultra-low temperature AND district heat pump,Techno-economic and environmental assessment of an ionic liquid-enhanced LiBr absorption chiller for low-carbon cooling,Itani N.,Engineering Research Express,2025-12-31,10.1088/2631-8695/ae1809,0,https://api.elsevier.com/content/abstract/scopus_id/105021338827
ultra-low temperature AND district heat pump,Membrane-based liquid cooling strategy enabling sustainable high-heat-flux thermal management,Sui Z.,Energy,2025-12-30,10.1016/j.energy.2025.139413,0,https://api.elsevier.com/content/abstract/scopus_id/105022787253
ultra-low temperature AND district heat pump,"Transition pathways for a gas supplied district heating network to an ultra low carbon district heating network: A case study for Holywell Park, Loughborough University",Pans M.A.,Renewable Energy,2025-12-15,10.1016/j.renene.2025.123841,0,https://api.elsevier.com/content/abstract/scopus_id/105009218357
ultra-low temperature AND district heat pump,Proposal and optimization of novel heat pump cycles with the Tesla turbine as an expansion device,Li L.,Energy,2025-12-15,10.1016/j.energy.2025.139276,0,https://api.elsevier.com/content/abstract/scopus_id/105022305663
ultra-low temperature AND district heat pump,Pipeline insulation optimization in district heating networks,Bossinov D.,Energy,2025-12-15,10.1016/j.energy.2025.139166,0,https://api.elsevier.com/content/abstract/scopus_id/105021484920
ultra-low temperature AND district heat pump,Frosting characteristics and performance enhancement of membrane-based air enthalpy recovery device in severe cold regions of China,Zhu Y.,Energy and Buildings,2025-12-15,10.1016/j.enbuild.2025.116608,0,https://api.elsevier.com/content/abstract/scopus_id/105022166222
ultra-low temperature AND district heat pump,"Advances in industrial energy systems for production, storage and utilization of energy",Bešenić T.,Applied Thermal Engineering,2025-12-15,10.1016/j.applthermaleng.2025.128658,0,https://api.elsevier.com/content/abstract/scopus_id/105018126839
ultra-low temperature AND district heat pump,Achieving ultra-high coefficient of performance in a novel solar-assisted trigeneration system integrating absorption and Rankine cycles,Tiktas A.,Energy Conversion and Management,2025-12-15,10.1016/j.enconman.2025.120415,2,https://api.elsevier.com/content/abstract/scopus_id/105014258589
ultra-low temperature AND district heat pump,"Phase change materials for flexible refrigerated warehouses: a multi-level review of material properties, system integration, and control strategies",Xing Z.,Applied Energy,2025-12-15,10.1016/j.apenergy.2025.126735,0,https://api.elsevier.com/content/abstract/scopus_id/105017113673
ultra-low temperature AND district heat pump,Data-driven methods and their applications to building HVAC energy consumption prediction: A review,Li Y.,Journal of Building Engineering,2025-12-15,10.1016/j.jobe.2025.114612,0,https://api.elsevier.com/content/abstract/scopus_id/105022196494
ultra-low temperature AND district heat pump,Propane/Isobutane mixtures in heat pumps: sensitivity of the optimal mixture composition to process parameters,Höges C.,Forschung Im Ingenieurwesen Engineering Research,2025-12-01,10.1007/s10010-024-00767-x,0,https://api.elsevier.com/content/abstract/scopus_id/85218220650
ultra-low temperature AND thermal network,Down-Top Strategy Engineered Large-Scale Fluorographene/PBO Nanofibers Composite Papers with Excellent Wave-Transparent Performance and Thermal Conductivity,Lin Y.,Nano Micro Letters,2026-12-01,10.1007/s40820-025-01878-y,2,https://api.elsevier.com/content/abstract/scopus_id/105013685358
ultra-low temperature AND thermal network,"Low-Temperature Electrolytes for Lithium-Ion Batteries: Current Challenges, Development, and Perspectives",Zhao Y.,Nano Micro Letters,2026-12-01,10.1007/s40820-025-01914-x,0,https://api.elsevier.com/content/abstract/scopus_id/105015765623
ultra-low temperature AND thermal network,Electrospun Nanofiber-Based Ceramic Aerogels: Synergistic Strategies for Design and Functionalization,Li P.,Nano Micro Letters,2026-12-01,10.1007/s40820-025-01864-4,0,https://api.elsevier.com/content/abstract/scopus_id/105018576936
ultra-low temperature AND thermal network,Mechanical Properties Analysis of Flexible Memristors for Neuromorphic Computing,Zhu Z.,Nano Micro Letters,2026-12-01,10.1007/s40820-025-01825-x,4,https://api.elsevier.com/content/abstract/scopus_id/105011084897
ultra-low temperature AND thermal network,Multifunctional zwitterionic hydrogels: A review of cross-disciplinary applications,Xie Y.,Supramolecular Materials,2026-12-01,10.1016/j.supmat.2025.100133,0,https://api.elsevier.com/content/abstract/scopus_id/105023383348
ultra-low temperature AND thermal network,Flexible Tactile Sensing Systems: Challenges in Theoretical Research Transferring to Practical Applications,Yao Z.,Nano Micro Letters,2026-12-01,10.1007/s40820-025-01872-4,1,https://api.elsevier.com/content/abstract/scopus_id/105016763449
ultra-low temperature AND thermal network,High-Entropy Materials: A New Paradigm in the Design of Advanced Batteries,Xin Y.,Nano Micro Letters,2026-12-01,10.1007/s40820-025-01842-w,3,https://api.elsevier.com/content/abstract/scopus_id/105010881019
ultra-low temperature AND thermal network,On-Skin Epidermal Electronics for Next-Generation Health Management,Xu J.,Nano Micro Letters,2026-12-01,10.1007/s40820-025-01871-5,1,https://api.elsevier.com/content/abstract/scopus_id/105012883315
ultra-low temperature AND thermal network,Ultrasoft high-performance functional elastomers fabricated through an innovative strategy,Xie P.,Journal of Materials Science and Technology,2026-08-20,10.1016/j.jmst.2025.10.033,0,https://api.elsevier.com/content/abstract/scopus_id/105022160481
ultra-low temperature AND thermal network,Environmentally robust photothermal superhydrophobic coatings via a composition-interface synergistic reinforcement strategy for ultralow-temperature anti/de-icing,Zhang J.,Journal of Materials Science and Technology,2026-08-20,10.1016/j.jmst.2025.11.001,0,https://api.elsevier.com/content/abstract/scopus_id/105022172867
ultra-low temperature AND thermal network,Hierarchically architected biomass-derived magnetic aerogels for broadband electromagnetic attenuation and functionalities,Sun J.,Journal of Materials Science and Technology,2026-07-10,10.1016/j.jmst.2025.08.062,0,https://api.elsevier.com/content/abstract/scopus_id/105019948017
ultra-low temperature AND thermal network,High-performance pressure sensors based on graphene fibers with bilateral dense structures for human motion monitoring,Zhi Y.,Journal of Materials Science and Technology,2026-07-10,10.1016/j.jmst.2025.07.057,0,https://api.elsevier.com/content/abstract/scopus_id/105019501243
ultra-low temperature AND thermal network,Intelligent conductive hydrogels for wearable motion monitoring and stress-driven switching between electromagnetic shielding and conversion,Meng J.,Journal of Materials Science and Technology,2026-07-01,10.1016/j.jmst.2025.09.025,0,https://api.elsevier.com/content/abstract/scopus_id/105019247155
ultra-low temperature AND thermal network,Fe-induced stacking faults engineering for breakthrough broadband absorption in SiBCN ceramics,Li Y.,Journal of Materials Science and Technology,2026-07-01,10.1016/j.jmst.2025.08.063,0,https://api.elsevier.com/content/abstract/scopus_id/105018860440
ultra-low temperature AND thermal network,Ambient-pressure-dried cellulose-based hierarchical composite with high-efficiency dual-spectra compatible defense,Li D.,Journal of Materials Science and Technology,2026-07-01,10.1016/j.jmst.2025.09.045,0,https://api.elsevier.com/content/abstract/scopus_id/105019091059
ultra-low temperature AND thermal network,Modulation of electromagnetic microwave absorption via defect engineering,Shi Y.,Journal of Materials Science and Technology,2026-07-01,10.1016/j.jmst.2025.09.020,0,https://api.elsevier.com/content/abstract/scopus_id/105018953627
ultra-low temperature AND thermal network,Robust and thermostable silicon-based aerogels towards highly efficient thermal insulation and microwave absorption,Liu Q.,Journal of Materials Science and Technology,2026-06-20,10.1016/j.jmst.2025.08.047,0,https://api.elsevier.com/content/abstract/scopus_id/105019070710
ultra-low temperature AND thermal network,Tunable EMI shielding-thermal management ultrathin films: Asymmetric magneto-electric gradient architecture enabling shielding-flexibility synergy,Wang Y.,Journal of Materials Science and Technology,2026-06-20,10.1016/j.jmst.2025.09.007,0,https://api.elsevier.com/content/abstract/scopus_id/105018851733
ultra-low temperature AND thermal network,Mechanically strong and multifunctional metallized carbon fiber reinforced poly(phenylene sulfide) composite for extreme environmental tolerant electromagnetic shielding,Duan H.,Journal of Materials Science and Technology,2026-06-10,10.1016/j.jmst.2025.08.039,0,https://api.elsevier.com/content/abstract/scopus_id/105018667030
ultra-low temperature AND thermal network,Advances and Significance of Nanowires in Semiconductor Applications,Mimona M.A.,Nano Life,2026-06-01,10.1142/S1793984425300043,1,https://api.elsevier.com/content/abstract/scopus_id/105002124792
ultra-low temperature AND thermal network,Porous and compressible silicone rubber composites integrated with progressive magneto-electric networks for electromagnetic interference shielding,Yang J.,Journal of Materials Science and Technology,2026-05-20,10.1016/j.jmst.2025.07.045,6,https://api.elsevier.com/content/abstract/scopus_id/105015039072
ultra-low temperature AND thermal network,Deformation strategies of flexible aerogels and their applications in intelligent electromagnetic protection,Zheng S.,Journal of Materials Science and Technology,2026-05-20,10.1016/j.jmst.2025.07.055,1,https://api.elsevier.com/content/abstract/scopus_id/105015338010
ultra-low temperature AND thermal network,Perspective of aramid-nanofiber-based electromagnetic interference shielding materials,Jiao S.,Journal of Materials Science and Technology,2026-05-10,10.1016/j.jmst.2025.08.009,2,https://api.elsevier.com/content/abstract/scopus_id/105014501592
ultra-low temperature AND thermal network,A three-dimensional network fiber-felt-reinforced aerogel with excellent thermal insulation at high temperatures,Xing Y.,Journal of the European Ceramic Society,2026-05-01,10.1016/j.jeurceramsoc.2025.117983,0,https://api.elsevier.com/content/abstract/scopus_id/105023502279
ultra-low temperature AND thermal network,"Preparation, ablation behavior and mechanism of high-emissivity TaSi2/MoSi2/SiB4/borosilicate-glass coating prepared under controlled low oxygen partial pressure atmosphere",Sun Y.,Journal of the European Ceramic Society,2026-05-01,10.1016/j.jeurceramsoc.2025.118006,0,https://api.elsevier.com/content/abstract/scopus_id/105021932193
ultra-low temperature AND thermal grid,Quantum-Size FeS2 with Delocalized Electronic Regions Enable High-Performance Sodium-Ion Batteries Across Wide Temperatures,Li T.,Nano Micro Letters,2026-12-01,10.1007/s40820-025-01858-2,1,https://api.elsevier.com/content/abstract/scopus_id/105012129510
ultra-low temperature AND thermal grid,High-Entropy Materials: A New Paradigm in the Design of Advanced Batteries,Xin Y.,Nano Micro Letters,2026-12-01,10.1007/s40820-025-01842-w,3,https://api.elsevier.com/content/abstract/scopus_id/105010881019
ultra-low temperature AND thermal grid,Advances and Significance of Nanowires in Semiconductor Applications,Mimona M.A.,Nano Life,2026-06-01,10.1142/S1793984425300043,1,https://api.elsevier.com/content/abstract/scopus_id/105002124792
ultra-low temperature AND thermal grid,Porous and compressible silicone rubber composites integrated with progressive magneto-electric networks for electromagnetic interference shielding,Yang J.,Journal of Materials Science and Technology,2026-05-20,10.1016/j.jmst.2025.07.045,6,https://api.elsevier.com/content/abstract/scopus_id/105015039072
ultra-low temperature AND thermal grid,Review for artificial intelligence-based micro-nanophotonic devices,Xie Z.,Frontiers of Physics,2026-05-01,10.15302/frontphys.2026.052301,0,https://api.elsevier.com/content/abstract/scopus_id/105021957493
ultra-low temperature AND thermal grid,Laser-induced broad-spectrum strong absorption multiscale carbon-based nanofilms for photonic debonding based on the spatial confinement effect,Liu H.,International Journal of Extreme Manufacturing,2026-04-01,10.1088/2631-7990/ae1db8,0,https://api.elsevier.com/content/abstract/scopus_id/105022907981
ultra-low temperature AND thermal grid,Opportunities and costs for shared ground loops,Barns D.G.,Renewable and Sustainable Energy Reviews,2026-03-01,10.1016/j.rser.2025.116490,0,https://api.elsevier.com/content/abstract/scopus_id/105023483228
ultra-low temperature AND thermal grid,Enhancing mass transport and performance of PEMWE via ordered groove Nafion membranes fabricated by electric field-driven micro-3D printing and UV-assisted microtransfer,Li C.,Fuel,2026-03-01,10.1016/j.fuel.2025.137340,0,https://api.elsevier.com/content/abstract/scopus_id/105020974379
ultra-low temperature AND thermal grid,Design and characterization of near-zero refractive index labyrinth-type acoustic metamaterials,Yin J.H.,European Journal of Mechanics A Solids,2026-03-01,10.1016/j.euromechsol.2025.105882,0,https://api.elsevier.com/content/abstract/scopus_id/105016793814
ultra-low temperature AND thermal grid,Microstructure and Micromechanical Properties of Lunar Regolith Simulant-Based Geopolymers,Dawood M.S.,Journal of Aerospace Engineering,2026-03-01,10.1061/JAEEEZ.ASENG-6302,0,https://api.elsevier.com/content/abstract/scopus_id/105022205959
ultra-low temperature AND thermal grid,A hybrid piezoelectric-triboelectric generator with inertial amplification for vibration energy harvesting,Zhang G.,European Journal of Mechanics A Solids,2026-03-01,10.1016/j.euromechsol.2025.105851,0,https://api.elsevier.com/content/abstract/scopus_id/105014932670
ultra-low temperature AND thermal grid,Solvation-regulated flame-retardant hybrid solid-like electrolytes enabling high-rate and wide-temperature sodium batteries,Liang H.,Composites Part B Engineering,2026-02-15,10.1016/j.compositesb.2025.113215,0,https://api.elsevier.com/content/abstract/scopus_id/105022637917
ultra-low temperature AND thermal grid,"Biofuels in solid oxide fuel cell systems: a review of production, applications, challenges, and future prospects",Zainon A.N.,Fuel,2026-02-15,10.1016/j.fuel.2025.137092,1,https://api.elsevier.com/content/abstract/scopus_id/105020257784
ultra-low temperature AND thermal grid,Enhanced anisotropy in advanced semiconductor nanofabrication via ultralow electron temperature plasma for cryogenic etching,Kim M.S.,Materials Science in Semiconductor Processing,2026-02-01,10.1016/j.mssp.2025.110156,0,https://api.elsevier.com/content/abstract/scopus_id/105018859871
ultra-low temperature AND thermal grid,Low-temperature district heating operations using heat cost allocators in apartment buildings,Yang Q.,Building and Environment,2026-02-01,10.1016/j.buildenv.2025.114095,0,https://api.elsevier.com/content/abstract/scopus_id/105023648143
ultra-low temperature AND thermal grid,Micromechanical behavior of ECC/SHCC at severe cold temperatures: A comprehensive understanding of single fiber pullout,Huo Y.,Cement and Concrete Research,2026-02-01,10.1016/j.cemconres.2025.108071,0,https://api.elsevier.com/content/abstract/scopus_id/105019647700
ultra-low temperature AND thermal grid,Design of 2D/2D nanostructure based fire-resistant barriers upon thermal runaway propagation of LIBs: Performance evaluation and mechanism investigation,Wang W.,Polymer Degradation and Stability,2026-02-01,10.1016/j.polymdegradstab.2025.111797,0,https://api.elsevier.com/content/abstract/scopus_id/105022288252
ultra-low temperature AND thermal grid,Modeling and state estimation of liquid metal batteries,Badr M.M.,Renewable and Sustainable Energy Reviews,2026-02-01,10.1016/j.rser.2025.116495,0,https://api.elsevier.com/content/abstract/scopus_id/105023712716
ultra-low temperature AND thermal grid,"A novel 3D-printed negative Poisson's ratio grid-reinforced cement-based composite wall structure: Design, fabrication, and compressive properties",Tang C.,Thin Walled Structures,2026-02-01,10.1016/j.tws.2025.114268,0,https://api.elsevier.com/content/abstract/scopus_id/105022464320
ultra-low temperature AND thermal grid,A hybrid galloping energy harvester for unmanned surface vehicles with a double-magnet mechanism,Tairab A.M.,Renewable Energy,2026-02-01,10.1016/j.renene.2025.124809,0,https://api.elsevier.com/content/abstract/scopus_id/105022781968
ultra-low temperature AND thermal grid,Superelastic MXene-based double-layer aerogels for absorption-dominated EMI shielding and infrared stealth,Li J.,Carbon,2026-02-01,10.1016/j.carbon.2025.121066,0,https://api.elsevier.com/content/abstract/scopus_id/105021946479
ultra-low temperature AND thermal grid,Advancing CO2 solubility prediction in aqueous solutions: A machine learning approach for CCUS application,Gyamfi G.,Geoenergy Science and Engineering,2026-02-01,10.1016/j.geoen.2025.214175,0,https://api.elsevier.com/content/abstract/scopus_id/105015041393
ultra-low temperature AND thermal grid,Investigation of the optical properties of solution processed rare metal-free lithium doped kesterite thin films,Shahzad W.,Optical Materials,2026-02-01,10.1016/j.optmat.2025.117582,0,https://api.elsevier.com/content/abstract/scopus_id/105023474534
ultra-low temperature AND thermal grid,Enhanced Energy Harvesting With a Piezoelectric Diatomic Sandwich Beam Shunted to an SECE Circuit,Guo Z.,Journal of Vibration and Acoustics,2026-02-01,10.1115/1.4070071,0,https://api.elsevier.com/content/abstract/scopus_id/105023654049
ultra-low temperature AND thermal grid,Roadmap on sustainable materials and technologies,Guo J.,Chinese Chemical Letters,2026-02-01,10.1016/j.cclet.2025.112116,1,https://api.elsevier.com/content/abstract/scopus_id/105023369247
