title,num_citations,year,excerpt,url,url_pdf,indicator,key_words,doi,authors,issued,abstract,link,is_referenced_by_count
"Mechanical, electrical, plumbing and tenant improvements over the building lifetime: Estimating material quantities and embodied carbon for climate change …",61,2020,… building undergo through during their service life. MEP and TI are installed … carbon (EC). This study aimed to establish a preliminary range of material quantities and embodied carbon …,https://www.sciencedirect.com/science/article/pii/S0378778819340071,,0,"whole life carbon, plumbing",10.1016/j.enbuild.2020.110324,Barbara X. Rodriguez; Monica Huang; Hyun Woo Lee; Kathrina Simonen; Jim Ditto,2020-11,,https://api.elsevier.com/content/article/PII:S0378778819340071?httpAccept=text/xml,42
"Evaluating Environmental Impacts: Embodied Carbon Assessment of Ventilation, Electrical, and Plumbing Systems in Swedish School Architecture",2,2024,"… the embodied carbon within these building service systems. Utilizing established life cycle … the embodied carbon emissions of the ventilation, electrical, and plumbing systems for stages …",https://lup.lub.lu.se/student-papers/search/publication/9161808,,0,"whole life carbon, plumbing",10.2139/ssrn.5007397,Matt Roberts; Claudiane  M. Ouellet-Plamondon; Paul Raftery,2024,,,0
A physical study of plumbing life cycle in apartment houses,17,2001,"… the life-span range of plumbing systems in buildings and a simple model of the whole life cycle. … of the life-cycle model, which could be of use in building life-cycle planning and design. …",https://www.sciencedirect.com/science/article/pii/S0360132300000792,,0,"whole life carbon, plumbing",10.1016/s0360-1323(00)00079-2,Cheng-Li Cheng,2001-11,,https://api.elsevier.com/content/article/PII:S0360132300000792?httpAccept=text/xml,5
"Mechanical, electrical, plumbing and tenant improvements over the building lifetime: Estimating material quantities and embodied carbon for climate change mitigation",0,2020,"… by 2030, and all existing buildings operate at net zero carbon by 2050 [33]. Achieving … of whole building life carbon, which is the sum of operational carbon (OC) and embodied carbon (…",https://repositorio.uchile.cl/handle/2250/178744,,0,"whole life carbon, plumbing",10.1016/j.enbuild.2020.110324,Barbara X. Rodriguez; Monica Huang; Hyun Woo Lee; Kathrina Simonen; Jim Ditto,2020-11,,https://api.elsevier.com/content/article/PII:S0378778819340071?httpAccept=text/xml,42
Whole building life cycle assessment of a living building,30,2020,"A whole building life cycle assessment (LCA) was performed on a Living Building, focusing on impacts from green building materials, a decentralized water system, a net-positive use …",https://ascelibrary.org/doi/full/10.1061/(ASCE)AE.1943-5568.0000436,,0,"whole life carbon, plumbing",10.1061/(asce)ae.1943-5568.0000436,Haley M. Gardner; Vaclav Hasik; Abdulaziz Banawi; Maureen Olinzock; Melissa M. Bilec,2020-12,,https://ascelibrary.org/doi/pdf/10.1061/%28ASCE%29AE.1943-5568.0000436,18
Plumbing the global carbon cycle: integrating inland waters into the terrestrial carbon budget,4628,2007,"… carbon cycle at either global or regional scales. By taking published estimates of gas exchange, sediment accumulation, and carbon … ecosystems in the global carbon cycle. Our analysis …",https://link.springer.com/article/10.1007/s10021-006-9013-8,,0,"whole life carbon, plumbing",10.1007/s10021-006-9013-8,J. J. Cole; Y. T. Prairie; N. F. Caraco; W. H. McDowell; L. J. Tranvik; R. G. Striegl; C. M. Duarte; P. Kortelainen; J. A. Downing; J. J. Middelburg; J. Melack,2007-2,,https://link.springer.com/content/pdf/10.1007/s10021-006-9013-8.pdf,2805
Comparative analysis of the whole life carbon of three construction methods of a UK-based supermarket,14,2023,"… life cycle assessment methodology, this paper examines the potential of minimising both embodied and operational carbon by observing the whole life carbon… augment carbon emission …",https://journals.sagepub.com/doi/abs/10.1177/01436244231161070,,0,"whole life carbon, plumbing",10.1177/01436244231161070,Golnaz Mohebbi; Agha Hasan; Augustine Blay-Armah; Ali Bahadori-Jahromi; Anastasia Mylona; Mark Barthorpe,2023-3-6,"<jats:p> The built environment has been a significant contributor to global carbon emissions. It, therefore, has a vital role to play in the reduction efforts of future climate change. While the design of buildings may determine future energy use for cooling, heating, and lighting during the operational stage of the building, this study aims to observe the effect of the building design on the operational as well as the whole-life carbon emissions. Past studies have focused on either the operational carbon or the embodied carbon of a building. Using a cradle-to-grave assessment of a typical UK supermarket, this study explores the relationship between embodied carbon and operational carbon. Additionally, it examines the effects of the variables between three approved construction methods of the same design on the whole life of carbon. These methods are a steel structural frame and cladding panel external wall, steel frame and poroton walls, precast concrete and glulam frame and precast concrete walls. The findings of this research will contribute to mitigation strategies for the environmental impacts of supermarket building construction whilst providing a framework for future assessment of the whole-life carbon of supermarket buildings. </jats:p><jats:sec><jats:title/><jats:p> Employing the life cycle assessment methodology, this paper examines the potential of minimising both embodied and operational carbon by observing the whole life carbon. Highlighting the influence of the GHG emission contributing factors in each stage on each other. Additionally, the recommended methodology for the supermarket building types of this case study, could be adapted for other types of buildings. The findings could also augment carbon emission research and guide the development of supermarket buildings to low carbon intensive. Furthermore, collaboration with the industry in carrying out this research aids in adopting the findings as practical and theoretical guides for engineers and designers in reducing the building sector’s harmful environmental impact. </jats:p></jats:sec>",https://journals.sagepub.com/doi/pdf/10.1177/01436244231161070,6
A comparative study of the whole life carbon of a radiant system and an all-air system in a non-residential building,8,2023,… reduce carbon emissions from the building sector. This study focused on the whole life carbon … A methodology to compare the whole life carbon of different HVAC systems was proposed …,https://www.sciencedirect.com/science/article/pii/S0378778823008988,,0,"whole life carbon, plumbing",10.1016/j.enbuild.2023.113668,Kan Shindo; Jun Shinoda; Ongun B. Kazanci; Dragos-Ioan Bogatu; Shin-ichi Tanabe; Bjarne W. Olesen,2023-12,,https://api.elsevier.com/content/article/PII:S0378778823008988?httpAccept=text/xml,7
Health aspects of plumbing,2,2006,"… However, even standard single-family domestic buildings present health risks to both occupants and neighbours if faulty plumbing is installed or if plumbing is not maintained. …",https://iris.who.int/bitstream/handle/10665/43423/9241563184_eng.pdf;sequence=1,,0,"whole life carbon, plumbing",10.1016/b978-193374207-6/50017-7,,2006,,,0
Study on comprehensive whole life carbon emission reduction potential and economic feasibility impact based on progressive energy-saving targets: A typical …,51,2022,"… Carbon emission for green building and ULEB were calculated to be 5583 kgCO 2 eq/m 2 … carbon emission reduction potential (CERP) of 17.6% and 42.6%, for the whole 50 years …",https://www.sciencedirect.com/science/article/pii/S2352710222010397,,0,"whole life carbon, plumbing",10.1016/j.jobe.2022.105029,Yiting Kang; Wei Xu; Jianlin Wu; Han Li; Ruijie Liu; Shilei Lu; Xian Rong; Xiaolong Xu; Feng Pang,2022-10,,https://api.elsevier.com/content/article/PII:S2352710222010397?httpAccept=text/xml,28
Plumbing,7,2011,"… This new edition includes a whole new chapter on energy conservation. Some of … plumber; however, in order to grasp the whole concept of renewable fuels and this aspect of plumbing …","https://books.google.com/books?hl=en&lr=&id=7OVs6VeAxPwC&oi=fnd&pg=PR10&dq=whole+life+carbon,+plumbing&ots=pLTG906m28&sig=xUqFRBn2TdyDtM9hDD6l0WCEKSk",,0,"whole life carbon, plumbing",10.1103/physics.4.s135,Anonymous,2011-9-15,,https://link.aps.org/article/10.1103/Physics.4.s135,0
Balancing of life cycle carbon and cost appraisal on alternative wall and roof design verification for residential building,27,2018,"… As such, having assessment on different house components optimization (wall and roofing) in a complete building and also whole life cycle cost is still limited, especially the two wall …",https://www.emerald.com/insight/content/doi/10.1108/CI-03-2017-0024/full/html,,0,"whole life carbon, plumbing",10.1108/ci-03-2017-0024,Ali Tighnavard Balasbaneh; Abdul Kadir Bin Marsono; Emad Kasra Kermanshahi,2018-4-5,"<jats:sec>
<jats:title content-type=""abstract-subheading"">Purpose</jats:title>
<jats:p>The purpose of this study is to describe life cycle cost (LCC) and life cycle assessment (LCA) evaluation for single story building house in Malaysia. Two objective functions, namely, LCA and LCC, were evaluated for each design and a total of 20 alternatives were analyzed. Two wall schemes that have been adopted from two different recent studies toward mitigation of climate change require clarification in both life cycle objectives.</jats:p>
</jats:sec>
<jats:sec>
<jats:title content-type=""abstract-subheading"">Design/methodology/approach</jats:title>
<jats:p>For this strategic life cycle assessment, Simapro 8.3 tool has been chosen over a 50-year life span. LCC analysis was also used to determine not only the most energy-efficient strategy, but also the most economically feasible one. A present value (PV)-based economic analysis takes LCC into account.</jats:p>
</jats:sec>
<jats:sec>
<jats:title content-type=""abstract-subheading"">Findings</jats:title>
<jats:p>The results will appear in present value and LC carbon footprint saving, both individually and in combination with each other. Result of life cycle management shows that timber wall−wooden post and beam covered by steel stud (W5) and wood truss with concrete roof tiles (R1) released less carbon emission to atmosphere and have lower life cycle cost over their life span. W5R1 releases 35 per cent less CO<jats:sub>2</jats:sub> emission than the second best choice and costs 25 per cent less.</jats:p>
</jats:sec>
<jats:sec>
<jats:title content-type=""abstract-subheading"">Originality/value</jats:title>
<jats:p>The indicator assessed was global warming, and as the focus was on GHG emissions, the focus of this study was mainly in the context of Malaysian construction, although the principles apply universally. The result would support the adoption of sustainable building for building sector.</jats:p>
</jats:sec>",https://www.emerald.com/insight/content/doi/10.1108/CI-03-2017-0024/full/xml,21
A whole building life-cycle assessment methodology and its application for carbon footprint analysis of US commercial buildings,7,2023,"… It represents a systematic approach to quantify the energy and material flows through the whole life of a product, process or service, and has been applied for building carbon footprint …",https://www.tandfonline.com/doi/abs/10.1080/19401493.2022.2107071,,0,"whole life carbon, plumbing",10.2139/ssrn.4670189,Timokleia Orfanidou; Paul Ravey; Mika Keskisalo; Giuseppe Cardellini,2023,,,0
Life cycle assessment of embodied carbon and strategies for decarbonization of a high-rise residential building,51,2022,"… analyzed for the life cycle assessment of the building for the embodied carbon in the three … each strategy will be effective in minimizing the embodied carbon. For the base case, a high-…",https://www.mdpi.com/2075-5309/12/8/1203,,0,"whole life carbon, plumbing",10.3390/buildings12081203,Badr Saad Alotaibi; Sahil Ali Khan; Mohammed Awad Abuhussain; Nedhal Al-Tamimi; Rana Elnaklah; Mohammad Arif Kamal,2022-8-10,"<jats:p>The construction sector is responsible for the 40% of consumed resources, 40% of CO2 emissions, and approximately 40% of construction and demolition waste. For the assessment of the building, there exists a standardized method, life cycle assessment (LCA), however, the process requires time, cost, and most importantly expertise. In this paper, a method is proposed and analyzed for the life cycle assessment of the building for the embodied carbon in the three stages, construction, operation, and demolition. Moreover, the result of the analysis is considered as the base result, and de-carbonization strategies identified through literature study for the three stages of construction, operation, and demolition are assessed with the same method to know how much each strategy will be effective in minimizing the embodied carbon. For the base case, a high-rise residential building in an urban region of India is analyzed, based on existing conditions through the building information modeling (BIM) method. The carbon emission of the selected building comes out to be 414 kg CO2e/m2/year, and assessing different decarbonization strategies, considering the first analysis as the baseline, it can be minimized to 135 kg CO2e/m2/year.</jats:p>",https://www.mdpi.com/2075-5309/12/8/1203/pdf,43
Zero-carbon balance: The case of HouseZero,47,2022,… life cycle assessment studies. The paper also provides a method to calculate the building's carbon balance over its 100-year service life … the building can achieve carbon balance under …,https://www.sciencedirect.com/science/article/pii/S0360132321009069,,0,"whole life carbon, plumbing",10.1016/j.buildenv.2021.108511,Jonathan Grinham; Henning Fjeldheim; Bin Yan; Tor Dokka Helge; Kristian Edwards; Tine Hegli; Ali Malkawi,2022-1,,https://api.elsevier.com/content/article/PII:S0360132321009069?httpAccept=text/xml,37
"Life cycle assessment of an entirely wood floor system designed for carbon negativity, future adaptability, and end-of-life de/re/construction",1,2025,"… Our findings demonstrate the viability of long-span, low-carbon timber floor systems and highlight how connection design can meaningfully influence environmental performance in …",https://iopscience.iop.org/article/10.1088/2634-4505/adf665/meta,,0,"whole life carbon, plumbing",10.1088/2634-4505/adf665,Muzan Williams Ijeoma; Sovanroth Ou; Amin Nabati; Hao Chen; Michael Stoner; Patricia Layton; Dustin Albright; Brandon Ross; Weichiang Pang; Michael Carbajales-Dale,2025-8-11,"<jats:title>Abstract</jats:title>
               <jats:p>The construction sector accounts for approximately 11% of global greenhouse gas emissions, largely due to the production of steel, concrete and aluminum. As global infrastructure investments grow, exceeding $2.9 trillion in the United States alone, there is an urgent need to transition to low-carbon structural systems. Mass timber offers a promising alternative, with lower embodied carbon (EC) and the potential to function as a carbon sink when sustainably sourced. However, conventional mass timber floor systems are limited to spans of 16–25 feet, depending on the selected system and thickness. They often rely on concrete toppings for acoustic and vibration performance, undermining environmental and circularity benefits. Here, we present a novel, all-wood mass timber floor system capable of spanning 40 feet, comparable to steel-framed construction, while achieving carbon negativity, modularity, and disassembly. This is the first timber-based system to combine these structural and sustainability attributes at this span-length. A cradle-to-gate life cycle assessment, aligned with EN 15978 and ISO 14044, quantified the floor system development environmental performance across two proprietary connection strategies: adhesive + screw and sharp plate + screw. Each design sequestered 4,787 kg CO<jats:sub>2</jats:sub>-eq of biogenic carbon per functional unit, contributing to a net EC of −100.6 and −96.7 kg CO<jats:sub>2</jats:sub>-eq/m<jats:sup>2</jats:sup>, respectively, after accounting for construction-stage emissions. The Sharp Plate system also showed lower impacts in smog formation, ecotoxicity, and energy use. Our findings demonstrate the viability of long-span, low-carbon timber floor systems and highlight how connection design can meaningfully influence environmental performance in timber-floor design.</jats:p>",https://iopscience.iop.org/article/10.1088/2634-4505/adf665,1
Achieving net zero carbon performance in a French apartment building?,8,2023,"… The whole life cycle GhG emissions would then be around … copper for electronic manufacturing and plumbing. The results are … , electric and electronics, and plumbing. They have been …",https://www.mdpi.com/1996-1073/16/22/7608,,0,"whole life carbon, plumbing",10.2139/ssrn.4517303,Alpha Hamid Dicko; charlotte Roux; Bruno Peuportier,2023,,,3
High-resolution combined building stock and building energy modeling to evaluate whole-life carbon emissions and saving potentials at the building and …,52,2022,"… built environment to reach carbon neutrality. In … carbon emissions only, thus omitting the significant carbon emission saving potential resulting from the reactivation of embodied carbon …",https://www.sciencedirect.com/science/article/pii/S0921344921006091,,0,"whole life carbon, plumbing",10.1016/j.resconrec.2021.106000,Felix Heisel; Joseph McGranahan; Joseph Ferdinando; Timur Dogan,2022-2,,https://api.elsevier.com/content/article/PII:S0921344921006091?httpAccept=text/xml,39
Research on low-carbon evaluation of green buildings based on the whole life cycle theory,10,2023,… from the perspective of carbon emissions [3]. This study adopts a whole life cycle evaluation perspective and focuses on relevant indicators for building carbon emissions. It establishes …,https://link.springer.com/article/10.1007/s42452-023-05488-4,,0,"whole life carbon, plumbing",10.1007/s42452-023-05488-4,Farah Adilah Binti Jamaludin; Jiabo Li,2023-9-11,"<jats:title>Abstract</jats:title><jats:p>Cities are highly dense areas with significant energy consumption and waste generation. Therefore, developing buildings with low energy consumption and reduced pollutant emissions is an important approach for China to achieve its goals of carbon neutrality, peak carbon emissions, and sustainable development. In this context, the concept and practice of green buildings have emerged. This research is based on the whole life cycle assessment method of the whole life cycle theory, integrating relevant indicators for calculating carbon emissions in buildings. It conducts a multidimensional evaluation and analysis of the low-carbon level of green buildings. Quantitative analysis is carried out based on five stages and five dimensions of the entire construction process. A conceptual model for the low-carbon evaluation of green buildings is established, and grey relational analysis and analytic hierarchy process are employed to rank and evaluate projects. The study aims to identify the key factors in the low-carbon evaluation of green buildings and discusses the focus and suggestions for future low-carbon management throughout the whole life cycle of green buildings.</jats:p>",https://link.springer.com/content/pdf/10.1007/s42452-023-05488-4.pdf,8
Streamlining life cycle assessment for complex Mechanical Electrical and Plumbing products–Lessons from lighting,1,2025,… of carbon emission impacts over the full life cycle of buildings. This contribution further seeks to articulate the potential role of manufacturers and designers in accelerating the closure of …,https://journals.sagepub.com/doi/abs/10.1177/01436244241305759,,0,"life cycle greenhouse gas emissions, mechanical electrical plumbing systems",10.1177/01436244241305759,Leela Shanker; Irene Mazzei; Tim Bowes,2025-1-12,"<jats:p>Life Cycle Assessment (LCA) is a framework supporting quantification of a product’s environmental impacts. Such data is required for comprehensive assessment of carbon emission impacts over the full life-cycle of products and buildings. With policymakers and the private sector pursuing decarbonisation goals, the need to streamline development of LCA data for Mechanical, Electrical and Plumbing (MEP) items has increased. MEP practitioners are tailoring existing LCA frameworks to accommodate supply chain complexity and unique use-phase scenarios. In lighting, LCA leadership is being driven by designers from consulting/engineering firms and manufacturers committed to identifying data gaps, inconsistencies, and uncertainty in the application of LCA. In 2025, lighting’s first Industry-Average LCA Report will be published as the result of an industry-led, international, collective analysis of five commonly used architectural luminaires. The findings suggest LCA development may be streamlined by articulating the role of manufacturers and designers in accelerating the closure of identified data gaps and adoption of consistent, industry-agreed interpretation of LCA for complex MEP items. Strategies include approaching industry LCA as a design innovation tool rather than compliance issue; assembling designer-manufacturer forums to incentivize commercial cooperation; improving global harmonisation and harnessing Industry-Average Environmental Product Declarations (EPDs) and other tools as an introduction to more specific analysis.</jats:p>
          <jats:sec>
            <jats:title>Practical Application</jats:title>
            <jats:p>With increasing significance in the growth of, and requirement for, the adoption of Life Cycle Assessment (LCA) within the built environment, this paper offers leading practitioners and manufacturers an approach that can help identify current data gaps, areas of inconsistency and uncertainty within the discipline of Mechanical Electrical and Plumbing (MEP) LCA. It suggests how engaging multiple stakeholders, particularly manufacturers and designers, can deliver preliminary results that support wider industry progress within this emerging field of data collection and analysis. This paper also provides lighting manufacturers, sustainability specialists and MEP consultants with a more comprehensive understanding of the environmental impact of lighting.</jats:p>
          </jats:sec>",https://journals.sagepub.com/doi/pdf/10.1177/01436244241305759,1
Unveiling the greenhouse gas emissions of drinking water treatment plant throughout the construction and operation stages based on life cycle assessment,14,2024,"… all industries that produce greenhouse gas (GHG) emissions. Water supply system, as an … This work conducted a life cycle assessment (LCA) to account the GHG emissions associated …",https://www.sciencedirect.com/science/article/pii/S0147651324001180,,0,"life cycle greenhouse gas emissions, mechanical electrical plumbing systems",10.1016/j.ecoenv.2024.116043,Peng Zhang; Boru Ma; Guolu Zheng; Fukuan Li; Wei Zhang; Jingwen Gu; Zehong Liu; Kexun Li; Hao Wang,2024-3,,https://api.elsevier.com/content/article/PII:S0147651324001180?httpAccept=text/xml,14
Development of net energy ratios and life cycle greenhouse gas emissions of large-scale mechanical energy storage systems,77,2019,"… , decommissioning life cycle stages of the energy storage systems were evaluated. … life cycle greenhouse gas emissions in g CO 2 eq./kWh are 231.2, 368.2, and 211.1. The emissions …",https://www.sciencedirect.com/science/article/pii/S036054421832557X,,0,"life cycle greenhouse gas emissions, mechanical electrical plumbing systems",10.1016/j.energy.2018.12.183,S. Kapila; A.O. Oni; E.D. Gemechu; A. Kumar,2019-3,,https://api.elsevier.com/content/article/PII:S036054421832557X?httpAccept=text/xml,60
"Assessment of the environmental profile incidence of mechanical, electrical, and plumbing systems in two different types of buildings",0,2022,"… research wanted to investigate their emissions, trying to demonstrate that these can be more considerable than expected or estimated. The Life Cycle Assessment (LCA) methodology …",https://www.politesi.polimi.it/handle/10589/218023,,0,"life cycle greenhouse gas emissions, mechanical electrical plumbing systems",10.1063/5.0110154,S. A. Andreev; N. E. Kabdin; V. F. Storchevoy,2022,,http://aip.scitation.org/doi/pdf/10.1063/5.0110154,0
A guide to life-cycle greenhouse gas (GHG) emissions from electric supply technologies,990,2007,"This manuscript reviews and compares the results of recent greenhouse gas (GHG) emission life-cycle analyses. Specific attention is paid to fossil energy technologies, nuclear and …",https://www.sciencedirect.com/science/article/pii/S036054420700028X,,0,"life cycle greenhouse gas emissions, mechanical electrical plumbing systems",10.1016/j.energy.2007.01.008,Daniel Weisser,2007-9,,https://api.elsevier.com/content/article/PII:S036054420700028X?httpAccept=text/xml,557
Life-cycle energy use and greenhouse gas emissions inventory for water treatment systems,244,2007,… to reveal opportunities for energy and GHG reduction throughout the life cycle of the system. The results from the Life-Cycle Inventories (LCIs) are then used to identify processes with …,https://ascelibrary.org/doi/abs/10.1061/(ASCE)1076-0342(2007)13:4(261),,0,"life cycle greenhouse gas emissions, mechanical electrical plumbing systems",10.1061/(asce)1076-0342(2007)13:4(261),Alina I. Racoviceanu; Bryan W. Karney; Christopher A. Kennedy; Andrew F. Colombo,2007-12,,https://ascelibrary.org/doi/pdf/10.1061/%28ASCE%291076-0342%282007%2913%3A4%28261%29,154
Environmental and economic life cycle assessment of PEX and copper plumbing systems: A case study,53,2016,"… PEX piping instead of the traditional copper piping systems in … % over its life cycle. Moreover, it can significantly reduce the … In order to reduce greenhouse gas emissions, it is essential …",https://www.sciencedirect.com/science/article/pii/S0959652616311313,,0,"life cycle greenhouse gas emissions, mechanical electrical plumbing systems",10.1016/j.jclepro.2016.08.006,Somayeh Asadi; Hamed Babaizadeh; Nolan Foster; Reza Broun,2016-11,,https://api.elsevier.com/content/article/PII:S0959652616311313?httpAccept=text/xml,31
Life-cycle energy use and greenhouse gas emissions of a building-scale wastewater treatment and nonpotable reuse system,83,2015,… life-cycle assessment (LCA) to analyze the energy consumption and greenhouse gas (GHG) emissions of … The analysis estimated pipe contributions by assessing 100 m of 25 mm (1 in) …,https://pubs.acs.org/doi/abs/10.1021/acs.est.5b01677,,0,"life cycle greenhouse gas emissions, mechanical electrical plumbing systems",10.1021/acs.est.5b01677,Thomas P. Hendrickson; Mi T. Nguyen; Marsha Sukardi; Alexandre Miot; Arpad Horvath; Kara L. Nelson,2015-8-12,,https://pubs.acs.org/doi/pdf/10.1021/acs.est.5b01677,56
Analysing the life cycle greenhouse gas emission and energy consumption of a multi-storied commercial building in Singapore from an extended system …,131,2012,"… Carbon offset potential from existing onsite greenery was also excluded. In determining what types of emissions to consider for each of these life cycle … , which categorizes emissions into …",https://www.sciencedirect.com/science/article/pii/S0378778812001752,,0,"life cycle greenhouse gas emissions, mechanical electrical plumbing systems",10.1016/j.enbuild.2012.03.027,Harn Wei Kua; Chee Long Wong,2012-8,,https://api.elsevier.com/content/article/PII:S0378778812001752?httpAccept=text/xml,86
Life cycle assessment of the transmission network in Great Britain,151,2010,"… on the operational carbon dioxide (CO 2 ) emissions from power … life contribution of all sectors of the electricity industry. Here, a preliminary assessment of the life cycle carbon emissions …",https://www.sciencedirect.com/science/article/pii/S0301421510001205,,0,"life cycle greenhouse gas emissions, mechanical electrical plumbing systems",10.1016/j.enpol.2010.02.039,Gareth P. Harrison; Edward (Ned). J. Maclean; Serafeim Karamanlis; Luis F. Ochoa,2010-7,,https://api.elsevier.com/content/article/PII:S0301421510001205?httpAccept=text/xml,95
Life cycle analysis for water and wastewater pipe materials,134,2013,… life cycle energy consumption and related greenhouse gas (… criteria used to select optimal pipe sizes. LCA estimates of … of pipe system alternatives in a high growth planning area in …,https://ascelibrary.org/doi/abs/10.1061/(ASCE)EE.1943-7870.0000638,,0,"life cycle greenhouse gas emissions, mechanical electrical plumbing systems",10.1061/(asce)ee.1943-7870.0000638,Fei Du; Gwendolyn J. Woods; Doosun Kang; Kevin E. Lansey; Robert G. Arnold,2013-5,,https://ascelibrary.org/doi/pdf/10.1061/%28ASCE%29EE.1943-7870.0000638,75
Greenhouse gas emissions from renewable energy sources: A review of lifecycle considerations,723,2014,"… emissions (eg, NO x and SO 2 ), this review focuses on emissions of greenhouse gases (GHG)… This review found 11 different studies that reported full life cycle GHG emission estimates (…",https://www.sciencedirect.com/science/article/pii/S1364032114005395,,0,"life cycle greenhouse gas emissions, mechanical electrical plumbing systems",10.1016/j.rser.2014.07.087,Nana Yaw Amponsah; Mads Troldborg; Bethany Kington; Inge Aalders; Rupert Lloyd Hough,2014-11,,https://api.elsevier.com/content/article/PII:S1364032114005395?httpAccept=text/xml,468
Whole-building life-cycle analysis with a new GREET® tool: Embodied greenhouse gas emissions and payback period of a LEED-Certified library,47,2022,"… We developed localized, detailed life-cycle inventories to address individual building … We expanded the LCA system boundary to include the mechanical, electrical, and plumbing system…",https://www.sciencedirect.com/science/article/pii/S0360132321010544,,0,"life cycle greenhouse gas emissions, mechanical electrical plumbing systems",10.1016/j.buildenv.2021.108664,Hao Cai; Xinyi Wang; Ji-Hyun Kim; Arathi Gowda; Michael Wang; John Mlade; Scott Farbman; Luke Leung,2022-2,,https://api.elsevier.com/content/article/PII:S0360132321010544?httpAccept=text/xml,32
Life cycle assessment for three ventilation methods,49,2017,… studies concerning the life cycle assessment (LCA) of various alternative ventilation systems incorporating the combined effect of life cycle cost (LCC) and carbon emission in the supply-…,https://www.sciencedirect.com/science/article/pii/S0360132317300665,,0,"life cycle greenhouse gas emissions, mechanical electrical plumbing systems",10.1016/j.buildenv.2017.02.006,M.L. Fong; Zhang Lin; K.F. Fong; Vic Hanby; Rick Greenough,2017-5,,https://api.elsevier.com/content/article/PII:S0360132317300665?httpAccept=text/plain,32
"Life cycle GHG assessment of a building restoration: Case study of a heritage industrial building in Toronto, Canada",107,2021,"… emissions of the building’s restoration from cradle to grave, accompanied by a scoping estimate of greenhouse gas emissions … as HVAC, plumbing, and renewable energy systems. …",https://www.sciencedirect.com/science/article/pii/S0959652620338646,,0,"life cycle greenhouse gas emissions, mechanical electrical plumbing systems",10.1016/j.jclepro.2020.123819,Tamar Opher; Mel Duhamel; I. Daniel Posen; Daman K. Panesar; Rashad Brugmann; Adrien Roy; Ryan Zizzo; Larissa Sequeira; Alireza Anvari; Heather L. MacLean,2021-1,,https://api.elsevier.com/content/article/PII:S0959652620338646?httpAccept=text/xml,69
A comparative life cycle assessment (LCA) of concrete and steel-prefabricated prefinished volumetric construction structures in Malaysia,91,2020,"… in terms of measures adopted for greenhouse gas (GHG) emissions. Steel incurs a higher … taken into consideration, including electrical and plumbing systems. The life cycle stage of the …",https://link.springer.com/article/10.1007/s11356-020-10141-3,,0,"life cycle greenhouse gas emissions, mechanical electrical plumbing systems",10.1007/s11356-020-10141-3,Ali Tighnavard Balasbaneh; Mohd Zamri Ramli,2020-7-30,,https://link.springer.com/content/pdf/10.1007/s11356-020-10141-3.pdf,67
The application of life cycle assessment for the optimization of pipe materials of building water supply and drainage system,42,2020,"… water supply and drainage system. The results showed that the energy consumption of PVC-U pipe in the building water supply system … of galvanized steel pipe and copper pipe, and …",https://www.sciencedirect.com/science/article/pii/S2210670720304881,,0,"life cycle greenhouse gas emissions, mechanical electrical plumbing systems",10.1016/j.scs.2020.102267,Jiaqing Xiong; Junguo Zhu; Yifan He; Sihui Ren; Wenping Huang; Fengyu Lu,2020-9,,https://api.elsevier.com/content/article/PII:S2210670720304881?httpAccept=text/xml,29
Domestic water use in the United States: A life‐cycle approach,172,2006,"… Then, depending on available pressure, the water is fed through the piping system in the building. The water supply pipe entering the building branches into two pipes, one traveling to …",https://onlinelibrary.wiley.com/doi/abs/10.1162/108819806775545312,,0,"life cycle greenhouse gas emissions, mechanical electrical plumbing systems",10.1162/108819806775545312,Angela Arpke; Neil Hutzler,2006-1,"<jats:p>Water and energy are two primary natural resources used by building occupants. A life‐cycle assessment (LCA) is performed for water‐consuming plumbing fixtures and water‐consuming appliances during their operational life for four different building types. Within the cycle studied, water is extracted from the natural environment, subjected to water treatment, pumped to buildings for use, collected for wastewater treatment, and discharged back to the natural environment. Specifically, the impacts of water use, electricity and natural gas generation, energy consumption (for water and wastewater treatment, and for water heating), and the manufacture of water and wastewater treatment chemicals are evaluated both quantitatively and qualitatively on a generalized national level in the United States of America.</jats:p><jats:p>It is concluded that water use and consumption within buildings have a much larger impact on resource consumption than the water and wastewater treatment stages of the life cycle. To study this more specifically, the resource consumption of four different building types‐an apartment building, a college dormitory, a motel, and an office building‐is considered. Of these four building types, the apartment has the highest energy consumption (for water and wastewater treatment, and for water heating) per volume of water used, whereas the office building has the lowest. Similarly, the calculated LCA score for the apartment building is typically greater than those of the other three building types.</jats:p>",http://api.wiley.com/onlinelibrary/tdm/v1/articles/10.1162%2F108819806775545312,79
System dynamics based models for selecting HVAC systems for office buildings: A life cycle assessment from carbon emissions perspective,15,2024,"… This study aims to explore the life cycle environmental impacts … (HVAC) systems including variable air volume (VAV) system, … to the life-cycle energy use, the life-cycle greenhouse gas …",https://research-repository.rmit.edu.au/articles/thesis/System_dynamics_based_models_for_selecting_HVAC_systems_for_office_buildings_a_life_cycle_assessment_from_carbon_emissions_perspective/27580668,,0,"life cycle greenhouse gas emissions, mechanical electrical plumbing systems",10.1016/j.jobe.2023.108295,Praddeep Gobinath; Robert H. Crawford; Marzia Traverso; Behzad Rismanchi,2024-4,,https://api.elsevier.com/content/article/PII:S2352710223024786?httpAccept=text/xml,9
A BIM-based Framework for Quantifying Embodied Emissions from MEP Systems in Building Life Cycle Assessments,4,2024,… MEP systems have typically been excluded from Life Cycle Assessments (LCAs). With increasing emission … and Plumbing systems (MEP) are substantial contributors to greenhouse gas …,https://www.e3s-conferences.org/articles/e3sconf/abs/2024/92/e3sconf_bsn2024_02001/e3sconf_bsn2024_02001.html,,0,"life cycle greenhouse gas emissions, MEP",10.1051/e3sconf/202456202001,Arnkell Jonas Petersen; Christian Steneng; Simon Utstøl; Anders Liaøy,2024,"<jats:p>Embodied emissions from Mechanical, Electrical, and Plumbing systems (MEP) in buildings contribute substantially to the carbon footprint of buildings. Because of lack of standardized methods, reliable data, and environmental product declarations (EPD), MEP systems have typically been excluded from Life Cycle Assessments (LCAs). With increasing emission reduction efforts for other building components, the share of embodied emissions for MEP will rise if not focused on. This research fills the gap by introducing a comprehensive framework for quantifying embodied emissions for Mechanical and plumbing systems (MP). Our approach includes three main components: a BIM based embodied emissions calculation methodology, an EPD database, and guidelines for estimating emissions in data gaps. Seamless integration into the building information model (BIM) tool Revit, allows MEP designers to access real-time emissions data and engage in iterative design for reduced carbon footprint. Testing of the framework on a building in the design-stage indicates that emissions from replacement of components can constitute up to 50% of total material emissions for MP during the calculation period, that the emissions from MP can be in the order of 8-20 % of the total emissions from material use in a new office building and that ventilation, heating and fire suppression constitute the largest contribution to the total. Optimization of MP-solutions appears to offer substantial emission reduction.</jats:p>",https://www.e3s-conferences.org/10.1051/e3sconf/202456202001/pdf,3
A review of life cycle construction process and cutting-edge technology in prefabricated MEP installation engineering,10,2024,"… Prefabricated MEP installation is a highly systematic and continuous construction technique… entire project life cycle, provides an overview of the development of modular MEP installation …",https://www.mdpi.com/2075-5309/14/3/630,,0,"life cycle greenhouse gas emissions, MEP",10.3390/buildings14030630,Gangwen Yan; Yinghui Yang; Huizhong Zhang; Zhenwei Li; Song Chen; Xuefeng Zhao; Zhe Sun; Xiongtao Fan; Meng Zhang; Lingli Huang; Liang Liu,2024-2-27,"<jats:p>Prefabricated installation, a pivotal study in the realm of contemporary construction practices, delves into the utilization of prefabrication within mechanical, electrical, and plumbing (MEP) systems. Despite its ascending prominence, the domain grapples with ambiguities in application pathways, uncertain developmental trajectories, and the absence of a holistic technical paradigm. This research endeavors to bridge these gaps by conducting a thorough and multidimensional investigation into the current landscape of prefabricated MEP installation initiatives. This study meticulously dissects the paradigm from five critical vantage points: historical evolution, standards and regulations, life cycle analysis, technological applications, and corporate implementation strategies. At present, there is still a lack of standards and specifications specifically for the field of assembled MEP installation. The analysis reveals a trend towards intelligent and sustainable installation practices in prefabricated MEP projects. The research predominantly focuses on the design, production, and installation stages. Notably, building information modeling (BIM) emerges as the most prominent technology, followed by the Internet of Things (IoT) and 3D laser scanning, with extended reality (XR) technologies gaining traction. Large, state-owned construction firms are spearheading innovative applications in this realm. In summary, this paper provides an overview and outlook for the development direction and the application of cutting-edge technologies in prefabricated MEP installation projects, with the aim of supporting the industry’s advancement.</jats:p>",https://www.mdpi.com/2075-5309/14/3/630/pdf,8
Analyzing the long-term service life of MEP using the probabilistic approach in residential buildings,30,2018,"… to reflect the uncertainty when predicting the service life of the MEP components [20,21]. Many studies developed models to predict the life cycle of building components based on the …",https://www.mdpi.com/2071-1050/10/10/3803,,0,"life cycle greenhouse gas emissions, MEP",10.3390/su10103803,Sanghyo Lee; Yonghan Ahn,2018-10-21,"<jats:p>Establishing an effective long-term maintenance plan is essential to ensure the sustainability of a building. Among the various components of a building, the mechanical, electrical, and plumbing (MEP) components are complexly affected by various parameters, such as quality and user pattern, with respect to the service life. Besides, these components are replaced at different points in time, which becomes one of the main risks when establishing a maintenance plan for the building. Therefore, it is very important to consider the uncertainty in calculating the service lives of MEP components in a systematic and reasonable way. This study aims to systemize the MEP components of residential buildings and analyze their service life patterns using a probabilistic approach for long-term maintenance planning. The analysis was performed on 54,318 maintenance cases from 1998 to 2017 at 65 twenty-five-year-old rental apartment buildings in South Korea. Before performing the analysis, a service life matrix was established by classifying the MEP components into 12 types and setting the service life time at 6–25 years. Then, the service life distribution was derived for each MEP component. The probabilistic approach can provide information for rational maintenance decision-making regarding each MEP component as well as basic service life settings. Since the performance of the MEP components deteriorates due to various reasons, de facto uncertainty exists in the service life of each component; thus, the probabilistic approach can serve as an important decision-making method. If probabilistic methods are developed by acquiring the cost data in addition to the frequency of maintenance activity used in this study, a more effective long-term maintenance plan can be established.</jats:p>",https://www.mdpi.com/2071-1050/10/10/3803/pdf,16
Future prospects of the assembly model for mep systems in chinese buildings: A whole life cycle perspective,2,2024,"… MEP engineering is a general term for the management of non-… MEP systems from the whole life cycle perspective. … of the whole life cycle of assembled MEP systems, including five …",https://www.mdpi.com/2076-3417/14/15/6818,,0,"life cycle greenhouse gas emissions, MEP",10.3390/app14156818,Chun Wang; Peng Ouyang; Xiaodong Liu; Zhihua Zou; Yuanping Wang; Ruiling Wang,2024-8-5,"<jats:p>The assembly building M&amp;E (Monitoring and Evaluation) system is a vital part of the transformation of China’s construction industry, featuring intelligent control, high efficiency, and high safety. The article provides a comprehensive review of research related to assembly M&amp;E systems from the perspective of the whole life cycle of assembly, containing 125 journal articles from 1993 to 2024. The article analyzes some policies with updated iterations in the United States, Japan, Germany, Denmark, France, and the European Union. The literature review and semi-structured interviews with experts identified significant constraints limiting the various stages of the entire life cycle of assembled MEP (mechanical, electrical, and plumbing) systems. The absence of uniform design standards, personnel collaboration, prefabricated component testing, transportation, information utilization, intelligent testing, and recycling of disassemblability that can occur in the entire life cycle of assembled MEP systems are summarized. Finally, the article suggests that assembly M&amp;E systems can be shared and marketed to improve the economic viability of assembly M&amp;E systems and their wide application in the areas of technology, platform, and demand.</jats:p>",https://www.mdpi.com/2076-3417/14/15/6818/pdf,1
Life cycle greenhouse gas emission reduction potential of battery electric vehicle,279,2018,… This study uses the life cycle assessment (LCA) method to calculate and compare the life cycle greenhouse gas (GHG) emissions from battery electric vehicles (BEVs) and conventional …,https://www.sciencedirect.com/science/article/pii/S0959652618310497,,0,"life cycle greenhouse gas emissions, MEP",10.1016/j.jclepro.2018.04.036,Zhixin Wu; Michael Wang; Jihu Zheng; Xin Sun; Mingnan Zhao; Xue Wang,2018-7,,https://api.elsevier.com/content/article/PII:S0959652618310497?httpAccept=text/xml,216
Life-cycle greenhouse gas emissions and net energy assessment of large-scale hydrogen production via electrolysis and solar PV,188,2021,… The goal of this study is to assess the life cycle net energy balance and greenhouse gas (GHG) emission performance of large-scale water electrolysis powered by solar PV in a high …,https://pubs.rsc.org/en/content/articlehtml/2021/ee/d1ee01288f,,0,"life cycle greenhouse gas emissions, MEP",10.1039/d1ee01288f,Graham Palmer; Ashley Roberts; Andrew Hoadley; Roger Dargaville; Damon Honnery,2021,<jats:p>Environmental impacts and net-energy of hydrogen production <jats:italic>via</jats:italic> solar-electrolysis are highly sensitive to operating constraints and context specific variances.</jats:p>,http://pubs.rsc.org/en/content/articlepdf/2021/EE/D1EE01288F,159
"Life cycle greenhouse gases, energy and cost assessment of automobiles using magnesium from Chinese Pidgeon process",170,2010,"… life cycle greenhouse gas emissions for the base automobile is defined as: C LC = C Mat + C Par + C Use + C End The life cycle … LC are the life cycle GHG emissions and energy usage, …",https://www.sciencedirect.com/science/article/pii/S0959652609002741,,0,"life cycle greenhouse gas emissions, MEP",10.1016/j.jclepro.2009.08.013,Jindan Du; Weijian Han; Yinghong Peng,2010-1,,https://api.elsevier.com/content/article/PII:S0959652609002741?httpAccept=text/xml,125
Integrating climate change impact in new building design process: A review of building life cycle carbon emission assessment methodologies,64,2021,… life cycle carbon equivalent greenhouse gas (GHG) emissions at the early design stage combined with a life … an effective framework for life cycle carbon assessment. The implication of …,https://www.sciencedirect.com/science/article/pii/S2666790821002469,,0,"life cycle greenhouse gas emissions, MEP",10.1016/j.clet.2021.100286,Liying Li,2021-12,,https://api.elsevier.com/content/article/PII:S2666790821002469?httpAccept=text/xml,33
Comparative life cycle environmental assessment of CCS technologies,263,2011,… the life cycle impacts of various coal and natural gas electricity … Section 2 describes the methodology for the life cycle … Marine eutrophication (MEP) is mainly caused by emissions …,https://www.sciencedirect.com/science/article/pii/S1750583611000429,,0,"life cycle greenhouse gas emissions, MEP",10.1016/j.ijggc.2011.03.012,Bhawna Singh; Anders H. Strømman; Edgar G. Hertwich,2011-7,,https://api.elsevier.com/content/article/PII:S1750583611000429?httpAccept=text/xml,170
Post-combustion carbon capture technologies: Energetic analysis and life cycle assessment,127,2014,… process simulation method and the life cycle assessment (LCA) method are integrated and applied to the CCS value chain. Three scenarios for carbon capture from post-combustion …,https://www.sciencedirect.com/science/article/pii/S175058361400173X,,0,"life cycle greenhouse gas emissions, MEP",10.1016/j.ijggc.2014.06.016,Xiangping Zhang; Bhawna Singh; Xuezhong He; Truls Gundersen; Liyuan Deng; Suojiang Zhang,2014-8,,https://api.elsevier.com/content/article/PII:S175058361400173X?httpAccept=text/xml,94
Investigation of greenhouse gas emissions in soil remediation activities based on the integration of machine learning models and life cycle assessment,7,2025,… GHG emissions resulting from remediation activities and the tertiary GHG emissions associated with carbon … The integrated method was applied to evaluate the life cycle GHG emissions …,https://www.sciencedirect.com/science/article/pii/S0959652624040794,,0,"life cycle greenhouse gas emissions, MEP",10.1016/j.jclepro.2024.144630,Yuxuan Cai; Haiyan Chen; Wenhao Zhao; Yi Sun; Meiying Wang; Ying Chen; Jin Ma,2025-1,,https://api.elsevier.com/content/article/PII:S0959652624040794?httpAccept=text/xml,6
Life cycle analysis of the HTU process,4,2005,… requirement and the emission of greenhouse gasses. Comparing … for fossil diesel from a greenhouse gas emission point of view. … At TNO-MEP research is conducted on the process of …,https://www.researchgate.net/profile/Robert-Berends/publication/237363338_LIFE_CYCLE_ANALYSIS_OF_THE_OF_HTUR_PROCESS/links/56098b0108ae4d86bb11e228/LIFE-CYCLE-ANALYSIS-OF-THE-OF-HTUR-PROCESS.pdf,http://scholar.google.com/https://www.researchgate.net/profile/Robert-Berends/publication/237363338_LIFE_CYCLE_ANALYSIS_OF_THE_OF_HTUR_PROCESS/links/56098b0108ae4d86bb11e228/LIFE-CYCLE-ANALYSIS-OF-THE-OF-HTUR-PROCESS.pdf,0,"life cycle greenhouse gas emissions, MEP",10.1201/9781420031294.ch9,,2005-2-18,,http://www.crcnetbase.com/doi/pdf/10.1201/9781420031294.ch9,0
"Petroleum substitution, greenhouse gas emissions reduction and environmental benefits from the development of natural gas vehicles in China",32,2018,"… emissions, the petroleum-powered vehicles in this study fall under the national standard III (MEP … Table 6 Primary energy intensity and GHG emission factors of fuel life cycles in China. …",https://link.springer.com/article/10.1007/s12182-018-0237-y,,0,"life cycle greenhouse gas emissions, MEP",10.1007/s12182-018-0237-y,Jie-Hui Yuan; Sheng Zhou; Tian-Duo Peng; Ge-Hua Wang; Xun-Min Ou,2018-6-21,,http://link.springer.com/article/10.1007/s12182-018-0237-y/fulltext.html,26
Life cycle analysis of GHG emissions from the building retrofitting: The case of a Norwegian office building,96,2021,"… Through a systematic study, this paper conducted a life cycle assessment (LCA) consisting of evaluation of both embodied and operational emissions of different building retrofitting …",https://www.sciencedirect.com/science/article/pii/S0360132321005606,,0,"life cycle greenhouse gas emissions, MEP",10.1016/j.buildenv.2021.108159,Mehrdad Rabani; Habtamu Bayera Madessa; Malin Ljungström; Lene Aamodt; Sandra Løvvold; Natasa Nord,2021-10,,https://api.elsevier.com/content/article/PII:S0360132321005606?httpAccept=text/xml,54
"Life cycle analysis of the wastewater treatment system in Zabol Industrial Town: Environmental impacts, energy demand, and greenhouse gas emissions",6,2024,… Life cycle assessment is a critical tool in the planning and implementation of wastewater treatment plants. Life cycle assessment can help mitigate environmental problems by providing …,https://academic.oup.com/ieam/article-abstract/20/5/1747/7821731,,0,"life cycle greenhouse gas emissions, MEP",10.1002/ieam.4942,Simineh Hootmirdoosti; Narjes Okati; Mohsen Nowrouzi; Malihe Erfani,2024-9-1,"<jats:title>Abstract</jats:title>
               <jats:p>Use of effective environmental remediation facilities represents a crucial strategy for water reclamation and addressing the challenges of water scarcity. The objective of this study was to assess the wastewater treatment system (WWTS) in Zabol Industrial Town using the life cycle assessment method. Primary data, collected annually for a functional unit of 1 m3 of wastewater treatment, were subjected to analysis using the ReCiPe, Cumulative Energy Demand, and Intergovernmental Panel on Climate Change (IPCC) methods. Human carcinogenic toxicity (50%), freshwater ecotoxicity (13%), and marine ecotoxicity (10%) were the primary environmental impacts due to the WWTS performance. The discharge of heavy metals during sludge generation, coupled with the consumption of natural gas and oil, especially for electricity production, were pivotal factors contributing to the environmental burdens observed. Furthermore, chemical oxygen demand (COD) (56.34%), electricity consumption (&amp;gt;15.47%), and total phosphorous (&amp;gt;4.49%) significantly threatened human health and ecosystem categories, while fossil fuel consumption had the greatest impact on resources. Nonrenewable fossil fuels, namely, natural gas (47.2%) and oil (38.27%), played a predominant role in the energy provision of the system. The IPCC analysis depicted the emissions of CO2 (86.77%) and CH4 (12.16%) stemming from the process of electricity generation. Based on the outcomes of the sensitivity analysis, implementing a 10% increase in COD yielded an increment in all impacts within the range of 1.40% to 6.83%. Given Iran's geographic location and the unique climatic conditions in Zabul, use of solar and wind energy to energize the WWTS can substantially alleviate its environmental burdens. This study presents a comprehensive framework for evaluating the environmental impact, energy consumption, and carbon footprint of a WWTS. Integr Environ Assess Manag 2024;20:1747–1758. © 2024 SETAC</jats:p>
               <jats:p>Key Points</jats:p>
               <jats:p>Wastewater treatment system (WWTS) operations led to significant human carcinogenic and freshwater and marine ecotoxicity impacts. Heavy metal discharge and fossil fuel consumption were key environmental burdens. The electricity generation process in WWTS led to emission of CO2 (86.77%) and CH4 (12.16%). The switch from fossil fuels to solar and wind energy can greatly reduce WWTS environmental impacts.</jats:p>",https://academic.oup.com/ieam/article-pdf/20/5/1747/59862802/ieam4942.pdf,5
Life-cycle energy and climate benefits of energy recovery from wastes and biomass residues in the United States,150,2019,"… , net energy gain and greenhouse gas (GHG) emission reduction for each distinct type of … As one would expect, MEP results in the highest potential of renewable energy production, …",https://www.nature.com/articles/s41560-019-0430-2,,0,"life cycle greenhouse gas emissions, MEP",10.1038/s41560-019-0430-2,Bo Liu; Deepak Rajagopal,2019-7-22,,https://www.nature.com/articles/s41560-019-0430-2.pdf,135
"A life-cycle assessment of battery electric and internal combustion engine vehicles: A case in Hebei Province, China",95,2019,… The analysis addressed both the fuel life cycle and vehicle life cycle for conventional gasoline and battery electric LDPVs. A scenario analysis was carried out to evaluate the reduction …,https://www.sciencedirect.com/science/article/pii/S0959652619313988,,0,"life cycle greenhouse gas emissions, MEP",10.1016/j.jclepro.2019.04.301,Sainan Shi; Haoran Zhang; Wen Yang; Qianru Zhang; Xuejun Wang,2019-8,,https://api.elsevier.com/content/article/PII:S0959652619313988?httpAccept=text/xml,76
"… natural gas as an alternative to coal for power generation in China: Life cycle analysis of haze pollution, greenhouse gas emission, and resource consumption",75,2018,"… of environmental pollution and emission transfer. This paper uses life cycle assessment to … haze pollution emissions, greenhouse gases emissions, coal resource consumption and …",https://www.sciencedirect.com/science/article/pii/S0959652617328330,,0,"life cycle greenhouse gas emissions, MEP",10.1016/j.jclepro.2017.11.160,Yi Man; Yulin Han; Yusha Hu; Sheng Yang; Siyu Yang,2018-1,,https://api.elsevier.com/content/article/PII:S0959652617328330?httpAccept=text/xml,67
A cradle-to-grave multi-pronged methodology to obtain the carbon footprint of electro-intensive power electronic products,20,2019,… Usage stage emissions consider the difference in emissions generated in an electric system with and without the EIPE device. Saved emissions are 7.2 ton CO 2 eq in Sweden and …,https://www.mdpi.com/1996-1073/12/17/3347,,0,"cradle to gate, electrical system",10.3390/en12173347,Giovanni Andrés Quintana-Pedraza; Sara Cristina Vieira-Agudelo; Nicolás Muñoz-Galeano,2019-8-30,"<jats:p>This paper proposes the application of a cradle-to-grave multi-pronged methodology to obtain a more realistic carbon footprint (CF) estimation of electro-intensive power electronic (EIPE) products. The literature review shows that methodologies for establishing CF have limitations in calculation or are not applied from the conception (cradle) to death (grave) of the product; therefore, this paper provides an extended methodology to overcome some limitations that can be applied in each stage during the life cycle assessment (LCA). The proposed methodology is applied in a cradle-to-grave scenario, being composed of two approaches of LCA: (1) an integrated hybrid approach based on an economic balance and (2) a standard approach based on ISO 14067 and PAS 2050 standards. The methodology is based on a multi-pronged assessment to combine conventional with hybrid techniques. The methodology was applied to a D-STATCOM prototype which contributes to the improvement of the efficiency. Results show that D-STATCOM considerably decreases CF and saves emissions taken place during the usage stage. A comparison was made between Sweden and China to establish the environmental impact of D-STATCOM in electrical networks, showing that saved emissions in the life cycle of D-STATCOM were 5.88 and 391.04 ton CO2eq in Sweden and China, respectively.</jats:p>",https://www.mdpi.com/1996-1073/12/17/3347/pdf,13
Cradle-to-gate life cycle assessment of energy systems for residential applications by accounting for scaling effects,40,2020,This paper addresses the life cycle assessment of renewable and non-renewable energy systems which can be employed for residential applications and provides impact curves which …,https://www.sciencedirect.com/science/article/pii/S1359431119364749,,0,"cradle to gate, electrical system",10.1016/j.applthermaleng.2020.115062,Hilal Bahlawan; Witold-Roger Poganietz; Pier Ruggero Spina; Mauro Venturini,2020-5,,https://api.elsevier.com/content/article/PII:S1359431119364749?httpAccept=text/xml,27
Cradle-to-gate emissions from a commercial electric vehicle Li-ion battery: a comparative analysis,420,2016,"… (module and pack enclosures, electrical system wiring and components, and thermal management system) account for 22% of the cradle-to-gate GHG emissions. The GHG emissions …",https://pubs.acs.org/doi/abs/10.1021/acs.est.6b00830,,0,"cradle to gate, electrical system",10.1021/acs.est.6b00830,Hyung Chul Kim; Timothy J. Wallington; Renata Arsenault; Chulheung Bae; Suckwon Ahn; Jaeran Lee,2016-6-28,,https://pubs.acs.org/doi/pdf/10.1021/acs.est.6b00830,262
Cradle-to-gate Life Cycle Assessment of forest operations in Europe: Environmental and energy profiles,81,2014,… profiles of forest systems. In this study twelve different European forest systems dedicated to … energy points of view considering a cradle-to-gate perspective. The scenarios included the …,https://www.sciencedirect.com/science/article/pii/S095965261300838X,,0,"cradle to gate, electrical system",10.1016/j.jclepro.2013.11.067,Sara González-García; María Teresa Moreira; Ana Cláudia Dias; Blas Mola-Yudego,2014-3,,https://api.elsevier.com/content/article/PII:S095965261300838X?httpAccept=text/xml,54
A cradle to gate life cycle assessment of Turkish lignite used for electricity generation with site-specific data,45,2016,"Coal, a major source for electricity generation in many regions, is expected to keep its position among global energy sources in the next two decades. There are significant life cycle …",https://www.sciencedirect.com/science/article/pii/S0959652616302852,,0,"cradle to gate, electrical system",10.1016/j.jclepro.2016.04.025,Hatice Şengül; Ferda Bayrak; Merih Aydınalp Köksal; Bahtiyar Ünver,2016-8,,https://api.elsevier.com/content/article/PII:S0959652616302852?httpAccept=text/plain,33
A cradle-to-grave life cycle assessment of high-voltage aluminum electrolytic capacitors in China,16,2022,… It is of great significance to improve the area-specific capacitance of aluminum anode foil and the comprehensive electrical performance of high-voltage AECs to reduce their …,https://www.sciencedirect.com/science/article/pii/S0959652622028311,,0,"cradle to gate, electrical system",10.1016/j.jclepro.2022.133244,Cheng Zhang; Junfeng Jing; Liu Yun; Yu Zheng; Haihong Huang,2022-10,,https://api.elsevier.com/content/article/PII:S0959652622028311?httpAccept=text/xml,13
"The cradle to gate life-cycle assessment of thermoelectric materials: A comparison of inorganic, organic and hybrid types",29,2021,"… Accordingly, the aim of the present study is to assess the life cycle impacts of thermoelectric materials at their production stage (cradle to gate) using a life cycle assessment tool called …",https://www.sciencedirect.com/science/article/pii/S2213138821000837,,0,"cradle to gate, electrical system",10.1016/j.seta.2021.101073,Zohreh Soleimani; Stamatis Zoras; Boris Ceranic; Sally Shahzad; Yuanlong Cui,2021-4,,https://api.elsevier.com/content/article/PII:S2213138821000837?httpAccept=text/xml,10
Life Cycle Assessment of Synthetic Natural Gas Production from Different CO2 Sources: A Cradle-to-Gate Study,24,2020,Fuel production from hydrogen and carbon dioxide is considered an attractive solution as long-term storage of electric energy and as temporary storage of carbon dioxide. A large …,https://www.mdpi.com/1996-1073/13/17/4579,,0,"cradle to gate, electrical system",10.3390/en13174579,Eleonora Bargiacchi; Nils Thonemann; Jutta Geldermann; Marco Antonelli; Umberto Desideri,2020-9-3,"<jats:p>Fuel production from hydrogen and carbon dioxide is considered an attractive solution as long-term storage of electric energy and as temporary storage of carbon dioxide. A large variety of CO2 sources are suitable for Carbon Capture Utilization (CCU), and the process energy intensity depends on the separation technology and, ultimately, on the CO2 concentration in the flue gas. Since the carbon capture process emits more CO2 than the expected demand for CO2 utilization, the most sustainable CO2 sources must be selected. This work aimed at modeling a Power-to-Gas (PtG) plant and assessing the most suitable carbon sources from a Life Cycle Assessment (LCA) perspective. The PtG plant was supplied by electricity from a 2030 scenario for Italian electricity generation. The plant impacts were assessed using data from the ecoinvent database version 3.5, for different CO2 sources (e.g., air, cement, iron, and steel plants). A detailed discussion on how to handle multi-functionality was also carried out. The results showed that capturing CO2 from hydrogen production plants and integrated pulp and paper mills led to the lowest impacts concerning all investigated indicators. The choice of how to handle multi-functional activities had a crucial impact on the assessment.</jats:p>",https://www.mdpi.com/1996-1073/13/17/4579/pdf,15
Life cycle assessment of future electric and hybrid vehicles: A cradle-to-grave systems engineering approach,291,2016,Electric mobility is playing an important and growing role in the context of sustainable transport sector development. This study presents the life cycle assessment of an electric car …,https://www.sciencedirect.com/science/article/pii/S0263876216301824,,0,"cradle to gate, electrical system",10.1016/j.cherd.2016.07.003,Carla Tagliaferri; Sara Evangelisti; Federica Acconcia; Teresa Domenech; Paul Ekins; Diego Barletta; Paola Lettieri,2016-8,,https://api.elsevier.com/content/article/PII:S0263876216301824?httpAccept=text/xml,197
Model for cradle-to-gate life cycle assessment of clinker production,125,2009,"… cradle-to-gate LCA model contains a mass flow-based model of the kiln system (denoted here as foreground system), … Top: system boundaries of the cradle-to-gate LCA model. Bottom: …",https://pubs.acs.org/doi/abs/10.1021/es900036e,,0,"cradle to gate, electrical system",10.1021/es900036e,Michael Elias Boesch; Annette Koehler; Stefanie Hellweg,2009-9-3,,https://pubs.acs.org/doi/pdf/10.1021/es900036e,75
Cradle-to-gate life cycle assessment (LCA) of GaN power semiconductor device,32,2024,"… larger system such as a converter [9], whose design depends on the power device electrical … a three-phase AC electrical operating point for a 150 kW load (electric machine) from a 450 …",https://www.mdpi.com/2071-1050/16/2/901,,0,"cradle to gate, electrical system",10.3390/su16020901,Laura Vauche; Gabin Guillemaud; Joao-Carlos Lopes Barbosa; Léa Di Cioccio,2024-1-20,"<jats:p>Wide Band Gap (WBG) semiconductors have the potential to provide significant improvements in energy efficiency over conventional silicon (Si) semiconductors. While the potential for energy efficiency gains is widely researched, the relation to the energy and resource use during manufacturing processes remains insufficiently studied. In order to appraise the performance of the technology thoroughly, issues such as raw material scarcity, toxicity and environmental impacts need to be investigated in detail. However, sparse Life Cycle Assessment (LCA) data are available for the two currently most widespread WBG semiconductor materials, gallium nitride (GaN or GaN/Si) and silicon carbide (SiC). This paper, for the first time, presents a cradle-to-gate life cycle assessment for a GaN/Si power device. To allow for a full range of indicators, life cycle assessment method EF 3.1 was used to analyze the results. The results identify environmental hotspots associated with different materials and processes: electricity consumption for the processes and clean room facilities, direct emissions of greenhouse gases, gold (when used), and volatile organic chemicals. Finally, we compare this result with publicly available data for Si, GaN and SiC power devices.</jats:p>",https://www.mdpi.com/2071-1050/16/2/901/pdf,22
Cradle-to-gate greenhouse gas emissions of battery electric and internal combustion engine vehicles in China,250,2017,"… Electric drive vehicles are equipped with totally different propulsion systems compared with conventional vehicles, for which the energy consumption and cradle-to-gate greenhouse gas …",https://www.sciencedirect.com/science/article/pii/S0306261917305433,,0,"cradle to gate, electrical system",10.1016/j.apenergy.2017.05.041,Qinyu Qiao; Fuquan Zhao; Zongwei Liu; Shuhua Jiang; Han Hao,2017-10,,https://api.elsevier.com/content/article/PII:S0306261917305433?httpAccept=text/xml,170
Cradle-to-gate life cycle assessment of all-solid-state lithium-ion batteries for sustainable design and manufacturing,36,2022,"… It is noticeable that in this study, the US average electric grid is considered for electricity generation. As shown in the table, the manufacturing energy used to fabricate a CR2032 coin …",https://link.springer.com/article/10.1007/s11367-022-02023-2,,0,"cradle to gate, electrical system",10.1007/s11367-022-02023-2,Jingyi Zhang; Xinyou Ke; Yu Gu; Fenfen Wang; Duanyang Zheng; Kang Shen; Chris Yuan,2022-1-24,,https://link.springer.com/content/pdf/10.1007/s11367-022-02023-2.pdf,29
Comparative life cycle assessment of different vacuum insulation panel core materials using a cradle to gate approach,53,2021,"… Pyrogenic silica, glass fibre, expanded polystyrene, aerogel and a silica/sawdust hybrid core were analysed from cradle to gate. The study, on a comparative basis, demonstrates the …",https://www.sciencedirect.com/science/article/pii/S0360132320308684,,0,"cradle to gate, electrical system",10.1016/j.buildenv.2020.107501,Shahaboddin Resalati; Tobechi Okoroafor; Paul Henshall; Nuno Simões; Márcio Gonçalves; Mahmood Alam,2021-1,,https://api.elsevier.com/content/article/PII:S0360132320308684?httpAccept=text/xml,40
Cradle-to-gate and use-phase carbon footprint of a commercial plug-in hybrid electric vehicle lithium-ion battery,34,2023,"… those that are available focus on the cradle-to-gate stage, often with little or … cradle-to-gate and use-phase GHG emissions for the 2020 Model Year Ford Explorer plug-in hybrid electric …",https://pubs.acs.org/doi/abs/10.1021/acs.est.3c01346,,0,"cradle to gate, electrical system",10.1021/acs.est.3c01346,Hyung Chul Kim; Sunghoon Lee; Timothy J. Wallington,2023-7-29,,https://pubs.acs.org/doi/pdf/10.1021/acs.est.3c01346,22
Cradle-to-gate life cycle assessment for a cradle-to-cradle cycle: biogas-to-bioplastic (and back),176,2012,… Biobased alternatives can be rapidly renewed in cradle-to-cradle cycles (1–10 years)… cradle-to-cradle cycle for PHB production are developed and used as the basis for a cradle-to-gate …,https://pubs.acs.org/doi/abs/10.1021/es204541w,,0,"cradle to gate, electrical system",10.1021/es204541w,Katherine H. Rostkowski; Craig S. Criddle; Michael D. Lepech,2012-9-6,,https://pubs.acs.org/doi/pdf/10.1021/es204541w,118
A preliminary environmental assessment of power generation systems for a stand-alone mobile house with cradle to gate approach,9,2011,"… areas without an available electrical grid. Stand-alone hybrid systems hardly have to justify … includes the production of the system components, cradle to gate, the positive or negative …",https://dergipark.org.tr/en/pub/gujs/issue/7420/96924,,0,"cradle to gate, electrical system",10.1049/iet-rpg.2010.0168,S. Hazra; P. Sensarma,2011-9-8,,https://digital-library.theiet.org/content/journals/10.1049/iet-rpg.2010.0168?crawler=true&mimetype=application/pdf,31
Cradle-to-gate environmental impacts of sulfur-based solid-state lithium batteries for electric vehicle applications,43,2018,"In this study, we investigate the cradle-to-gate environmental impacts of a pre-production sulfur-based solid-state lithium pyrite battery suitable for electric vehicle applications. We apply …",https://www.sciencedirect.com/science/article/pii/S0959652618325113,,0,"cradle to gate, electrical system",10.1016/j.jclepro.2018.08.168,Azadeh Keshavarzmohammadian; Sherri M. Cook; Jana B. Milford,2018-11,,https://api.elsevier.com/content/article/PII:S0959652618325113?httpAccept=text/xml,35
Life cycle assessment (cradle to gate) of a Portuguese brick,33,2010,… (from cradle to gate). All inputs to the system related with energy consumption (fuel and electrical … The system outputs comprise emissions into the atmosphere and into water and the …,https://www.researchgate.net/profile/Antonio-Dias-21/publication/255179506_Life_cycle_assessment_cradle_to_gate_of_a_Portuguese_brick/links/541bdcd50cf203f155b33477/Life-cycle-assessment-cradle-to-gate-of-a-Portuguese-brick.pdf,http://scholar.google.com/https://www.researchgate.net/profile/Antonio-Dias-21/publication/255179506_Life_cycle_assessment_cradle_to_gate_of_a_Portuguese_brick/links/541bdcd50cf203f155b33477/Life-cycle-assessment-cradle-to-gate-of-a-Portuguese-brick.pdf,0,"cradle to gate, electrical system",10.1002/9780470649848.ch26,Amy E. Landis,2010-9-15,,https://onlinelibrary.wiley.com/doi/pdf/10.1002/9780470649848.ch26,7
Cradle-to-gate life cycle assessment of global manganese alloy production,73,2016,… 2.1 System boundaries The LCA was a cradle-to-gate study spanning the extraction of manganese ore and manganese smelting in submerged electric arc furnaces and associated on-…,https://link.springer.com/article/10.1007/s11367-015-0995-3,,0,"cradle to gate, electrical system",10.1007/s11367-015-0995-3,Luke Aiden Westfall; Julia Davourie; Mohammed Ali; Doreen McGough,2016-2-8,,http://link.springer.com/content/pdf/10.1007/s11367-015-0995-3.pdf,52
"Understanding the Embodied Carbon in BCR 6 Mechanical, Electrical, and Plumbing Systems",0,2024,"… The first phase reviewed current methodologies and tools for MEP embodied carbon assessment, comparing their applicability, limitations, and select the best suitable method and tool …",https://open.library.ubc.ca/soa/cIRcle/collections/graduateresearch/66428/items/1.0450131,,0,"embodied carbon, MEP",10.2139/ssrn.5007397,Matt Roberts; Claudiane  M. Ouellet-Plamondon; Paul Raftery,2024,,,0
"Embodied carbon in mechanical, electrical, and plumbing systems: A critical literature review",4,2025,"… and plumbing (MEP) systems have … on MEP systems in buildings, selected using a systematic method, to identify: 1) estimates for upfront embodied [A1-A5] and replacement [B4] carbon …",https://www.sciencedirect.com/science/article/pii/S0360132325003051,,0,"embodied carbon, MEP",10.1016/j.buildenv.2025.112823,Matt Roberts; Claudiane Ouellet-Plamondon; Paul Raftery,2025-5,,https://api.elsevier.com/content/article/PII:S0360132325003051?httpAccept=text/xml,4
Material Selection and System Layout to Lower Embodied Carbon of Pipe in an Office Building,1,2024,"… impacts of mechanical, electrical and plumbing (MEP) systems to date. MEP systems rely on … environmental impacts of MEP systems is needed to achieve a net-zero carbon future. LCA …",https://escholarship.org/uc/item/85j5v7kz,,0,"embodied carbon, MEP",10.63044/w24rob01,Matt Roberts; Paul Raftery,2024-6-14,,,0
A look at residential building stock in the United States-mapping life cycle embodied carbon emissions and other environmental impact,46,2023,… knowledge gap concerning embodied carbon in buildings exists … embodied carbon (LCEC) and other life cycle environmental impact (LCEI) from both operational and embodied carbon …,https://www.sciencedirect.com/science/article/pii/S2210670722006370,,0,"embodied carbon, MEP",10.1016/j.scs.2022.104333,Ming Hu,2023-2,,https://api.elsevier.com/content/article/PII:S2210670722006370?httpAccept=text/xml,34
A framework for integrating embodied carbon assessment and construction feasibility in prefabricated stations,55,2023,… We focus on calculating embodied carbon of the prefabricated station at the product and … proportion of components to carbon emission. The difference in carbon footprint contributed by …,https://www.sciencedirect.com/science/article/pii/S0886779822005612,,0,"embodied carbon, MEP",10.1016/j.tust.2022.104920,M.Q. Huang; X.L. Chen; J. Ninić; Y. Bai; Q.B. Zhang,2023-2,,https://api.elsevier.com/content/article/PII:S0886779822005612?httpAccept=text/xml,46
Embodied carbon emissions of the residential building stock in the United States and the effectiveness of mitigation strategies,32,2022,"… policy to reduce embodied carbon emissions is … embodied carbon of the US residential building stock by using 64 archetypes to represent the building stock. Then, the embodied carbon …",https://www.mdpi.com/2225-1154/10/10/135,,0,"embodied carbon, MEP",10.3390/cli10100135,Ming Hu,2022-9-20,"<jats:p>According to the 2021 Global Status Report for Buildings and Construction published by the United Nations Environment Programme, global carbon emissions from the building sector in 2019 were nearly 14 gigatons (Gt), representing 38% of total global carbon emissions, including 10% from building construction. In the United States, the largest knowledge gap regarding embodied carbon in buildings exists at the whole-building level. The first step in creating informative policy to reduce embodied carbon emissions is to map the existing building stock emissions and changes over time to understand the primary contributing building types and hot spots (states), and then to compare and analyze mitigation scenarios. To fill this knowledge gap, this study first developed a bottom-up model to assess the embodied carbon of the US residential building stock by using 64 archetypes to represent the building stock. Then, the embodied carbon characteristics of the current building stock were analyzed, revealing that the primary contributor was single-family detached (SD) houses. The results indicated that the exterior wall was a major contributor, and that small multifamily housing was the most embodied carbon-intense building type. Two scenarios, the baseline scenario and progressive scenario, were formed to evaluate the effectiveness of six mitigation strategies. The progressive scenario with all mitigation strategies (M1–M6) applied produced a total reduction of 33.13 Gt CO2eq (42%) in the cumulative residential building stock related to carbon emissions during 2022–2050, and a total reduction of 88.34 Gt CO2eq (80%) during 2022–2100. The results show that with an embodied carbon emissions reduction in the progressive scenario (42% by 2100), the total embodied carbon emissions comply with the carbon budget of a 2 °C pathway, but will exceed the budget for a 1.5 °C pathway.</jats:p>",https://www.mdpi.com/2225-1154/10/10/135/pdf,28
Modern Opportunities and Innovations in MEP-The Place of Renewable Energy Integration,0,2024,"… By incorporating renewable energy sources into MEP design, the carbon footprint in buildings can be reduced, energy efficiency increased and a sustainable future guaranteed. …",https://ieeexplore.ieee.org/abstract/document/10445035/,,0,"embodied carbon, MEP",10.1109/saupec60914.2024.10445035,Olufunmilayo Alice Mafimidiwo; Akshay Kumar Saha,2024-1-24,,http://xplorestaging.ieee.org/ielx7/10445003/10445004/10445035.pdf?arnumber=10445035,0
Embodied carbon in MEP systems: a simplified life cycle assessment (LCA) method for MEP systems in standard commercial office buildings in the pacific northwest,2,2019,… study to estimate material quantities and embodied carbon of building systems in … MEP) systems play in whole building embodied carbon. Previous studies on building embodied carbon …,https://prometheus.library.iit.edu/index.php/journal/article/view/89,,0,"embodied carbon, MEP",10.1007/s11367-019-01679-7,Graham A. McAuliffe; Taro Takahashi; Michael R. F. Lee,2019-9-7,,http://link.springer.com/content/pdf/10.1007/s11367-019-01679-7.pdf,111
Integration of circular economy principles during the pre-construction stage to enhance the sustainability of MEP works,0,2025,"… MEP works will drastically reduce the high embodied energy footprint”. This statement was confirmed by E05 and E11. Regarding issue P6, 12 strategies were identified to encourage …",https://www.emerald.com/ci/article/doi/10.1108/CI-12-2024-0413/1298489,,0,"embodied carbon, MEP",10.1108/ci-12-2024-0413,Thiwanka Viraj Suraweera Katipe Arachchige; B.A.K.S. Perera; Anuki Sumalya Kavirathna; Yasith Sandaruwan Wijayarathna Mudiyanselage Don,2025-9-17,"<jats:sec>
                  <jats:title>Purpose</jats:title>
                  <jats:p>Upon analysing the potential for sustainable construction, mechanical, electrical and plumbing (MEP) work emerges as crucial for mitigating environmental impact, with the pre-construction phase identified as the most suitable for integrating sustainability practices. Hence, this research aims to investigate the integration of circular economy (CE) principles during the pre-construction stage to enhance the environmental dimensions of sustainability in MEP works.</jats:p>
               </jats:sec>
               <jats:sec>
                  <jats:title>Design/methodology/approach</jats:title>
                  <jats:p>Using a pragmatic philosophical approach, this study adopts a qualitative research methodology comprising a comprehensive literature review and three rounds of semi-structured expert interviews conducted using the Delphi technique. Data collected through multiple Delphi rounds were analysed using manual content analysis.</jats:p>
               </jats:sec>
               <jats:sec>
                  <jats:title>Findings</jats:title>
                  <jats:p>The findings reveal seven key sustainability issues in MEP works, 20 barriers and 23 strategies for integrating CE principles with MEP works to enhance sustainability in the pre-construction stage. This study aligns specific strategies and barriers with each sustainability issue, offering actionable insights for industry application.</jats:p>
               </jats:sec>
               <jats:sec>
                  <jats:title>Originality/value</jats:title>
                  <jats:p>Focusing on integrating CE principles, MEP works and sustainability, this research fills a significant gap in the existing literature. It offers practical insights for the construction industry to adopt more sustainable practices. It highlights the potential of CE principles to enhance resource efficiency, reduce costs and minimise environmental impacts during the pre-construction phase of MEP works. Ultimately, this study contributes to shifting traditional construction practices towards more sustainable approaches, thereby significantly minimising the construction sector’s environmental footprint.</jats:p>
               </jats:sec>",https://www.emerald.com/ci/article-pdf/doi/10.1108/CI-12-2024-0413/10290832/ci-12-2024-0413en.pdf,0
Understanding the embodied carbon credentials of modern methods of construction,8,2025,"… MMC and reduced embodied carbon. Reducing the embodied carbon of buildings requires … went beyond this scope and captured mechanical, electrical and plumbing (MEP) services. …",https://journal-buildingscities.org/en/articles/10.5334/bc.515,,0,"embodied carbon, MEP",10.5334/bc.515,Richard O’Hegarty; Aislinn McCarthy; Jack O’Hagan; Thanat Thanapornpakornsin; Samar Raffoul; Oliver Kinnane,2025-2-19,"<jats:p>This study assesses the embodied carbon credentials of modern methods of construction (MMC) by conducting a critical literature review and synthesis of the findings. While several studies have reviewed the broader impacts of MMC, no other study to date has comprehensively reviewed the embodied carbon credentials of this construction typology. Since MMC is not an internationally recognised term, the assessment is inclusive of other terminology used in different parts of the world – e.g. prefabrication, off-site construction and industrialised construction. The study captures 250 separate studies and distils these to a final sample set of 41 studies and a total of 82 case study comparisons. Although a general perception exists that the adoption of MMC results in embodied carbon savings, the evidence to support this claim is not robust. The results from individual case studies range significantly in both direction and magnitude, and, in the absence of a critical review, considerably different conclusions can be drawn. Upon critique and synthesis of the published studies, it is found that the adoption of MMC has no significant positive, or negative, impact on the embodied carbon of a building.
Policy relevance
MMC have been widely cited as the answer to housing shortages and productivity issues in the construction industry more broadly. They have subsequently attracted political attention and implementation in many regions. Embodied carbon is another topic of continued debate in built environment policy. There is a somewhat hopeful assumption that the adoption of MMC will reduce embodied carbon. But, to date, the evidence to arrive at that assumption has been inconsistent. The literature that compares MMC with traditional construction varies considerably. It is found that there is no broad link between MMC and reduced embodied carbon. Reducing the embodied carbon of buildings requires assessment on a case-by-case basis.</jats:p>",https://account.journal-buildingscities.org/index.php/up-j-bc/article/download/515/601,2
"Evaluating, benchmarking, and reducing embodied carbon of deep retrofit homes with significant extension: Irish case studies",0,2025,"… net-zero energy buildings to zero-carbon buildings by 2030, expanding the current building … embodied and operational carbon emissions. The study highlights the embodied carbon (EC…",https://www.sciencedirect.com/science/article/pii/S2666789425000637,,0,"embodied carbon, MEP",10.1016/j.cesys.2025.100317,Youssef Elkhayat; Paul Moran; Helena McElmeel,2025-9,,https://api.elsevier.com/content/article/PII:S2666789425000637?httpAccept=text/xml,0
Supplementary cementitious materials-based concrete porosity estimation using modeling approaches: A comparative study of GEP and MEP,9,2024,"… GEP has a higher density than MEP [73], dissimilarities encompass the capacity to reuse code in MEP, (i) the explicit encoding of function argument references in the MEP and (ii) the …",https://www.degruyterbrill.com/document/doi/10.1515/rams-2023-0189/html,,0,"embodied carbon, MEP",10.1515/rams-2023-0189,Qiong Tian; Yijun Lu; Ji Zhou; Shutong Song; Liming Yang; Tao Cheng; Jiandong Huang,2024-1-1,"<jats:title>Abstract</jats:title>
               <jats:p>Using supplementary cementitious materials in concrete production makes it eco-friendly by decreasing cement usage and the corresponding CO<jats:sub>2</jats:sub> emissions. One key measure of concrete’s durability performance is its porosity. An empirical prediction of the porosity of high-performance concrete with added cementitious elements is the goal of this work, which employs machine learning approaches. Binder, water/cement ratio, slag, aggregate content, superplasticizer (SP), fly ash, and curing conditions were considered as inputs in the database. The aim of this study is to create ML models that could evaluate concrete porosity. Gene expression programming (GEP) and multi-expression programming (MEP) were used to develop these models. Statistical tests, Taylor’s diagram, <jats:italic>R</jats:italic>
                  <jats:sup>2</jats:sup> values, and the difference between experimental and predicted readings were the metrics used to evaluate the models. With <jats:italic>R</jats:italic>
                  <jats:sup>2</jats:sup> = 0.971, mean absolute error (MAE) = 0.348%, root mean square error (RMSE) = 0.460%, and Nash–Sutcliffe efficiency (NSE) = 0.971, the MEP provided a slightly better-fitted model and improved prediction performance when contrasted with the GEP, which had <jats:italic>R</jats:italic>
                  <jats:sup>2</jats:sup> = 0.925, MAE = 0.591%, RMSE = 0.745%, and NSE = 0.923. Binder, water/binder ratio, curing conditions, and aggregate content had a direct (positive) relationship with the porosity of concrete, while SP, fly ash, and slag had an indirect (negative) association, according to the SHapley Additive exPlanations study.</jats:p>",https://www.degruyter.com/document/doi/10.1515/rams-2023-0189/xml,9
Embodied carbon quantification of luminaires using life cycle assessment and CIBSE TM65 methodologies: A comparison case study,4,2024,"… of the whole-life carbon of MEP systems, TM65 was introduced as a simpler methodology for the industry to become familiar with the concepts of embodied carbon quantification, until …",https://onlinelibrary.wiley.com/doi/abs/10.1111/jiec.13449,,0,"embodied carbon, MEP",10.2139/ssrn.4736264,Siqi Zhao; Gaoxiang Zhang; Han Cui; Jianxin Yang; Ning Ding,2024,,,0
A comparative study on the embodied carbon and operational carbon of a radiant cooling system and an all-air system,1,2023,"… lifespan of embodied carbon was also calculated assuming 50 years, and operational carbon was calculated … In this study, some MEPs were not included in the calculation of embodied …",https://orbit.dtu.dk/en/publications/a-comparative-study-on-the-embodied-carbon-and-operational-carbon/,,0,"embodied carbon, MEP",10.1016/j.enbuild.2023.113668,Kan Shindo; Jun Shinoda; Ongun B. Kazanci; Dragos-Ioan Bogatu; Shin-ichi Tanabe; Bjarne W. Olesen,2023-12,,https://api.elsevier.com/content/article/PII:S0378778823008988?httpAccept=text/xml,7
Materials and service lives alterations impacts on reducing the whole life embodied carbon of buildings: A case study of a student accommodation …,4,2025,… embodied carbon (WLEC) emissions. The study aims to develop a robust methodology for assessing and reducing the WLEC emissions of a new student accommodation development …,https://www.sciencedirect.com/science/article/pii/S2214509525003122,,0,"embodied carbon, MEP",10.1016/j.cscm.2025.e04514,Paul Moran; Jack Flynn; Conor Larkin; Jamie Goggins; Youssef Elkhayat,2025-7,,https://api.elsevier.com/content/article/PII:S2214509525003122?httpAccept=text/xml,0
Cradle-to-gate sustainable target value design: Integrating life cycle assessment and construction management for buildings,106,2015,"… impacts of buildings as … manage the cradle-to-gate life cycle environmental impacts by linking environmental targets with modern construction management methods, to enable buildings …",https://www.sciencedirect.com/science/article/pii/S0959652615002656,,0,"cradle to gate, building management system",10.1016/j.jclepro.2015.03.044,Sarah V. Russell-Smith; Michael D. Lepech,2015-8,,https://api.elsevier.com/content/article/PII:S0959652615002656?httpAccept=text/xml,60
LCA and economic cradle-to-gate analysis on the reuse of a temporary building,2,2024,… The product system and functional unit in the current study is an office building equipment workshop with an area of 80 m 2 and the system boundary is from cradle to gate. Life cycle …,https://link.springer.com/article/10.1007/s11356-024-35132-6,,0,"cradle to gate, building management system",10.1007/s11356-024-35132-6,Ali Katebi; Hadi Hosseinkhah Eghdam; Gholamreza Asadollahfardi,2024-9-27,,https://link.springer.com/content/pdf/10.1007/s11356-024-35132-6.pdf,1
Life cycle assessment of building materials-a cradle-to-gate approach,6,2020,… cradle-to-gate system boundary and includes examples of LCA studies of commonly used building … with a discussion on strategies for reducing environmental load of building materials. …,https://opus.lib.uts.edu.au/bitstream/10453/143436/3/Life%20cycle%20Assessment%20of%20Building%20Materials%20%20A%20Cradle-to-Gate%20Approach%2C%20ERSM%2C%204%2C%20476-488%20%281%29.pdf,http://scholar.google.com/https://opus.lib.uts.edu.au/bitstream/10453/143436/3/Life%20cycle%20Assessment%20of%20Building%20Materials%20%20A%20Cradle-to-Gate%20Approach%2C%20ERSM%2C%204%2C%20476-488%20%281%29.pdf,0,"cradle to gate, building management system",10.1016/b978-0-12-803581-8.10542-9,Grace K.C. Ding,2020,,https://api.elsevier.com/content/article/PII:B9780128035818105429?httpAccept=text/xml,4
Conventional versus modular construction methods: A comparative cradle-to-gate LCA for residential buildings,272,2019,… the main construction methods in the residential building sector. Regardless of different advantages … This paper applies a cradle-to-gate life cycle assessment (LCA) to benchmark the …,https://www.sciencedirect.com/science/article/pii/S0378778819311387,,0,"cradle to gate, building management system",10.1016/j.enbuild.2019.109479,Mohammad Kamali; Kasun Hewage; Rehan Sadiq,2019-12,,https://api.elsevier.com/content/article/PII:S0378778819311387?httpAccept=text/xml,179
Mining life cycle modelling: a cradle-to-gate approach to environmental management in the minerals industry,247,2006,"… LICYMIN was designed as a minerals production LCA system, functioning on the basis of a cradle-to-gate principle. The objective was to include all production, processing and waste …",https://www.sciencedirect.com/science/article/pii/S095965260500051X,,0,"cradle to gate, building management system",10.1016/j.jclepro.2004.12.021,Sevket Durucan; Anna Korre; Gabriela Munoz-Melendez,2006-1,,https://api.elsevier.com/content/article/PII:S095965260500051X?httpAccept=text/xml,124
“Cradle to Gate” assessment of material related embodied carbon: A design stage stratagem for mid-rise housing in Sri Lanka,14,2021,"… to the ‘Cradle-to-Gate’ system boundary, while limiting its focus on building design stage … critical building components. As a case study, multi-storey housing was selected as a critical …",https://www.sciencedirect.com/science/article/pii/S0378778820307805,,0,"cradle to gate, building management system",10.1016/j.enbuild.2020.110542,A.S. Jayawardana; N.G.R. Perera; L.A.S.R. Perera,2021-1,,https://api.elsevier.com/content/article/PII:S0378778820307805?httpAccept=text/xml,11
Cradle-to-gate life cycle assessment of energy and carbon of a residential building in Sri Lanka,26,2018,… presents a cradle-to-gate energy and carbon emission study of a multi-storey residential building in a Sri Lankan university. The total embodied energy and carbon of the building are …,https://jnsfsl.sljol.info/en/articles/10.4038/jnsfsr.v46i3.8487,,0,"cradle to gate, building management system",10.4038/jnsfsr.v46i3.8487,Ramya Priyangani Kumanayake; Hanbin Luo,2018-9-30,,http://jnsfsl.sljol.info/articles/10.4038/jnsfsr.v46i3.8487/galley/6671/download/,12
A comparative cradle-to-gate life cycle assessment of mid-rise office building construction alternatives: Laminated timber or reinforced concrete,342,2012,… cradle-to-construction site gate and encompassed the structural support system and the building … with a five-storey concrete-framed building design were obtained from issued-for-…,https://www.mdpi.com/2075-5309/2/3/245,,0,"cradle to gate, building management system",10.3390/buildings2030245,Adam B. Robertson; Frank C. F. Lam; Raymond J. Cole,2012-7-17,"<jats:p>The objective of this project was to quantify and compare the environmental impacts associated with alternative designs for a typical North American mid-rise office building. Two scenarios were considered; a traditional cast-in-place, reinforced concrete frame and a laminated timber hybrid design, which utilized engineered wood products (cross-laminated timber (CLT) and glulam). The boundary of the quantitative analysis was cradle-to-construction site gate and encompassed the structural support system and the building enclosure. Floor plans, elevations, material quantities, and structural loads associated with a five-storey concrete-framed building design were obtained from issued-for-construction drawings. A functionally equivalent, laminated timber hybrid design was conceived, based on Canadian Building Code requirements. Design values for locally produced CLT panels were established from in-house material testing. Primary data collected from a pilot-scale manufacturing facility was used to develop the life cycle inventory for CLT, whereas secondary sources were referenced for other construction materials. The TRACI characterization methodology was employed to translate inventory flows into impact indicators. The results indicated that the laminated timber building design offered a lower environmental impact in 10 of 11 assessment categories. The cradle-to-gate process energy was found to be nearly identical in both design scenarios (3.5 GJ/m2), whereas the cumulative embodied energy (feedstock plus process) of construction materials was estimated to be 8.2 and 4.6 GJ/m2 for the timber and concrete designs, respectively; which indicated an increased availability of readily accessible potential energy stored within the building materials of the timber alternative.</jats:p>",https://www.mdpi.com/2075-5309/2/3/245/pdf,187
Life cycle assessment of construction materials: Cradle-To-Gate and Cradle-To-Grave approach,6,2019,"… at cradle to gate to grave approach. From the LCA analysis it is shown that the cradle to gate … But for non-renewable and renewable energy, it has less amount for cradle to grave/cradle …",https://www.researchgate.net/profile/Bulbul-Ahmed-6/publication/351513059_Life_Cycle_Assessment_of_Construction_Materials_Cradle-To-_Gate_and_Cradle-To-Grave_Approach/links/67741b86c1b0135465068957/Life-Cycle-Assessment-of-Construction-Materials-Cradle-To-Gate-and-Cradle-To-Grave-Approach.pdf,http://scholar.google.com/https://www.researchgate.net/profile/Bulbul-Ahmed-6/publication/351513059_Life_Cycle_Assessment_of_Construction_Materials_Cradle-To-_Gate_and_Cradle-To-Grave_Approach/links/67741b86c1b0135465068957/Life-Cycle-Assessment-of-Construction-Materials-Cradle-To-Gate-and-Cradle-To-Grave-Approach.pdf,0,"cradle to gate, building management system",10.1007/s42452-019-0721-z,Papon Roy; Md. Danesh Miah; Md. Tasneem Zafar,2019-6-10,,http://link.springer.com/content/pdf/10.1007/s42452-019-0721-z.pdf,18
Environmental impact assessments during construction stage at different geographic levels–a cradle-to-gate analysis of using sustainable concrete materials,18,2022,"… The emission sources from the cradle-to-gate system boundary in the current case study involve embodied emissions from construction materials (E m ), construction equipment (E eq ) …",https://www.emerald.com/insight/content/doi/10.1108/ECAM-10-2020-0846/full/html,,0,"cradle to gate, building management system",10.17762/msea.v71i4.1954,"Trupti Parmar, Siddharth Shah",2022-8-19,"<jats:p>The present study is a comparison of four different concrete mixes using ‘cradle to gate’ life cycle assessment. The aim is to obtain environmental impact, focusing mainly on criteria pollutants (CO, lead (Pb), PM10, NOx, SO2, and volatile organic compounds), global warming potential, energy consumption, and impact categories like human health, ecosystem quality, and resources. Each concrete mix design has different binder combination. CONOPC contains ordinary Portland cement (OPC) as a binder. CONPPC has 27% Fly ash + 73% OPC while CON PSC has 47% ground granulated blast furnace slag (GGBS) + 53% OPC as a binder. CONGP has 100% fly ash as a binder without the use of cement. The comparative results show that all three concrete mixes, i.e., CONPPC, CONPSC, and CONGP, performed better than CONOPC in terms of harmful gas emissions, energy use, and GWP. Further, with respect to three impact categories, CONOPC has the highest score with 11.06 pt and CONGP has the lowest score with 1.68 pt. CONPPC shows a reduction by almost 30% with a value of 7.77 pt whilst CONPSC shows an even further reduction by 46% with a value of 5.95 pt compared to CONOPC. It is recommended that OPC cement should be replaced by either Portland slag cement (PSC) or Portland pozzolana cement (PPC) in concrete production. Geopolymer concrete is also a good substitute for traditional concrete. Recommendations from this work would assist concrete producers to choose the best available options without compromising the performance of concrete while reducing the negative environmental impact during production.</jats:p>",https://philstat.org/index.php/MSEA/article/download/1954/1443,0
A comparative cradle-to-gate life cycle assessment of three concrete mix designs,219,2016,… This study intended to carry out a ‘cradle-to-gate’ life cycle assessment (LCA) on concrete … This paper is therefore to report a ‘cradle-to-gate’ LCA method on concrete mix designs which …,https://link.springer.com/article/10.1007/s11367-016-1045-5,,0,"cradle to gate, building management system",10.1007/s11367-016-1045-5,Michael W. Tait; Wai M. Cheung,2016-2-5,,http://link.springer.com/content/pdf/10.1007/s11367-016-1045-5.pdf,164
Review and mapping of parameters for the early stage design of adaptive building technologies through life cycle assessment tools,38,2019,"… The production stage (A1–A3), subdivided into three sub-steps (A1 raw materials supply, A2 transport, A3 manufacturing), covers the cradle to gate processes for materials and services …",https://www.mdpi.com/1996-1073/12/9/1729,,0,"cradle to gate, building management system",10.3390/en12091729,Alessandra Battisti; Sandra G. L. Persiani; Manuela Crespi,2019-5-7,"<jats:p>Adaptive Building Technologies have opened up a growing field of architectural research aimed at improving the overall building performance, ensuring comfort while reducing operational energy consumption. Focusing on flexibility over short timeframes, these new technologies are however rarely designed within the broader frame of sustainability over their entire lifecycle. How sustainable these zero energy technologies really are is yet to be established. The purpose of the research is to develop a flexible easy-to-use Life Cycle Assessment (LCA) tool to support creative innovation and sustainable design choices in the early concept and design stages of Adaptive Building Technologies. This paper reports on the results of the first step of the research, providing a mapping in terms of structure and contents of the parameters involved in the design of these technologies. Addressed from a holistic point of view, the elements of the system were defined though a qualitative approach: relevant parameters were collected through document analysis, reviewing the state-of-the-art technology through online databases as ScienceDirect, Scopus, MDPI, ResearchGate, and organized according to hierarchy and relevance in the different life cycle stages. As a result, the paper identifies (1) relevant parameters defining the design of Adaptive Building Technologies; (2) materials, processes and concepts specific to the design of these technologies, as compared to conventional building technologies; (3) issues and knowledge gaps to enable successive research phases; (4) specific actions in each life cycle stage for designers and producers to optimize the design of the technology. The mapping graphically and hierarchically organizes the elements of the system within a flexible structure to be implemented and integrated over time, as the technology evolves, to support parametric design and enable alternative design concepts to arise within a cradle-to-cradle perspective.</jats:p>",https://www.mdpi.com/1996-1073/12/9/1729/pdf,23
Towards a sustaining architecture for the 21st century: the promise of cradle-to-cradle design,177,2003,"… Rematerialization on a large scale can be achieved through a nutrient management system we call intelligent materials pooling. This system, designed to effectively manage flows of …",https://c2cexpolab.eu/resources/uploads/2023/12/McDonough-Towards-a-sustaining-architecture-for-the-21st-century-the-promise-of-cradle-to-cradle-design_0.pdf,http://scholar.google.com/https://c2cexpolab.eu/resources/uploads/2023/12/McDonough-Towards-a-sustaining-architecture-for-the-21st-century-the-promise-of-cradle-to-cradle-design_0.pdf,0,"cradle to gate, building management system",10.1093/gao/9781884446054.article.t020091,Christopher Gilbert,2003,,,0
"Environmental impacts and benefits of the end-of-life of building materials–calculation rules, results and contribution to a “cradle to cradle” life cycle",200,2014,"… The aim of this paper is to improve the contribution of the Life Cycle Assessment (LCA) methodology to setting up a cradle to cradle (C2C) life cycle of building materials. For this, the …",https://www.sciencedirect.com/science/article/pii/S0959652613007087,,0,"cradle to gate, building management system",10.1016/j.jclepro.2013.10.028,J.D. Silvestre; J. de Brito; M.D. Pinheiro,2014-3,,https://api.elsevier.com/content/article/PII:S0959652613007087?httpAccept=text/xml,127
Continuing the building's cycles: A literature review and analysis of current systems theories in comparison with the theory of Cradle to Cradle,106,2014,"… the negative environmental impact of buildings. The systems theory of C2C however aims at a … This paper reviews contemporary systems theories and analyses them in the light of C2C, …",https://www.sciencedirect.com/science/article/pii/S0921344913002140,,0,"cradle to gate, building management system",10.1016/j.resconrec.2013.10.007,Suzanne van Dijk; Martin Tenpierik; Andy van den Dobbelsteen,2014-1,,https://api.elsevier.com/content/article/PII:S0921344913002140?httpAccept=text/xml,50
… -to-grave life-cycle assessment within the built environment: Comparison between the refurbishment and the complete reconstruction of an office building in …,124,2018,"… the need to refurbish old buildings, in order to … of buildings. To achieve this aim, this paper aims at updating an existing tool that enables to carry out the life cycle assessment of buildings…",https://www.sciencedirect.com/science/article/pii/S0301479718301622,,0,"cradle to gate, building management system",10.1016/j.jenvman.2018.02.055,Anne-Françoise Marique; Barbara Rossi,2018-10,,https://api.elsevier.com/content/article/PII:S0301479718301622?httpAccept=text/xml,76
Cradle-to-cradle design: creating healthy emissions–a strategy for eco-effective product and system design,1948,2007,"… and tools such as cleaner production and environmental management systems i … of the linear, cradle-to-grave flow of materials through industrial systems. They presuppose a system of …",https://www.sciencedirect.com/science/article/pii/S0959652606002587,,0,"cradle to gate, building management system",10.1016/j.jclepro.2006.08.003,Michael Braungart; William McDonough; Andrew Bollinger,2007-9,,https://api.elsevier.com/content/article/PII:S0959652606002587?httpAccept=text/xml,732
A method and tool for 'cradle to grave'embodied carbon and energy impacts of UK buildings in compliance with the new TC350 standards,266,2013,"… This paper describes the design of a whole life (cradle to grave) embodied carbon and energy tool for UK buildings (ECEB) to be used at an early design stage, designed as a response …",https://www.sciencedirect.com/science/article/pii/S0378778813004374,,0,"cradle to gate, building management system",10.1016/j.enbuild.2013.07.046,A.M. Moncaster; K.E. Symons,2013-11,,https://api.elsevier.com/content/article/PII:S0378778813004374?httpAccept=text/xml,162
Cradle-to-grave emissions from food loss and waste represent half of total greenhouse gas emissions from food systems,177,2023,"… cradle to grave. Here GHG emissions due to FLW in supply chain and waste management systems … from the supply chain and waste management systems in 2017, which accounted for …",https://www.nature.com/articles/s43016-023-00710-3,,0,"cradle to gate, building management system",10.1038/s43016-023-00710-3,Jingyu Zhu; Zhenyi Luo; Tingting Sun; Wenxuan Li; Wei Zhou; Xiaonan Wang; Xunchang Fei; Huanhuan Tong; Ke Yin,2023-3-13,,https://www.nature.com/articles/s43016-023-00710-3.pdf,136
Detailed assessment of embodied carbon of HVAC systems for a new office building based on BIM,114,2020,"… the embodied carbon of the whole building. The importance of reducing embodied carbon is … “Bringing Embodied Carbon Upfront” [12], which outlines the vision of zero operational and …",https://www.mdpi.com/2071-1050/12/8/3372,,0,"upfront embodied carbon, HVAC",10.3390/su12083372,Christina Kiamili; Alexander Hollberg; Guillaume Habert,2020-4-21,"<jats:p>The global shift towards embodied carbon reduction in the building sector has indicated the need for a detailed analysis of environmental impacts across the whole lifecycle of buildings. The environmental impact of heating, ventilation, and air conditioning (HVAC) systems has rarely been studied in detail. Most of the published studies are based on assumptions and rule of thumb techniques. In this study, the requirements and methods to perform a detailed life cycle assessment (LCA) for HVAC systems based on building information modelling (BIM) are assessed and framed for the first time. The approach of linking external product data information to objects using visual programming language (VPL) is tested, and its benefits over the existing workflows are presented. The detailed BIM model of a newly built office building in Switzerland is used as a case study. In addition, detailed project documentation is used to ensure the plausibility of the calculated impact. The LCA results show that the embodied impact of the HVAC systems is three times higher than the targets provided by the Swiss Energy Efficiency Path (SIA 2040). Furthermore, it is shown that the embodied impact of HVAC systems lies in the range of 15–36% of the total embodied impact of office buildings. Nevertheless, further research and similar case studies are needed to provide a robust picture of the embodied environmental impact of HVAC systems. The results could contribute to setting stricter targets in line with the vision of decarbonization of the building sector.</jats:p>",https://www.mdpi.com/2071-1050/12/8/3372/pdf,61
Exploring the significance of transportation emissions in upfront embodied carbon in buildings,12,2025,… Addressing embodied carbon associated with building materials is urgent. Transportation (… their significance in upfront (here A1-A4) embodied carbon. Transportation scenarios are …,https://www.sciencedirect.com/science/article/pii/S0360132324012988,,0,"upfront embodied carbon, HVAC",10.1016/j.buildenv.2024.112457,Fiona Greer; Arpad Horvath,2025-2,,https://api.elsevier.com/content/article/PII:S0360132324012988?httpAccept=text/xml,9
Integrating Concrete Structures with HVAC Energy Modeling,0,2025,"… Increased material production and construction will increase costs and the embodied carbon of a project upfront. However, this increased mass will reduce energy consumption, …",https://peer.asee.org/integrating-concrete-structures-with-hvac-energy-modeling,,0,"upfront embodied carbon, HVAC",10.14359/51746684,,2025,,https://www.concrete.org/publications/getarticle.aspx?m=icap&pubid=51746684,0
"Built Environment 2050: Integrating Efficiency, Health, and Carbon Neutrality Across Buildings and Cities",0,2025,"… operational energy, reduce embodied carbon, improve indoor air … and HVAC conversions where policy incentives, carbon … avoids large upfront emissions, while low-carbon concrete …",https://energyconversions.org/index.php/ecm/article/view/51,,0,"upfront embodied carbon, HVAC",10.3390/books978-3-7258-5060-0,,2025-9-11,,,0
Embodied Carbon and the Nuances in Office-to-Residential Conversions,5,2024,"… , and HVAC systems can be saved, the reduction in carbon … augment or diminish the embodied carbon footprint, which is … The PSM focuses on the up-front carbon emissions emitted …",https://www.mdpi.com/2071-1050/16/7/2711,,0,"upfront embodied carbon, HVAC",10.3390/su16072711,Emmanuel Kofi Gavu; Richard B. Peiser,2024-3-26,"<jats:p>Reducing carbon emissions associated with buildings is a top priority for mitigating the human impacts from climate change. Reducing carbon emissions resulting from the manufacturing, designing, constructing, investing, owning, operating, occupying, renovating, and demolishing of buildings is essential to safeguard the environment from negative consequences. This paper relates to the environment and human influence on the climate and addresses the different amounts of embedded carbon for building activities ranging from new buildings to major renovations to minor renovations, using a methodology termed the “whole-life carbon measurement”. The data from the case studies indicate that refurbished or renovated buildings exhibit the least carbon footprint compared to other alternatives. This outcome can be attributed to the sustainable practice of reusing materials, coupled with the positive effects of retrofitting. The expectation that refurbished buildings would demonstrate a lower carbon footprint aligns with the principles of sustainability, emphasizing the environmental benefits of repurposing existing structures. While embedded carbon is currently not priced, it is important that it be accurately measured over the entire life cycle of buildings if the real estate industry is to meet sustainability goals.</jats:p>",https://www.mdpi.com/2071-1050/16/7/2711/pdf,5
Deriving and mitigating the upfront carbon of a large-scale industrial project,0,2022,… The upfront carbon is part of the embodied carbon but only refers to the … to be used to determine the carbon footprint of systems such as HVAC. Similar problems occurred for various …,https://lup.lub.lu.se/student-papers/search/publication/9094062,,0,"upfront embodied carbon, HVAC",10.1186/s40536-022-00143-7,Alec I. Kennedy; Ana María Mejía-Rodríguez; Andrés Strello,2022-12-26,"<jats:title>Abstract</jats:title><jats:sec>
                <jats:title>Background</jats:title>
                <jats:p>Remote learning, or synchronous or asynchronous instruction provided to students outside the classroom, was a common strategy used by schools to ensure learning continuity for their students when many school buildings were forced to shut down due to the COVID-19 pandemic. Differences in technology infrastructures, digital competencies of students and teachers, and home supports for learning likely led to inequalities in the way remote learning reached and was perceived by students. This study seeks to understand how student perspectives on remote learning varied across and within several countries.</jats:p>
              </jats:sec><jats:sec>
                <jats:title>Methods</jats:title>
                <jats:p>Building off a conceptual framework developed to understand remote learning success and using data from the Responses to Education Disruption Survey (REDS) student questionnaire from seven countries, we construct measures of student perceptions of three essential components of successful remote learning: <jats:italic>Access to Suitable Technology</jats:italic>, <jats:italic>Effective Teachers</jats:italic>, and <jats:italic>Engaged Students</jats:italic>. We then compare values on these scales across and within countries to identify inequalities in remote learning quality during school closures. We also investigate the extent to which schools implemented supports for remote learning across countries.</jats:p>
              </jats:sec><jats:sec>
                <jats:title>Results</jats:title>
                <jats:p>We find evidence of across country variation in remote learning quality with certain countries having much lower values on our remote learning quality scales compared to other countries in our sample. Furthermore, we identify within-country inequalities in access to and confidence in using technology with low-SES students, girls, and those living in rural areas having lower values on these measures. Furthermore, we find some evidence of within-country inequalities in student engagement across socioeconomic groups. In contrast, we do not find as many inequalities in our measures of effective teachers. In most countries, schools provided several supports to improve remote learning.</jats:p>
              </jats:sec><jats:sec>
                <jats:title>Conclusions</jats:title>
                <jats:p>While inequalities in remote learning experiences were anticipated and confirmed by our results, we find it promising that, in some countries, inequalities in access to and confidence in using technology as well as student engagement did not extend to inequalities in perceptions of teacher effectiveness and support. Schools’ efforts to support remote learning, regardless of student background, should be seen as a positive and illustrate their resilience in the face of many challenges.</jats:p>
              </jats:sec>",https://link.springer.com/content/pdf/10.1186/s40536-022-00143-7.pdf,16
Achieving net zero embodied carbon in structural materials by 2050,13,2020,"… cladding, floor finishes, partitions and HVAC systems. These studies suggest that the … the time-value of carbon emissions, since the up-front emissions associated with the construction of …",https://www.researchgate.net/profile/Mark-Webster-7/publication/340738973_Achieving_Net_Zero_Embodied_Carbon_in_Structural_Materials_by_2050/links/5e9b1c844585150839e7d2c4/Achieving-Net-Zero-Embodied-Carbon-in-Structural-Materials-by-2050.pdf,http://scholar.google.com/https://www.researchgate.net/profile/Mark-Webster-7/publication/340738973_Achieving_Net_Zero_Embodied_Carbon_in_Structural_Materials_by_2050/links/5e9b1c844585150839e7d2c4/Achieving-Net-Zero-Embodied-Carbon-in-Structural-Materials-by-2050.pdf,0,"upfront embodied carbon, HVAC",10.20944/preprints202007.0576.v1,Jeffrey Amelse,2020-7-24,"<jats:p>Mitigation of global warming requires an understanding of where energy is produced and consumed, the magnitude of carbon dioxide generation, and proper understanding of the Carbon Cycle. The latter leads to the distinction between and need for both CO2 and biomass CARBON sequestration. Short reviews are provided for prior technologies proposed for reducing CO2 emissions from fossil fuels or substituting renewable energy, focusing on their limitations. None offer a complete solution. Of these, CO2 sequestration is poised to have the largest impact. We know how to do it. It will just cost money, and scale-up is a huge challenge. Few projects have been brought forward to semi-commercial scale. Transportation accounts for only about 30% of U.S. overall energy demand. Biofuels penetration remains small, and thus, they contribute a trivial amount of overall CO2 reduction, even though 40% of U.S. corn and 30% of soybeans are devoted to their production. Bioethanol is traced through its Carbon Cycle and shown to be both energy inefficient, and an inefficient use of biomass carbon. Both biofuels and CO2 sequestration reduce FUTURE CO2 emissions from continued use of fossil fuels. They will not remove CO2 ALREADY in the atmosphere. The only way to do that is to break the Carbon Cycle by growing biomass from atmospheric CO2 and sequestering biomass CARBON. Theoretically, sequestration of only a fraction of the world&amp;rsquo;s tree leaves, which are renewed every year, can get the world to Net Zero CO2 without disturbing the underlying forests.</jats:p>",,0
Building Envelope Design Optimization for Embodied and Operational Carbon Emissions,0,2024,"… i) embodied carbon, ii) operational carbon, and iii) total carbon emissions. Comparison among design combinations with optimum values shows that WWR is the most important design …",https://ucalgary.scholaris.ca/items/e7704fd5-3285-43d8-a519-f2abf591a737,,0,"upfront embodied carbon, HVAC",10.4324/9781003342342-23,Ljubomir Jankovic,2024-4-25,,,0
Embodied and Operational Carbon in Buildings,0,,"… cantly soon, embodied energy and embodied carbon will be one of … – Upfront carbon: The emissions caused in the material’s … begins to be used are upfront carbon. In contrast to other …",https://link.springer.com/content/pdf/10.1007/978-981-97-7187-5.pdf,http://scholar.google.com/https://link.springer.com/content/pdf/10.1007/978-981-97-7187-5.pdf,0,"upfront embodied carbon, HVAC",10.1007/978-981-97-7187-5_1,Shveta Mohan; Vijayalaxmi J.,2024,,https://link.springer.com/content/pdf/10.1007/978-981-97-7187-5_1,0
Retrofitting homes in Ontario entails significant embodied emissions: new policies needed,0,2025,… the embodied carbon of new buildings (Carbon Neutral … of any policies that directly target embodied carbon in retrofits. For … carbon emissions should prioritize heat pumps using upfront …,https://www.tandfonline.com/doi/abs/10.1080/14693062.2024.2390520,,0,"upfront embodied carbon, HVAC",10.1016/j.cesys.2025.100317,Youssef Elkhayat; Paul Moran; Helena McElmeel,2025-9,,https://api.elsevier.com/content/article/PII:S2666789425000637?httpAccept=text/xml,0
Quantifying thermal comfort and carbon savings from energy-retrofits in social housing,44,2021,… This paper characterizes carbon emissions and changes to indoor thermal conditions … magnitude such that the operational carbon savings to embodied carbon investment range from 23…,https://www.sciencedirect.com/science/article/pii/S0378778821002346,,0,"upfront embodied carbon, HVAC",10.1016/j.enbuild.2021.110950,D. Vakalis; E. Diaz Lozano Patino; T. Opher; M.F. Touchie; K. Burrows; H.L. MacLean; J.A. Siegel,2021-6,,https://api.elsevier.com/content/article/PII:S0378778821002346?httpAccept=text/xml,30
"Embodied carbon emissions in buildings: explanations, interpretations, recommendations",67,2022,"… Since upfront emissions are an important part of embodied carbon and immediately consume parts of the remaining global budget for greenhouse gas (GHG) emissions, it is particularly …",https://journal-buildingscities.org/articles/10.5334/bc.257?utm_source=chatgpt.com,,0,"upfront embodied carbon, HVAC",10.5334/bc.257,Thomas Lützkendorf; Maria Balouktsi,2022,,https://storage.googleapis.com/jnl-up-j-bc-files/journals/1/articles/257/submission/proof/257-1-6985-1-10-20221121.pdf,37
How Building Decarbonization Can Transform HVAC.,15,2021,"… In addition to operational carbon, buildings have embodied carbon. Embodied carbon is the … in overall lower energy consumption and less up-front cost. If a commercial building …",https://pointenergysf.com/wp-content/uploads/2023/09/Decarbonization_ASHRAE-Journal.pdf,http://scholar.google.com/https://pointenergysf.com/wp-content/uploads/2023/09/Decarbonization_ASHRAE-Journal.pdf,0,"upfront embodied carbon, HVAC",10.4324/9780429331176-1,Dubs,2021-11-3,,,0
Priorities in building decarbonization: Accounting for total carbon and the time value of carbon in cost-benefit analyses of residential retrofits,2,2022,"… both operational and embodied carbon in building retrofits, very … carbon allowed us to capture the upfront impacts from high-… We utilized Design Builder’s Simple HVAC functionality to …",https://search.proquest.com/openview/6756064e70467f424c18099ed31b897e/1?pq-origsite=gscholar&cbl=18750&diss=y,,0,"upfront embodied carbon, HVAC",10.4337/9781839105760.00011,,2022,,,0
Embodied carbon and reuse of technical installations: An adaptive reuse project in Sweden,0,2025,"… whole life cycle, with significant upfront carbon reduction, and achieve net zero embodied … and HVAC manufacturers to investigate the potential of reusing different HVAC components. …",https://www.diva-portal.org/smash/record.jsf?pid=diva2:1982400,,0,"upfront embodied carbon, HVAC",10.1201/9781003658641-54,M.N. Darling; G. Schwellenbach,2025-6-30,,,0
Assessing whole-life carbon emissions and retrofit strategies using integrated building stock and energy modeling at the metropolitan scale,1,2025,"… emissions; yet, current carbon mitigation strategies focus primarily on … embodied carbon within existing building stocks. This critical oversight represents a fundamental gap in carbon …",https://www.sciencedirect.com/science/article/pii/S037877882501062X,,0,"upfront embodied carbon, HVAC",10.32920/29873708,Fatma Osman,2025-11-7,"<jats:p>&lt;p dir=""ltr""&gt;Life cycle assessments (LCAs) of buildings provide a means to understanding the whole life carbon of the built environment, which can facilitate decision-making about efficient building systems and low carbon design approaches. This paper conducted LCAs on two existing social housing buildings undergoing retrofits. The two buildings were assessed in terms of operational and embodied carbon emissions in three scenarios, the existing building, a retrofit following the Ontario Building Code requirements, and a retrofit approach designed by TCHC. This research examined ways to balance embodied and operational energy consumption and assessed retrofit options to reduce the whole-life carbon of buildings. Energy Plus and One Click LCA software were used to conduct building simulations. The results suggest that while the TCHC retrofit has the lowest whole-life carbon emissions, the OBC design using an air source heat pump (ASHP) also significantly reduces emissions. The low emission factor of electricity in Ontario contributes to the OBC with ASHP's low carbon emissions compared to natural gas-powered systems. Therefore, electrification in Ontario’s context can be a viable pathway to reducing carbon emissions in the built environment. The paper also highlights the importance of electricity grid emissions reductions and how the energy factors of electricity can directly impact building whole-life carbon.&lt;/p&gt;</jats:p>",,0
Lean Building Systems: Understanding the opportunities for carbon reduction with decentralised ventilation for a UK Office Case Study,0,,… and embodied carbon of office ventilation systems. A centralised system (left) utilises large central Air … Considering the upfront and life cycle embodied carbon components of net zero …,https://www.researchgate.net/profile/Harry-Sumner/publication/391275764_Lean_Building_Systems_Understanding_the_opportunities_for_carbon_reduction_with_decentralised_ventilation_for_a_UK_Office_Case_Study/links/6810ff23ded43315573e48eb/Lean-Building-Systems-Understanding-the-opportunities-for-carbon-reduction-with-decentralised-ventilation-for-a-UK-Office-Case-Study.pdf,http://scholar.google.com/https://www.researchgate.net/profile/Harry-Sumner/publication/391275764_Lean_Building_Systems_Understanding_the_opportunities_for_carbon_reduction_with_decentralised_ventilation_for_a_UK_Office_Case_Study/links/6810ff23ded43315573e48eb/Lean-Building-Systems-Understanding-the-opportunities-for-carbon-reduction-with-decentralised-ventilation-for-a-UK-Office-Case-Study.pdf,0,"upfront embodied carbon, HVAC",10.1016/j.cles.2023.100096,F.W. Yu; W.T. Ho,2024-4,,https://api.elsevier.com/content/article/PII:S2772783123000468?httpAccept=text/xml,4
A Whole Building Life-Cycle Assessment Methodology and its Application for Carbon Footprint Analysis of US Commercial Buildings,0,,"… have the lowest embodied carbon but the highest use-phase carbon; … impact, but heat pumps tend to have higher embodied carbon. … • HVAC embodied carbon constitutes a small but …",http://jcai.oucreate.com/wp-content/uploads/2022/10/Building-LCA_2021-accepted-manuscript-clean.pdf,http://jcai.oucreate.com/wp-content/uploads/2022/10/Building-LCA_2021-accepted-manuscript-clean.pdf,0,"upfront embodied carbon, HVAC",10.1080/19401493.2022.2107071,Hao Zhang; Jie Cai; James E. Braun,2022-9-2,,https://www.tandfonline.com/doi/pdf/10.1080/19401493.2022.2107071,7
Life cycle assessment of an experimental solar HVAC system and a conventional HVAC system,17,2022,"Solar heating ventilating air conditioning systems are useful tools to meet the objectives of the European Commission in terms of sustainability in buildings, since their use can reduce …",https://www.sciencedirect.com/science/article/pii/S0378778821009816,,0,"cradle to gate, HVAC",10.1016/j.enbuild.2021.111697,Jesús Castillo-González; Francisco Comino; Francisco J. Navas-Martos; Manuel Ruiz de Adana,2022-2,,https://api.elsevier.com/content/article/PII:S0378778821009816?httpAccept=text/xml,11
"Comparative life cycle assessment of alternative heating, ventilation and air-conditioning (HVAC) systems for poultry houses",1,2025,… Alternative HVAC systems have been well studied for … egg production compared to conventional HVAC systems across all … life cycle impacts of conventional HVAC systems per tonne …,https://www.sciencedirect.com/science/article/pii/S0301479725015178,,0,"cradle to gate, HVAC",10.1016/j.jenvman.2025.125541,Leandra Vanbaelinghem; Vivek Arulnathan; Andrea Costantino; Nathan Pelletier,2025-5,,https://api.elsevier.com/content/article/PII:S0301479725015178?httpAccept=text/xml,0
An insight into environmental footprints of emerging air-conditioning systems towards sustainable cities,17,2023,"In this study, the environmental impacts of six conventional and modern air conditioning systems, including vapor-compression air conditioning (VAC), hybrid membrane-based air …",https://www.sciencedirect.com/science/article/pii/S2210670723004419,,0,"cradle to gate, HVAC",10.1016/j.scs.2023.104830,Benyamin Bordbar; Arash Khosravi; Farideh Abdollahi; Seyyed Abdollatif Hashemifard; Seçkin Karagöz,2023-11,,https://api.elsevier.com/content/article/PII:S2210670723004419?httpAccept=text/xml,14
Climate impact from HVAC systems in the production and construction phase: A case study of two university buildings in Sweden,2,2023,"… As of today, the magnitude of the climate impact of the HVAC systems is currently uncertain … This study therefore intends to increase the knowledge regarding the climate impact of HVAC …",https://odr.chalmers.se/items/91666cae-216e-4020-9e98-02eb0080256c,,0,"cradle to gate, HVAC",10.47191/etj/v8i11.12,; Biatma Syanjayanta,2023-11-17,"<jats:p>Detailed structural planning of a multi-storey building requires a long and complicated series of analysis and calculation processes, which are based on certain technical assumptions and considerations The aim of the activity is to inspect the condition of the structure of the stalled building in KDP status, both in terms of material quality and other structural properties such as dimensions, layout and number of reinforcements and the strength of the structure itself. After that, an overall structural analysis of the building is carried out to determine the structural dimensions that meet the requirements. The results of this research, namely, based on the results of the inspection and analysis of existing conditions, state that, a building in construction under construction (KDP) status that has been abandoned for several years means the structure has experienced changes in strength so that it no longer corresponds to the initial calculations, both in terms of strength and cost. Policy makers must be more careful in determining budgets so that they do not hinder the implementation of construction work which results in buildings being stalled. Which of course will affect a number of things which will certainly be detrimental to all parties, especially government buildings whose source of funds comes from paying public taxes.</jats:p>",,0
Measurement of embodied carbon and energy of HVAC facilities in healthcare centers,60,2021,… (HVAC) facility in buildings consumes large amounts of energy. The aim of this work is to quantify the embodied carbon and energy of HVAC … -considering HVAC installations lifetime …,https://www.sciencedirect.com/science/article/pii/S0959652620351957,,0,"cradle to gate, HVAC",10.1016/j.jclepro.2020.125151,Justo García-Sanz-Calcedo; Nuno de Sousa Neves; João Paulo Almeida Fernandes,2021-3,,https://api.elsevier.com/content/article/PII:S0959652620351957?httpAccept=text/xml,36
Development of a Cradle-to-Grave Greenhouse Gas Emission Baseline for a Residential Prototype Home in the United States: Methodology and Implications,0,,"… heating, ventilation, and air conditioning (HVAC) system and … We estimated that the cradle-to-gate embodied GHG emissions … The cradle-to-grave embodied emissions are 324 kg …",https://papers.ssrn.com/sol3/papers.cfm?abstract_id=4765518,,0,"cradle to gate, HVAC",10.2139/ssrn.4765518,Michele Morales; Robert Ries; Thomas Sykora; Hao Cai,2024,,,0
Life Cycle Assessment of Building Digitalization: Evaluating the Environmental Impact of IoT-Based HVAC System in Residential Complex,0,2025,"… in the Heating Ventilation and Air Conditioning (HVAC) system in buildings. The research is … , Sweden, managed by Botrygg underwent an HVAC upgrade at the end of 2023, with the …",https://www.diva-portal.org/smash/record.jsf?pid=diva2:2001934,,0,"cradle to gate, HVAC",10.1016/j.eiar.2025.107944,Yash Aryan; Anil Kumar Dikshit; Amar Mohan Shinde,2025-7,,https://api.elsevier.com/content/article/PII:S0195925525001416?httpAccept=text/xml,4
Evaluating carbon payback time by optimizing insulation materials for different orientations: A cradle-to-gate life cycle assessment,7,2025,"… Buildings may reduce energy usage by thermally insulating the envelopes to reduce heating and cooling loads.Hence, regardless of the kind of structure, thermal insulation material (…",https://journals.sagepub.com/doi/abs/10.1177/0958305X231193871,,0,"cradle to gate, HVAC",10.5194/egusphere-egu25-4694,Hyo young Kim; Daehyun Wee,2025-3-18,"<jats:p>&amp;#160;Thermoelectric coolers (TECs) differ from conventional cooling devices that use refrigerants in that they utilize the Peltier effect to convert electrical energy into thermal energy, generating a cooling effect [1]. Therefore, unlike conventional cooling devices that use refrigerants such as CFCs, which have a high global warming potential and emit greenhouse gases, thermoelectric coolers have a different environmental impact. Particularly during the usage phase, since electrical energy is converted into thermal energy during operation, it is important to assess the emissions during electrical energy generation. Particularly, the COP of thermoelectric coolers is currently much lower compared to conventional coolers [2], meaning that a greater amount of electrical power is required to achieve the same cooling amount.&amp;#160;Additionally, during the production phase, the manufacturing of alumina plates generates 90.7% of greenhouse gas emissions, and the sintering process involved in the production of alumina plates contributes 87.3% of the emissions. The primary cause of greenhouse gas emissions during the sintering process is the high temperature and pressure, and the large amount of power used to compact the powder. Therefore, methods to reduce energy consumption should be considered to address the hotspots of the sintering process and reduce the greenhouse gases associated with alumina plates production phase.&amp;#160;Consequently, possible methods and quantities of greenhouse gas reduction were aimed to be identified by improving the process to reduce energy consumption in the sintering process. In addition, since the main input material is electricity, there is a way for the grid mix to become more eco-friendly. For this purpose, a method of adding sintering aids and applying eco-friendly grid mix is considered. Sintering aids can reduce energy consumption by up to 1.4 times [3], resulting in 28.6% reduction in emissions during the sintering process, from 466.1 kg CO2-eq to 333.0 kg CO2-eq. Additionally, producing with the 2030 power grid mix, which reduces fossil fuel use and increases renewable energy, results in a reduction of 80.0kg CO2-eq, leading to a 38.6% decrease in emissions during sintering process.&amp;#160;Reference[1] Newby, S., Mirihanage, W., Fernando, A., 2025. Body heat energy deriven knitted thermoelectric garments with personal cooling. Applied Thermal Engineering, 258 (A)., pp. 124546.[2] Tian, M., Aldawi, F., Anqi, A.E., Moria, H., Dizaji, H.S., Wae-hayee, M., 2021. Cost-effective and performance analysis of thermoelectricity as a building cooling system; experimental case study based on a single TEC-12706 commercial module. Case Studies in Thermal Engineering, 27, pp. 101366.[3] Heidary, D. S. B., Lanagan, M., and Randall, C. A., 2018. Contrasting energy efficiency in various ceramic sintering processes. Journal of the European Ceramic Society 38(4), 1018-1029.</jats:p>",,0
A comparative life cycle assessment of fifth-generation district heating and cooling systems,11,2024,… provide both heating and cooling. Fifth-generation district heating and cooling (5GDHC) … This study addresses this critical gap by conducting the first comprehensive cradle-to-grave …,https://www.sciencedirect.com/science/article/pii/S0378778824008922,,0,"cradle to gate, HVAC",10.1016/j.enbuild.2024.114776,Kristian Gjoka; Robert H. Crawford; Behzad Rismanchi,2024-11,,https://api.elsevier.com/content/article/PII:S0378778824008922?httpAccept=text/xml,8
"Life cycle assessment of alternative heating, ventilation and air-conditioning systems for application in poultry houses",1,2024,"… footprint of conventional HVAC systems in poultry houses, … a subset of alternative HVAC systems that could potentially … compared to the conventional HVAC systems currently used in free…",https://open.library.ubc.ca/soa/cIRcle/collections/ubctheses/24/items/1.0445185,,0,"cradle to gate, HVAC",10.1007/s11367-024-02390-y,Praddeep Gobinath; Marzia Traverso; Robert H. Crawford,2024-10-17,"<jats:title>Abstract</jats:title><jats:sec>
                <jats:title>Purpose</jats:title>
                <jats:p>The environmental and economic benefits of applying smart approaches for the control of heating, ventilation and air conditioning (HVAC) systems in buildings have been extensively investigated and documented in the literature. However, considering the paradigm shift from environmental and economic concerns towards broader sustainability considerations, as well as the lack of studies covering the social pillar, this study presents a scoping review to identify the social impacts attributed to the use phase of smart HVAC control systems in commercial buildings.</jats:p>
              </jats:sec><jats:sec>
                <jats:title>Methods</jats:title>
                <jats:p>The relevant literature, originating from both academic and grey literature sources, were identified and reviewed through a meticulous search, data charting and analysis process, in accordance with the Joanna Briggs Institute (JBI)’s Manual for Evidence Synthesis. The inclusion criteria, categorised into ‘participants’, ‘concept’, ‘context’ and ‘types of evidence sources’, were first determined. A search strategy and a three-stage screening process were then applied to locate and analyse the relevant records.</jats:p>
              </jats:sec><jats:sec>
                <jats:title>Results and discussions</jats:title>
                <jats:p>In total, 133 records were included in this study. From this review, five main social themes were identified, namely, thermal comfort, indoor air quality (IAQ), privacy, security and employment. Both consumers and workers emerged as the stakeholder groups that were related to the use of smart HVAC control systems. The social impacts related to thermal comfort were measured by means of a wide range of indicators, but only a limited number of suitable indicators have been identified for other social themes. In general, the deployment of smart HVAC control systems resulted in positive outcomes for thermal comfort, IAQ and employment. Conversely, for both privacy and security, the users of buildings were reported to be negatively impacted.</jats:p>
              </jats:sec><jats:sec>
                <jats:title>Conclusions</jats:title>
                <jats:p>Measures to alleviate negative social repercussions, as well as potential indicators to measure the use phase social impacts related to smart HVAC control systems, have been proposed and discussed. Further research is needed to evaluate how existing and prospective indicators can be used for assessing these use phase social impacts of smart HVAC control systems in a manner that is consistent with the social life cycle assessment methodology.</jats:p>
              </jats:sec>",https://link.springer.com/content/pdf/10.1007/s11367-024-02390-y.pdf,2
Advanced direct air capture of CO2 using air conditioning systems: a life cycle assessment,0,2025,… (HVAC) infrastructure to improve energy efficiency and reduce environmental impact. A cradle-to-gate … on numerical modeling of the DAC-HVAC system. The integrated system exhibits …,https://www.sciencedirect.com/science/article/pii/S2451904925010145,,0,"cradle to gate, HVAC",10.1016/j.tsep.2025.104223,Namra Mir; Aliya Banu; Yasser M. Abdellatif; Abdulkarem I. Amhamed; Yusuf Bicer,2025-11,,https://api.elsevier.com/content/article/PII:S2451904925010145?httpAccept=text/xml,0
Evaluating the cradle-to-gate environmental impact and cooling performance of advanced daytime radiative cooling materials to establish a comparative framework for …,3,2024,… This paper presents a framework developed for comparing both the cradle-to-gate environmental impact and cooling potential of the newly developed photonic meta-concrete (or any …,https://link.springer.com/article/10.1186/s12302-024-01005-5,,0,"cradle to gate, HVAC",10.21203/rs.3.rs-4580586/v1,NICK ADAMS; Laura Carlosena; karen Allacker,2024-7-12,"<title>Abstract</title>
        <p>Background
By the end of 2050, it is expected that 68% of the population will live in urban areas. A higher density of people living in cities generates an increased urban heat island. Radiative cooling (RC) materials are proposed as a key strategy to mitigate global warming and urban heating. The Horizon 2020 project MIRACLE aims at developing a new RC material based on conventional concrete.
This paper presents a framework developed for comparing both the cradle-to-gate environmental impact and cooling potential of the newly developed photonic meta-concrete (or any other new RC material) with existing RC materials. The framework is applied to various RC materials using the generic Ecoinvent v3.6 database. The impact assessment method is in line with the Belgian life cycle assessment method for buildings and covers the 15 environmental impact categories of the EN15804:A2. The cooling performance is assessed by implementing the material spectral emissivity into a thermal model for Brussels and Madrid.
Results
Collecting sufficient data to model the state-of-the-art RC materials is challenging, requiring numerous data points on materials, production, and performance, leading to many assumptions due to a lack of data. The study showed that the sputtering process contributes over 75% to the environmental impact of several materials, while materials which do not use this process, have significantly lower impacts. The assessment of the cooling potential showed that convection heat gains make it difficult to create an all-year round cooling material. The comparison with a conventional building material, a concrete roof tile, hence shows great potential for these RC materials as heating gains during summer are significantly reduced. Analysing cooling performance alongside environmental impact, the study identified two RC materials as the most preferred in both Brussels and Madrid, considering their lower environmental impact and superior performance.
Conclusions
A standardised way to asses and benchmark RC materials based on their cradle-to-gate environmental impact and cooling performance was lacking. For the first time, a comparison for RC materials considering these characteristics is presented. This comparison identified the most competitive RC materials, which will serve as benchmarks for the newly developed photonic meta-concrete.</p>",https://www.researchsquare.com/article/rs-4580586/v1,0
From buildings to crops: a techno-economic and environmental analysis of DAC-HVAC integration for CO2 enrichment in agricultural greenhouses,0,2025,"… -HVAC thermodynamic model to evaluate the energy requirements and (ii) a greenhouse model that simulates CO 2 assimilation, water consumption, and HVAC … by a cradle-to-gate life …",https://www.sciencedirect.com/science/article/pii/S2590174525004672,,0,"cradle to gate, HVAC",10.1016/j.ecmx.2025.101335,Ikhlas Ghiat; Aliya Banu; Namra Mir; Abdulkarem I. Amhamed; Tareq Al-Ansari; Yusuf Bicer,2025-10,,https://api.elsevier.com/content/article/PII:S2590174525004672?httpAccept=text/xml,0
Pathways to Net Zero Emissions in Manufacturing and Materials Production‐HVAC OEMs Perspective,1,2024,"… and performance requirements of HVAC systems, ii) forming a … This paper proposes several approaches that HVAC OEMs … huge decarbonization opportunity for HVAC OEMs, because …",https://onlinelibrary.wiley.com/doi/abs/10.1002/9781394214297.ch56,,0,"cradle to gate, HVAC",10.1002/9781394214297.ch56,Deba Maitra; Swathy Ramaswamy; Cal Krause; Tiffany Waymer,2024-1-26,,https://onlinelibrary.wiley.com/doi/pdf/10.1002/9781394214297.ch56,1
"Embodied carbon of heating, ventilation, air conditioning and refrigerants (hvac+ r) systems",6,2019,"… development of a systematic framework to assess embodied carbon in HVAC+R. This exploratory … from this systems in relation to the impact of the use phase, including replacement? …",https://digital.lib.washington.edu/researchworks/bitstream/handle/1773/44736/Rodriguez_washington_0250E_20736.pdf?sequence=2.txt,,0,"replacement embodied carbon, heating ventilation and air conditioning",10.2172/1580209,Bill Goetzler; Matt Guernsey; Theo Kassuga,2019-12-2,,,3
"Embodied and operational carbon of typical heating, ventilation and air conditioning (HVAC) systems in office buildings in Washington state: a study of buildings …",5,2019,… on embodied carbon of the mechanical systems is limited and that simplified methods to assess embodied carbon of HVAC are … or insulation and their replacement rates. Further work is …,https://iopscience.iop.org/article/10.1088/1755-1315/294/1/012057/meta,,0,"replacement embodied carbon, heating ventilation and air conditioning",10.1088/1755-1315/294/1/012057,BX Rodriguez; L Amany; K Simonen,2019-7-1,"<jats:title>Abstract</jats:title>
               <jats:p>Heating, Ventilation and Air Conditioning (HVAC) systems contribute significantly to operational energy and CO<jats:sub>2</jats:sub>e emissions during the service life of office buildings. Over the last decade, stringent energy codes have enabled the introduction of new HVAC technologies to reduce operational CO<jats:sub>2</jats:sub>e emissions. However, life cycle carbon emissions of buildings are odivided into operational carbon (OC) and embodied carbon (EC). Operational carbon are the CO<jats:sub>2</jats:sub>e emissions generated from the burning of fossil fuels used to heat, cool and power the building space during its service life, while EC encompasses the CO<jats:sub>2</jats:sub>e emissions equivalent to producing, procuring, installing, mantaining, repairing and disposing of the materials and components that make up the building. Over the last decade, broad efforts have improved the understanding of the role that HVAC system selection play in overall OC, nevertheless, EC of HVAC has remained unexamined This paper aims to identify typical HVAC systems used in office building design in Washington State and explore the effects of current practice on total energy use, operational and embodied CO<jats:sub>2</jats:sub>e. The study sample is composed of twenty office buildings in Washington State registered under the LEED v3 2009 version, from which 15 have obtained LEED certification in the last two years. The projects are registered under the New Construction (NC), Core and Shell (CS), Existing Buildings and Operation and Maintenance (EB:OM) and Commercial Interiors (CI) products and comply with the requirements established in the ASHRAE 90.1-2007 energy standard. The results show that typical HVAC system selection is often a combination of different technologies for ventilation, heating and cooling, and that in general: smaller buildings tend to incorporate high efficiency packaged units while medium and large size buildings typically rely on High Performance Variable Air Volume (HPVAV) systems or hydronic systems such as chilled beams and water source heat pumps (WSHP). The results also indicate that data available through the LEED v3 2009 documentation system on embodied carbon of the mechanical systems is limited and that simplified methods to assess embodied carbon of HVAC are needed in order to integrate EC into whole life assessment of Mechanical Systems.</jats:p>",https://iopscience.iop.org/article/10.1088/1755-1315/294/1/012057/pdf,0
Embodied and operational carbon dioxide emissions from housing: A case study on the effects of thermal mass and climate change,338,2008,"… cooling set points for the passive mode are the heating set points, there is 2 K ‘band of opportunity’ before the air conditioning … winter natural ventilation and air conditioning rules above …",https://www.sciencedirect.com/science/article/pii/S0378778807000990,,0,"replacement embodied carbon, heating ventilation and air conditioning",10.1016/j.enbuild.2007.03.005,Jacob N. Hacker; Tom P. De Saulles; Andrew J. Minson; Michael J. Holmes,2008,,https://api.elsevier.com/content/article/PII:S0378778807000990?httpAccept=text/xml,166
Estimation and minimization of embodied carbon of buildings: A review,298,2017,… González and Navarro showed that a decrease of about 30% in CO 2 emissions was achieved when conventional materials were replaced with lower embodied carbon material …,https://www.mdpi.com/2075-5309/7/1/5,,0,"replacement embodied carbon, heating ventilation and air conditioning",10.3390/buildings7010005,Ali Akbarnezhad; Jianzhuang Xiao,2017-1-4,"<jats:p>Building and construction is responsible for up to 30% of annual global greenhouse gas (GHG) emissions, commonly reported in carbon equivalent unit. Carbon emissions are incurred in all stages of a building’s life cycle and are generally categorised into operating carbon and embodied carbon, each making varying contributions to the life cycle carbon depending on the building’s characteristics. With recent advances in reducing the operating carbon of buildings, the available literature indicates a clear shift in attention towards investigating strategies to minimize embodied carbon. However, minimizing the embodied carbon of buildings is challenging and requires evaluating the effects of embodied carbon reduction strategies on the emissions incurred in different life cycle phases, as well as the operating carbon of the building. In this paper, the available literature on strategies for reducing the embodied carbon of buildings, as well as methods for estimating the embodied carbon of buildings, is reviewed and the strengths and weaknesses of each method are highlighted.</jats:p>",https://www.mdpi.com/2075-5309/7/1/5/pdf,189
Refurbish or replace? The life cycle carbon footprint and life cycle cost of refurbished and new residential archetype buildings in London,52,2022,"… replacements (Refurbishments LCCF ranges between 1,100 and 1,500 kgCO2e/m2 and LCC 440-680 £/m2, compared to that of the replacements … a range of embodied and operational …",https://www.sciencedirect.com/science/article/pii/S0360544222004881,,0,"replacement embodied carbon, heating ventilation and air conditioning",10.1016/j.energy.2022.123585,Yair Schwartz; Rokia Raslan; Dejan Mumovic,2022-6,,https://api.elsevier.com/content/article/PII:S0360544222004881?httpAccept=text/xml,38
"Energy consumption, indoor thermal comfort and air quality in a commercial office with retrofitted heat, ventilation and air conditioning (HVAC) system",271,2019,"… comfort and air pollution exposure has attracted increasing attention for occupant health, productivity and sustainable development. Heat, ventilation and air conditioning (HVAC) …",https://www.sciencedirect.com/science/article/pii/S0378778819303640,,0,"replacement embodied carbon, heating ventilation and air conditioning",10.1016/j.enbuild.2019.06.029,Wen Wei Che; Chi Yan Tso; Li Sun; Danny Y.K. Ip; Harry Lee; Christopher Y.H. Chao; Alexis K.H. Lau,2019-10,,https://api.elsevier.com/content/article/PII:S0378778819303640?httpAccept=text/xml,193
"Optimal replacement of residential air conditioning equipment to minimize energy, greenhouse gas emissions, and consumer cost in the US",46,2011,… replacement of residential central air conditioners (CACs) was conducted in order to identify replacement … The optimal replacement schedule for each objective was identified for each …,https://www.sciencedirect.com/science/article/pii/S0301421511001583,,0,"replacement embodied carbon, heating ventilation and air conditioning",10.1016/j.enpol.2011.02.065,Robert D. De Kleine; Gregory A. Keoleian; Jarod C. Kelly,2011-6,,https://api.elsevier.com/content/article/PII:S0301421511001583?httpAccept=text/xml,33
Embodied energy considerations for existing buildings,40,2011,"… as durable and long lasting as the elements they replaced?) Whole life analysis is important, … for heating and lighting (low operational energy), which means that the embodied carbon …",https://pure.hw.ac.uk/ws/files/645924/technicalpaper13.pdf,http://scholar.google.com/https://pure.hw.ac.uk/ws/files/645924/technicalpaper13.pdf,0,"replacement embodied carbon, heating ventilation and air conditioning",10.1016/j.enbuild.2011.09.030,Carol C. Menassa,2011-12,,https://api.elsevier.com/content/article/PII:S0378778811004324?httpAccept=text/xml,177
Reducing embodied carbon during the design process of buildings,207,2015,"To achieve low-carbon buildings, or buildings with low greenhouse (GHG) emissions, planning must begin during the design phase of a building project. This paper evaluates the …",https://www.sciencedirect.com/science/article/pii/S2352710215300036,,0,"replacement embodied carbon, heating ventilation and air conditioning",10.1016/j.jobe.2015.06.005,Tarja Häkkinen; Matti Kuittinen; Antti Ruuska; Nusrat Jung,2015-12,,https://api.elsevier.com/content/article/PII:S2352710215300036?httpAccept=text/xml,109
Embodied Life Cycle Assessment (LCA) comparison of residential building retrofit measures in Atlanta,93,2020,"… efficient options in terms of the embodied impacts. The paper finally conducted a trade-off … insulation and heating, ventilation and air conditioning (HVAC) unit's replacement through …",https://www.sciencedirect.com/science/article/pii/S0360132320300020,,0,"replacement embodied carbon, heating ventilation and air conditioning",10.1016/j.buildenv.2020.106644,Arezoo Shirazi; Baabak Ashuri,2020-3,,https://api.elsevier.com/content/article/PII:S0360132320300020?httpAccept=text/xml,55
Relevance of embodied energy and carbon emissions on assessing cost effectiveness in building renovation—Contribution from the analysis of case studies …,71,2018,"… of the impact of the embodied carbon emissions and embodied energy in the final primary … of the building, including maintenance, repair and replacement of materials, as well as the …",https://www.mdpi.com/2075-5309/8/8/103,,0,"replacement embodied carbon, heating ventilation and air conditioning",10.3390/buildings8080103,Manuela Almeida; Marco Ferreira; Ricardo Barbosa,2018-8-9,"<jats:p>The construction sector is facing increasingly strict energy efficiency regulations. Existing buildings have specific technical, functional and economic constraints, which, in fulfilling regulations, could lead to costly and complex renovation procedures and also lead to missed opportunities for improving their energy performance. In this article, the methodology for comparing cost-optimality in building renovations, developed in the International Energy Agency (IEA)–Energy in Buildings and Communities (EBC) Annex 56 project, is extended with a life cycle assessment by including embodied primary energy and carbon emissions in the calculations. The objective is to understand the relevance of embodied energy and carbon emissions in the evaluation of the cost effectiveness of building renovation solutions towards nearly zero energy buildings, as well as the effect of the embodied values in the achievable carbon emissions and primary energy reductions expected in an energy renovation. Results from six case studies, representative of different regions in Europe, suggest that embodied values of energy and carbon emissions have a decreasing effect—ranging from 2 to 32%—on the potential reductions of energy and emissions that can be achieved with renovation measures in buildings. In addition, the consideration of the embodied energy and carbon emissions does not affect the ranking of the renovation packages.</jats:p>",https://www.mdpi.com/2075-5309/8/8/103/pdf,43
Embodied GHG emissions of buildings–The hidden challenge for effective climate change mitigation,1294,2020,"… ‘embodied’ GHG emissions, ie, emissions arising from manufacturing and processing of building materials. While the average share of embodied … , highlighting the ‘carbon spike’ from …",https://www.sciencedirect.com/science/article/pii/S0306261919317945,,0,"replacement embodied carbon, heating ventilation and air conditioning",10.1016/j.apenergy.2019.114107,Martin Röck; Marcella Ruschi Mendes Saade; Maria Balouktsi; Freja Nygaard Rasmussen; Harpa Birgisdottir; Rolf Frischknecht; Guillaume Habert; Thomas Lützkendorf; Alexander Passer,2020-1,,https://api.elsevier.com/content/article/PII:S0306261919317945?httpAccept=text/xml,778
Zero carbon buildings refurbishment––A Hierarchical pathway,319,2011,"… A hierarchical process with embedded techniques (insulations, energy efficient equipment and micro-generation) is presented in this paper as a pathway towards zero-carbon building …",https://www.sciencedirect.com/science/article/pii/S1364032111001572,,0,"replacement embodied carbon, heating ventilation and air conditioning",10.1016/j.rser.2011.04.020,Yangang Xing; Neil Hewitt; Philip Griffiths,2011-8,,https://api.elsevier.com/content/article/PII:S1364032111001572?httpAccept=text/xml,175
Embodied carbon as a proxy for the environmental impact of earthquake damage repair,37,2018,"… seismic damage, capturing ‘embodied’ impacts related to … repair. A statistical analysis was performed on the data using Principal Component Analysis, confirming that embodied carbon, …",https://www.sciencedirect.com/science/article/pii/S0378778817319710,,0,"replacement embodied carbon, heating ventilation and air conditioning",10.1016/j.enbuild.2017.12.065,K. Simonen; M. Huang; C. Aicher; P. Morris,2018-4,,https://api.elsevier.com/content/article/PII:S0378778817319710?httpAccept=text/xml,23
Examining the carbon agenda via the 40% House scenario,183,2007,"… -heating demand. Meanwhile, at present levels of efficiency, there are major benefits of replacing … new development even when the embodied energy (and CO 2 ) is taken into account. …",https://www.tandfonline.com/doi/abs/10.1080/09613210701238276,,0,"replacement embodied carbon, heating ventilation and air conditioning",10.1080/09613210701238276,Brenda Boardman,2007-8,,http://www.tandfonline.com/doi/pdf/10.1080/09613210701238276,79
Environmental assessment of a disruptive innovation: comparative cradle-to-gate life cycle assessments of carbon-reinforced concrete building component,46,2023,"… Furthermore, the current study represents a much greater level of detail, as the complete inventory as well as the process selection is presented in detail in the Supplementary Material. …",https://link.springer.com/article/10.1007/s11367-022-02115-z,,0,"cradle to completion, electrical system",10.21275/sr23919195433,Nikhil N. Kamble; Gunavant K. Kate,2023-9-5,,,0
Renewable Energy and Carbon Management in the Cradle‐to‐Cradle Certification: Limitations and Opportunities,28,2018,"… For including the life cycle perspective from cradle to grave in the AlC system, we … power in the electric mix in China would imply effective grid management systems, including storage …",https://onlinelibrary.wiley.com/doi/abs/10.1111/jiec.12594,,0,"cradle to completion, electrical system",10.1007/978-3-319-74367-7_10,Henning Siedentopp,2018,,http://link.springer.com/content/pdf/10.1007/978-3-319-74367-7_10,1
"Environmental, economic and energy life cycle assessment “from cradle to cradle”(3E-C2C) of flat roofs",22,2020,"The aim of this paper is to evaluate the environmental, economic and energy (3E) performance of different flat roofs solutions, from “cradle to cradle” (C2C), in order to support the …",https://www.sciencedirect.com/science/article/pii/S2352710219329997,,0,"cradle to completion, electrical system",10.1016/j.jobe.2020.101436,Raul Gomes; José Dinis Silvestre; Jorge de Brito,2020-11,,https://api.elsevier.com/content/article/PII:S2352710219329997?httpAccept=text/xml,10
Cradle-to-cradle approach in the life cycle of silicon solar photovoltaic panels,77,2017,"… This paper introduces the cradle-to-cradle philosophy into … level of waste, the novel cradle-to-cradle (C2C) manufacturing … creating and maintaining a true CLMC system. It then calls …",https://www.sciencedirect.com/science/article/pii/S0959652617319479,,0,"cradle to completion, electrical system",10.1016/j.jclepro.2017.08.206,Rubén Contreras-Lisperguer; Emilio Muñoz-Cerón; Jorge Aguilera; Juan de la Casa,2017-12,,https://api.elsevier.com/content/article/PII:S0959652617319479?httpAccept=text/xml,40
Life-cycle assessment of cradle-to-grave opportunities and environmental impacts of organic photovoltaic solar panels compared to conventional …,123,2016,"… cradle-to-grave life-cycle impacts of organic photovoltaics compared with conventional ones. Two systems … of the photovoltaic panels, with baseline cradle-to-grave impacts for both long-…",https://www.sciencedirect.com/science/article/pii/S0927024816300381,,0,"cradle to completion, electrical system",10.1016/j.solmat.2016.04.024,Michael P. Tsang; Guido W. Sonnemann; Dario M. Bassani,2016-11,,https://api.elsevier.com/content/article/PII:S0927024816300381?httpAccept=text/xml,87
Manufacturing energy and environmental evaluation of metallic sheets reshaping based on theoretical models and cradle-to-gate assessment,6,2023,Origami sheet metal folding (OSM) is a cutting-edge method for forming a 3D sheet metal product employing a series of folding procedures from a 2-D flat metal sheet rather than using …,https://www.sciencedirect.com/science/article/pii/S0959652623019534,,0,"cradle to completion, electrical system",10.1016/j.jclepro.2023.137795,Anwar Algamal; Muhammad Ali Ablat; Majed Ali; Abdalmageed Almotari; Ala Qattawi,2023-9,,https://api.elsevier.com/content/article/PII:S0959652623019534?httpAccept=text/xml,5
Cradle-to-gate life cycle assessment of CFRP reinforcement for concrete structures: Calculation basis and exemplary application,134,2021,"… A cradle-to-gate life cycle assessment is conducted. Design values allowing for a preliminary estimation of the environmental performance of CFRP reinforcement are provided, at which …",https://www.sciencedirect.com/science/article/pii/S0959652620343456,,0,"cradle to completion, electrical system",10.1016/j.jclepro.2020.124300,Nadine Stoiber; Mathias Hammerl; Benjamin Kromoser,2021-1,,https://api.elsevier.com/content/article/PII:S0959652620343456?httpAccept=text/xml,86
From cradle to junkyard: assessing the life cycle greenhouse gas benefits of electric vehicles,214,2015,US programs subsidize electric vehicles (EVs) in part to reduce greenhouse gas (GHG) emissions. We model a suite of life cycle GHG emissions considerations to estimate the GHG …,https://www.sciencedirect.com/science/article/pii/S0739885915000517,,0,"cradle to completion, electrical system",10.1016/j.retrec.2015.10.007,James Archsmith; Alissa Kendall; David Rapson,2015-10,,https://api.elsevier.com/content/article/PII:S0739885915000517?httpAccept=text/xml,136
IoT-BBMS: Internet of Things-based baby monitoring system for smart cradle,138,2019,… Every product needs a complete design with exact measurement before it can be fabricated. … hold all parts of the baby cradle including its legs and electrical parts. Every part had to be …,https://ieeexplore.ieee.org/abstract/document/8760478/,,0,"cradle to completion, electrical system",10.1109/access.2019.2928481,Waheb A. Jabbar; Hiew Kuet Shang; Saidatul N. I. S. Hamid; Akram A. Almohammedi; Roshahliza M. Ramli; Mohammed A. H. Ali,2019,,http://xplorestaging.ieee.org/ielx7/6287639/8600701/08760478.pdf?arnumber=8760478,84
Investigating carbon footprint and carbon reduction potential using a cradle-to-cradle LCA approach on lithium-ion batteries for electric vehicles in China,219,2022,"Lithium-ion battery (LIB) is one of the core components of electric vehicles (EVs), and its ecological impacts are significant for the sustainable development of EVs. In this study, the …",https://www.sciencedirect.com/science/article/pii/S0959652622029286,,0,"cradle to completion, electrical system",10.1016/j.jclepro.2022.133342,Quanwei Chen; Xin Lai; Huanghui Gu; Xiaopeng Tang; Furong Gao; Xuebing Han; Yuejiu Zheng,2022-10,,https://api.elsevier.com/content/article/PII:S0959652622029286?httpAccept=text/xml,167
Life Cycle Assessment of a ground-mounted 1778 kWp photovoltaic plant and comparison with traditional energy production systems,186,2012,"… cradle to grave perspective”). In particular, the study takes into account the soil preparation, the installation of fence and electrical … of support structures has been completed in the period …",https://www.sciencedirect.com/science/article/pii/S030626191200061X,,0,"cradle to completion, electrical system",10.1016/j.apenergy.2012.01.055,Umberto Desideri; Stefania Proietti; Francesco Zepparelli; Paolo Sdringola; Silvia Bini,2012-9,,https://api.elsevier.com/content/article/PII:S030626191200061X?httpAccept=text/xml,113
Environmental impact and levelised cost of energy analysis of solar photovoltaic systems in selected Asia Pacific region: A cradle-to-grave approach,78,2021,"… The fuse and isolation switch are optional to the complete system, but its … PV systems need enormous quantities of PV modules, inverters, support structures, and electrical systems. …",https://www.mdpi.com/2071-1050/13/1/396,,0,"cradle to completion, electrical system",10.3390/su13010396,Norasikin Ahmad Ludin; Nurfarhana Alyssa Ahmad Affandi; Kathleen Purvis-Roberts; Azah Ahmad; Mohd Adib Ibrahim; Kamaruzzaman Sopian; Sufian Jusoh,2021-1-4,"<jats:p>Sustainability has been greatly impacted by the reality of budgets and available resources as a targeted range of carbon emission reduction greatly increases due to climate change. This study analyses the technical and economic feasibility for three types of solar photovoltaic (PV) renewable energy (RE) systems; (i) solar stand-alone, a non-grid-connected building rooftop-mounted structure, (ii) solar rooftop, a grid-connected building rooftop-mounted structure, (iii) solar farm, a grid-connected land-mounted structure in three tropical climate regions. Technical scientific and economic tools, including life cycle assessment (LCA) and life cycle cost assessment (LCCA) with an integrated framework from a Malaysian case study were applied to similar climatic regions, Thailand, and Indonesia. The short-term, future scaled-up scenario was defined using a proxy technology and estimated data. Environmental locations for this scenario were identified, the environmental impacts were compared, and the techno-economic output were analysed. The scope of this study is cradle-to-grave. Levelised cost of energy (LCOE) was greatly affected due to PV performance degradation rate, especially the critical shading issues for large-scale installations. Despite the land use impact, increased CO2 emissions accumulate over time with regard to energy mix of the country, which requires the need for long-term procurement of both carbon and investment return. With regards to profitably, grid-connected roof-mounted systems achieve the lowest LCOE as compared to other types of installation, ranging from 0.0491 USD/kWh to 0.0605 USD/kWh under a 6% discounted rate. A simple payback (SPB) time between 7–10 years on average depends on annual power generated by the system with estimated energy payback of 0.40–0.55 years for common polycrystalline photovoltaic technology. Thus, maintaining the whole system by ensuring a low degradation rate of 0.2% over a long period of time is essential to generate benefits for both investors and the environment. Emerging technologies are progressing at an exponential rate in order to fill the gap of establishing renewable energy as an attractive business plan. Life cycle assessment is considered an excellent tool to assess the environmental impact of renewable energy.</jats:p>",https://www.mdpi.com/2071-1050/13/1/396/pdf,49
Cradle-to-grave lifecycle analysis of US light duty vehicle-fuel pathways: a greenhouse gas emissions and economic assessment of current (2015) and future (2025 …,130,2016,"This study provides a comprehensive lifecycle analysis (LCA), or cradle-to-grave (C2G) analysis, of the cost and greenhouse gas (GHG) emissions of a variety of vehicle-fuel pathways, …",https://www.osti.gov/biblio/1254857,,0,"cradle to completion, electrical system",10.2172/1254857,Amgad Elgowainy; Jeongwoo Han; Jacob Ward; Fred Joseck; David Gohlke; Alicia Lindauer; Todd Ramsden; Mary Biddy; Marcus Alexander; Steven Barnhart; Ian Sutherland; Laura Verduzco; Timothy Wallington,2016-6-1,,,41
Life cycle energy and greenhouse gas emissions of a traditional and a smart HVAC control system for Australian office buildings,25,2024,… the life cycle energy needs and GHG emissions of a smart HVAC control system and … the HVAC operational energy and GHG emissions in an Australian office building. A comparative …,https://www.sciencedirect.com/science/article/pii/S2352710223024786,,0,"life cycle greenhouse gas emissions, building management system",10.1016/j.jobe.2023.108295,Praddeep Gobinath; Robert H. Crawford; Marzia Traverso; Behzad Rismanchi,2024-4,,https://api.elsevier.com/content/article/PII:S2352710223024786?httpAccept=text/xml,9
Greenhouse gases and building lifetimes,39,2013,… highly to efficiency of the simulation of the life cycle. … impact of a building's lifetime on greenhouse gas emissions. The … The emissions due to heating and cooling are neutralized for the …,https://www.sciencedirect.com/science/article/pii/S0360132313001625,,0,"life cycle greenhouse gas emissions, building management system",10.1016/j.buildenv.2013.05.017,Marc Mequignon; Hassan Ait Haddou; Françoise Thellier; Marion Bonhomme,2013-10,,https://api.elsevier.com/content/article/PII:S0360132313001625?httpAccept=text/xml,27
Emerging trends in lifecycle assessment of building construction for greenhouse gas control: implications for capacity building,5,2025,"… grid energy management systems (EMS) to optimize carbon efficiency … managing life cycle greenhouse gas emissions, from raw material extraction to the end-of-life stage of the building …",https://link.springer.com/article/10.1007/s42452-025-06853-1,,0,"life cycle greenhouse gas emissions, building management system",10.1007/s42452-025-06853-1,Ruoxing Cao; Yu Hao; Yuanzhe Li; Wenrui Liao,2025-4-25,"<jats:title>Abstract</jats:title>
          <jats:p>This mini-review addresses the critical problem of significant greenhouse gas (GHG) emissions from the global construction industry, which accounts for 37% of energy-related carbon emissions. With global building areas expected to double by 2060, this paper aims to analyze carbon emission characteristics and control strategies throughout the buildings' entire life cycle, emphasizing the urgent need for effective life cycle carbon management. We introduce and contextualize life cycle assessment (LCA) methods, focusing particularly on Scope 1, 2, and 3 emissions across different life cycle stages of buildings—from design through demolition. Our key findings highlight the potential of intelligent grid energy management systems (EMS) to optimize carbon efficiency in real-time, a pioneering approach that has yet to be widely implemented. The review synthesizes global advancements in green building practices, particularly in regions like Europe, America, and China, and discusses the varied success of these regions in integrating comprehensive carbon management strategies throughout the building life cycle. We conclude with strategic recommendations for future research directions, policy-making, and international cooperation to enhance the sustainability of the construction industry. This study ultimately aims to contribute robust evidence supporting the adoption of advanced LCA methodologies and intelligent EMS in reducing the construction sector's carbon footprint.</jats:p>
          <jats:p>
            <jats:bold>Graphical Abstract</jats:bold>
          </jats:p>",https://link.springer.com/content/pdf/10.1007/s42452-025-06853-1.pdf,2
An integrated assessment system for managing life cycle CO2 emissions of a building,70,2017,"… have been developed in order to reduce emissions and help prevent global warming caused by greenhouse gases. However, existing systems have limitations in that they only support …",https://www.sciencedirect.com/science/article/pii/S1364032117301508,,0,"life cycle greenhouse gas emissions, building management system",10.1016/j.rser.2017.01.139,Seungjun Roh; Sungho Tae,2017-6,,https://api.elsevier.com/content/article/PII:S1364032117301508?httpAccept=text/xml,52
Life cycle greenhouse gas emissions and energy analysis of prefabricated reusable building modules,609,2012,"… An eight-storey, 3943m 2 multi-residential building was investigated. It was found that a steel-structured prefabricated system resulted in reduced material consumption of up to 78% by …",https://www.sciencedirect.com/science/article/pii/S0378778811005950,,0,"life cycle greenhouse gas emissions, building management system",10.1016/j.enbuild.2011.11.049,Lu Aye; T. Ngo; R.H. Crawford; R. Gammampila; P. Mendis,2012-4,,https://api.elsevier.com/content/article/PII:S0378778811005950?httpAccept=text/xml,402
Life-cycle greenhouse-gas emissions assessment: An Australian commercial building perspective,45,2018,… emissions released during the building lifetime. This paper provides insight into life-cycle greenhouse-gas emissions assessment for several typical commercial building fabrics in …,https://www.sciencedirect.com/science/article/pii/S0959652618321619,,0,"life cycle greenhouse gas emissions, building management system",10.1016/j.jclepro.2018.07.172,Khoa N. Le; Cuong N.N. Tran; Vivian W.Y. Tam,2018-10,,https://api.elsevier.com/content/article/PII:S0959652618321619?httpAccept=text/xml,33
Rethinking system boundaries of the life cycle carbon emissions of buildings,143,2018,"… As a result, the definitions of buildings’ life cycle differ considerably and the … buildings’ life cycle carbon emissions (LCCa) vary; all these lead to discrepancies in reported buildings’ …",https://www.sciencedirect.com/science/article/pii/S136403211830145X,,0,"life cycle greenhouse gas emissions, building management system",10.1016/j.rser.2018.03.057,Wei Pan; Kaijian Li; Yue Teng,2018-7,,https://api.elsevier.com/content/article/PII:S136403211830145X?httpAccept=text/xml,112
A framework for the integrated optimisation of the life cycle greenhouse gas emissions and cost of buildings,57,2018,… in order to optimise a building's overall life cycle performance. This paper describes the … to assist building design professionals in optimising the life cycle GHG and cost of a building. …,https://www.sciencedirect.com/science/article/pii/S0378778817325574,,0,"life cycle greenhouse gas emissions, building management system",10.1016/j.enbuild.2018.04.018,Monique Schmidt; Robert H. Crawford,2018-7,,https://api.elsevier.com/content/article/PII:S0378778817325574?httpAccept=text/xml,38
Life cycle energy consumption and greenhouse gas emissions of urban residential buildings in Guangzhou city,103,2018,… energy consumption and carbon emissions of buildings. Taking … life cycle assessment approach to quantify both the energy consumption and CO 2 emissions throughout the life cycle of …,https://www.sciencedirect.com/science/article/pii/S0959652618314616,,0,"life cycle greenhouse gas emissions, building management system",10.1016/j.jclepro.2018.05.124,Jinyan Zhan; Wei Liu; Feng Wu; Zhihui Li; Chao Wang,2018-9,,https://api.elsevier.com/content/article/PII:S0959652618314616?httpAccept=text/xml,77
A BIM-Based construction and demolition waste information management system for greenhouse gas quantification and reduction,155,2019,"… , it is vital to precisely estimate and reduce CDW end of life GHG emissions. The precise … paper, a building information modeling (BIM)-based CDW information management system (IMS…",https://www.sciencedirect.com/science/article/pii/S0959652619312375,,0,"life cycle greenhouse gas emissions, building management system",10.1016/j.jclepro.2019.04.158,Jiuping Xu; Yi Shi; Yachen Xie; Siwei Zhao,2019-8,,https://api.elsevier.com/content/article/PII:S0959652619312375?httpAccept=text/xml,112
Development of a building life cycle carbon emissions assessment program (BEGAS 2.0) for Korea׳ s green building index certification system,87,2016,"… of the GBI certification system and the current state of Korea… building life cycle carbon emissions assessment program was developed, which can support Korea׳s GBI certification system …",https://www.sciencedirect.com/science/article/pii/S1364032115010187,,0,"life cycle greenhouse gas emissions, building management system",10.1016/j.rser.2015.09.048,Seungjun Roh; Sungho Tae; Sung Joon Suk; George Ford; Sungwoo Shin,2016-1,,https://api.elsevier.com/content/article/PII:S1364032115010187?httpAccept=text/xml,51
Life-cycle energy and greenhouse gas analysis of three building types in a residential area in Lisbon,188,2014,… Residential buildings consume a large fraction of energy and thus represent a major … requirements and greenhouse gas (GHG) emissions. This article presents a life-cycle energy and …,https://www.sciencedirect.com/science/article/pii/S0378778813006920,,0,"life cycle greenhouse gas emissions, building management system",10.1016/j.enbuild.2013.11.010,Joana Bastos; Stuart A. Batterman; Fausto Freire,2014-2,,https://api.elsevier.com/content/article/PII:S0378778813006920?httpAccept=text/xml,116
Greenhouse gas emissions during the construction phase of a building: A case study in China,462,2015,"… industry to greenhouse gas (GHG) emissions. However, these studies focused on the embodied GHG emissions of buildings and were restricted by limited system boundaries due to a …",https://www.sciencedirect.com/science/article/pii/S0959652614012037,,0,"life cycle greenhouse gas emissions, building management system",10.1016/j.jclepro.2014.11.023,Jingke Hong; Geoffrey Qiping Shen; Yong Feng; William Sin-tong Lau; Chao Mao,2015-9,,https://api.elsevier.com/content/article/PII:S0959652614012037?httpAccept=text/xml,327
"Enhancing energy efficiency in buildings, optimization method and building management systems application for lower CO2 emissions",10,2024,"… the impact of Building Management Systems (BMS) on energy consumption in office buildings has been evaluated, with a focus on reducing energy costs and CO2 emissions to support …",https://www.sciencedirect.com/science/article/pii/S0360544224038325,,0,"life cycle greenhouse gas emissions, building management system",10.1016/j.energy.2024.134054,Rui Liang; Po-Hsun Wang,2024-12,,https://api.elsevier.com/content/article/PII:S0360544224038325?httpAccept=text/xml,7
Life cycle energy requirements and greenhouse gas emissions from large scale energy storage systems,523,2004,… life cycle assessment that evaluates the energy requirements and greenhouse gas (GHG) emissions resulting from the construction and operation of energy storage systems. …,https://www.sciencedirect.com/science/article/pii/S0196890403003200,,0,"life cycle greenhouse gas emissions, building management system",10.1016/j.enconman.2003.10.014,Paul Denholm; Gerald L. Kulcinski,2004-8,,https://api.elsevier.com/content/article/PII:S0196890403003200?httpAccept=text/xml,296
Life cycle greenhouse gas emissions of anesthetic drugs,579,2012,… Anesthesiologists must consider the entire life cycle of drugs in order to include environmental impacts into clinical decisions. In the present study we used life cycle assessment to …,https://journals.lww.com/anesthesia-analgesia/fulltext/2012/05000/life_cycle_greenhouse_gas_emissions_of_anesthetic.25.aspx,,0,"life cycle greenhouse gas emissions, building management system",10.1213/ane.0b013e31824f6940,Jodi Sherman; Cathy Le; Vanessa Lamers; Matthew Eckelman,2012-5,,https://journals.lww.com/10.1213/ANE.0b013e31824f6940,393
Applying life cycle thinking to reduce greenhouse gas emissions from road projects,187,2013,"… In this article, the evaluation of Greenhouse gases in road construction projects is approached from a life cycle perspective. The elements which have a major contribution to emissions …",https://www.sciencedirect.com/science/article/pii/S0959652613003740,,0,"life cycle greenhouse gas emissions, building management system",10.1016/j.jclepro.2013.05.036,Jesús M. Barandica; Gonzalo Fernández-Sánchez; Álvaro Berzosa; Juan A. Delgado; Francisco J. Acosta,2013-10,,https://api.elsevier.com/content/article/PII:S0959652613003740?httpAccept=text/xml,115
Life cycle greenhouse gas emissions of Marcellus shale gas,451,2011,… This study estimates the life cycle greenhouse gas (GHG) emissions from the production of … natural gas and compares its emissions with national average US natural gas emissions …,https://iopscience.iop.org/article/10.1088/1748-9326/6/3/034014/meta,,0,"life cycle greenhouse gas emissions, building management system",10.1088/1748-9326/6/3/034014,Mohan Jiang; W Michael Griffin; Chris Hendrickson; Paulina Jaramillo; Jeanne VanBriesen; Aranya Venkatesh,2011-7-1,,https://iopscience.iop.org/article/10.1088/1748-9326/6/3/034014/pdf,241
Comparison of life cycle carbon dioxide emissions and embodied energy in four renewable electricity generation technologies in New Zealand,135,2009,"… CO 2 emissions and embodied energy related to this … For example, the tidal power system included array cables … would not have to be replaced during the lifespan of the system. As 100/…",https://pubs.acs.org/doi/abs/10.1021/es900125e,,0,"replacement embodied carbon, electrical system",10.1021/es900125e,Bridget M. Rule; Zeb J. Worth; Carol A. Boyle,2009-7-16,,https://pubs.acs.org/doi/pdf/10.1021/es900125e,84
Embodied energy and carbon footprint comparison in wind and photovoltaic power plants,11,2022,"… and wind power plants, taking into account the embodied energy and the carbon footprint … cycle of an electricity production power plant is necessary to evaluate the magnitude of its …",https://link.springer.com/article/10.1007/s40095-021-00450-9,,0,"replacement embodied carbon, electrical system",10.1063/5.0104405,Viktor Elistratov; Roman Denisov; Michail Konishchev,2022,,http://aip.scitation.org/doi/pdf/10.1063/5.0104405,1
Embodied energy and carbon of building insulating materials: A critical review,185,2021,"An extensive and updated review of 223 values about the embodied energy and carbon of building insulation materials, mainly retrieved from 156 Environmental Product Declarations, …",https://www.sciencedirect.com/science/article/pii/S2666789421000246,,0,"replacement embodied carbon, electrical system",10.1016/j.cesys.2021.100032,Gianluca Grazieschi; Francesco Asdrubali; Guilhem Thomas,2021-6,,https://api.elsevier.com/content/article/PII:S2666789421000246?httpAccept=text/xml,79
An embodied carbon and energy analysis of modern methods of construction in housing: A case study using a lifecycle assessment framework,801,2011,"… by 2016 will negate a proportion of this increase through reduced energy demand in use, if they are replacing existing stock rather than adding to it. Whether this reduced demand will …",https://www.sciencedirect.com/science/article/pii/S0378778810003154,,0,"replacement embodied carbon, electrical system",10.1016/j.enbuild.2010.09.005,J. Monahan; J.C. Powell,2011-1,,https://api.elsevier.com/content/article/PII:S0378778810003154?httpAccept=text/xml,468
Embodied energy and carbon in construction materials,1496,2008,"… In many cases substitute values therefore had to be estimated using the typical fuel split for … Concrete has a high embodied carbon per unit embodied energy, due to the conversion of …",https://www.icevirtuallibrary.com/doi/abs/10.1680/ener.2008.161.2.87,,0,"replacement embodied carbon, electrical system",10.1680/ener.2008.161.2.87,G. P. Hammond; C. I. Jones,2008-5,"<jats:p> The development of an open-access, reliable database for embodied energy and carbon (dioxide) emissions associated with the construction industry is described. The University of Bath's inventory of carbon and energy database lists almost 200 different materials. The data were extracted from peer-reviewed literature on the basis of a defined methodology and a set of five criteria. The database was made publicly available via an online website and has attracted significant interest from industry, academia, government departments and agencies, among others. Feedback from such professional users has played an important part in the choice of ‘best values’ for ‘cradleto-site’ embodied energy and carbon from the range found in the literature. The variation in published data stems from differences in boundary definitions (including geographic origin), age of the data sources and rigour of the original life-cycle assessments. Although principally directed towards UK construction, the material set included in the database is of quite wide application across the industrial sector. The use of the inventory is illustrated with the aid of 14 case studies of real-world new-build dwellings. It was observed that there was little difference between embodied energy and carbon for houses and apartments until external works were taken into account (energy inputs for roads, connecting pathways, etc.). </jats:p>",https://www.icevirtuallibrary.com/doi/pdf/10.1680/ener.2008.161.2.87,353
Low carbon and low embodied energy materials in buildings: A review,534,2013,"… Different materials defined in the literature as low carbon materials are referred, such as … less embodied energy. Finally, the effect of material substitution in the embodied energy of …",https://www.sciencedirect.com/science/article/pii/S1364032113001767,,0,"replacement embodied carbon, electrical system",10.1016/j.rser.2013.03.017,Luisa F. Cabeza; Camila Barreneche; Laia Miró; Josep M. Morera; Esther Bartolí; A. Inés Fernández,2013-7,,https://api.elsevier.com/content/article/PII:S1364032113001767?httpAccept=text/xml,340
Understanding future emissions from low-carbon power systems by integration of life-cycle assessment and integrated energy modelling,669,2017,"… decarbonization of the electricity system by mid-century 2,3 . In … available 4 and electricity is a potential substitute for fossil-… the energy embodied in various forms of electricity generation …",https://www.nature.com/articles/s41560-017-0032-9,,0,"replacement embodied carbon, electrical system",10.1038/s41560-017-0032-9,Michaja Pehl; Anders Arvesen; Florian Humpenöder; Alexander Popp; Edgar G. Hertwich; Gunnar Luderer,2017-12-8,,https://www.nature.com/articles/s41560-017-0032-9,448
Application of life-cycle assessment to early stage building design for reduced embodied environmental impacts,860,2013,"… the most significant reductions in embodied carbon footprint. … embodied impacts of early stage designs. Operational phase is limited to embodied impacts due to maintenance, repair…",https://www.sciencedirect.com/science/article/pii/S0360132312003071,,0,"replacement embodied carbon, electrical system",10.1016/j.buildenv.2012.11.009,J. Basbagill; F. Flager; M. Lepech; M. Fischer,2013-2,,https://api.elsevier.com/content/article/PII:S0360132312003071?httpAccept=text/xml,508
Burden of proof: A comprehensive review of the feasibility of 100% renewable-electricity systems,564,2017,"… change demands rapid replacement of fossil carbon energy sources. … electricity system is achievable, there is no empirical or historical evidence that demonstrates that such systems are …",https://www.sciencedirect.com/science/article/pii/S1364032117304495,,0,"replacement embodied carbon, electrical system",10.1016/j.rser.2017.03.114,B.P. Heard; B.W. Brook; T.M.L. Wigley; C.J.A. Bradshaw,2017-9,,https://api.elsevier.com/content/article/PII:S1364032117304495?httpAccept=text/xml,318
Embodied carbon in construction materials: a framework for quantifying data quality in EPDs,107,2020,"… Embodied carbon constitutes a significant portion of a building’s … Embodied carbon includes construction product manufacturing, building construction, material replacement and end of …",https://journal-buildingscities.org/en/articles/10.5334/bc.31,,0,"replacement embodied carbon, electrical system",10.5334/bc.31,Brook Waldman; Monica Huang; Kathrina Simonen,2020,,https://doi.org/10.5334/bc.31,63
Can Portland cement be replaced by low-carbon alternative materials? A study on the thermal properties and carbon emissions of innovative cements,587,2018,One approach to decarbonising the cement and construction industry is to replace Portland cement systems with lower carbon alternatives that have suitable properties. We show that …,https://www.sciencedirect.com/science/article/pii/S0959652618304505,,0,"replacement embodied carbon, electrical system",10.1016/j.jclepro.2018.02.138,Riccardo Maddalena; Jennifer J. Roberts; Andrea Hamilton,2018-6,,https://api.elsevier.com/content/article/PII:S0959652618304505?httpAccept=text/xml,436
… transition pathways: A reformulated typology and a comparative multi-level analysis of the German and UK low-carbon electricity transitions (1990–2014),1203,2016,"… comparative analysis of unfolding low-carbon electricity transitions in Germany and the UK … a substitution pathway, enacted by new entrants deploying small-scale renewable electricity …",https://www.sciencedirect.com/science/article/pii/S0048733316300087,,0,"replacement embodied carbon, electrical system",10.1016/j.respol.2016.01.015,Frank W. Geels; Florian Kern; Gerhard Fuchs; Nele Hinderer; Gregor Kungl; Josephine Mylan; Mario Neukirch; Sandra Wassermann,2016-5,,https://api.elsevier.com/content/article/PII:S0048733316300087?httpAccept=text/xml,664
"Does demolition or refurbishment of old and inefficient homes help to increase our environmental, social and economic viability?",604,2008,"… Its assessment does not take account of the embodied carbon costs such as volume of new materials, … The embodied carbon in the three million replacement homes that replace those …",https://www.sciencedirect.com/science/article/pii/S0301421508004709,,0,"replacement embodied carbon, electrical system",10.1016/j.enpol.2008.09.022,Anne Power,2008-12,,https://api.elsevier.com/content/article/PII:S0301421508004709?httpAccept=text/xml,272
Exploring sustainability transitions in the electricity sector with socio-technical pathways,679,2010,"… substitution pathway is less likely for infrastructural regimes, as we do not foresee the complete replacement of the electricity system. In all … Also, the embedded nature of the current …",https://www.sciencedirect.com/science/article/pii/S0040162510000752,,0,"replacement embodied carbon, electrical system",10.1016/j.techfore.2010.04.008,G.P.J. Verbong; F.W. Geels,2010-10,,https://api.elsevier.com/content/article/PII:S0040162510000752?httpAccept=text/xml,317
Carbon dioxide balance of wood substitution: comparing concrete-and wood-framed buildings,519,2006,"… substitution has on total net CO2 emission. Over the lifecycle of wood-framed buildings, the substitution … production, leading to negative net CO2 emission. The advantage of wood over …",https://link.springer.com/article/10.1007/s11027-006-7207-1,,0,"replacement embodied carbon, electrical system",10.1007/s11027-006-7207-1,Leif Gustavsson; Kim Pingoud; Roger Sathre,2006-5,,http://link.springer.com/article/10.1007/s11027-006-7207-1/fulltext.html,269
Developing transition pathways for a low carbon electricity system in the UK,496,2010,… energy systems and infrastructures for a low carbon future; and (c… systems literature. It also describes its application to several outline transition pathways to a low carbon energy system …,https://www.sciencedirect.com/science/article/pii/S0040162510000697,,0,"replacement embodied carbon, electrical system",10.1016/j.techfore.2010.04.002,Timothy J. Foxon; Geoffrey P. Hammond; Peter J.G. Pearson,2010-10,,https://api.elsevier.com/content/article/PII:S0040162510000697?httpAccept=text/xml,248
Whole-systems assessment of the value of energy storage in low-carbon electricity systems,359,2013,… system (ie from storage replacing generation capacity while maintaining the prescribed supply adequacy standards). In case of bulk energy storage there is additional small savings on …,https://ieeexplore.ieee.org/abstract/document/6612755/,,0,"replacement embodied carbon, electrical system",10.1533/9780857097378.3.442,P. Tixador,2013,,https://api.elsevier.com/content/article/PII:B9781845697846500135?httpAccept=text/xml,3
Comparative life-cycle assessment of ordinary and water-saving taps,48,2016,"… of the replacement of ordinary plumbing fixtures with water-… life-cycle assessment. The method quantifies inputs and outputs in the production, use, and disposal phases of the plumbing …",https://www.sciencedirect.com/science/article/pii/S0959652615008069,,0,"life cycle assessment, plumbing",10.1016/j.jclepro.2015.06.075,Andreza Kalbusch; Enedir Ghisi,2016-1,,https://api.elsevier.com/content/article/PII:S0959652615008069?httpAccept=text/xml,26
Energy consumption in the life cycle of plumbing fixtures,5,2019,… Life cycle assessment (LCA) is a method applied to evaluate the environmental … life cycle inventory considers the energy consumption during each phase of the plumbing fixture life cycle…,https://iwaponline.com/ws/article-abstract/19/1/70/39337,,0,"life cycle assessment, plumbing",10.1016/b978-0-12-811749-1.00004-3,Rahman Azari,2019,,https://api.elsevier.com/content/article/PII:B9780128117491000043?httpAccept=text/xml,21
Operational life-cycle assessment and life-cycle cost analysis for water use in multioccupant buildings,68,2005,… Life-cycle assessment (LCA) and life-cycle cost analysis (LCC) techniques are used to study a 25-year operational life cycle for plumbing fixtures and water-consuming appliances for …,https://ascelibrary.org/doi/abs/10.1061/(ASCE)1076-0431(2005)11:3(99),,0,"life cycle assessment, plumbing",10.1061/(asce)1076-0431(2005)11:3(99),Angela Arpke; Neil Hutzler,2005-9,,https://ascelibrary.org/doi/pdf/10.1061/%28ASCE%291076-0431%282005%2911%3A3%2899%29,31
Comparative life-cycle assessment of water supply pipes made from bamboo vs. polyvinyl chloride,52,2019,… Life-cycle assessment is a tool used to evaluate the … water pipe's life from raw material extraction to the end of pipe life. … to compare the different life cycle stages affecting environments. …,https://www.sciencedirect.com/science/article/pii/S0959652619330422,,0,"life cycle assessment, plumbing",10.1016/j.jclepro.2019.118172,Sheldon Q. Shi; Liping Cai; Yun Weng; Dong Wang; Yuanping Sun,2019-12,,https://api.elsevier.com/content/article/PII:S0959652619330422?httpAccept=text/xml,37
Evaluation of the environmental and economic impacts on the life cycle of different solutions for toilet flush systems,17,2019,"… This study aims to analyze, through Life Cycle Assessment, … consumed throughout all life cycle phases in plumbing systems, … all phases of the life cycle of the plumbing systems were …",https://www.mdpi.com/2071-1050/11/17/4742,,0,"life cycle assessment, plumbing",10.3390/su11174742,Eloise Leonora Gnoatto; Andreza Kalbusch; Elisa Henning,2019-8-30,"<jats:p>The use of plumbing fixtures to promote water saving in the built environment is a common practice in water conservation programs. However, the environmental implications of fixtures replacement should be taken into consideration. This paper analyzes three different scenarios for the provision of water in toilets installed in a university campus. In scenarios 1 and 2, single flush and dual flush devices were installed in the toilets, respectively. In scenario 3, in addition to the installation of dual flush devices, a greywater reuse system from the lavatories was analyzed. The objective is to evaluate, through the Life Cycle Assessment, the environmental aspects related to these scenarios. The economic analysis of the three scenarios was also carried out. Measurements were taken on all plumbing fixtures installed in a building of a university campus in Southern Brazil. The research was conducted using smart meters in two periods: with single flush and dual flush devices installed in toilets. Considering the environmental impacts analyzed, scenario 3 presented lower water and energy consumption in the life cycle. Scenario 2, however, presented lower global warming potential. The net present value results were R$ 23,575.71, R$ 19,091.41, and R$ 22,500.55 for scenarios 1, 2 and 3, respectively.</jats:p>",https://www.mdpi.com/2071-1050/11/17/4742/pdf,7
Life cycle assessment of domestic hot water systems: a comparative analysis,38,2016,… assessment. This article reports findings from a comparative cradle-to-grave life cycle assessment (… Primary data acquired from a case study contributed to achieving accurate life cycle …,https://www.tandfonline.com/doi/abs/10.1080/15623599.2016.1146111,,0,"life cycle assessment, plumbing",10.1080/15623599.2016.1146111,Poorang Piroozfar; Francesco Pomponi; Eric R.P. Farr,2016-4-2,,http://www.tandfonline.com/doi/pdf/10.1080/15623599.2016.1146111,11
Comparative life cycle analysis of materials in wastewater piping systems,42,2015,… longevity of a plumbing system is dependent on … Life cycle assessment (LCA) focus is primary on analyzing the environmental impacts of wastewater infrastructure in different life -cycle …,https://www.sciencedirect.com/science/article/pii/S1877705815021165,,0,"life cycle assessment, plumbing",10.1016/j.proeng.2015.08.461,Ehsan Vahidi; Enze Jin; Maithilee Das; Mansukh Singh; Fu Zhao,2015,,https://api.elsevier.com/content/article/PII:S1877705815021165?httpAccept=text/xml,22
Life cycle assessment of buildings: a review,760,2011,"… This tool was used to study a 25 year operational life cycle for plumbing fixtures and water-consuming appliances for four different multi-occupant buildings: an apartment, a college …",https://www.sciencedirect.com/science/article/pii/S1364032110002959,,0,"life cycle assessment, plumbing",10.1007/s11367-011-0275-9,J. Mason Earles; Anthony Halog,2011-3-30,,http://link.springer.com/content/pdf/10.1007/s11367-011-0275-9.pdf,315
Eco-efficiency analysis of non-potable water systems in domestic buildings,47,2017,… This study developed an eco-efficiency analysis (EEA) framework with the integration of life-cycle assessment (LCA) and economic analysis for the evaluation of different water systems. …,https://www.sciencedirect.com/science/article/pii/S0306261917306001,,0,"life cycle assessment, plumbing",10.1016/j.apenergy.2017.05.095,Chor-Man Lam; Ling Leng; Pi-Cheng Chen; Po-Heng Lee; Shu-Chien Hsu,2017-9,,https://api.elsevier.com/content/article/PII:S0306261917306001?httpAccept=text/xml,34
Organizational water footprint to support decision making: A case study for a German technological solutions provider for the plumbing industry,13,2020,"… Review literature shows the increasing use of life cycle assessment-based supply chain … (and preferably social) indicators (see the social life cycle assessment framework [32]), in order …",https://www.mdpi.com/2073-4441/12/3/847,,0,"life cycle assessment, plumbing",10.3390/w12030847,Silvia Forin; Jutta Gossmann; Christoph Weis; Daniel Thylmann; Jonas Bunsen; Markus Berger; Matthias Finkbeiner,2020-3-17,"<jats:p>With water scarcity representing an increasing threat to humans, the environment and the economy, companies are interested in exploring how their operations and supply chains affect water resources globally. To allow for systematically compiling the water footprint at the company level, the organizational water footprint method based on ISO 14046 and ISO/TS 14072 was developed. This paper presents the first complete organizational water scarcity footprint case study carried out for Neoperl GmbH, a German company that offers innovative solutions regarding drinking water for the plumbing industry. The cradle-to-gate assessment for one year includes, besides facility-based production activities, purchased materials, electricity and fuels, and supporting activities, such as company vehicles and infrastructure. Neoperl’s total freshwater consumption amounts to approximately 110,000 m3, 96% thereof being attributable to the supply chain, with freshwater consumption through purchased metals playing the predominant role. Metals (mainly stainless steel and brass) are major hotspots, also when considering the water scarcity-related local impacts resulting from freshwater consumption, which mainly affect China and Chile. These results can be used to improve the company’s supply chain water use in cooperation with internal and external stakeholders by means of, e.g., sustainable purchase strategies or eco-design options to substitute water intensive materials.</jats:p>",https://www.mdpi.com/2073-4441/12/3/847/pdf,9
Life cycle assessment and life cycle cost implication of residential buildings—A review,388,2015,"… The LCC is quite low for this case study house, as the costs for land and interior decoration, wiring or plumbing were not included. Construction and maintenance contributed the most (…",https://www.sciencedirect.com/science/article/pii/S1364032114008235,,0,"life cycle assessment, plumbing",10.1016/j.rser.2014.10.006,Hamidul Islam; Margaret Jollands; Sujeeva Setunge,2015-2,,https://api.elsevier.com/content/article/PII:S1364032114008235?httpAccept=text/xml,238
Potential benefits and environmental life cycle assessment of equipping buildings in dense cities for struvite production from source-separated human urine,32,2017,The risk of a worldwide phosphorus (P) crisis has been predicted in the past ten years by many researchers and organizations who sought alternative resources of P. Source-separation …,https://www.sciencedirect.com/science/article/pii/S0959652616321758,,0,"life cycle assessment, plumbing",10.1016/j.jclepro.2016.12.111,Andre M.K. Mbaya; Ji Dai; Guang-Hao Chen,2017-2,,https://api.elsevier.com/content/article/PII:S0959652616321758?httpAccept=text/plain,20
Environmental impacts of lighting technologies—Life cycle assessment and sensitivity analysis,150,2011,"… in the area of lighting devices, aiming to improve energy efficiency in the … lighting sector. This article presents a comprehensive life cycle assessment comparison of four different lighting …",https://www.sciencedirect.com/science/article/pii/S0195925510001149,,0,"life cycle assessment, lighting",10.1016/j.eiar.2010.08.004,Tobias Welz; Roland Hischier; Lorenz M. Hilty,2011-4,,https://api.elsevier.com/content/article/PII:S0195925510001149?httpAccept=text/xml,84
Comparative life cycle assessment of LED lighting products,59,2018,… of life options (domestic bin and recycling centre). The life cycle assessment results reveal that the new eco-lighting product … impact than the existing lighting product in all scenarios. The …,https://journals.sagepub.com/doi/abs/10.1177/1477153517708597,,0,"life cycle assessment, lighting",10.1201/9780429436949-7,Michael Tsang; Guido Sonnemann,2018-10-10,,,0
A comparative life cycle assessment (LCA) of lighting technologies for greenhouse crop production,87,2017,… lighting have become an important part of specialty crop cultivation. This study reports a comparative life cycle assessment of different lighting … W HPS lighting system vs. 650 W LED …,https://www.sciencedirect.com/science/article/pii/S0959652616000329,,0,"life cycle assessment, lighting",10.1016/j.jclepro.2016.01.014,Hao Zhang; John Burr; Fu Zhao,2017-1,,https://api.elsevier.com/content/article/PII:S0959652616000329?httpAccept=text/xml,54
Environmental and social life cycle assessments of an industrial LED lighting product,47,2022,… performance assessments have not been given enough attention. This paper presents a combined Environmental Life Cycle Assessment (E-LCA) and Social Life Cycle Assessment (S-…,https://www.sciencedirect.com/science/article/pii/S0195925522000701,,0,"life cycle assessment, lighting",10.1016/j.eiar.2022.106804,Shuyi Wang; Daizhong Su; You Wu,2022-7,,https://api.elsevier.com/content/article/PII:S0195925522000701?httpAccept=text/xml,34
Comparative life cycle analysis of different lighting devices,27,2015,"… The third lamp selected for comparative life cycle assessment for lighting devices was 12.5 W LED lamp, which is representative of most energy efficient lamps at the moment. The …",https://www.academia.edu/download/103209839/106.pdf,http://scholar.google.com/https://www.academia.edu/download/103209839/106.pdf,0,"life cycle assessment, lighting",10.13005/bbra/1766,Andrey Viktorovich Kozlov; Alexey Stanislavovich Terenchenko; Kirill Evgenievich Karpukhin,2015-8-30,,,2
Life cycle assessment of pavements: reviewing research challenges and opportunities,246,2016,"… , the life cycle impact assessment and interpretation. In this paper, a comprehensive review (ie a critical review and research gaps investigation) of life cycle assessment … , noise, lighting, …",https://www.sciencedirect.com/science/article/pii/S0959652615013074,,0,"life cycle assessment, lighting",10.1016/j.jclepro.2015.09.080,Hessam AzariJafari; Ammar Yahia; Mourad Ben Amor,2016-1,,https://api.elsevier.com/content/article/PII:S0959652615013074?httpAccept=text/plain,161
Lights and shadows in consequential LCA,433,2012,"Purpose Consequential LCA (CLCA) is becoming widely used in the scientific community as a modelling technique which describes the consequences of a decision. However, despite …",https://link.springer.com/article/10.1007/s11367-012-0423-x,,0,"life cycle assessment, lighting",10.1007/s11367-012-0423-x,Alessandra Zamagni; Jeroen Guinée; Reinout Heijungs; Paolo Masoni; Andrea Raggi,2012-4-24,,http://link.springer.com/content/pdf/10.1007/s11367-012-0423-x.pdf,260
Life-cycle assessment of pavements Part II: Filling the research gaps,220,2011,"… As life-cycle assessment (LCA) increasingly is used to evaluate the environmental footprint … carbonation, pavement albedo, lighting, leachate, and end of life allocation are areas where …",https://www.sciencedirect.com/science/article/pii/S0921344911000462,,0,"life cycle assessment, lighting",10.1016/j.resconrec.2011.03.009,Nicholas J. Santero; Eric Masanet; Arpad Horvath,2011-7,,https://api.elsevier.com/content/article/PII:S0921344911000462?httpAccept=text/xml,130
Life cycle assessment of road. A pilot study for inventory analysis,478,2001,"… equipment such as lighting, traffic lights, game fences, road … seen from a life cycle assessment perspective which includes … , with the help of life cycle assessment technique, increasing …",https://www.diva-portal.org/smash/record.jsf?pid=diva2:1550976,,0,"life cycle assessment, lighting",10.1002/9780470999677.ch4,,2001-5-15,,https://onlinelibrary.wiley.com/doi/pdf/10.1002/9780470999677.ch4,0
DOE Solid-State Lighting Life Cycle Assessment,5,2009,… • What are the materials and energy resources required for SSL products over their life cycle? … – Designs are expected to reduce material needs as heat sink designs are …,https://www.academia.edu/download/30700306/matthews_chicago09.pdf,http://scholar.google.com/https://www.academia.edu/download/30700306/matthews_chicago09.pdf,0,"life cycle assessment, lighting",10.3370/lca.5.79,Mineo TSURUMAKI,2009,,https://www.jstage.jst.go.jp/article/lca/5/1/5_79/_pdf,2
"Simulation-based multi-objective optimization of institutional building renovation considering energy consumption, life-cycle cost and life-cycle assessment",258,2019,"… minimize their Life Cycle Cost (LCC) and environmental impact using Life Cycle Assessment (… of the building envelopes, HVAC and lighting systems. However, some of these scenarios …",https://www.sciencedirect.com/science/article/pii/S2352710218307204,,0,"life cycle assessment, lighting",10.1016/j.jobe.2018.11.006,Seyed Amirhosain Sharif; Amin Hammad,2019-1,,https://api.elsevier.com/content/article/PII:S2352710218307204?httpAccept=text/xml,183
A review of the energy performance and life-cycle assessment of building-integrated photovoltaic (BIPV) systems,239,2018,"… , the replacement of traditional wall cladding, daytime lighting, heating/cooling load reduction, … , the research progress of the life-cycle assessment of BIPV systems is also discussed. It is …",https://www.mdpi.com/1996-1073/11/11/3157,,0,"life cycle assessment, lighting",10.3390/en11113157,Tiantian Zhang; Meng Wang; Hongxing Yang,2018-11-14,"<jats:p>Building integrated photovoltaic (BIPV) technology provides an aesthetical, economic, and technical solution for electricity self-sufficiency in buildings. As one of the most promising technologies for solar energy harvesting in urban areas, BIPV technology provides multiple benefits for buildings, including power generation from renewable energy resources, the replacement of traditional wall cladding, daytime lighting, heating/cooling load reduction, etc. This paper systematically reviews the progress of recent research on the electrical, thermal, optical, and overall energy performances of BIPV systems. Furthermore, based on the literature review on the energy payback time and the greenhouse-gas emission of various BIPV technologies, the research progress of the life-cycle assessment of BIPV systems is also discussed. It is anticipated that the review results can provide meaningful reference and support for the research and development of BIPV technology.</jats:p>",https://www.mdpi.com/1996-1073/11/11/3157/pdf,150
Environmental life cycle assessment of a commercial office building in Thailand,277,2008,"… The results of the impact assessment of the office building reveals that lighting, air conditioning, … Lighting equipment produced around 15% and 11% of the impact both in the climate …",https://link.springer.com/article/10.1007/s11367-008-0012-1,,0,"life cycle assessment, lighting",10.1007/s11367-008-0012-1,Oyeshola F. Kofoworola; Shabbir H. Gheewala,2008-5-21,,http://link.springer.com/content/pdf/10.1007/s11367-008-0012-1.pdf,159
"Life-cycle assessment of residential buildings in three different European locations, basic tool",234,2012,"… The paper deals with the development of a tool used for the life cycle assessment of … The energy consumption, being for heating space or water, for cooling or for lighting is transformed …",https://www.sciencedirect.com/science/article/pii/S036013231100401X,,0,"life cycle assessment, lighting",10.1016/j.buildenv.2011.11.017,Barbara Rossi; Anne-Françoise Marique; Mauritz Glaumann; Sigrid Reiter,2012-5,,https://api.elsevier.com/content/article/PII:S036013231100401X?httpAccept=text/xml,131
Environmental criteria for assessing the competitiveness of public tenders with the replacement of large-scale LEDs in the outdoor lighting of cities as a key …,47,2019,… that apply the LCA (Life Cycle Assessment) methodology to … that aims to calculate the life cycle fossil energy consumption and … The life cycle analysis of the LED luminaire is becoming a …,https://www.mdpi.com/2071-1050/11/21/5982,,0,"life cycle assessment, lighting",10.3390/su11215982,Manuel Jesús Hermoso-Orzáez; José Adolfo Lozano-Miralles; Rafael Lopez-Garcia; Paulo Brito,2019-10-28,"<jats:p>The technological change to LEDs is an unstoppable reality which, little by little, is becoming increasingly important in terms of the lighting inside and outside our homes. The exterior lighting of our cities is moving decisively and clearly towards the incorporation of this technology in urban spaces. The energy efficiency, light quality, and economic benefits of LED technology are an unquestionable reality. This is causing public administration projects involving large-scale switches to LEDs to be promoted and financed; however, it is beginning to be observed that the commitment to the policies decided by this technology should take into account some environmental aspects which have not been studied to date. The environmental impact of the substitutions is caused by the need to valorize the replaced luminaires. Until now, most have been stored without the possibility of use, reuse, or recovery. The environmental impact produced in the manufacture of LED luminaires that replace the old sodium vapor (VSAP) or metal halide (MH) discharge lamps must also be considered. In addition, in the administrative clauses specifications that govern the public tenders, it is observed that the fundamental environmental aspects both of recycling the old lamps, and of the life cycle analysis (LCA) of the luminaires that are replacing them, have not been contemplated or valued with sufficient weight. In addition, there are very few public substitution contests in which environmental criteria are rewarded or valued in an important way. This work intends to summarize a methodological proposal using the techniques of multiple decision-making criteria for the selection of bidding companies for public outdoor lighting competitions. We propose the use of the PROMETHEE method multi-criteria analysis for the application of the most commonly used criteria for the luminaire LED selection process, including an environmental impact assessment with LCA techniques, and propose this as a case or model guide in the public contests of cities. A model of the bidding conditions that addresses and assesses the environmental aspects which are absolutely key to sustainable development is supported by the ecological criteria of the circular economy.</jats:p>",https://www.mdpi.com/2071-1050/11/21/5982/pdf,33
Life cycle assessment of the production of the red antioxidant carotenoid astaxanthin by microalgae: from lab to pilot scale,243,2014,"… to avoid contamination risks and allow controlled lighting conditions, were considered. The study … The life cycle assessment was performed following the ISO 14040 and ten impact …",https://www.sciencedirect.com/science/article/pii/S0959652613004721,,0,"life cycle assessment, lighting",10.1016/j.jclepro.2013.07.011,Paula Pérez-López; Sara González-García; Clayton Jeffryes; Spiros N. Agathos; Edward McHugh; Daniel Walsh; Patrick Murray; Siobhan Moane; Gumersindo Feijoo; Mª Teresa Moreira,2014-2,,https://api.elsevier.com/content/article/PII:S0959652613004721?httpAccept=text/xml,175
Combining life cycle costing and life cycle assessment for an analysis of a new residential district energy system design,279,2013,… assessment practises to recognize solutions for sustainable urban development. The focus of the study is on the life cycle … LCC (life cycle costs) and carbon emissions (LCA (life cycle …,https://www.sciencedirect.com/science/article/pii/S0360544213008797,,0,"life cycle assessment, lighting",10.1016/j.energy.2013.10.030,Miro Ristimäki; Antti Säynäjoki; Jukka Heinonen; Seppo Junnila,2013-12,,https://api.elsevier.com/content/article/PII:S0360544213008797?httpAccept=text/xml,168
Life cycle assessment of a cross laminated timber building,84,2013,"… performance associated with the production of the materials, along with HVAC and lighting systems, and associated operation and end-of-life of this novel building, using a …",https://research-repository.rmit.edu.au/articles/report/Life_cycle_assessment_of_a_cross_laminated_timber_building/27346623,,0,"life cycle assessment, lighting",10.13052/rp-9788792982230,Anne Kirkegaard Bejder,2013,,http://riverpublishers.com/pdf/ebook/RP_978-87-92982-23-0.pdf,2
Life cycle assessment of off-grid lighting applications: Kerosene vs. solar lanterns,2,2009,"… -based kerosene lighting is the most common solution to lighting … Life cycle assessments examine the energy required and the … -to-user"" life cycle assessment of the lighting options are …",https://dspace.mit.edu/handle/1721.1/54450,,0,"life cycle assessment, lighting",10.1016/j.renene.2009.06.016,Brian Fleck; Marc Huot,2009-12,,https://api.elsevier.com/content/article/PII:S0960148109002894?httpAccept=text/xml,104
Life-cycle assessment of office buildings in Europe and the United States,491,2006,"… presents life-cycle assessments of newly constructed European and US office buildings from materials production through construction, use, and maintenance to end-of-life … Lighting and …",https://ascelibrary.org/doi/abs/10.1061/(ASCE)1076-0342(2006)12:1(10),,0,"life cycle assessment, lighting",10.1061/(asce)1076-0342(2006)12:1(10),Seppo Junnila; Arpad Horvath; Angela Acree Guggemos,2006-3,,https://ascelibrary.org/doi/pdf/10.1061/%28ASCE%291076-0342%282006%2912%3A1%2810%29,275
Comparing the embodied carbon and energy of a mass timber structure system to typical steel and concrete alternatives for parking garages,103,2019,"… the embodied carbon and energy of different structural systems… few materials or systems, the embodied carbon and energy of … replacement and high recycled content steel are utilized. …",https://www.sciencedirect.com/science/article/pii/S0378778819305134,,0,"replacement embodied carbon, mechanical electrical plumbing systems",10.1016/j.enbuild.2019.06.047,A. Zeitz; C.T. Griffin; P. Dusicka,2019-9,,https://api.elsevier.com/content/article/PII:S0378778819305134?httpAccept=text/xml,73
Mechanical and electrical systems,6,2005,"… Further, when we consider how plumbing affects health, and … architect to comprehend plumbing and life safety systems, and … inspection, service, repair, and replacement of appliances. …","https://books.google.com/books?hl=en&lr=&id=PmRWeNX6nlIC&oi=fnd&pg=PR5&dq=replacement+embodied+carbon,+mechanical+electrical+plumbing+systems&ots=RVt4iAhxzV&sig=JTeDcWID6xT-Vng0cGDsd7e1f0U",,0,"replacement embodied carbon, mechanical electrical plumbing systems",10.1115/imece2005-82277,G. A. Adebiyi,2005-1-1,"<jats:p>A combined electrical/mechanical and thermal power generating system is undoubtedly the way to go for optimum overall efficiency in energy conversion. Traditionally, electric power is generated in centralized power stations and subsequently supplied to consumers via extensive grid distribution networks. Waste heat is a by-product that cannot inexpensively be conveyed to meet the demand for thermal power in the communities served. Consequently, the needed thermal power is produced either using the high grade electricity delivered from the grid supply, or by combustion of expensive fuels such as natural gas and oil. Cogeneration and CHP (Cooling, Heating, and Power) systems are designed to utilize waste heat from in-house electrical/mechanical power producing devices such as micro turbines and diesel engines used in industries that are located in the community or district. The generation of mechanical and thermal power from a single fuel input significantly enhances the overall conversion efficiency, which translates to lower CO2 emissions to the environment. Greater stability and reliability in power supply at the community level is achieved via the deployment of CHP systems that provide power on the required scale as well as meet local demand for cooling and/or heating. The magnitude of efficiency gain for CHP systems is often overstated simply because the quality difference between electrical/mechanical power and thermal power is not factored into the equation. This paper focuses on a complete thermodynamic analysis of CHP systems on the basis of the first and second laws of thermodynamics.</jats:p>",http://asmedigitalcollection.asme.org/IMECE/proceedings-pdf/doi/10.1115/IMECE2005-82277/4558181/517_1.pdf,1
Systematic embodied carbon assessment and reduction of prefabricated high-rise public residential buildings in Hong Kong,136,2019,… Embodied carbon from the manufacturing of materials was mainly attributed to … the embodied carbon could be reduced significantly by adopting low carbon concrete such as replacing …,https://www.sciencedirect.com/science/article/pii/S0959652619326514,,0,"replacement embodied carbon, mechanical electrical plumbing systems",10.1016/j.jclepro.2019.117791,Yue Teng; Wei Pan,2019-11,,https://api.elsevier.com/content/article/PII:S0959652619326514?httpAccept=text/xml,103
Whole life embodied emissions and net-zero emissions potential for a mid-rise office building constructed with mass timber,52,2023,… to determine the total embodied carbon emissions for a four-… In addition to a comparative embodied carbon emissions … to offset whole life embodied carbon emissions when evaluated …,https://www.sciencedirect.com/science/article/pii/S2214993722001427,,0,"replacement embodied carbon, mechanical electrical plumbing systems",10.1016/j.susmat.2022.e00528,Jonah M. Greene; H. Robert Hosanna; Bryan Willson; Jason C. Quinn,2023-4,,https://api.elsevier.com/content/article/PII:S2214993722001427?httpAccept=text/xml,14
Net-zero embodied carbon in buildings with today's available technologies,22,2024,"… (18) As with existing studies, (27,28) this study considers only module B1 and does not consider modules B2–B5: maintenance, repair, replacement, and refurbishment. This is because …",https://pubs.acs.org/doi/abs/10.1021/acs.est.3c04618,,0,"replacement embodied carbon, mechanical electrical plumbing systems",10.1021/acs.est.3c04618,Takuma Watari; Naho Yamashita; André Cabrera Serrenho,2024-1-16,,https://pubs.acs.org/doi/pdf/10.1021/acs.est.3c04618,19
Mechanical and electrical equipment for buildings,863,2019,"… Most of the systems presented in this book consume energy and embody materials. Some … , and our approach to mechanical and electrical systems must consider how best to minimize …","https://books.google.com/books?hl=en&lr=&id=kgOqDwAAQBAJ&oi=fnd&pg=PR17&dq=replacement+embodied+carbon,+mechanical+electrical+plumbing+systems&ots=9Lp34XlfH3&sig=LGXeKm8O2LFYDkmfg7_9b7NDQ4s",,0,"replacement embodied carbon, mechanical electrical plumbing systems",10.1201/9780429243035-2,Bella H. Chudnovsky,2019-4-24,,,0
A modular framework for estimating carbon emissions from building component replacements in LCA,1,2025,"… The replacement of building components (B4 phase) is a significant yet underexplored source of embodied carbon. … A generalized emission equation quantifies carbon from production, …",https://www.sciencedirect.com/science/article/pii/S0378778825011545,,0,"replacement embodied carbon, mechanical electrical plumbing systems",10.1016/j.enbuild.2025.116424,Zuoming Chen; Stephen Siu Yu Lau; Zhidong Zhang; Sunnie Sing Yeung Lau; Tris Kee,2025-12,,https://api.elsevier.com/content/article/PII:S0378778825011545?httpAccept=text/xml,0
Structural design of hybrid steel-timber buildings for lower production stage embodied carbon emissions,19,2023,Using cross laminated timber (CLT) floor panels in combination with steel framing has been identified as a promising new structural configuration that can reduce the embodied …,https://www.sciencedirect.com/science/article/pii/S2352710223012329,,0,"replacement embodied carbon, mechanical electrical plumbing systems",10.1016/j.jobe.2023.107053,Isaac Becker; Finn Anderson; Adam R. Phillips,2023-10,,https://api.elsevier.com/content/article/PII:S2352710223012329?httpAccept=text/xml,7
Mapping material use and embodied carbon in UK construction,43,2023,… analysis shows that the embodied carbon of the UK construction in … embodied carbon in UK construction. We found that almost 100 Mt of materials were used with an embodied carbon …,https://www.sciencedirect.com/science/article/pii/S0921344923001921,,0,"replacement embodied carbon, mechanical electrical plumbing systems",10.31224/2441,Michal Drewniok; Jos´e Azevedo; Cyrille Dunant; Julian Allwood; Jonathan Cullen; Tim Ibell; Will Hawkins,2023-1-11,,,2
Modelling the embodied carbon cost of UK domestic building construction: Today to 2050,52,2023,"… time, the upfront embodied carbon cost of … embodied carbon cost are then analysed. The results show that maintaining today’s levels of construction will use the remaining 2050 carbon …",https://www.sciencedirect.com/science/article/pii/S092180092200386X,,0,"replacement embodied carbon, mechanical electrical plumbing systems",10.1016/j.ecolecon.2022.107725,Michał P. Drewniok; Cyrille F. Dunant; Julian M. Allwood; Tim Ibell; Will Hawkins,2023-3,,https://api.elsevier.com/content/article/PII:S092180092200386X?httpAccept=text/xml,38
Carbon emission-based life cycle assessment of rural residential buildings constructed with engineering bamboo: A case study in China,75,2023,"… its ability to sequester carbon, resulting in lower carbon emissions during the production phase. Based on the Monte Carlo simulation, the mean life cycle carbon emission for the typical …",https://www.sciencedirect.com/science/article/pii/S2352710223013621,,0,"replacement embodied carbon, mechanical electrical plumbing systems",10.1016/j.jobe.2023.107182,Yi Liu; Jiajing Zhang; Jinjun Xu; Yu Wang; Baihao Li; Shiqian Zhang,2023-10,,https://api.elsevier.com/content/article/PII:S2352710223013621?httpAccept=text/xml,19
Decarbonization potentials of the embodied energy use and operational process in buildings: A review from the life-cycle perspective,48,2023,"… to replace the on-site combustion/electric-… -carbon buildings [26], and Pan and Teng discussed the influences of input variables on the assessment results of building embodied carbon …",https://www.cell.com/heliyon/fulltext/S2405-8440(23)07398-X,,0,"replacement embodied carbon, mechanical electrical plumbing systems",10.1016/j.heliyon.2023.e20190,Yumin Liang; Changqi Li; Zhichao Liu; Xi Wang; Fei Zeng; Xiaolei Yuan; Yiqun Pan,2023-10,,https://api.elsevier.com/content/article/PII:S240584402307398X?httpAccept=text/xml,41
Carbon Emission Accounting for 220 kV Transmission and Transformation Projects Based on a Whole Life Cycle Improvement Method,5,2025,… carbon emission coefficient in this paper can be extended to all the carbon emission accounting of power … power deficits in the electrical system [24] to ensure the normal operation of the …,https://www.mdpi.com/1996-1073/18/4/912,,0,"whole life carbon, electrical system",10.3390/en18040912,Chunli Wang; Xian Gao; Houyin Long,2025-2-13,"<jats:p>As an important link and bridge for emission reduction, power grid companies are more willing to build clean power transmission and transformation projects under the “3060” carbon emission target. With this problem at its core, this paper uses a typical 220 kV line and substation in a province as the case data. This study improves the carbon emission measurement method for the entire lifecycle of power transmission and transformation equipment, compiles and summarizes the carbon emission coefficients of each equipment and duration according to different typical scenarios, and measures the carbon emission of power transmission and transformation projects. The results show that the carbon emission of the line is 8169.58 tons, mainly concentrated in materials such as steel, water, concrete, and cement; the carbon emission of the substation is 4483.48 tons, mainly concentrated in materials such as concrete, cement and steel; and the carbon emission of the operation and maintenance stage is 9939.70 tons. The carbon emission coefficient in this paper can be extended to all the carbon emission accounting of power transmission and transformation projects in China.</jats:p>",https://www.mdpi.com/1996-1073/18/4/912/pdf,5
Carbon emissions of power transmission and transformation projects in the whole life cycle for smart sustainable energy systems,15,2024,"… carbon-emitting sources, the power system holds the potential to contribute to the development of sustainable energy systems … carbon emissions emanating from PTTP throughout their …",https://www.nature.com/articles/s41598-024-54317-0,,0,"whole life carbon, electrical system",10.1038/s41598-024-54317-0,Zhihui Wang; Long Hu; Xiaojia Huang; Jieren Tan; Kaihui Ye,2024-2-15,"<jats:title>Abstract</jats:title><jats:p>The study investigates the optimization of life cycle carbon emissions in smart sustainable energy systems through power transformation and transmission project power load predictions. Firstly, a multi-task learning-based short-term user load forecasting technique is developed, where the power load curves of multiple residential customers are grouped and classified using the K-means clustering method. Additionally, the Bidirectional Long Short-Term Memory (BiLSTM) technique is introduced to anticipate the power load intelligently. Secondly, a life cycle carbon emission assessment model for the power transmission and transformation project (PTTP) is constructed based on the life cycle assessment (LCA) method, which divides the project's life cycle into four stages: production, installation and construction, operation and maintenance, and demolition. Finally, an experimental evaluation of this model is conducted. The results demonstrate that compared with the baseline model Long Short-Term Memory (LSTM), this model achieves a significantly lower average Mean Absolute Error (MAE) at 3.62% while achieving significantly higher accuracy in power load forecasting at 94.34%. A comprehensive examination of carbon emissions across all four phases reveals that overall carbon emissions are highest during the operation and maintenance stage followed by the equipment production stage and installation/construction stage, with the lowest overall carbon emissions observed. Hence, this study endeavors to forecast power load demand with precision and identify the principal determinants of carbon emissions in power engineering. By discerning and managing these key factors, an optimal, energy-efficient intelligent power load scheme can be derived.</jats:p>",https://www.nature.com/articles/s41598-024-54317-0.pdf,9
Low carbon operation and evaluation methods for integrated energy system counting EVs with whole life cycle considering demand response,9,2024,"… total operating cost of the integrated energy system, and taking into account the transferable and curtailing characteristics of the electric … of the integrated energy system considering the …",https://www.sciencedirect.com/science/article/pii/S0960148124015155,,0,"whole life carbon, electrical system",10.1016/j.renene.2024.121447,Chao Liu; Yiwen Fan; Wanshui Yu; Yishi Liu; Chenjia Li; Yongning Chi,2024-12,,https://api.elsevier.com/content/article/PII:S0960148124015155?httpAccept=text/xml,9
Closing the low-carbon material loop using a dynamic whole system approach,79,2017,"… systems. In this paper, we analyze the implementation of such processes in the transition to low carbon electricity … Lithium-ion batteries from electric vehicles for grid-attached storage. A …",https://www.sciencedirect.com/science/article/pii/S095965261730392X,,0,"whole life carbon, electrical system",10.1016/j.jclepro.2017.02.166,Jonathan Busch; David Dawson; Katy Roelich,2017-4,,https://api.elsevier.com/content/article/PII:S095965261730392X?httpAccept=text/xml,49
Integrated life-cycle assessment of electricity-supply scenarios confirms global environmental benefit of low-carbon technologies,935,2015,"… , per unit generation, low-carbon power plants tend to require … shift to a low-carbon electricity supply infrastructure. Would the … Would the shift to low-carbon electricity systems increase or …",https://www.pnas.org/doi/abs/10.1073/pnas.1312753111,,0,"whole life carbon, electrical system",10.1109/ptc.2015.7232659,Han Wang; Adrien Saint-Pierre; Pierluigi Mancarella,2015-6,,http://xplorestaging.ieee.org/ielx7/7210291/7232233/07232659.pdf?arnumber=7232659,5
Electrical energy storage systems: A comparative life cycle cost analysis,2374,2015,"… analysis of electricity storage systems requires consistent, … of life cycle costs of utility-scale electricity storage systems, … Power system control, grid expansion, and more advanced …",https://www.researchgate.net/profile/Behnam-Zakeri/publication/281277805_Electrical_energy_storage_systems_A_comparative_life_cycle_cost_analysis_2015/links/55deac0008ae79830bb58ede/Electrical-energy-storage-systems-A-comparative-life-cycle-cost-analysis-2015.pdf,http://scholar.google.com/https://www.researchgate.net/profile/Behnam-Zakeri/publication/281277805_Electrical_energy_storage_systems_A_comparative_life_cycle_cost_analysis_2015/links/55deac0008ae79830bb58ede/Electrical-energy-storage-systems-A-comparative-life-cycle-cost-analysis-2015.pdf,0,"whole life carbon, electrical system",10.1016/j.rser.2014.10.011,Behnam Zakeri; Sanna Syri,2015-2,,https://api.elsevier.com/content/article/PII:S1364032114008284?httpAccept=text/xml,1540
Environmental impacts of hybrid and electric vehicles—a review,826,2012,"… entire life cycle of a product. Here we distinguish three types of vehicles, battery electric vehicles (BEV) which use only an electric … EVs on the overall electricity system is less understood…",https://link.springer.com/article/10.1007/s11367-012-0440-9,,0,"whole life carbon, electrical system",10.1007/s11367-012-0440-9,Troy R. Hawkins; Ola Moa Gausen; Anders Hammer Strømman,2012-5-31,,http://link.springer.com/content/pdf/10.1007/s11367-012-0440-9.pdf,493
A definition of 'carbon footprint',3224,2008,"… Both methodologies need to deal with the challenges outlined above and strive to capture the full life cycle impacts, ie inform a full Life Cycle Analysis/Assessment (LCA). Here, only a …",https://www.academia.edu/download/45307863/ISA-UK_Report_07-01_carbon_footprint.pdf,http://scholar.google.com/https://www.academia.edu/download/45307863/ISA-UK_Report_07-01_carbon_footprint.pdf,0,"whole life carbon, electrical system",10.4135/cqresrre20081205,Thomas J. Billitteri,2008,,,0
Renewable and efficient electric power systems,3503,2013,"… That is, close to one-third of our power is generated with virtually no direct carbon emissions (… An economically efficient power system will include a mix of power plant types appropriate …","https://books.google.com/books?hl=en&lr=&id=onT0dkq1qWsC&oi=fnd&pg=PP8&dq=whole+life+carbon,+electrical+system&ots=gID28u84kU&sig=UsSotiKY6B9aU3GcEfWMAPIntOs",,0,"whole life carbon, electrical system",10.1080/15325008.2012.732656,Ilhami Colak; Ersan Kabalci,2013-1,,http://www.tandfonline.com/doi/pdf/10.1080/15325008.2012.732656,17
Strategies to achieve a carbon neutral society: a review,1244,2022,"… and cities, introducing decentralized energy systems, and the … also review the life cycle analysis of carbon neutral systems. … the life cycle analysis of various carbon neutral systems for …",https://link.springer.com/article/10.1007/s10311-022-01435-8,,0,"whole life carbon, electrical system",10.1007/s10311-022-01435-8,Lin Chen; Goodluck Msigwa; Mingyu Yang; Ahmed I. Osman; Samer Fawzy; David W. Rooney; Pow-Seng Yap,2022-4-8,"<jats:title>Abstract</jats:title><jats:p>The increasing global industrialization and over-exploitation of fossil fuels has induced the release of greenhouse gases, leading to an increase in global temperature and causing environmental issues. There is therefore an urgent necessity to reach net-zero carbon emissions. Only 4.5% of countries have achieved carbon neutrality, and most countries are still planning to do so by 2050–2070. Moreover, synergies between different countries have hampered synergies between adaptation and mitigation policies, as well as their co-benefits. Here, we present a strategy to reach a carbon neutral economy by examining the outcome goals of the 26th summit of the United Nations Climate Change Conference of the Parties (COP 26). Methods have been designed for mapping carbon emissions, such as input–output models, spatial systems, geographic information system maps, light detection and ranging techniques, and logarithmic mean divisia. We present decarbonization technologies and initiatives, and negative emissions technologies, and we discuss carbon trading and carbon tax. We propose plans for carbon neutrality such as shifting away from fossil fuels toward renewable energy, and the development of low-carbon technologies, low-carbon agriculture, changing dietary habits and increasing the value of food and agricultural waste. Developing resilient buildings and cities, introducing decentralized energy systems, and the electrification of the transportation sector is also necessary. We also review the life cycle analysis of carbon neutral systems.</jats:p>",https://link.springer.com/content/pdf/10.1007/s10311-022-01435-8.pdf,964
Emissions from photovoltaic life cycles,899,2008,"… The production of energy by burning fossil fuels releases many pollutants and carbon … , including solar electric, create pollutants when their entire life cycle is taken into account. Life-…",https://pubs.acs.org/doi/abs/10.1021/es071763q,,0,"whole life carbon, electrical system",10.1021/es071763q,Vasilis M. Fthenakis; Hyung Chul Kim; Erik Alsema,2008-2-6,,https://pubs.acs.org/doi/pdf/10.1021/es071763q,463
Sustainable energy transition for renewable and low carbon grid electricity generation and supply,1085,2022,"… in addressing challenges of the energy sector in order to sustainably shift to a low-carbon economy and electricity systems which is the main focus of this research (Quitzow, 2021). …",https://www.frontiersin.org/articles/10.3389/fenrg.2021.743114/full,,0,"whole life carbon, electrical system",10.3389/fenrg.2021.743114,Moses Jeremiah Barasa Kabeyi; Oludolapo Akanni Olanrewaju,2022-3-24,"<jats:p>The greatest sustainability challenge facing humanity today is the greenhouse gas emissions and the global climate change with fossil fuels led by coal, natural gas and oil contributing 61.3% of global electricity generation in the year 2020. The cumulative effect of the Stockholm, Rio, and Johannesburg conferences identified sustainable energy development (SED) as a very important factor in the sustainable global development. This study reviews energy transition strategies and proposes a roadmap for sustainable energy transition for sustainable electricity generation and supply in line with commitments of the Paris Agreement aimed at reducing greenhouse gas emissions and limiting the rise in global average temperature to 1.5°C above the preindustrial level. The sustainable transition strategies typically consist of three major technological changes namely, energy savings on the demand side, generation efficiency at production level and fossil fuel substitution by various renewable energy sources and low carbon nuclear. For the transition remain technically and economically feasible and beneficial, policy initiatives are necessary to steer the global electricity transition towards a sustainable energy and electricity system. Large-scale renewable energy adoption should include measures to improve efficiency of existing nonrenewable sources which still have an important cost reduction and stabilization role. A resilient grid with advanced energy storage for storage and absorption of variable renewables should also be part of the transition strategies. From this study, it was noted that whereas sustainable development has social, economic, and environmental pillars, energy sustainability is best analysed by five-dimensional approach consisting of environmental, economic, social, technical, and institutional/political sustainability to determine resource sustainability. The energy transition requires new technology for maximum use of the abundant but intermittent renewable sources a sustainable mix with limited nonrenewable sources optimized to minimize cost and environmental impact but maintained quality, stability, and flexibility of an electricity supply system. Technologies needed for the transition are those that use conventional mitigation, negative emissions technologies which capture and sequester carbon emissions and finally technologies which alter the global atmospheric radiative energy budget to stabilize and reduce global average temperature. A sustainable electricity system needs facilitating technology, policy, strategies and infrastructure like smart grids, and models with an appropriate mix of both renewable and low carbon energy sources.</jats:p>",https://www.frontiersin.org/articles/10.3389/fenrg.2021.743114/full,679
Life-cycle sustainability assessment of key electricity generation systems in Portugal,103,2019,"This article presents a life-cycle sustainability assessment of electricity generation systems in Portugal, namely coal, natural gas, hydro (large and small), wind, and photovoltaic systems…",https://www.sciencedirect.com/science/article/pii/S0360544219305869,,0,"whole life carbon, electrical system",10.1016/j.energy.2019.03.166,Jeremiah Kabayo; Pedro Marques; Rita Garcia; Fausto Freire,2019-6,,https://api.elsevier.com/content/article/PII:S0360544219305869?httpAccept=text/xml,86
Life cycle energy and environmental performance of a new university building: modeling challenges and design implications,1121,2003,… The challenges in developing a life cycle model of a complex dynamic system with a long service life are explored and the implications for future designs are discussed. …,https://www.sciencedirect.com/science/article/pii/S0378778803000665,,0,"whole life carbon, electrical system",10.1016/s0378-7788(03)00066-5,Chris Scheuer; Gregory A Keoleian; Peter Reppe,2003-11,,https://api.elsevier.com/content/article/PII:S0378778803000665?httpAccept=text/xml,581
Life cycle assessment of greenhouse gas emissions from plug-in hybrid vehicles: implications for policy,1040,2008,… the electricity system encountered by those vehicles. A commitment to developing a low-carbon electricity … from PHEVs are desired within the current cycle of electricity capital turnover. …,https://pubs.acs.org/doi/abs/10.1021/es702178s,,0,"whole life carbon, electrical system",10.1021/es702178s,Constantine Samaras; Kyle Meisterling,2008-4-5,,https://pubs.acs.org/doi/pdf/10.1021/es702178s,527
The importance of carbon footprint estimation boundaries,859,2008,"… factors that contribute to carbon emissions. The authors discuss a more comprehensive, screening-level analysis that considers carbon emissions along the entire life cycle of a product, …",https://pubs.acs.org/doi/abs/10.1021/es703112w,,0,"whole life carbon, electrical system",10.1021/es703112w,H. Scott Matthews; Chris T. Hendrickson; Christopher L. Weber,2008-8-1,,https://pubs.acs.org/doi/pdf/10.1021/es703112w,426
Comparing the costs of intermittent and dispatchable electricity generating technologies,904,2011,"… wholesale markets for electricity, as well as electric power system models for forecasting … the expected market value of the electricity that they will supply, their total life-cycle costs, and …",https://www.aeaweb.org/articles?id=10.1257/aer.101.3.238,,0,"whole life carbon, electrical system",10.1257/aer.101.3.238,Paul L Joskow,2011-5-1,"<jats:p> Economic evaluations of alternative electric generating technologies typically rely on comparisons between their expected “levelized cost” per MWh supplied. I demonstrate that this metric is inappropriate for comparing intermittent generating technologies like wind and solar with dispatchable generating technologies like nuclear, gas combined cycle, and coal. It overvalues intermittent generating technologies compared to dispatchable base load generating technologies. It also likely overvalues wind generating technologies compared to solar generating technologies. Integrating differences in production profiles, the associated variations in wholesale market prices of electricity, and life-cycle costs associated with different generating technologies is necessary to provide meaningful comparisons between them. </jats:p>",https://pubs.aeaweb.org/doi/pdf/10.1257/aer.101.3.238,434
The impact of surgery on global climate: a carbon footprinting study of operating theatres in three health systems,834,2017,"… selection of a low-carbon electricity source has the potential to … , full life-cycle assessment is required, such as that done by Eckelman and colleagues 16 demonstrating that the carbon …",https://www.thelancet.com/journals/lanplh/article/PIIS2542-5196(17)30162-6/fulltext,,0,"whole life carbon, electrical system",10.1016/s2542-5196(17)30162-6,Andrea J MacNeill; Robert Lillywhite; Carl J Brown,2017-12,,https://api.elsevier.com/content/article/PII:S2542519617301626?httpAccept=text/xml,603
Evaluating whole life carbon impact of climate control systems in net-zero building designs,2,2025,"… whole life carbon (WLC) emissions. A significant obstacle is the limited availability of … data on the carbon footprint of Heating, Ventilating and Air Conditioning (HVAC) equipment …",https://journals.sagepub.com/doi/abs/10.1177/01436244241284836,,0,"whole life carbon, heating ventilation and air conditioning",10.1201/9781003595120-221,K. Andisheh,2025-7-14,,,0
Life-cycle cost analysis for constant-air-volume and variable-air-volume air-conditioning systems,80,2006,… This study presents a life-cycle cost analysis using detailed load profiles and initial and … of constant-air-volume (CAV) and variable-air-volume (VAV) air-conditioning systems. The …,https://www.sciencedirect.com/science/article/pii/S030626190500084X,,0,"whole life carbon, heating ventilation and air conditioning",10.1016/j.apenergy.2005.06.002,Mehmet Azmi Aktacir; Orhan Büyükalaca; Tuncay Yılmaz,2006-6,,https://api.elsevier.com/content/article/PII:S030626190500084X?httpAccept=text/xml,25
An integrated passive and active retrofitting approach toward minimum whole-life carbon footprint,20,2023,"… carbon emission only” strategy, there is 11.92%, 10.55%, and 10.48% reduction in whole-life cost, energy usage and carbon … aspect that minimum whole-life carbon emissions can be …",https://www.sciencedirect.com/science/article/pii/S0378778823005674,,0,"whole life carbon, heating ventilation and air conditioning",10.1016/j.enbuild.2023.113337,X.J. Luo,2023-9,,https://api.elsevier.com/content/article/PII:S0378778823005674?httpAccept=text/xml,16
Driving net zero: Comprehensive evaluation of whole life carbon in domestic hot water systems,0,2025,"… associated CO 2 emissions of HVAC systems. The focus on … played by Heating, Ventilating, and Air Conditioning (HVAC) … of whole life carbon and the utilisation of air source heat pump …",https://journals.sagepub.com/doi/abs/10.1177/01436244241284837,,0,"whole life carbon, heating ventilation and air conditioning",10.1080/17583004.2025.2499090,Jong Han Yoon; Syeda Roushan Arshid,2025-5-12,,https://www.tandfonline.com/doi/pdf/10.1080/17583004.2025.2499090,1
Life-cycle climate performance metrics and room AC carbon footprint,12,2018,"… carbon metric described in this article accounts for the fact that AC electricity use and the integrated carbon … ISO 16358-1: 2013, Air-cooled air conditioners and airto-air heat pumps—…",https://igsd.org/wp-content/uploads/2018/11/Life-Cycle-Climate-Performance-Metrics.pdf,http://scholar.google.com/https://igsd.org/wp-content/uploads/2018/11/Life-Cycle-Climate-Performance-Metrics.pdf,0,"whole life carbon, heating ventilation and air conditioning",10.3370/lca.14.161,Kenji OHASHI; Takashi MENO,2018,,https://www.jstage.jst.go.jp/article/lca/14/2/14_161/_pdf,1
"Sustainability of heating, ventilation and air-conditioning (HVAC) systems in buildings—An overview",179,2022,"… of heating, ventilation, and air conditioning (HVAC) systems in various types of buildings. Meanwhile, HVAC systems have an important role in the comfort and safety of indoor air quality …",https://www.mdpi.com/1660-4601/19/2/1016,,0,"whole life carbon, heating ventilation and air conditioning",10.3390/ijerph19021016,Nilofar Asim; Marzieh Badiei; Masita Mohammad; Halim Razali; Armin Rajabi; Lim Chin Haw; Mariyam Jameelah Ghazali,2022-1-17,"<jats:p>Increasing demand on heating, ventilation, and air-conditioning (HVAC) systems and their importance, as the respiratory system of buildings, in developing and spreading various microbial contaminations and diseases with their huge global energy consumption share have forced researchers, industries, and policymakers to focus on improving the sustainability of HVAC systems. Understanding and considering various parameters related to the sustainability of new and existing HVAC systems as the respiratory system of buildings are vital to providing healthy, energy-efficient, and economical options for various building types. However, the greatest opportunities for improving the sustainability of HVAC systems exist at the design stage of new facilities and the retrofitting of existing equipment. Considering the high available percentage of existing HVAC systems globally reveals the importance of their retrofitting. The attempt has been made to gather all important parameters that affect decision-making to select the optimum HVAC system development considerations among the various opportunities that are available for sustainability improvement.</jats:p>",https://www.mdpi.com/1660-4601/19/2/1016/pdf,107
"Life cycle analysis methodology for heating, ventilation and air conditioning ductwork in healthcare buildings",10,2023,"… The design, modelling and construction of heating, ventilation and air conditioning (HVAC) … for indoor air quality. The environmental impact of 12 HVAC duct types was subjected to life …",https://journals.sagepub.com/doi/abs/10.1177/1420326X231155146,,0,"whole life carbon, heating ventilation and air conditioning",10.1177/1420326x231155146,Manuel Botejara-Antúnez; Jaime González Domínguez; Justo García-Sanz-Calcedo,2023-2-9,"<jats:p> The design, modelling and construction of heating, ventilation and air conditioning (HVAC) facilities in healthcare buildings must aim for the users’ maximum comfort and meet sanitary criteria for indoor air quality. The environmental impact of 12 HVAC duct types was subjected to life cycle assessment, with a single-score damage category analysis carried out for the midpoint and endpoint levels. The two most favourable duct types for the different impact categories were aluminium with helical steel wire reinforcement and fibreglass insulation, and also copper sheeting with rock wool and polyurethane insulation. However, although the former presented the best environmental impact values, this type is inadvisable for healthcare buildings. This is due to its nature and the subsequent tendency of the system to lose pressure and efficiency, as well as the difficulty of cleaning this type of ductwork and its predisposition to bacterial proliferation. Thus, the copper duct type with rock wool insulation is the most suitable type for healthcare buildings. This came second overall environmentally (1.06 pt/m<jats:sup>2</jats:sup>), with values 2.83 times more favourable than the polyisocyanurate solution. Finally, the application of the life cycle assessment (LCA) methodology to HVAC ductwork was demonstrated to reduce the impact by up to 39.88%. </jats:p>",https://journals.sagepub.com/doi/pdf/10.1177/1420326X231155146,7
"Principle of low energy building design: Heating, ventilation and air conditioning",17,2014,"… adequate ventilation to control levels of odour and carbon … Second, consideration of the entire life cycle for energy … impact during most stages of the life cycle. Quite often, the main …",https://search.proquest.com/openview/538928e19733a945e1313c809b261d22/1?pq-origsite=gscholar&cbl=2034867,,0,"whole life carbon, heating ventilation and air conditioning",10.2172/1126844,P. Kerrigan,2014-3-1,,,2
Energy and carbon emission savings in Spanish housing air-conditioning using solar driven absorption system,124,2008,"… This paper aims to contribute to the development of techniques that reduce external electricity consumption for air conditioning in housings. For this goal, an experimental research has …",https://www.sciencedirect.com/science/article/pii/S135943110700381X,,0,"whole life carbon, heating ventilation and air conditioning",10.1016/j.applthermaleng.2007.11.013,M.C. Rodríguez Hidalgo; P. Rodríguez Aumente; M. Izquierdo Millán; A. Lecuona Neumann; R. Salgado Mangual,2008-10,,https://api.elsevier.com/content/article/PII:S135943110700381X?httpAccept=text/xml,78
"Principles of heating, ventilation, and air conditioning in buildings",193,2012,"… systems and components; comfort and air quality criteria; a … heating and cooling loads; an Equipment section on air and water distribution systems, heating and cooling coils, cooling …","https://books.google.com/books?hl=en&lr=&id=FQa1DwAAQBAJ&oi=fnd&pg=PR17&dq=whole+life+carbon,+heating+ventilation+and+air+conditioning&ots=jdQVUppgny&sig=8WpkVpDzA90bXNJBpeYntUZGkpw",,0,"whole life carbon, heating ventilation and air conditioning",10.4324/9780080951430-18,,2012-5-23,,,0
Comparative assessment of different air‐conditioning systems for nearly/net zero‐energy buildings,52,2020,"… cooling system is capable to satisfy around 10%-30% of total building thermal load,24, 25 therefore in our case the radiant system is handling 19% of total … of the radiant air-conditioning …",https://onlinelibrary.wiley.com/doi/abs/10.1002/er.5065,,0,"whole life carbon, heating ventilation and air conditioning",10.1002/er.5065,Gaurav Singh; Ranjan Das,2020-4,,https://onlinelibrary.wiley.com/doi/pdf/10.1002/er.5065,44
"Heating, ventilating, and air conditioning: analysis and design",1863,2023,… The “luxury label” attached to air conditioning in earlier decades has given way to appreciation of its practicality in making our lives healthier and more productive. Along with rapid …,"https://books.google.com/books?hl=en&lr=&id=lxnREAAAQBAJ&oi=fnd&pg=PR11&dq=whole+life+carbon,+heating+ventilation+and+air+conditioning&ots=A74ycP1R6T&sig=Suih_3E-XkRllH673L2lbOJBg5M",,0,"whole life carbon, heating ventilation and air conditioning",10.2139/ssrn.4463204,Akhilesh K.B.; Sreelakshmi V.D.; Rincy N.A.; Ratheesh  Kumar C.S.; Anand Madhavan,2023,,,0
"Handbook of heating, ventilation, and air conditioning",188,2000,"… in the design and testing of automotive heating and air conditioning systems. … the life cycle of a building is the operation of its space conditioning systems — heating, ventilation, and air …",https://www.taylorfrancis.com/books/mono/10.1201/9781420036466/handbook-heating-ventilation-air-conditioning-jan-kreider,,0,"whole life carbon, heating ventilation and air conditioning",10.1201/9781420036466-8,,2000-12-26,,,0
"Heating, ventilation and air conditioning (HVAC) in intensive care unit",158,2020,"… guidelines on ‘heating, ventilation and air-conditioning (HVAC)’ system maintenance in the intensive care units, across the world, which is required to maintain good ‘indoor air quality’ …",https://link.springer.com/article/10.1186/s13054-020-02907-5,,0,"whole life carbon, heating ventilation and air conditioning",10.1186/s13054-020-02907-5,Sai Saran; Mohan Gurjar; Arvind Baronia; Vijayalakshmi Sivapurapu; Pralay S. Ghosh; Gautham M. Raju; Indubala Maurya,2020-5-6,"<jats:title>Abstract</jats:title><jats:p>The aim of this review is to describe variation in standards and guidelines on ‘heating, ventilation and air-conditioning (HVAC)’ system maintenance in the intensive care units, across the world, which is required to maintain good ‘indoor air quality’ as an important non-pharmacological strategy in preventing hospital-acquired infections. An online search and review of standards and guidelines published by various societies including American Institute of Architects (AIA), American Society of Heating, Refrigerating and Air-Conditioning Engineers (ASHRAE), Centers for Disease Control and Prevention (CDC), Department of Health Estates and Facilities Division, Health Technical Memorandum 2025 (HTM) and Healthcare Infection Control Practices Advisory Committee (HICPAC) along with various national expert committee consensus statements, regional and hospital-based protocols available in a public domain were retrieved. Selected publications and textbooks describing HVAC structural aspects were also reviewed, and we described the basic structural details of HVAC system as well as variations in the practised standards of HVAC system in the ICU, worldwide. In summary, there is a need of universal standards for HVAC system with a specific mention on the type of ICU, which should be incorporated into existing infection control practice guidelines.</jats:p>",https://link.springer.com/content/pdf/10.1186/s13054-020-02907-5.pdf,93
"A review of heating, ventilation and air conditioning technologies and innovations used in solar-powered net zero energy Solar Decathlon houses",115,2019,"Innovations in Heating, Ventilation, and Air Conditioning (HVAC) systems are continuously required to provide a better, healthier and more productive and sustainable built environment …",https://www.sciencedirect.com/science/article/pii/S0959652619330288,,0,"whole life carbon, heating ventilation and air conditioning",10.1016/j.jclepro.2019.118158,Zhenjun Ma; Haoshan Ren; Wenye Lin,2019-12,,https://api.elsevier.com/content/article/PII:S0959652619330288?httpAccept=text/xml,77
Cradle to cradle building components via the cloud: a case study,8,2020,"… This paper expands upon ‘cradle to cradle carpets and cities’ presented by Ness and Field (Cradle to cradle carpets and cities. In Proceedings of SASBE 03, Brisbane, 2003) at SASBE …",https://link.springer.com/chapter/10.1007/978-3-030-37635-2_40,,0,"cradle to completion, building management system",10.1007/978-3-030-37635-2_40,David Ness; Ki Kim; John Swift; Adam Jenkins; Ke Xing; Nick Roach,2020,,http://link.springer.com/content/pdf/10.1007/978-3-030-37635-2_40,0
Cradle-to-cradle in building services,3,2019,"… small number of completed buildings – currently it is rather based on ‘informed guesses’. … C2C principles with wellestablished sustainability rating systems like LEED, BREEAM or DGNB…",https://iopscience.iop.org/article/10.1088/1755-1315/225/1/012013/meta,,0,"cradle to completion, building management system",10.1088/1755-1315/225/1/012013,K Jurkait; J Stiglmair,2019-2-24,,http://stacks.iop.org/1755-1315/225/i=1/a=012013/pdf,2
Developing A strategy for'living buildings': Beyond cradle to cradle with living building concept,11,2008,"… by stimulating innovation on sustainable construction with competition. … building or renovation of the building, it is better to concentrate on components rather than complete buildings. …",https://www.researchgate.net/profile/Ruben-Vrijhoef/publication/260343582_DEVELOPING_A_STRATEGY_FOR_%27LIVING_BUILDINGS%27_BEYOND_CRADLE_TO_CRADLE_WITH_LIVING_BUILDING_CONCEPT/links/0c96053be5f02b6de0000000/DEVELOPING-A-STRATEGY-FOR-LIVING-BUILDINGS-BEYOND-CRADLE-TO-CRADLE-WITH-LIVING-BUILDING-CONCEPT.pdf,http://scholar.google.com/https://www.researchgate.net/profile/Ruben-Vrijhoef/publication/260343582_DEVELOPING_A_STRATEGY_FOR_%27LIVING_BUILDINGS%27_BEYOND_CRADLE_TO_CRADLE_WITH_LIVING_BUILDING_CONCEPT/links/0c96053be5f02b6de0000000/DEVELOPING-A-STRATEGY-FOR-LIVING-BUILDINGS-BEYOND-CRADLE-TO-CRADLE-WITH-LIVING-BUILDING-CONCEPT.pdf,0,"cradle to completion, building management system",10.1037/e602632011-001,,2008,,,0
Life-cycle impact 'cradle to cradle'of building assemblies,28,2014,"This paper proposes an integrated approach for the evaluation of the equivalent cradle-to-cradle life-cycle impact of building assemblies, including the energy, environmental and …",https://www.icevirtuallibrary.com/doi/abs/10.1680/ensu.13.00005,,0,"cradle to completion, building management system",10.1680/ensu.13.00005,José Dinis Silvestre; Jorge de Brito; Manuel Duarte Pinheiro,2014-4,"<jats:p>This paper proposes an integrated approach for the evaluation of the equivalent cradle-to-cradle life-cycle impact of building assemblies, including the energy, environmental and economic impacts. The application of this approach is exemplified with external walls of buildings. This integrated approach follows European standards: environmental performance is evaluated following a life-cycle assessment methodology; energy performance is gauged by the consumption of energy for heating and cooling; and the economic module is based on the whole-life costing methodology. The use of an environmental impact assessment method that converts the results of impact categories into an economic unit allows the comparison and selection of alternatives through the addition of the energy, environmental and economic life-cycle costs. The main advantage of this approach is the simultaneous comparison of the energy, environmental and economic life-cycle performance of alternatives (that do not have to be functionally equivalent) without the need to change their characteristics to make them comparable.</jats:p>",https://www.icevirtuallibrary.com/doi/pdf/10.1680/ensu.13.00005,11
Cradle to Cradle and Whole-Life Carbon assessment–Barriers and opportunities towards a circular economic building sector,32,2019,"… by retrofitting the existing building stock, the reuse potential of buildings, components and … -back services provided by manufacturers and suppliers and a building management system (…",https://iopscience.iop.org/article/10.1088/1755-1315/225/1/012036/meta,,0,"cradle to completion, building management system",10.1088/1755-1315/225/1/012036,N Futas; K Rajput; R Schiano-Phan,2019-2-24,,http://stacks.iop.org/1755-1315/225/i=1/a=012036/pdf,14
Sustainable industrial design and waste management: cradle-to-cradle for sustainable development,667,2010,… management systems to promote and manage cleaner … of in a landfill at the end of its life to a cradle-to-cradle designed … of a fundamentally destructive cradle-to-grave system. It can only …,"https://books.google.com/books?hl=en&lr=&id=smVRv6DYoYcC&oi=fnd&pg=PP1&dq=cradle+to+completion,+building+management+system&ots=7-Vyqeb-4T&sig=7WhIScBv-t0UWCr_lPls7o1E90o",,0,"cradle to completion, building management system",10.1115/detc2010-29061,Jocelise J. Jacques; Alice M. Agogino; Lia B. M. Guimara˜es,2010-1-1,"<jats:p>Following organic processes in nature, the “cradle to cradle” concept sees the waste of a given process as raw material for another. According to this concept, products must be designed in such a way that, in the end of their service life, they can be reused without loss of quality (as technical nutrients) or returned to the environment as biological nutrients and safely decomposed. The main issues, however, are how to move away from the traditional linear system of production (“cradle to grave”) into a cyclic “cradle to cradle” concept, and the identification of parameters that should be considered during the design process in order to achieve real sustainable characteristics through sustainable design and development. The paper provides a review of research and data collection associated with the footwear industry, whose products satisfy a basic human need and are ubiquitous worldwide. After going through a dramatic change in its business model over the last few decades with the advent of outsourcing, today this industry has large economic and environmental impact, highly centralized manufacturing and a complex supply chain, in addition to early but notable efforts on green product development — characteristics that make it a compelling industry to study.</jats:p>",http://asmedigitalcollection.asme.org/IDETC-CIE/proceedings-pdf/doi/10.1115/DETC2010-29061/4548958/473_1.pdf,5
Sonic Cradle designing for an immersive experience of meditation by connecting respiration to music,201,2012,… Cradle is a chamber of complete darkness where users shape a peaceful soundscape using only their respiration. This interactive system … new form of stress management system which …,https://dl.acm.org/doi/abs/10.1145/2317956.2318017,,0,"cradle to completion, building management system",10.1145/2317956.2318017,Jay Vidyarthi; Bernhard E. Riecke; Diane Gromala,2012-6-11,,https://dl.acm.org/doi/10.1145/2317956.2318017,109
Cradle to site Life Cycle Assessment (LCA) of adobe bricks,174,2016,… This study focuses on the cradle to site LCA of adobe … system. They also show that the use of sawdust instead of wheat straw leads to improved environmental performance of the end-…,https://www.sciencedirect.com/science/article/pii/S0959652615012378,,0,"cradle to completion, building management system",10.1016/j.jclepro.2015.09.016,Elias Christoforou; Angeliki Kylili; Paris A. Fokaides; Ioannis Ioannou,2016-1,,https://api.elsevier.com/content/article/PII:S0959652615012378?httpAccept=text/xml,107
A modeling framework to evaluate sustainability of building construction based on LCSA,135,2016,… A residential building project is applied to the proposed LCSA framework from “cradle to the end of construction” processes to unveil the limitations and future research needs of the …,https://link.springer.com/article/10.1007/s11367-016-1044-6,,0,"cradle to completion, building management system",10.1007/s11367-016-1044-6,Ya Hong Dong; S. Thomas Ng,2016-2-17,,http://link.springer.com/content/pdf/10.1007/s11367-016-1044-6.pdf,94
Reduction of potential greenhouse gas emissions of room air-conditioner refrigerants: a life cycle carbon footprint analysis,89,2015,… This study was initiated to determine the potential to reduce the GHG emission of the RAC refrigerants by calculating their life cycle carbon footprints (CFPs). The life cycle of a …,https://www.sciencedirect.com/science/article/pii/S0959652615002942,,0,"life cycle greenhouse gas emissions, HVAC",10.1016/j.jclepro.2015.03.063,Linjia Zhao; Weihua Zeng; Zengwei Yuan,2015-8,,https://api.elsevier.com/content/article/PII:S0959652615002942?httpAccept=text/xml,63
Development and application of a life cycle greenhouse gas emission analysis model for mobile air conditioning systems,19,2018,"… source of greenhouse gas (GHG) emissions in China from a life cycle (LC) … GHG emissions from MAC systems, covering life-span refrigerant leakage (direct emissions) and emissions …",https://www.sciencedirect.com/science/article/pii/S0306261918304124,,0,"life cycle greenhouse gas emissions, HVAC",10.1016/j.apenergy.2018.03.073,Zhiyi Yuan; Xunmin Ou; Tianduo Peng; Xiaoyu Yan,2018-7,,https://api.elsevier.com/content/article/PII:S0306261918304124?httpAccept=text/xml,13
Retrospective dynamic life cycle assessment of residential heating and cooling systems in four locations in the United States,21,2023,"… systems: natural gas furnace and electric air conditioning, … in the US using a life cycle assessment model that includes … generation mix and greenhouse gas emission factors for …",https://www.sciencedirect.com/science/article/pii/S0378778823005029,,0,"life cycle greenhouse gas emissions, HVAC",10.1016/j.enbuild.2023.113272,Michele F.D. Morales; Mahtab Kouhirostamkolaei; Robert J. Ries,2023-9,,https://api.elsevier.com/content/article/PII:S0378778823005029?httpAccept=text/xml,15
CO2e emissions from HVAC equipment and lifetime operation for common US building types,19,2011,… Greenhouse gas emissions associated with the lifetime operational … a life cycle assessment of residential heating and cooling systems in four US regions. They showed that the HVAC …,http://ijee.ieefoundation.org/vol2/issue3/IJEE_03_v2n3.pdf,http://ijee.ieefoundation.org/vol2/issue3/IJEE_03_v2n3.pdf,0,"life cycle greenhouse gas emissions, HVAC",10.1080/10789669.2011.572223,Lisa Chen Ng; Jin Wen,2011-6,,https://www.tandfonline.com/doi/pdf/10.1080/10789669.2011.572223,15
Greenhouse gas emissions associated with two air-conditioning systems for a university building,15,2021,… This study applied the Life Cycle Assessment methodology to quantify the greenhouse gas emissions associated with a solar absorption cooling system to be installed in a university …,https://www.sciencedirect.com/science/article/pii/S2667010021003450,,0,"life cycle greenhouse gas emissions, HVAC",10.1016/j.envc.2021.100371,Lígia da Costa Garcia; Dener Delmiro Martins; Rafaela Ramos Barbosa; Monica Carvalho,2021-12,,https://api.elsevier.com/content/article/PII:S2667010021003450?httpAccept=text/xml,5
LCA of net-zero energy residential buildings with different HVAC systems across Canadian climates: A BIM-based fuzzy approach,49,2024,"… throughout a building's life cycle. Focusing on HVAC systems, choice between electricity, natural gas and solar sources. Using whole building life cycle assessments and energy …",https://www.sciencedirect.com/science/article/pii/S0378778824000215,,0,"life cycle greenhouse gas emissions, HVAC",10.1016/j.enbuild.2024.113905,Rojini Kathiravel; Shiyao Zhu; Haibo Feng,2024-3,,https://api.elsevier.com/content/article/PII:S0378778824000215?httpAccept=text/xml,38
Life cycle greenhouse gas emissions of crystalline silicon photovoltaic electricity generation: systematic review and harmonization,396,2012,… estimating life cycle greenhouse gas (GHG) emissions of … Screening 397 life cycle assessments (LCAs) relevant to PVs … life cycle GHG emissions from those 13 LCAs was 57 grams …,https://onlinelibrary.wiley.com/doi/abs/10.1111/j.1530-9290.2011.00439.x,,0,"life cycle greenhouse gas emissions, HVAC",10.1111/j.1530-9290.2011.00439.x,David D. Hsu; Patrick O’Donoughue; Vasilis Fthenakis; Garvin A. Heath; Hyung Chul Kim; Pamala Sawyer; Jun‐Ki Choi; Damon E. Turney,2012-3-19,"<jats:title>Summary</jats:title><jats:p>Published scientific literature contains many studies estimating life cycle greenhouse gas (GHG) emissions of residential and utility‐scale solar photovoltaics (PVs). Despite the volume of published work, variability in results hinders generalized conclusions. Most variance between studies can be attributed to differences in methods and assumptions. To clarify the published results for use in decision making and other analyses, we conduct a meta‐analysis of existing studies, harmonizing key performance characteristics to produce more comparable and consistently derived results.</jats:p><jats:p>Screening 397 life cycle assessments (LCAs) relevant to PVs yielded 13 studies on crystalline silicon (c‐Si) that met minimum standards of quality, transparency, and relevance. Prior to harmonization, the median of 42 estimates of life cycle GHG emissions from those 13 LCAs was 57 grams carbon dioxide equivalent per kilowatt‐hour (g CO<jats:sub>2</jats:sub>‐eq/kWh), with an interquartile range (IQR) of 44 to 73. After harmonizing key performance characteristics (irradiation of 1,700 kilowatt‐hours per square meter per year (kWh/m<jats:sup>2</jats:sup>/yr); system lifetime of 30 years; module efficiency of 13.2% or 14.0%, depending on module type; and a performance ratio of 0.75 or 0.80, depending on installation, the median estimate decreased to 45 and the IQR tightened to 39 to 49. The median estimate and variability were reduced compared to published estimates mainly because of higher average assumptions for irradiation and system lifetime.</jats:p><jats:p>For the sample of studies evaluated, harmonization effectively reduced variability, providing a clearer synopsis of the life cycle GHG emissions from c‐Si PVs. The literature used in this harmonization neither covers all possible c‐Si installations nor represents the distribution of deployed or manufactured c‐Si PVs.</jats:p>",https://api.wiley.com/onlinelibrary/tdm/v1/articles/10.1111%2Fj.1530-9290.2011.00439.x,236
Life cycle greenhouse gas emissions of utility‐scale wind power: systematic review and harmonization,308,2012,… provided 126 estimates of life cycle GHG emissions. … in life cycle GHG emission estimates. This study concludes that the large number of previously published life cycle GHG emission …,https://onlinelibrary.wiley.com/doi/abs/10.1111/j.1530-9290.2012.00464.x,,0,"life cycle greenhouse gas emissions, HVAC",10.1111/j.1530-9290.2012.00464.x,Stacey L. Dolan; Garvin A. Heath,2012-3-30,"<jats:title>Summary</jats:title><jats:p>A systematic review and harmonization of life cycle assessment (LCA) literature of utility‐scale wind power systems was performed to determine the causes of and, where possible, reduce variability in estimates of life cycle greenhouse gas (GHG) emissions. Screening of approximately 240 LCAs of onshore and offshore systems yielded 72 references meeting minimum thresholds for quality, transparency, and relevance. Of those, 49 references provided 126 estimates of life cycle GHG emissions.</jats:p><jats:p>Published estimates ranged from 1.7 to 81 grams CO<jats:sub>2</jats:sub>‐equivalent per kilowatt‐hour (g CO<jats:sub>2</jats:sub>‐eq/kWh), with median and interquartile range (IQR) both at 12 g CO<jats:sub>2</jats:sub>‐eq/kWh. After adjusting the published estimates to use consistent gross system boundaries and values for several important system parameters, the total range was reduced by 47% to 3.0 to 45 g CO<jats:sub>2</jats:sub>‐eq/kWh and the IQR was reduced by 14% to 10 g CO<jats:sub>2</jats:sub>‐eq/kWh, while the median remained relatively constant (11 g CO<jats:sub>2</jats:sub>‐eq/kWh). Harmonization of capacity factor resulted in the largest reduction in variability in life cycle GHG emission estimates.</jats:p><jats:p>This study concludes that the large number of previously published life cycle GHG emission estimates of wind power systems and their tight distribution suggest that new process‐based LCAs of similar wind turbine technologies are unlikely to differ greatly. However, additional consequential LCAs would enhance the understanding of true life cycle GHG emissions of wind power (e.g., changes to other generators’ operations when wind electricity is added to the grid), although even those are unlikely to fundamentally change the comparison of wind to other electricity generation sources.</jats:p>",https://api.wiley.com/onlinelibrary/tdm/v1/articles/10.1111%2Fj.1530-9290.2012.00464.x,181
A new comparison between the life cycle greenhouse gas emissions of battery electric vehicles and internal combustion vehicles,506,2012,"… tailpipe emissions. However, their true ability to contribute to greenhouse gas (GHG) emissions … assessed by comparing a life cycle assessment of their GHG emissions with a similar …",https://www.sciencedirect.com/science/article/pii/S0301421512000602,,0,"life cycle greenhouse gas emissions, HVAC",10.1016/j.enpol.2012.01.034,Hongrui Ma; Felix Balthasar; Nigel Tait; Xavier Riera-Palou; Andrew Harrison,2012-5,,https://api.elsevier.com/content/article/PII:S0301421512000602?httpAccept=text/xml,271
Life-cycle carbon and cost analysis of energy efficiency measures in new commercial buildings,623,2010,"… costs because the improved efficiencies allow the installation of smaller, cheaper HVAC … Life-cycle carbon emissions (including all greenhouse gas emissions) are highlighted in …",https://www.sciencedirect.com/science/article/pii/S0378778809002254,,0,"life cycle greenhouse gas emissions, HVAC",10.1016/j.enbuild.2009.09.011,Joshua Kneifel,2010-3,,https://api.elsevier.com/content/article/PII:S0378778809002254?httpAccept=text/xml,342
Calculation of a building's life cycle carbon emissions based on Ecotect and building information modeling,508,2016,"… greenhouse gas emissions in both developed and developing countries. However, the study of carbon emissions over a building's life cycle … carbon emissions over a building's life cycle …",https://www.sciencedirect.com/science/article/pii/S0959652615011695,,0,"life cycle greenhouse gas emissions, HVAC",10.1016/j.jclepro.2015.08.078,Changhai Peng,2016-1,,https://api.elsevier.com/content/article/PII:S0959652615011695?httpAccept=text/xml,375
Comparing high and low residential density: life-cycle analysis of energy use and greenhouse gas emissions,969,2006,… This study provides an empirical assessment of energy use and greenhouse gas (GHG) emissions associated with high and low residential development. Three major elements of …,https://ascelibrary.org/doi/abs/10.1061/(asce)0733-9488(2006)132:1(10),,0,"life cycle greenhouse gas emissions, HVAC",10.1061/(asce)0733-9488(2006)132:1(10),Jonathan Norman; Heather L. MacLean; Christopher A. Kennedy,2006-3,,https://ascelibrary.org/doi/pdf/10.1061/%28ASCE%290733-9488%282006%29132%3A1%2810%29,456
LCA-based environmental assessment of the use and maintenance of heating and ventilation systems in Dutch dwellings,127,2010,"… boilers, condensing boilers and heat pumps on exhaust air for heating and hot tap water … ventilation or individual balanced ventilation with heat recovery. This study shows that a heat …",https://www.sciencedirect.com/science/article/pii/S0360132310001198,,0,"cradle to completion, heating ventilation and air conditioning",10.1016/j.buildenv.2010.04.012,Inge Blom; Laure Itard; Arjen Meijer,2010-11,,https://api.elsevier.com/content/article/PII:S0360132310001198?httpAccept=text/xml,73
Life cycle assessment of a solar absorption air-conditioning system,70,2019,… Environmental impacts of an experimental Solar Absorption Air-Conditioning System … Air Conditioning System that uses electricity from fossil fuels was also evaluated. In both cooling …,https://www.sciencedirect.com/science/article/pii/S0959652619330768,,0,"cradle to completion, heating ventilation and air conditioning",10.1016/j.jclepro.2019.118206,K. Solano–Olivares; R.J. Romero; E. Santoyo; I. Herrera; Y.R. Galindo–Luna; A. Rodríguez–Martínez; E. Santoyo-Castelazo; J. Cerezo,2019-12,,https://api.elsevier.com/content/article/PII:S0959652619330768?httpAccept=text/xml,41
"An Innovative Heating, Ventilation, Air Conditioning and Refrigeration Circular Economy System for Reducing Carbon Dioxide Emissions in Europe via …",6,2023,… The alternative management of used F-gases at the end-of-life of HVAC-R systems by enabling the recovery of all refrigerants in the installed base. The two possible options are then …,https://www.mdpi.com/1996-1073/16/23/7705,,0,"cradle to completion, heating ventilation and air conditioning",10.3390/en16237705,Nikolaos Barmparitsas; Sotirios Karellas; Platon Pallis; Sotirios Thanopoulos; Daniel Kobelt,2023-11-22,"<jats:p>Reducing emissions from fluorinated gases (F-gases) is considered one of the key conditions for the European Union (EU) to be able to meet the requirements of the European Green Deal, primary objectives of which are the reduction in greenhouse gas emissions by at least 55% by 2030 compared to 1990 and the gradual transition to net climate neutrality by 2050. To this end, a quota system for hydrofluorocarbons (HFCs) is already in place, introduced through the updated F-Gas Regulation (517/2014). The aim of this paper is to review an innovative scheme currently under development that strongly promotes the Recovery, Recycling and Reuse (3R) of F-gases extracted from the heating, ventilation, air conditioning and refrigeration (HVAC-R) equipment of the building sector, thus offering a sustainable alternative source for refrigerant supplies. Therefore, the basic operating principles of the so-called “3R ECOSYSTEM” are outlined and especially its three main components, which are: the self-certification/self-declaration platform, the F-gas identification and recycling units (prototypes) and the Retradeables marketplace. In addition, an overview of both the demonstration phase and the scheduled replication phase of the 3R ECOSYSTEM is provided, including the estimated impact on carbon dioxide (CO2) savings due to the progressive uptake of the circular use of existing F-gases across Europe.</jats:p>",https://www.mdpi.com/1996-1073/16/23/7705/pdf,4
Comparative Life Cycle Analysis for Duct Air Conditioning Systems Based on Evaporative and Vapor Compression Technologies,0,2025,"… The boundaries of the systems were defined according to a cradle-to-… air temperature for the end user. Moreover, vapor compression systems are reversible and can operate in heat …",https://www.mdpi.com/1996-1073/18/13/3475,,0,"cradle to completion, heating ventilation and air conditioning",10.3390/en18133475,Andrzej Marcinkowski; Dmytro Levchenko,2025-7-1,"<jats:p>The environmental impact of innovative indirect regenerative evaporative cooling (IREC) technology is analyzed using the life cycle assessment. This study compared typical equipment using this technology from Innovative Ideas LLC with available-on-the-market traditional vapor compression ducted air conditioning systems as the closest analogous representatives of the vapor compression technology. For comparison, units with the same cooling capacity (5 kW) were selected. The endpoint indicators demonstrated that the air conditioning systems using IREC technology had lower environmental load compared to the vapor compression system by 29–70%, depending on the scenario and damage category. This advantage resulted from the significantly higher coefficient of performance of the IREC system. The amounts of cooling energy generated and electricity consumption were determined based on temperature and relative humidity data recorded at hourly intervals in the summer seasons of 2023 and 2024. The operation turned out to be a life cycle stage with dominating environmental load. The uncertainty analysis carried out with Monte Carlo simulations indicated significant deviation, particularly for the ecosystem category. The sensitivity analysis showed that the assumed electricity mix did not significantly affect the general conclusions.</jats:p>",https://www.mdpi.com/1996-1073/18/13/3475/pdf,0
Water and Carbon Footprint for Different Technologies of HVAC Systems (Vapor Compression and Gas Absorption),0,2025,"… of Heating, Ventilation, and Air Conditioning (HVAC) systems, despite their role as sustainable alternatives to traditional cooling … , evaporating back into a gas and completing the cycle. …",https://ejchem.journals.ekb.eg/article_406817.html,,0,"cradle to completion, heating ventilation and air conditioning",10.21608/ejchem.2025.340946.10924,Ahmed Qasem Abdelhamid,2025-1-23,,https://ejchem.journals.ekb.eg/article_406817_d41d8cd98f00b204e9800998ecf8427e.pdf,0
Cradle-to-grave life-cycle assessment within the built environment: Comparison between the refurbishment and the complete reconstruction of an office …,124,2018,Cradle-to-grave life-cycle assessment within the built environment: Comparison between the refurbishment and the complete reconstruction of an office building in Belgium - …,https://www.sciencedirect.com/science/article/pii/S0301479718301622,,0,"cradle to completion, heating ventilation and air conditioning",10.1016/j.jenvman.2018.02.055,Anne-Françoise Marique; Barbara Rossi,2018-10,,https://api.elsevier.com/content/article/PII:S0301479718301622?httpAccept=text/xml,76
LCA perspective to assess the environmental impact of a novel PCM-based cold storage unit for the civil air conditioning,45,2017,"… amount of air conditioning units in homes and offices (European Network). Nowadays, the air conditioning units … According to these assumptions, the study is a “cradle to gate” LCA. …",https://www.sciencedirect.com/science/article/pii/S0959652617316001,,0,"cradle to completion, heating ventilation and air conditioning",10.1016/j.jclepro.2017.07.153,Marcello De Falco; Mauro Capocelli; Giovanni Losito; Vincenzo Piemonte,2017-11,,https://api.elsevier.com/content/article/PII:S0959652617316001?httpAccept=text/xml,34
Performance evaluation and life cycle analysis of earth to air heat exchanger in a developing country,66,2016,… and GHG emission analysis using cradle to grave life cycle … A conventional air conditioner capacity of 1 ton is already … The vertical pass of drainage line is connected with the end of …,https://www.sciencedirect.com/science/article/pii/S0378778816305771,,0,"cradle to completion, heating ventilation and air conditioning",10.1016/j.enbuild.2016.06.088,Md. Shazib Uddin; Raju Ahmed; Masudur Rahman,2016-9,,https://api.elsevier.com/content/article/PII:S0378778816305771?httpAccept=text/xml,48
"Life cycle carbon assessment of decarbonising UK's hard-to-treat homes: A comparative study of conventional retrofit vs EnerPHit, heat pump first vs fabric first …",30,2023,"In order to achieve its 2050 net-zero emissions goal, the UK government must significantly improve the energy performance of millions of hard-to-treat homes through retrofitting. …",https://www.sciencedirect.com/science/article/pii/S0378778823005832,,0,"cradle to completion, heating ventilation and air conditioning",10.1016/j.enbuild.2023.113353,Haniyeh Mohammadpourkarbasi; Ben Riddle; Chenfei Liu; Steve Sharples,2023-10,,https://api.elsevier.com/content/article/PII:S0378778823005832?httpAccept=text/xml,22
Exploring lifecycle energy and greenhouse gas emissions of a case study with ambitious energy compensation goals in a cooling-dominated climate,36,2018,"Achieving low operational energy (OE) consumption in high heating and cooling situations typically leads to well-insulated buildings. In those cases, embodied energy (EE) can exceed …",https://www.sciencedirect.com/science/article/pii/S0378778817325781,,0,"cradle to completion, heating ventilation and air conditioning",10.1016/j.enbuild.2018.04.063,Vanessa Gomes; Marcella Saade; Bruno Lima; Maristela Silva,2018-8,,https://api.elsevier.com/content/article/PII:S0378778817325781?httpAccept=text/xml,19
Embodied Carbon Impacts of Building Envelope Systems,2,2024,"… In addition to operational energy and GHG reduction requirements, TGS v4 requires all new City-owned buildings to conduct upfront assessments of embodied carbon emissions and …",https://iopscience.iop.org/article/10.1088/1755-1315/1363/1/012070/meta,,0,"upfront embodied carbon, plumbing",10.1088/1755-1315/1363/1/012070,B Udisi; F Osman; M Gorgolewski; K Saunders; R Devraj-Kizuk; S Kemp,2024-6-1,"<jats:title>Abstract</jats:title>
               <jats:p>As buildings become more energy efficient due to stringent building codes, the emphasis on reducing the embodied carbon (EC) in the built environment has become significant. Studies predict that between 2020 and 2050, new buildings will surpass operational emissions with higher embodied emissions in their initial decade and throughout their life cycle. To meet decarbonization targets, reducing EC through low-carbon, high-performance building designs and grid decarbonization is crucial. This research analyzes the embodied carbon intensity of 26 commonly used envelope systems of large buildings in Ontario’s Greater Toronto and Hamilton Area (GTHA) using the attributional life cycle assessment (ALCA) methodology. Results highlight the impact of cladding materials, insulation layers, and backup structures on EC. The study ranks envelope assemblies based on their EC intensity (ECI), providing insights for designers to balance operational and embodied emissions. Noteworthy findings include the relatively high ECI of floor systems compared to exterior wall and roof systems. It also emphasized the challenges in assessing the environmental impacts of wood-based products and the need for uncertainty analysis and transparent reporting. The study contributes to understanding EC in building envelopes, guiding design teams toward low-carbon structures and more informed decision-making. As research progresses, recommendations include consequential analysis, assessing biogenic carbon impacts, and material durability studies for a deeper insight on the environmental impacts of building envelope materials.</jats:p>",https://iopscience.iop.org/article/10.1088/1755-1315/1363/1/012070,2
Towards net-zero embodied carbon: Investigating the potential for ambitious embodied carbon reductions in Australian office buildings,26,2024,"… of embodied carbon … embodied carbon is feasible in the current context and how design, material and methological decisions impact this. The results show that upfront embodied carbon …",https://www.sciencedirect.com/science/article/pii/S2210670724005274,,0,"upfront embodied carbon, plumbing",10.1016/j.scs.2024.105702,William Craft; Philip Oldfield; Gerard Reinmuth; Damian Hadley; Scott Balmforth; Anh Nguyen,2024-10,,https://api.elsevier.com/content/article/PII:S2210670724005274?httpAccept=text/xml,23
Developing a methodology with a tool for calculating and reducing the upfront carbon emissions of buildings: Ireland as a case study,1,2025,… upfront carbon emissions of buildings during the design stage due to unreliable materials embodied carbon … for calculating and reducing buildings’ upfront carbon emissions based on a …,https://www.tandfonline.com/doi/abs/10.1080/17452007.2025.2504031,,0,"upfront embodied carbon, plumbing",10.1080/17452007.2025.2504031,Youssef Elkhayat; Paul Moran; Stephen Barrett; Pat Barry; Jamie Goggins,2025-6-3,,https://www.tandfonline.com/doi/pdf/10.1080/17452007.2025.2504031,0
Carbon Reduction Potential of Modular Bathroom Systems Through LCA and Mock-Up Performance Verification,0,2025,"… embodied carbon reduction as a key task [11,12]. Marsh et al. [13] emphasized the importance of the A1–A3 stages while quantifying uncertainty in product stage embodied carbon …",https://www.preprints.org/frontend/manuscript/9b6b209086a4535681e992840158052c/download_pub,,0,"upfront embodied carbon, plumbing",10.20944/preprints202510.1056.v1,Sang-Heon Lee; Joo-Hyeun Jung; Jin-Chul Park; Yong-Woo Song,2025-10-15,"<jats:p>Efforts to reduce greenhouse gas (GHG) emissions across various sectors are continuously underway to overcome the global climate crisis induced by global warming. The construction sector is a significant contributor to GHG emissions due to the complexity of its diverse processes and the extensive use of various materials. Consequently, there is an urgent need to simplify construction processes and adopt low-carbon materials and processes through rigorous review of material carbon footprints. This study focuses on bathrooms (wet areas), which are characterized by complex procedures, the utilization of diverse materials, and significant carbon emissions and material waste often resulting from high defect rates. We conducted a comparative analysis of the carbon reduction effects between the conventional wet construction method and the modular construction method specifically for bathroom construction. The analysis in-volved selecting materials, assessing their suitability against performance standards using a mock-up evaluation, and subsequently evaluating the construction applicability of the modular bathroom. Furthermore, through a Life Cycle Assessment (LCA), it was confirmed that the selected materials and the modular construction method could significantly reduce carbon emissions compared to the existing wet construction method. The findings of this research provide a crucial direction for the expanded ap-plication and utilization of modular construction methods in future building projects.</jats:p>",,0
Carbon Reduction Potential of Modular Bathroom Systems in the A1–A3 Life-Cycle Stages,0,2025,… The international roadmap presents initial embodied carbon … in product-stage embodied carbon calculations for buildings. … and emerging upfront embodied-carbon requirements that …,https://www.mdpi.com/2075-5309/15/23/4282,,0,"upfront embodied carbon, plumbing",10.3390/buildings15234282,Sang-Heon Lee; Joo-Hyeun Jung; Jin-Chul Park; Yong-Woo Song,2025-11-26,"<jats:p>Efforts to reduce greenhouse gas (GHG) emissions across various sectors are on-going to overcome the global climate crisis induced by global warming. The construction sector is a significant contributor of GHG emissions due to the complexity of its diverse processes and the extensive use of various materials. Consequently, simplifying construction processes and adopting low-carbon materials and processes through the rigorous review of material carbon footprints is urgently needed. This study focused on bathrooms (wet areas), which are characterized by complex procedures, the use of diverse materials, and the significant carbon emissions and material waste often resulting from high defect rates. We conducted a comparative analysis of the carbon reduction effects between the conventional wet construction method and the modular construction method specifically for bathroom construction. The analysis involved selecting materials, assessing their suitability against performance standards using a mock-up evaluation, and evaluating the construction applicability of modular bathrooms. Furthermore, through a Life Cycle Assessment, it was confirmed that the selected materials and the modular construction method could significantly reduce carbon emissions compared to the existing wet construction method. The findings of this study provide a crucial direction for the expanded application and use of modular construction methods in future building projects.</jats:p>",https://www.mdpi.com/2075-5309/15/23/4282/pdf,0
ACHIEVING REAL NET-ZERO EMISSION HOMES: Embodied carbon scenario analysis of the upper tiers of performance in the 2020 Canadian National …,14,2021,… “embodied carbon” but more accurately described in this report as material carbon emissions … able to estimate the upfront MCEs of their projects and plot the total carbon footprint of their …,https://www.buildersforclimateaction.org/uploads/1/5/9/3/15931000/bfca-enercan-report-web_08_22.pdf,http://scholar.google.com/https://www.buildersforclimateaction.org/uploads/1/5/9/3/15931000/bfca-enercan-report-web_08_22.pdf,0,"upfront embodied carbon, plumbing",10.20944/preprints202007.0576.v4,Jeffrey Amelse,2021-1-15,"<jats:p>Many corporations aspire to become Net Zero Carbon Dioxide by 2030-2050. This paper examines what it will take. It requires understanding where energy is produced and consumed, the magnitude of CO2 generation, and the Carbon Cycle. Reviews are provided for prior technologies for reducing CO2 emissions from fossil to focus on their limitations and to show that none offer a complete solution. Both biofuels and CO2 sequestration reduce future CO2 emissions from fossil fuels. They will not remove CO2 already in the atmosphere. Planting trees has been proposed as one solution. Trees are a temporary solution. When they die, they decompose and release their carbon as CO2 to the atmosphere. The only way to permanently remove CO2 already in the atmosphere is to break the Carbon Cycle by growing biomass from atmospheric CO2 and sequestering biomass carbon. Permanent sequestration of leaves is proposed as a solution. Leaves have a short Carbon Cycle time constant. They renew and decompose every year. Theoretically, sequestrating a fraction of the world&amp;rsquo;s tree leaves can get the world to Net Zero without disturbing the underlying forests. This would be CO2 capture in its simplest and most natural form. Permanent sequestration may be achieved by redesigning landfills to discourage decomposition. In traditional landfills, waste undergoes several stages of decomposition, including rapid initial aerobic decomposition to CO2, followed by slow anaerobic decomposition to methane and CO2. The latter can take hundreds to thousands of years. Understanding landfill chemistry provides clues to disrupting decomposition at each phase.</jats:p>",,0
Comparing the Hydraulic Performance of Cold-Water Premise Plumbing Systems Designed Based on Traditional and Modern Peak Demand Estimates,0,2025,"… to serve as a proxy for cost and embodied carbon because these metrics a susceptible to … plumbing componentry. This translates to lower construction costs, reduced upfront embodied …",https://ascelibrary.org/doi/abs/10.1061/JWRMD5.WRENG-6768,,0,"upfront embodied carbon, plumbing",10.1061/jwrmd5.wreng-6768,Brendan M. Josey; Jinzhe Gong,2025-8,,https://ascelibrary.org/doi/pdf/10.1061/JWRMD5.WRENG-6768,0
"Up on the Roof: Strategies, Capacity, and Environmental Impacts of Vertical Extensions",0,2024,"… Finally, the embodied carbon of the VEs was compared … Sydney, with structural material embodied carbon savings of 34–… Upfront embodied carbon values of new buildings for all cases, …",https://unsworks.unsw.edu.au/bitstreams/9a709875-6661-4b41-9956-b5245c5dfb83/download,,0,"upfront embodied carbon, plumbing",10.1016/j.jenvrad.2024.107524,Xibo Ma; Hikaru Kobayashi,2024-10,,https://api.elsevier.com/content/article/PII:S0265931X24001565?httpAccept=text/xml,2
A workflow to obtain whole-life low-embodied GHG emissions buildings,0,2025,"… Therefore, it can reduce the upfront and MEP maintenance EGHG emissions (‘Embodied … ‘Why we need embodied carbon benchmarks and targets in building standards and policies: …",https://www.tandfonline.com/doi/abs/10.1080/17452007.2025.2490098,,0,"upfront embodied carbon, plumbing",10.1080/17452007.2025.2490098,Youssef Elkhayat; Paul Moran; Stephen Barrett; Pat Barry; Jamie Goggins,2025-4-24,,https://www.tandfonline.com/doi/pdf/10.1080/17452007.2025.2490098,0
Future-Proofing Residential Buildings: Designing for Longevity and Adaptability,0,2025,"… To meet climate goals and reduce embodied carbon, the desire for new material production … reduce average annual embodied carbon by 61 percent. The LCC shows upfront costs are …",https://research.tue.nl/files/357533278/Veseli_Edon_2049902_CME_Tuncer_MSc_thesis.pdf,http://scholar.google.com/https://research.tue.nl/files/357533278/Veseli_Edon_2049902_CME_Tuncer_MSc_thesis.pdf,0,"upfront embodied carbon, plumbing",10.2139/ssrn.5164889,Kaveh Ostad-Ali-Askari,2025,,,0
Whole building life cycle assessment at the design stage: a BIM-based framework using environmental product declaration,56,2023,… The environmental product declaration (EPD) methods were adopted to ensure the WBLCA is comprehensive and reliable. Building information modeling (BIM) was used to ensure the …,https://www.emerald.com/insight/content/doi/10.1108/IJBPA-06-2021-0091/full/html,,0,"environmental product declaration, MEP",10.1016/j.jobe.2023.106898,Nada Mowafy; Mohamed El Zayat; Mohamed Marzouk,2023-9,,https://api.elsevier.com/content/article/PII:S235271022301077X?httpAccept=text/xml,23
MEPS for air conditioners in Brazil: Regulatory developments and future perspectives,13,2022,In 2007 was settled the first minimum energy performance standards for air conditioners in Brazil. After more than 14 years since the first regulations and looking upon future …,https://www.sciencedirect.com/science/article/pii/S1364032122004087,,0,"environmental product declaration, MEP",10.1016/j.rser.2022.112504,Conrado Augustus de Melo; Kamyla Borges Cunha; Gabriela Piovesan Santiago Suárez,2022-7,,https://api.elsevier.com/content/article/PII:S1364032122004087?httpAccept=text/xml,7
Methylerythritol 4-phosphate (MEP) pathway metabolic regulation,367,2014,… This review covers metabolic regulation of the MEP pathway … MEP pathway in photosynthetic leaves during isoprene emission and more generally the metabolic regulation of the MEP …,https://pubs.rsc.org/en/content/articlehtml/2014/np/c3np70124g,,0,"environmental product declaration, MEP",10.1039/c3np70124g,A. Banerjee; T. D. Sharkey,2014,"<p>The methylerythritol 4-phosphate pathway provides precursors for isoprenoids in bacteria, some eukaryotic parasites, and chloroplasts of plants. Metabolic regulatory mechanisms control flux through the pathway and the concentration of a central intermediate, methylerythritol cyclodiphosphate.</p>",http://pubs.rsc.org/en/content/articlepdf/2014/NP/C3NP70124G,256
Effect of Drought on the Methylerythritol 4-Phosphate (MEP) Pathway in the Isoprene Emitting Conifer Picea glauca,48,2020,"… Other MEP pathway-derived products that we did not measure may have been reduced under drought, such as the tocopherols and the prenylquinones: plastoquinones, phylloquinones…",https://www.frontiersin.org/articles/10.3389/fpls.2020.546295/full,,0,"environmental product declaration, MEP",10.3389/fpls.2020.546295,Erica Perreca; Johann Rohwer; Diego González-Cabanelas; Francesco Loreto; Axel Schmidt; Jonathan Gershenzon; Louwrance Peter Wright,2020-10-9,,https://www.frontiersin.org/article/10.3389/fpls.2020.546295/full,44
"Implementation of multi-expression programming (MEP), artificial neural network (ANN), and M5P-tree to forecast the compression strength cement-based mortar …",37,2022,"… ), M5P-tree, and multi-expression programming (MEP), are used for developing reliable models to … Nevertheless, the MEP model was better than other models based on statistical tool …",https://link.springer.com/article/10.1007/s41062-022-00761-8,,0,"environmental product declaration, MEP",10.1007/s41062-022-00761-8,Aso Abdalla; Ahmed Salih,2022-2-14,,https://link.springer.com/content/pdf/10.1007/s41062-022-00761-8.pdf,30
MEP pathway-mediated isopentenol production in metabolically engineered Escherichia coli,108,2014,… MEP and its upstream glycolysis pathways. It demonstrated that the total fluxes and their balance of the precursors of the MEP … of PPP and ED to MEP is needed for further optimization …,https://link.springer.com/article/10.1186/s12934-014-0135-y,,0,"environmental product declaration, MEP",10.1186/s12934-014-0135-y,Huaiwei Liu; Yang Wang; Qiang Tang; Wentao Kong; Wook-Jin Chung; Ting Lu,2014-9-12,,http://link.springer.com/content/pdf/10.1186/s12934-014-0135-y.pdf,75
Demographic assessment of mono (2‐ethylhexyl) phthalate (MEHP) and monoethyl phthalate (MEP) concentrations in common bottlenose dolphins (Tursiops …,31,2021,"… MEHP and MEP exposure among … MEP have previously been associated with reproductive and developmental impacts in humans, such as shorter anogenital distance (MEHP and MEP…",https://agupubs.onlinelibrary.wiley.com/doi/abs/10.1029/2020GH000348,,0,"environmental product declaration, MEP",10.1029/2020gh000348,M. K. Dziobak; R. S. Wells; E. C. Pisarski; E. F. Wirth; L. B. Hart,2021-5,"<jats:title>Abstract</jats:title><jats:p>Common bottlenose dolphins (<jats:italic>Tursiops truncatus</jats:italic>) have previously demonstrated exposure to phthalate esters. Phthalates and phthalate esters are commonly added to consumer goods to enhance desirable properties. As the amount of plastic marine debris increases, these chemicals can easily leach from these products into the surrounding environment. To evaluate demographic variability in exposure, eight phthalate metabolites were quantified in urine samples collected from free‐ranging bottlenose dolphins sampled in Sarasota Bay, FL, USA (2010–2019; <jats:italic>n</jats:italic> = 51). Approximately 75% of individual dolphins had detectable concentrations of at least one phthalate metabolite. The most frequently detected metabolites were mono(2‐ethylhexyl) phthalate (MEHP; <jats:italic>n</jats:italic> = 28; GM = 4.57 ng/mL; 95% CI = 2.37–8.80; KM mean = 7.95; s.d. = 15.88) and monoethyl phthalate (MEP; GM = 4.51 ng/mL; 95% CI = 2.77–7.34; ROS mean = 2.24; s.d. = 5.58). Urinary concentrations of MEHP and MEP were not significantly different between sex (MEHP <jats:italic>p</jats:italic> = 0.09; MEP <jats:italic>p</jats:italic> = 0.22) or age class (i.e., calf/juvenile vs. adult; MEHP <jats:italic>p</jats:italic> = 0.67; MEP <jats:italic>p</jats:italic> = 0.13). Additionally, there were no significant group differences in the likelihood of MEHP or MEP detection for any demographic as determined by a Peto‐Peto test. Frequency of detection was similar for both metabolites between males and females (MEHP <jats:italic>p</jats:italic> = 0.10; MEP <jats:italic>p</jats:italic> = 0.40) as well as between juveniles and adults (MEHP <jats:italic>p</jats:italic> = 0.50; MEP: <jats:italic>p</jats:italic> = 0.60). These findings suggest ubiquitous exposure risk for both sexes and age classes, warranting further investigation into potential sources and health implications.</jats:p>",https://onlinelibrary.wiley.com/doi/pdf/10.1029/2020GH000348,19
Exposure to methylparaben at environmentally realistic concentrations significantly impairs neuronal health in adult zebrafish,24,2023,… found that MeP pollutant induced distinct mechanism of neurotoxicity as a function of sex. MeP … the potent neurotoxicity of MeP pollutant even at environmentally realistic concentrations. …,https://www.sciencedirect.com/science/article/pii/S1001074222003667,,0,"environmental product declaration, MEP",10.1016/j.jes.2022.07.012,Chenyan Hu; Yachen Bai; Baili Sun; Xiangzhen Zhou; Lianguo Chen,2023-10,,https://api.elsevier.com/content/article/PII:S1001074222003667?httpAccept=text/xml,19
Reconstruction and Evaluation of the Synthetic Bacterial MEP Pathway in Saccharomyces cerevisiae,86,2012,"… In order to activate this pathway in yeast eight enzymatic steps of the bacterial MEP … MEP pathway, we found that the IspG and the IspH enzymes are potential bottlenecks of the MEP …",https://journals.plos.org/plosone/article?id=10.1371/journal.pone.0052498,,0,"environmental product declaration, MEP",10.1371/journal.pone.0052498,Siavash Partow; Verena Siewers; Laurent Daviet; Michel Schalk; Jens Nielsen,2012-12-28,,http://dx.plos.org/10.1371/journal.pone.0052498,64
"Synthesis, characterization, DFT, HOMO-LUMO, MEP analysis, and in-silico docking studies of piperidine derivatives",4,2025,… This method not only improves reaction efficiency but also reduces environmental impact by employing a safer catalyst. The structure of the resulting compound was extensively …,https://www.sciencedirect.com/science/article/pii/S0019452225001141,,0,"environmental product declaration, MEP",10.1016/j.jics.2025.101679,Vajiha Banu H; R. Arulnangai; Banu Karthi G; Asia Thabassoom H; K. Thirugnanasambandham; R. Ganesamoorthy,2025-5,,https://api.elsevier.com/content/article/PII:S0019452225001141?httpAccept=text/xml,4
"Hybrid nonlinear regression model versus MARS, MEP, and ANN to evaluate the effect of the size and content of waste tire rubber on the compressive strength of …",38,2024,"… In the current study, an MEP model was created using the fitting parameters provided in Table 3; Trial and Error was used to determine those parameters. Equation (12) shows the …",https://www.cell.com/heliyon/fulltext/S2405-8440(24)02028-0,,0,"environmental product declaration, MEP",10.1016/j.heliyon.2024.e25997,Dilshad Kakasor Ismael Jaf; Aso Abdalla; Ahmed Salih Mohammed; Payam Ismael Abdulrahman; Rawaz Kurda; Azad A. Mohammed,2024-2,,https://api.elsevier.com/content/article/PII:S2405844024020280?httpAccept=text/xml,25
Shedding light on the methylerythritol phosphate (MEP)‐pathway: long hypocotyl 5 (HY 5)/phytochrome‐interacting factors (PIF s) transcription factors modulating key …,56,2018,"… The plastidial methylerythritol phosphate (MEP) pathway is … The MEP pathway is highly sensitive to environmental cues … However, the mechanisms coordinating the MEP pathway with …",https://onlinelibrary.wiley.com/doi/abs/10.1111/tpj.14071,,0,"environmental product declaration, MEP",10.1111/tpj.14071,Marel Chenge‐Espinosa; Elizabeth Cordoba; Cynthia Romero‐Guido; Gabriela Toledo‐Ortiz; Patricia León,2018-9-28,"<jats:title>Summary</jats:title><jats:p>The plastidial methylerythritol phosphate (<jats:styled-content style=""fixed-case"">MEP</jats:styled-content>) pathway is an essential route for plants as the source of precursors for all plastidial isoprenoids, many of which are of medical and biotechnological importance. The <jats:styled-content style=""fixed-case"">MEP</jats:styled-content> pathway is highly sensitive to environmental cues as many of these compounds are linked to photosynthesis and growth and light is one of the main regulatory factors. However, the mechanisms coordinating the <jats:styled-content style=""fixed-case"">MEP</jats:styled-content> pathway with light cues are not fully understood. Here we demonstrate that by a differential direct transcriptional modulation, via the key‐master integrators of light signal transduction <jats:styled-content style=""fixed-case"">HY</jats:styled-content>5 and <jats:styled-content style=""fixed-case"">PIF</jats:styled-content>s which target the genes that encode the rate‐controlling <jats:italic><jats:styled-content style=""fixed-case"">DXS</jats:styled-content>1</jats:italic>,<jats:italic> <jats:styled-content style=""fixed-case"">DXR</jats:styled-content></jats:italic> and <jats:italic><jats:styled-content style=""fixed-case"">HDR</jats:styled-content></jats:italic> enzymes, light imposes a direct, rapid and potentially multi‐faceted response that leads to unique protein dynamics of this pathway, resulting in a significant difference in the protein levels. For <jats:italic><jats:styled-content style=""fixed-case"">DXS</jats:styled-content>1</jats:italic>,<jats:styled-content style=""fixed-case""> PIF</jats:styled-content>1/<jats:styled-content style=""fixed-case"">HY</jats:styled-content>5 act as a direct activation/suppression module. In contrast, <jats:italic><jats:styled-content style=""fixed-case"">DXR</jats:styled-content></jats:italic> accumulation in response to light results from <jats:styled-content style=""fixed-case"">HY</jats:styled-content>5 induction with minor contribution of de‐repression by <jats:styled-content style=""fixed-case"">PIF</jats:styled-content>1. Finally, <jats:italic><jats:styled-content style=""fixed-case"">HDR</jats:styled-content></jats:italic> transcription increases in the light exclusively by suppression of the <jats:styled-content style=""fixed-case"">PIF</jats:styled-content>s repression. This is an example of how light signaling components can differentially multi‐target the initial steps of a pathway whose products branch downstream to all chloroplastic isoprenoids. These findings demonstrate the diversity and flexibility of light signaling components that optimize key biochemical pathways essential for plant growth.</jats:p>",https://api.wiley.com/onlinelibrary/tdm/v1/articles/10.1111%2Ftpj.14071,43
"Molecular structure, HOMO-LUMO, MEP-–Analysis of triazine compounds using DFT (B3LYP) calculations",35,2023,"… Molecular electrostatic potential (MEP) for all compounds was determined to test their … LUMO) energies, molecular electrostatic potential (MEP), Mulliken distribution of charges on atoms …",https://www.sciencedirect.com/science/article/pii/S2214785323048733,,0,"environmental product declaration, MEP",10.1016/j.matpr.2023.09.191,Bakhtiyor Ganiev; Uktam Mardonov; Gulyayra Kholikova,2023-10,,https://api.elsevier.com/content/article/PII:S2214785323048733?httpAccept=text/xml,18
SlWRKY35 positively regulates carotenoid biosynthesis by activating the MEP pathway in tomato fruit,115,2022,… 1-deoxy-d-xylulose 5-phosphate synthase is the first enzyme of the MEP pathway and has been postulated as being the key step in the supply of precursors into end-product …,https://nph.onlinelibrary.wiley.com/doi/abs/10.1111/nph.17977,,0,"environmental product declaration, MEP",10.1111/nph.17977,Yong Yuan; Siyan Ren; Xiaofeng Liu; Liyang Su; Yu Wu; Wen Zhang; Yan Li; Yidan Jiang; Hsihua Wang; Rao Fu; Mondher Bouzayen; Mingchun Liu; Yang Zhang,2022-2-15,"<jats:title>Summary</jats:title><jats:p>
<jats:list list-type=""bullet"">

<jats:list-item><jats:p>Carotenoids are vital phytonutrients widely recognised for their health benefits. Therefore, it is vital to thoroughly investigate the metabolic regulatory network underlying carotenoid biosynthesis and accumulation to open new leads towards improving their contents in vegetables and crops.</jats:p></jats:list-item>

<jats:list-item><jats:p>The outcome of our study defines SlWRKY35 as a positive regulator of carotenoid biosynthesis in tomato. SlWRKY35 can directly activate the expression of the <jats:italic>1‐deoxy‐<jats:sc>d</jats:sc>‐xylulose 5‐phosphate synthase</jats:italic> (<jats:italic>SlDXS1</jats:italic>) gene to reprogramme metabolism towards the 2‐C‐methyl‐<jats:sc>d</jats:sc>‐erythritol 4‐phosphate (MEP) pathway, leading to enhanced carotenoid accumulation. We also show that the master regulator SlRIN directly regulates the expression of <jats:italic>SlWRKY35</jats:italic> during tomato fruit ripening.</jats:p></jats:list-item>

<jats:list-item><jats:p>Compared with the <jats:italic>SlLCYE</jats:italic> overexpression lines, coexpression of <jats:italic>SlWRKY35</jats:italic> and <jats:italic>SlLCYE</jats:italic> can further enhance lutein production in transgenic tomato fruit, indicating that SlWRKY35 represents a potential target towards designing innovative metabolic engineering strategies for carotenoid derivatives.</jats:p></jats:list-item>

<jats:list-item><jats:p>In addition to providing new insights into the metabolic regulatory network associated with tomato fruit ripening, our data define a new tool for improving fruit content in specific carotenoid compounds.</jats:p></jats:list-item>
</jats:list>
</jats:p>",https://onlinelibrary.wiley.com/doi/pdf/10.1111/nph.17977,112
New technology trends and policy needs in energy efficient motor systems-A major opportunity for energy and carbon savings,89,2019,"… Still to date, Minimum Energy Performance Standards (MEPS) … MEPS and standardization at the component and MDU level … , economic and environmental analyses of introducing new …",https://www.sciencedirect.com/science/article/pii/S1364032119305921,,0,"environmental product declaration, MEP",10.1016/j.rser.2019.109384,A. De Almeida; J. Fong; C.U. Brunner; R. Werle; M. Van Werkhoven,2019-11,,https://api.elsevier.com/content/article/PII:S1364032119305921?httpAccept=text/xml,57
The eukaryotic MEP-pathway genes are evolutionarily conserved and originated from Chlaymidia and cyanobacteria,62,2021,… demonstrate that six of the seven MEP-pathway genes have predominantly … MEP-pathway genes confirm the indispensable function of each nuclear-encoded plastid-targeted MEP…,https://link.springer.com/article/10.1186/s12864-021-07448-x,,0,"environmental product declaration, MEP",10.1186/s12864-021-07448-x,Liping Zeng; Katayoon Dehesh,2021-2-26,"<jats:title>Abstract</jats:title>
                  <jats:sec>
                    <jats:title>Background</jats:title>
                    <jats:p>Isoprenoids are the most ancient and essential class of metabolites produced in all organisms, either via mevalonate (MVA)-and/or methylerythritol phosphate (MEP)-pathways. The MEP-pathway is present in all plastid-bearing organisms and most eubacteria. However, no comprehensive study reveals the origination and evolutionary characteristics of MEP-pathway genes in eukaryotes.</jats:p>
                  </jats:sec>
                  <jats:sec>
                    <jats:title>Results</jats:title>
                    <jats:p>Here, detailed bioinformatics analyses of the MEP-pathway provide an in-depth understanding the evolutionary history of this indispensable biochemical route, and offer a basis for the co-existence of the cytosolic MVA- and plastidial MEP-pathway in plants given the established exchange of the end products between the two isoprenoid-biosynthesis pathways. Here, phylogenetic analyses establish the contributions of both cyanobacteria and Chlamydiae sequences to the plant’s MEP-pathway genes. Moreover, Phylogenetic and inter-species syntenic block analyses demonstrate that six of the seven MEP-pathway genes have predominantly remained as single-copy in land plants in spite of multiple whole-genome duplication events (WGDs). Substitution rate and domain studies display the evolutionary conservation of these genes, reinforced by their high expression levels. Distinct phenotypic variation among plants with reduced expression levels of individual MEP-pathway genes confirm the indispensable function of each nuclear-encoded plastid-targeted MEP-pathway enzyme in plant growth and development.</jats:p>
                  </jats:sec>
                  <jats:sec>
                    <jats:title>Conclusion</jats:title>
                    <jats:p>Collectively, these findings reveal the polyphyletic origin and restrict conservation of MEP-pathway genes, and reinforce the potential function of the individual enzymes beyond production of the isoprenoids intermediates.</jats:p>
                  </jats:sec>",http://link.springer.com/content/pdf/10.1186/s12864-021-07448-x.pdf,54
"Advanced modeling for predicting compressive strength in fly ash-modified recycled aggregate concrete: XGboost, MEP, MARS, and ANN approaches",34,2024,"… of MEP, setting it apart from other techniques, is its ability to store multiple solutions within a single chromosome [33]. MEP … Developing an MEP model requires careful consideration of …",https://link.springer.com/article/10.1007/s41062-024-01365-0,,0,"environmental product declaration, MEP",10.1007/s41062-024-01365-0,Brwa Omer; Dilshad Kakasor Ismael Jaf; Aso Abdalla; Ahmed Salih Mohammed; Payam Ismael Abdulrahman; Rawaz Kurda,2024-2-9,,https://link.springer.com/content/pdf/10.1007/s41062-024-01365-0.pdf,31
Environmental product declaration,12,2024,"… of the products in the building floor, different installation systems can be used with different ancillary materials. In the study the most impactant scenario has been chosen (CR system). …",https://www.cbi-europe.it/public/files/EPD%20SC30V%20SC33V%20SC36V.pdf,http://scholar.google.com/https://www.cbi-europe.it/public/files/EPD%20SC30V%20SC33V%20SC36V.pdf,0,"environmental product declaration, building management system",10.3390/materproc2023015088,Maria Vastardi; Eugenia Filtikaki; George Mavraganis; Katerina Adam,2024-7-22,,https://www.mdpi.com/2673-4605/15/1/88/pdf,0
Environmental product declarations entering the building sector: critical reflections based on 5 to 10 years experience in different European countries,228,2015,… brings about the need for a suitable method to assess their environmental performance. Life … in the form of environmental product declarations (EPD) or product environmental footprints (…,https://link.springer.com/article/10.1007/s11367-015-0926-3,,0,"environmental product declaration, building management system",10.1007/s11367-015-0926-3,Alexander Passer; Sébastien Lasvaux; Karen Allacker; Dieter De Lathauwer; Carolin Spirinckx; Bastian Wittstock; Daniel Kellenberger; Florian Gschösser; Johannes Wall; Holger Wallbaum,2015-7-23,"<jats:title>Abstract</jats:title>
          <jats:sec>
            <jats:title>Purpose</jats:title>
            <jats:p>Growing awareness of the environmental performance of construction products and buildings brings about the need for a suitable method to assess their environmental performance. Life cycle assessment (LCA) has become a widely recognised and accepted method to assess the burdens and impacts throughout the life cycle. This LCA-based information may be in the form of environmental product declarations (EPD) or product environmental footprints (PEF), based on reliable and verifiable information. All of these use LCA to quantify and report several environmental impact categories and may also provide additional information. To better understand on the one hand existing EPD programmes (EN 15804) for each country and on the other the recent developments in terms of EU reference document (e.g. PEF), the authors decided to write this review paper based on the outcomes of the EPD workshop that was held prior to SB13 Graz conference.</jats:p>
          </jats:sec>
          <jats:sec>
            <jats:title>Methods</jats:title>
            <jats:p>This paper presents the state of the art in LCA and an overview of the EPD programmes in five European countries (Austria, Belgium, France, Germany, Switzerland) based on the workshop in the first part and a comprehensive description and comparison of the PEF method and EN 15804 in the second part. In the last part, a general conclusion will wrap up the findings and results will provide a further outlook on future activities.</jats:p>
          </jats:sec>
          <jats:sec>
            <jats:title>Results and discussion</jats:title>
            <jats:p>The high number of EPD programmes underlines the fact that there is obviously a demand for assessments of the environmental performance of construction materials. In the comparison between and experiences of the different countries, it can be seen that more similarities than differences exist. A comparison between PEF and EPD shows differences, e.g. LCIA impact categories and recycling methodology.</jats:p>
          </jats:sec>
          <jats:sec>
            <jats:title>Conclusions</jats:title>
            <jats:p>Independent of raising awareness of the construction material environmental performance, the existence of so many environmental claims calls for clarification and harmonisation. Additionally, construction materials being assessed in the voluntary approaches have to follow the harmonised approach following the principles of the European Construction Products Regulation (regulated) not to foster barriers of trade. The authors therefore highly appreciate the most recent activities of the sustainability of construction works (CEN/TC 350 committee <jats:ext-link xmlns:xlink=""http://www.w3.org/1999/xlink"" xlink:href=""http://portailgroupe.afnor.fr/public_espacenormalisation/CENTC350/index.html"" ext-link-type=""uri"">http://portailgroupe.afnor.fr/public_espacenormalisation/CENTC350/index.html</jats:ext-link>) currently working on these issues at the EU level. Finally, the LCA community is further encouraged to increase the background life cycle inventory data and life cycle inventory modelling as well as the meaningfulness of certain environmental impact categories, such as toxicity, land use, biodiversity and resource usage.</jats:p>
          </jats:sec>",https://link.springer.com/content/pdf/10.1007/s11367-015-0926-3.pdf,144
Environmental product declarations (EPDs) as a competitive parameter within sustainable buildings and building materials,51,2019,"… and their impact on building environmental sustainability by performing Life … for Environmental Product Declarations (EPDs), and thus measuring embodied energy and environmental …",https://iopscience.iop.org/article/10.1088/1755-1315/323/1/012145/meta,,0,"environmental product declaration, building management system",10.1088/1755-1315/323/1/012145,S C Andersen; H F Larsen; L Raffnsøe; C Melvang,2019-8-1,"<jats:title>Abstract</jats:title>
               <jats:p>The demand for technical and verified documentation of buildings and building materials is growing, along with the increasing focus on sustainability in the built environment. However, despite a common wish to build sustainably, it is still found that EPDs and LCAs are not always similarly interpreted, leading to misunderstandings on how they should be used to quantify and verify sustainability along with being a competitive parameter when choosing materials.</jats:p>
               <jats:p>To overcome this barrier this project seeks to discover:</jats:p>
               <jats:p>1. How can EPDs be used as a competitive parameter within the sustainable built environment?</jats:p>
               <jats:p>2. How can product specific EPDs, used as an input to building-level LCAs, help to quantify the concept of ‘circular economy’?</jats:p>
               <jats:p>3. How do some countries seem to succeed in introducing EPDs to industry while others only succeed to a lesser extent?</jats:p>
               <jats:p>By involving the Danish building-industry’s value-chain through qualitative interviews, workshops and reference groups, as well as by contacting EPD programme operators throughout Europe and USA, a mapping has been performed on the tendencies of how and to what extend EPDs are used to quantify and support material decision-making in buildings. Further, the drivers as to why EPDs are used in some countries is investigated along with suggestions on how to boost the development, use and integration of EPDs with the aim of quantifying and documenting sustainability in the built environment.</jats:p>",https://iopscience.iop.org/article/10.1088/1755-1315/323/1/012145/pdf,21
Environmental Product Declaration,3,2025,… The product This Product Environmental Statement covers the entire range of prefabricated polymer … Environmental product declarations within the same product category from different …,https://www.innoarc.com.au/wp-content/uploads/2022/04/EPD-english.pdf,http://scholar.google.com/https://www.innoarc.com.au/wp-content/uploads/2022/04/EPD-english.pdf,0,"environmental product declaration, building management system",10.1007/978-981-97-2998-2_298,,2025,,https://link.springer.com/content/pdf/10.1007/978-981-97-2998-2_298,0
Environmental product declarations: Use in the architectural and engineering design process to support sustainable construction,22,2018,"… to new environmental information sources]; (2) identifying the differing levels of knowledge and use of the environmental product declaration (EPD), a new environmental information …",https://ascelibrary.org/doi/abs/10.1061/%28ASCE%29CO.1943-7862.0001481,,0,"environmental product declaration, building management system",10.1061/(asce)co.1943-7862.0001481,Rebekah D. Burke; Kristen Parrish; Mounir El Asmar,2018-5,,https://ascelibrary.org/doi/pdf/10.1061/%28ASCE%29CO.1943-7862.0001481,13
Environmental product declarations as data source for the environmental assessment of buildings in the context of level (s) and DGNB: how feasible is their …,77,2021,… environmental product declarations (EPDs) as a data source for life-cycle assessment (LCA) in two sustainable building … (s) and the German system DGNB (Deutsche Gesellschaft für …,https://www.mdpi.com/2071-1050/13/11/6143,,0,"environmental product declaration, building management system",10.3390/su13116143,Pamela Del Rosario; Elisabetta Palumbo; Marzia Traverso,2021-5-29,"<jats:p>This study aims to examine the feasibility of using environmental product declarations (EPDs) as a data source for life-cycle assessment (LCA) in two sustainable building assessment schemes–the pilot version of the European framework Level(s) and the German system DGNB (Deutsche Gesellschaft für Nachhaltiges Bauen). An EPD is a standardized and third-party certified label to communicate product-specific environmental data based on LCA. Some green building rating systems consider it a robust LCA data source and encourage its use over generic data. This work evaluates the environmental profile of the envelope of an office building in the context of level(s) and DGNB adopting EPD as a data source. The results indicate that the EPDs did not cover the mandatory scope of the schemes. Furthermore, there was a lack of EPDs appropriate to the geographical context of the case study, leading to the adoption of EPDs of products from places other than the building site and an overestimation of the environmental impacts of transportation. Moreover, the need for EPDs considering suitable and comprehensive scenarios as well as life-cycle stages beyond the product stage is highlighted. This gap, in fact, hinders the performance of a complete LCA within the analyzed building assessment schemes when relying solely on EPDs as a data source. With this paper, we wish to encourage the further development of EPDs related to the integration of more life-cycle modules and more comprehensive scenarios, considering the direction of the latest amendment of the ISO 15804 for EPDs of construction products.</jats:p>",https://www.mdpi.com/2071-1050/13/11/6143/pdf,42
Data Quality Assurance in Construction Environmental Product Declarations for Whole Building Life Cycle Assessment,3,2025,"… due to its contribution to environmental emissions. The rise in digital environmental product declaration (EPD), a valuable source of data for whole building life cycle assessment (…",https://openaccess.wgtn.ac.nz/articles/thesis/Data_Quality_Assurance_in_Construction_Environmental_Product_Declarations_for_Whole_Building_Life_Cycle_Assessment/28930454,,0,"environmental product declaration, building management system",10.1016/j.jclepro.2025.146170,Oludolapo Ibrahim Olanrewaju; Wallace Imoudu Enegbuma; Michael Donn,2025-8,,https://api.elsevier.com/content/article/PII:S0959652625015203?httpAccept=text/xml,2
How to obtain accurate environmental impacts at early design stages in BIM when using environmental product declaration. A method to support decision …,103,2020,"… the current situation in environmental construction product programs in different European … harmonization across the different environmental product declarations (including EPDs, PEFs …",https://www.mdpi.com/2071-1050/12/17/6927,,0,"environmental product declaration, building management system",10.3390/su12176927,Elisabetta Palumbo; Bernardette Soust-Verdaguer; Carmen Llatas; Marzia Traverso,2020-8-26,"<jats:p>The construction sector plays an important role in moving towards a low-carbon economy. Life cycle assessment (LCA) is considered one of the most effective methods of analytically evaluating environmental profiles and an efficient tool for calculating the environmental impacts in building design-oriented methodologies, such as building information modelling (BIM). At early design stages, generic LCA databases are used to conduct the life cycle inventory (LCI), while detailed stages require more detailed data, such as environmental product declarations (EPDs), namely documents that provide accurate results and precise analyses based on LCA. Limitations are recognized when using EPDs in BIM elements at different levels of development (LOD) in the design stages, especially related to the data consistency and system boundaries of the LCA. This paper presents a method of achieving accurate LCA results, that helps with decision-making and provides support in the selection of building products and materials. The method is validated by its application in the structural concrete of an office building located in Germany. The method defines a safety factor adopted for embodied impacts (“cradle-to-gate”), based on EPD results to predict the environmental impact of BIM elements at different LODs. The results obtained show that by integrating the method to conduct the LCA, the range of errors and possible inconsistencies in the LCA results can be reduced.</jats:p>",https://www.mdpi.com/2071-1050/12/17/6927/pdf,57
Life cycle assessment of building materials: Comparative analysis of energy and environmental impacts and evaluation of the eco-efficiency improvement …,1836,2011,"… the most commonly used building materials with some eco-… of energy and environmental specifications of building materials, … of new buildings and rehabilitation of existing buildings. …",https://www.sciencedirect.com/science/article/pii/S0360132310003549,,0,"environmental product declaration, building management system",10.1016/j.buildenv.2010.12.002,Ignacio Zabalza Bribián; Antonio Valero Capilla; Alfonso Aranda Usón,2011-5,,https://api.elsevier.com/content/article/PII:S0360132310003549?httpAccept=text/xml,998
Mainstreaming green product innovation: Why and how companies integrate environmental sustainability,2143,2010,… This article investigates green product innovation by means … key environmental dimensions of green product innovation … in the life cycle phases of products. Based on insights gained …,https://link.springer.com/article/10.1007/s10551-010-0434-0,,0,"environmental product declaration, building management system",10.1007/s10551-010-0434-0,Rosa Maria Dangelico; Devashish Pujari,2010-2-6,,http://link.springer.com/content/pdf/10.1007/s10551-010-0434-0.pdf,1009
The use of environmental management as a facilities management tool in the Macao hotel sector,185,2007,"… energy (5.8 percent), installing water control system to reduce the use of water (… environmentally‐friendly products are expensive”. They would consider using environmental …",https://www.emerald.com/insight/content/doi/10.1108/02632770710753325/full/html,,0,"environmental product declaration, building management system",10.1108/02632770710753325,Wan Yim King Penny,2007-5-29,"<jats:sec><jats:title content-type=""abstract-heading"">Purpose</jats:title><jats:p>The purpose of this paper is to examine the extent to which environmental management (EM) has been used as a facilities management (FM) tool amongst hotels in Macao, China. It also seeks to assess the relative priorities of hotel facilities managers in relation to the environment.</jats:p></jats:sec><jats:sec><jats:title content-type=""abstract-heading"">Design/methodology/approach</jats:title><jats:p>The empirical data was collected via structured questionnaires distributed to facilities/general managers of hotels in Macao.</jats:p></jats:sec><jats:sec><jats:title content-type=""abstract-heading"">Findings</jats:title><jats:p>The research findings reveal that although low customer demand, poor environmental knowledge and the lack of governmental regulations enforcing environmental practices are the reasons hindering hoteliers in Macao from practicing green, the major barrier is that hotel managers do not recognize the importance of environmental management to hotel effectiveness and competitiveness. Consequently, hotels are only interested in improving areas where there are direct financial gains and where there is a fiscal/legislative requirement. A fragmented approach to managing their environmental performance is also resulted.</jats:p></jats:sec><jats:sec><jats:title content-type=""abstract-heading"">Practical implications</jats:title><jats:p>This paper provides a comprehensive discussion of the roles played by environmental management in improving a hotel's productivity and competitiveness and recommends ways to increase hoteliers' understanding of those roles.</jats:p></jats:sec><jats:sec><jats:title content-type=""abstract-heading"">Originality/value</jats:title><jats:p>There is a scarcity of literature linking hotel FM and environmental management within the Asian context, especially within Macao. This study sheds light on the extent to which environmental management has been used as a FM tool amongst hotels in Macao. It also contributes to our understanding of the importance of improving a hotel's environmental performance for organizational effectiveness and competitiveness. This paper provides a good background and framework for future studies.</jats:p></jats:sec>",http://www.emeraldinsight.com/doi/full-xml/10.1108/02632770710753325,52
Total facility management,1251,2021,… computer-aided design computer-aided facility management capital expenditure closed … data environment carbon dioxide equivalent computerized maintenance management system …,"https://books.google.com/books?hl=en&lr=&id=09QnEAAAQBAJ&oi=fnd&pg=PR11&dq=environmental+product+declaration,+building+management+system&ots=sHYlEbcp4S&sig=_SAmJnCvlW3RRqo-AA6p6iqD6EY",,0,"environmental product declaration, building management system",10.4337/9781800883284.facility.management,Luke Mashburn,2021-12-17,,,0
An integrated approach to achieving campus sustainability: assessment of the current campus environmental management practices,1720,2008,… Use more efficient HVAC systems with improved building control systems using the wide range of viable passive energy technologies and integrating them into overall design for …,https://www.sciencedirect.com/science/article/pii/S0959652607002545,,0,"environmental product declaration, building management system",10.1016/j.jclepro.2007.12.002,Habib M. Alshuwaikhat; Ismaila Abubakar,2008-11,,https://api.elsevier.com/content/article/PII:S0959652607002545?httpAccept=text/xml,716
Sustainable construction: green building design and delivery,3825,2016,"… attention to transparency for the products that constitute the built environment. A wide range … , such as environmental product declarations (EPDs), health product declarations (HPDs), …","https://books.google.com/books?hl=en&lr=&id=2xgWCgAAQBAJ&oi=fnd&pg=PR15&dq=environmental+product+declaration,+building+management+system&ots=GaZq8La7px&sig=BTUU4fzsd53peA_P4dnIafklaOM",,0,"environmental product declaration, building management system",10.3992/jgb.11.2.39.1,Karno Widjaja,2016,"<jats:title>INTRODUCTION</jats:title>
        <jats:p>Sustainability principles have become an integral part of the design and construction process for many new construction projects. The selection of the project delivery method (PDM) is extremely important in the effective execution of the project, and plays a critical role in establishing communication and coordination between the key entities: owner, architect, and contractor.</jats:p>
        <jats:p>The goal of this paper is to hopefully serve as a starting point for further discussion to improve on the AEC industry's current integration of sustainability principles in PDMs. The first step consists of an assessment of current project delivery systems from a sustainable design perspective. This is followed by a determination of the current limitations, and examination of the various disruptions in the industry. Various literature sources are analyzed to form a framework to discuss improvements and optimization strategies beyond the current system. Thereafter, proposed solutions are introduced at both stakeholders, as well as PDM scales.</jats:p>
        <jats:p>In this paper, the focus for the conducted analysis and proposed methodologies is predicated on new construction projects instead of retrofits due to the resources available. However, the principles can similarly be applied to retrofit scenarios as well, depending on the specific requirements of the individual project at play.</jats:p>",https://jgb.kglmeridian.com/view/journals/jgrb/11/2/article-p39.xml,4
Sustainability in the construction industry: A review of recent developments based on LCA,2008,2009,"… environment. Secondly, this paper outlines and discusses the differences between the LCA of building materials and components combinations versus the LCA of the full building life …",https://www.sciencedirect.com/science/article/pii/S0950061807003005,,0,"environmental product declaration, building management system",10.1016/j.conbuildmat.2007.11.012,Oscar Ortiz; Francesc Castells; Guido Sonnemann,2009-1,,https://api.elsevier.com/content/article/PII:S0950061807003005?httpAccept=text/xml,1001
Carbon Footprint.,775,2008,"… environmental product declarations, it is still debated how carbon footprinting should, in practice, deal with the use stage for “active products… and in environmental management systems. …",https://search.ebscohost.com/login.aspx?direct=true&profile=ehost&scope=site&authtype=crawler&jrnl=10881980&asa=N&AN=31600987&h=XaBKKk%2BwP%2FDNz%2BCuFWSomBCUlI9BPE3R532R600FI1IW9KkYYBdGkpPWweLBzw3aKaurxENyNXsCTjnX9V3B9g%3D%3D&crl=c,,0,"environmental product declaration, building management system",10.4135/cqresrre20081205,Thomas J. Billitteri,2008,,,0
"Heating, ventilating and air conditioning system and environmental control for wellbeing",24,2020,"… Heating, ventilating and air conditioning (HVAC) systems are of great importance to improve indoor environment quality (eg indoor air … characteristics of indoor environment parameters, …",https://journals.sagepub.com/doi/abs/10.1177/1420326X20951967,,0,"environmental product declaration, heating ventilation and air conditioning",10.1177/1420326x20951967,Shi-Jie Cao; Chuck Wah Yu; Xilian Luo,2020-10-6,,https://journals.sagepub.com/doi/pdf/10.1177/1420326X20951967,22
Study on energy use by air-conditioning,14,2016,"… the use of the product policy model when applied to air conditioning, in two ways… heat emitted from lighting and equipment and by occupants. Heat gains and losses from air conditioning …",https://files.bregroup.com/bre-co-uk-file-library-copy/filelibrary/pdf/projects/aircon-energy-use/StudyOnEnergyUseByAirConditioningFinalReport.pdf,http://scholar.google.com/https://files.bregroup.com/bre-co-uk-file-library-copy/filelibrary/pdf/projects/aircon-energy-use/StudyOnEnergyUseByAirConditioningFinalReport.pdf,0,"environmental product declaration, heating ventilation and air conditioning",10.1016/j.egypro.2015.12.225,Raluca Porumb; Bogdan Porumb; Mugur Bălan,2016-1,,https://api.elsevier.com/content/article/PII:S1876610215028908?httpAccept=text/xml,22
"Execution & qualification of heating, ventilation and air conditioning system",4,2016,"… Heating, Ventilation and Air-Conditioning (HVAC) system is one of the most widely used systems in the pharmaceutical industries. HVAC … pharmaceutical products. A well designed …",https://www.gyanvihar.org/researchjournals/journals2016/Himmat_research_paper.PDF,,0,"environmental product declaration, heating ventilation and air conditioning",10.1016/j.energy.2016.04.099,Zheng Yang; Ali Ghahramani; Burcin Becerik-Gerber,2016-8,,https://api.elsevier.com/content/article/PII:S0360544216305126?httpAccept=text/xml,108
Energy efficiency and certification of central air conditioners (EECCAC),145,2003,"… plan on Air Conditioning are available in the … airconditioners (RAC) central air conditioning (CAC) systems, which are defined as air conditioning systems with more than 12kW of cooling …",https://www.academia.edu/download/40691926/Energy_Efficiency_and_Certification_of_C20151208-22660-125o2zl.pdf,http://scholar.google.com/https://www.academia.edu/download/40691926/Energy_Efficiency_and_Certification_of_C20151208-22660-125o2zl.pdf,0,"environmental product declaration, heating ventilation and air conditioning",10.1080/01998590309509234,Theresa Gilbride; Brad Hollomon,2003-5,,https://www.tandfonline.com/doi/pdf/10.1080/01998590309509234,0
"Definition of environmental criteria for rating heating, ventilation, and air conditioning systems based on the LCA method",0,2021,"… is to compare the environmental impacts of two distinct Heating, Ventilation, Air Conditioning systems (HVAC) with a LCA approach. The target group could be the HVAC systems which …",https://www.politesi.polimi.it/handle/10589/201553,,0,"environmental product declaration, heating ventilation and air conditioning",10.1109/sas51076.2021.9530046,Simon Nutsch; Michael Sauer,2021-8-23,,http://xplorestaging.ieee.org/ielx7/9530004/9530006/09530046.pdf?arnumber=9530046,0
"Selection and performance assessment of Phase Change Materials for heating, ventilation and air-conditioning applications",166,2015,"The rapid commercialization of Phase Change Materials (PCMs) for heating, ventilation and air-conditioning (HVAC) applications, has paved way for effective utilization of ambient …",https://www.sciencedirect.com/science/article/pii/S0196890414008784,,0,"environmental product declaration, heating ventilation and air conditioning",10.1016/j.enconman.2014.09.077,Monisha Rastogi; Aditya Chauhan; Rahul Vaish; Anil Kishan,2015-1,,https://api.elsevier.com/content/article/PII:S0196890414008784?httpAccept=text/xml,134
Greenhouse gas emissions from air conditioning and refrigeration service expansion in developing countries,212,2021,"… encompasses traditional air conditioning units, heat pumps, and other heating, ventilation, and air conditioning (HVAC) … Room air conditioning represents a large portion of the space …",https://www.annualreviews.org/content/journals/10.1146/annurev-environ-012220-034103,,0,"environmental product declaration, heating ventilation and air conditioning",10.1146/annurev-environ-012220-034103,Yabin Dong; Marney Coleman; Shelie A. Miller,2021-10-18,"<jats:p> Air conditioning and refrigeration services are increasing rapidly in developing countries due to improved living standards. The cooling services industry is currently responsible for over 10% of global greenhouse gas (GHG) emissions, so it is critical to investigate how the expansion of cooling services will impact future GHG emissions. In this article, we first examine the current status and expected expansion of cooling services worldwide and the associated GHG emissions. Then, we review potential improvements and innovations that could reduce future GHG emissions. Three approaches to reduce GHG emissions within the cooling sector include converting to alternative refrigerants, improving energy efficiency, and moving toward a lower-carbon electricity grid. In addition, we identify eight interventions that apply to the built environment or the food supply chain that would lead to additional GHG reductions in the cooling sector. </jats:p>",https://www.annualreviews.org/doi/pdf/10.1146/annurev-environ-012220-034103,146
"Climate, comfort, & natural ventilation: a new adaptive comfort standard for ASHRAE standard 55",312,2001,"… -controlled heating, ventilating, and air-conditioning systems (HVAC), and naturally ventilated … If one were to apply the ACS to a mixed-mode building, however, the airconditioner might …",https://escholarship.org/uc/item/2048t8nn,,0,"environmental product declaration, heating ventilation and air conditioning",10.7748/ns.15.22.30.s52,Annette Jopson,2001-2-14,,,0
Life cycle assessment of residential ventilation units in a cold climate,85,2005,"… The research demonstrates that a residential ventilation unit, with … ventilation air, but not heating the air, has a net positive impact on the environment when it is equipped with a air-to-air …",https://www.sciencedirect.com/science/article/pii/S0360132304001532,,0,"environmental product declaration, heating ventilation and air conditioning",10.1016/s0140-6701(05)80813-6,,2005-3,,https://api.elsevier.com/content/article/PII:S0140670105808136?httpAccept=text/xml,0
Building Information Modeling Integrated With Life Cycle Analysis in Plumbing Projects: A Preliminary Systematic Review,0,2022,"… structural projects, there are few works in plumbing installations. The objective of this study … on free access to BIM integrated with LCA in plumbing facilities projects. In the RSL, 128 …",https://www.jbth.com.br/index.php/JBTH/article/view/212,,0,"cradle to completion, plumbing",10.34178/jbth.v5i2.212,Diogenes Oliveira Senna; Larissa da Silva Paes Cardoso; Alex Álisson Bandeira Santos,2022-5-30,"<jats:p>Many studies point out that the modeling of construction information (BIM) integrated with life cycle analysis (LCA) can be launched as an alternative, to identify and quantify the environmental impact generated by the construction industry. However, most studies are based on architectural and structural projects, there are few works in plumbing installations. The objective of this study was to evaluate, through a systematic literature review (SLR), the scientific contribution from 2015 to 2021 in articles on free access to BIM integrated with LCA in plumbing facilities projects. In the RSL, 128 articles were found, and we selected 5 articles for analysis and extraction of information that identified gaps and potential studies.</jats:p>",http://www.jbth.com.br/index.php/JBTH/article/download/212/164,0
"PENGEMBANGAN PENILAIAN MATERIAL MECHANICAL, ELECTRICAL, DAN PLUMBING RAMAH LINGKUNGAN",6,2021,"… and plumbing components. The results of the analysis show that the mechanical, electrical, and plumbing … siklus hidup material cradle-to-grave, sebagaimana ditunjukkan pada Tabel 3. …",https://journal.maranatha.edu/index.php/jts/article/view/2924,,0,"cradle to completion, plumbing",10.28932/jts.v17i2.2924,Deni Setiawan; Michael Kristianto Marbun,2021-10-1,"<jats:p>Implementation of ""Green Building"" in construction is the responsibility of all parties involved in the construction project. The Office of the Federal Environment Executive (OFEE) defines green buildings or green buildings as “the practice of increasing the efficiency by which buildings and their sites use energy, air, and materials, and reducing the impact of buildings on health and the environment, through better siting, design work. construction, operation and removal - maintenance of the complete building life cycle. (Kubba, 2017). At the planning and implementation stage of a construction project the selection of building materials or materials must be precise but also efficient. The concept of eco-efficiency was introduced in 1991 by the World Business Council for Sustainable Development - WBCSD and includes “the development of competitively priced products and services that meet the needs of the quality of human life, while progressively reducing impact on the environment and consumption of raw materials throughout the life cycle accordingly. with the capacity that is on planet earth. ""This concept means producing more products with less resources and less waste, and therefore this concept has less impact on the environment. Then it is necessary to assess all the environmental impacts caused by the extraction of raw materials from the start of the material being given (cradle) to the end of its service life (tomb). The research objective is to develop environmentally friendly materials for problem solving materials, electricity and plumbing. The results of the analysis show that the mechanical, electrical, and piping materials used in the Maranatha Sport Center project have not met the 7 overall environmentally friendly criteria for the material-life-span stage, however, each material used has the main green criteria that have been self-declared by each. -Each material manufacturer.</jats:p>",https://journal.maranatha.edu/index.php/jts/article/download/2924/1982,0
Life cycle sustainability analysis (lcsa) of polymer-based piping for plumbing applications,1,2017,"… this study, the LCA software tool Simapro 8.0.2 was used to model a cradle-to-gate … that is repeated to complete polymer chains is known as a repeat unit (University of …",https://commons.lib.jmu.edu/honors201019/260/,,0,"cradle to completion, plumbing",10.1201/9781315159324-26,,2017-4-11,,http://www.crcnetbase.com/doi/pdf/10.1201/9781315159324-26,1
Sustainability Life Cycle Inventory for Residential Buildings: A Cradle to Grave Approach,1,2025,"… the foundation for the impact assessment phase by providing a complete dataset of flows. … Similarly, chlorinated polyvinyl chloride pipes, commonly used for plumbing in various …",https://onlinelibrary.wiley.com/doi/abs/10.1002/masy.70154,,0,"cradle to completion, plumbing",10.1002/masy.70154,Nikhil N. Kamble; Gunavant K. Kate; Chittaranjan B. Nayak,2025-10-16,"<jats:title>ABSTRACT</jats:title>
                  <jats:p>Residential buildings play a pivotal role in shaping sustainable development, yet they significantly contribute to environmental degradation throughout their life cycles. With the rapid growth of the global urban population, the need for environmentally responsible housing intensifies, demanding comprehensive tools for evaluating environmental performance. Life Cycle Assessment (LCA) serves as a scientifically robust methodology to quantify environmental impacts across all stages of a building's life span. This study presents a detailed Life Cycle Inventory (LCI) for three residential building case studies located in diverse climatic and socio‐economic contexts in India, assessed using a cradle‐to‐grave system boundary. The inventory includes data collection and quantification for raw material extraction and processing, construction, operational use and maintenance, and end‐of‐life phases, including demolition and disposal. It also accounts for upstream and downstream transportation and secondary material flows. The analysis utilizes both primary and secondary data, supported by regional databases and construction standards specific to Indian conditions. It emphasizes the variability in construction practices, material selection, and maintenance patterns across the case studies. The paper also addresses methodological challenges such as data availability, quality uncertainty, and regional variability. The results lay a strong foundation for environmental impact assessment and inform strategies to reduce the ecological footprint of residential buildings in emerging economies.</jats:p>",https://onlinelibrary.wiley.com/doi/pdf/10.1002/masy.70154,1
Life cycle sustainability assessment analysis of different concrete construction techniques for residential building in Malaysia,54,2021,"… , all the plumbing, electrical, and mechanical as well as finishings are completed in a factory … This investigation encompassed all stages of construction from “cradle-to-grave,” namely, …",https://link.springer.com/article/10.1007/s11367-021-01938-6,,0,"cradle to completion, plumbing",10.1007/s11367-021-01938-6,Ali Tighnavard Balasbaneh; Willy Sher,2021-6-22,,https://link.springer.com/content/pdf/10.1007/s11367-021-01938-6.pdf,36
Cradle-to-cradle analysis of water with a circular economy perspective,0,2025,"The core idea of the circular economy (CE) approach, Cradle-to-Cradle (C2C), is examined in this chapter as it pertains to water management and analysis. It proposes a revolutionary …",https://www.sciencedirect.com/science/article/pii/B9780443267499000211,,0,"cradle to completion, plumbing",10.1016/b978-0-443-26749-9.00021-1,Husam Talib Hamzah; Sridevi Veluru; Thamer Adnan Abdullah; Mustafa Al Dulaimi; Firas Al Oqaili; Geethika Gudapati,2025,,https://api.elsevier.com/content/article/PII:B9780443267499000211?httpAccept=text/xml,0
Worksheets to Implement Life Cycle AE (C) Practice by Sharing Responsibilities,0,2021,"… by the different stages of life cycle from cradle to grave and, on the … complete drawings fully coordinated with other disciplines. … The design of plumbing systems is committed to plumbing …",https://link.springer.com/chapter/10.1007/978-3-030-69981-9_13,,0,"cradle to completion, plumbing",10.1007/978-3-030-69981-9_13,Anna Dalla Valle,2021,,http://link.springer.com/content/pdf/10.1007/978-3-030-69981-9_13,0
"A Cradle-to-Grave Carbon Index (CI) for Design, Construction and Operations of Site-Specific Buildings",1,2019,"… , electrical, and plumbing construction are leading to more … : • Within the completed construction documents, the designer … be achieved at the time of completion of the construction. • As …",https://www.e3s-conferences.org/articles/e3sconf/abs/2019/37/e3sconf_clima2019_03057/e3sconf_clima2019_03057.html,,0,"cradle to completion, plumbing",10.1051/e3sconf/201911103057,Boggarm Setty; James Woods,2019,"<jats:p>During the 1970s, the Energy Utilization Index (EUI) was introduced in terms of the annual rate of energy used per unit of floor area in site-specific buildings. It indicates energy but not total resource use effectiveness of design alternatives compared to baseline values (i.e., targets). Because of increasing concerns about indoor and outdoor emissions from carbon-based products and processes, an analogous “Carbon Index” (CI) is here introduced as a cradle-tograve design tool for evaluating the performance of design alternatives in terms of carbon emitted throughout the five stages of a building’s lifespan: siting, design, construction, operations, and demolition/recycling. This CI is expressed as equivalent mass of CO<jats:sub>2</jats:sub> per unit floor area (CO<jats:sub>2</jats:sub>e). At each stage, this CI is determined as the sum-of-products of two factors: 1) “Primary Factors” (PF), scalars that are defined and quantified by the designer; and 2) “Carbon Impact Factors” (<jats:bold>CIF</jats:bold>), which are standardized 2x1 matrices that characterize the PFs in terms of “embodied” CO<jats:sub>2</jats:sub>e emissions in the materials, assemblies, and equipment that are installed in the building, and as CO<jats:sub>2</jats:sub>e emissions that are released during the “operations” of the building. This design tool is posited to foster more accurate calculations of carbon emissions for design alternatives.</jats:p>",https://www.e3s-conferences.org/10.1051/e3sconf/201911103057/pdf,0
From Card to Cradle: Examining Medical Cannabis Purchasing Among Pregnant Women in Arkansas,0,2025,"Background and Objective Medical cannabis (MC) use has increased among pregnant women, yet little is known about the quantity, product types, and timing of use. This study …",https://www.sciencedirect.com/science/article/pii/S2589933325002551,,0,"cradle to completion, plumbing",10.1016/j.ajogmf.2025.101857,Nahed O. ElHassan; Cain Farnam; Joseph W. Thompson; Nichole Stanley; Corey J. Hayes; Chenghui Li; Peter M. Mourani; Teresa J. Hudson; Robert Mcgehee Jr; Bradley C. Martin,2025-11,,https://api.elsevier.com/content/article/PII:S2589933325002551?httpAccept=text/xml,0
Carbon Footprint Calculation of an AEH-technology Residential House from Cradle to Grave,0,2015,… The goal of the thesis was to perform a complete carbon footprint analysis (CFPA) of the full life cycle form cradle to grave for the innovative active energy house. This full analysis …,https://www.theseus.fi/handle/10024/92899,,0,"cradle to completion, plumbing",10.2139/ssrn.2619551,Arne Steinkraus,2015,,,0
Life-cycle assessment of electric power systems,151,2013,… life-cycle assessment (LCA) to electric power (EP) technologies is a vibrant research pursuit that is likely to continue as the world seeks ways to meet growing electricity … of the life-cycle …,https://www.annualreviews.org/content/journals/10.1146/annurev-environ-010710-100408,,0,"life cycle assessment, electrical system",10.3370/lca.9.234,Reiko TAKAHASHI; Hideki NODA; Kazuo TAKAHATA,2013,,https://www.jstage.jst.go.jp/article/lca/9/3/9_234/_pdf,2
"Life cycle assessment (LCA) of electricity generation technologies: Overview, comparability and limitations",1002,2013,"… For nuclear and renewable electricity systems, the reference year and the geographical origin of the materials and energy used for the infrastructure should be carefully identified …",https://www.sciencedirect.com/science/article/pii/S1364032113005534,,0,"life cycle assessment, electrical system",10.1016/j.rser.2013.08.013,Roberto Turconi; Alessio Boldrin; Thomas Astrup,2013-12,,https://api.elsevier.com/content/article/PII:S1364032113005534?httpAccept=text/xml,619
Life cycle assessment of the Danish electricity distribution network,79,2014,… life cycle inventory data for electricity distribution networks and a life cycle assessment (LCA) … When evaluated as part of the entire electricity system for delivering electricity to end users (…,https://link.springer.com/article/10.1007/s11367-013-0632-y,,0,"life cycle assessment, electrical system",10.1109/ciced.2014.6991885,Wei Luo; Youzhong Miao; Weimin Lei; Yu Sun; Dan Chen; Guoliang Zhao; Chenguang Wang,2014-9,,http://xplorestaging.ieee.org/ielx7/6974757/6991649/06991885.pdf?arnumber=6991885,2
LCA of electricity networks: a review,30,2017,"… The purpose of this article is to realize a review of studies dealing with life cycle assessment of electric grids or their components, in order to put in evidence methodological aspects to …",https://link.springer.com/article/10.1007/s11367-017-1279-x,,0,"life cycle assessment, electrical system",10.1007/s11367-017-1279-x,Alessia Gargiulo; Pierpaolo Girardi; Andrea Temporelli,2017-2-10,,http://link.springer.com/article/10.1007/s11367-017-1279-x/fulltext.html,20
Comparative environmental life cycle assessment of conventional and electric vehicles,2263,2013,… Electric vehicles (EVs) coupled with low-carbon electricity … a transparent life cycle inventory of conventional and electric … We find that EVs powered by the present European electricity …,https://onlinelibrary.wiley.com/doi/abs/10.1111/j.1530-9290.2012.00532.x,,0,"life cycle assessment, electrical system",10.1111/jiec.12011,,2013-1-16,,https://api.wiley.com/onlinelibrary/tdm/v1/articles/10.1111%2Fjiec.12011,0
Recent developments in life cycle assessment,4720,2009,"… The combination of short- and long-term marginal effects in the Nordic electricity system has, for example, been investigated using a cost-optimizing dynamic model of this …",https://www.sciencedirect.com/science/article/pii/S0301479709002345,,0,"life cycle assessment, electrical system",10.1016/j.jenvman.2009.06.018,Göran Finnveden; Michael Z. Hauschild; Tomas Ekvall; Jeroen Guinée; Reinout Heijungs; Stefanie Hellweg; Annette Koehler; David Pennington; Sangwon Suh,2009-10,,https://api.elsevier.com/content/article/PII:S0301479709002345?httpAccept=text/xml,2345
"Life cycle assessment: Part 1: Framework, goal and scope definition, inventory analysis, and applications",3192,2004,"… A large change in the electricity production can affect more technologies and, in addition, have substantial consequences for the structure of the electricity system. Since the …",https://www.sciencedirect.com/science/article/pii/S0160412003002459,,0,"life cycle assessment, electrical system",10.1007/bf02978536,Anders C. Schmidt; Allan A. Jensen; Anders U. Clausen; Ole Kamstrup; Dennis Postlethwaite,2004-1,,http://link.springer.com/content/pdf/10.1007/BF02978536.pdf,95
Sustainable conversion of carbon dioxide: an integrated review of catalysis and life cycle assessment,2411,2018,"… examples in these areas in a combined analysis of the state-of-the-art of synthetic methodologies and processes with their life cycle assessment. Thereby, we attempted to assess the …",https://pubs.acs.org/doi/abs/10.1021/acs.chemrev.7b00435,,0,"life cycle assessment, electrical system",10.1504/ijsami.2018.094814,Emmanouil Tziolas; Thomas Bournaris; Stefanos A. Nastis; Basil Manos,2018,,http://www.inderscienceonline.com/doi/full/10.1504/IJSAMI.2018.094814,1
Comparative life cycle assessment of station-based and dock-less bike sharing systems,190,2019,"… of BSS from the life cycle perspective is vital to inform decision making for the system design and operation. In this study, we conducted a comparative life cycle assessment (LCA) of …",https://www.sciencedirect.com/science/article/pii/S0921344919301090,,0,"life cycle assessment, electrical system",10.1016/j.resconrec.2019.03.003,Hao Luo; Zhaoyu Kou; Fu Zhao; Hua Cai,2019-7,,https://api.elsevier.com/content/article/PII:S0921344919301090?httpAccept=text/xml,136
Comparative life-cycle assessment of Li-ion batteries through process-based and integrated hybrid approaches,105,2019,"… As for the integrated hybrid LCA study, life cycle greenhouse … analysis of life cycle GHG emissions with respect to the uncertainties in product prices, mass of BMS and cooling system, …",https://pubs.acs.org/doi/abs/10.1021/acssuschemeng.8b05902,,0,"life cycle assessment, electrical system",10.1021/acssuschemeng.8b05902,Shipu Zhao; Fengqi You,2019-2-13,,https://pubs.acs.org/doi/pdf/10.1021/acssuschemeng.8b05902,81
"Life cycle assessment: past, present, and future",2449,2011,"… the life cycle … life cycle assessment (LCA), the “compilation and evaluation of the inputs and outputs and the potential environmental impacts of a product system throughout its life cycle” (…",https://pubs.acs.org/doi/abs/10.1021/es101316v,,0,"life cycle assessment, electrical system",10.1007/978-94-007-0729-0_1,Rita Berry; Bob Adamson,2011,,http://link.springer.com/content/pdf/10.1007/978-94-007-0729-0_1,10
Handbook on life cycle assessment: operational guide to the ISO standards,5562,2002,"In 1992 the Centre of Environmental Science (CML) at Leiden University, The Netherlands, published a Guide on Environmental Life Cycle Assessment (LCA) methodology. Many …","https://books.google.com/books?hl=en&lr=&id=Q1VYuV5vc8UC&oi=fnd&pg=PR7&dq=life+cycle+assessment,+electrical+system&ots=mYc0jmCILS&sig=iZ-zHtNEsICL8zQiUgGKb99IN-g",,0,"life cycle assessment, electrical system",10.1007/bf02978897,Jeroen B. Guinee,2002-9,,http://link.springer.com/content/pdf/10.1007/BF02978897.pdf,972
The ecoinvent database version 3 (part I): overview and methodology,6039,2016,"… At the bottom of the graph, electricity markets supply electricity mixes without the need for … by their local electricity markets, the RoW dataset by all other electricity markets using a …",https://link.springer.com/article/10.1007/s11367-016-1087-8,,0,"life cycle assessment, electrical system",10.1007/s11367-016-1087-8,Gregor Wernet; Christian Bauer; Bernhard Steubing; Jürgen Reinhard; Emilia Moreno-Ruiz; Bo Weidema,2016-4-21,,http://link.springer.com/content/pdf/10.1007/s11367-016-1087-8.pdf,4287
Life-Cycle Assessment (LCA) of Air-Handling Units with and without Air-to-Air Energy Exchangers.,24,2004,… The life-cycle assessment (LCA) methodology is used in this … of air-handling units (AHU) over a 20-year life cycle. This … and electricity were generated from a combined heat and power …,https://search.ebscohost.com/login.aspx?direct=true&profile=ehost&scope=site&authtype=crawler&jrnl=00012505&AN=13616908&h=OCUbFN%2B0LEZjfEx2x%2F6syTlpFrSnj1utF30muk7bUOf63TYUeuvqzt5mHoHLAX7AtOzXL5hemooOqGIaZYENRg%3D%3D&crl=c,,0,"life cycle assessment, electrical system",10.2172/822142,KENNETH IMRICH,2004-3-15,,,0
Battery energy storage technology for power systems—An overview,2709,2009,"… power system operation. Further, a discussion on the role of battery storage systems of electric hybrid vehicles in power system … efficiency, life span (stated in terms of number of cycles), …",https://www.sciencedirect.com/science/article/pii/S0378779608002642,,0,"life cycle assessment, electrical system",10.1016/j.epsr.2008.09.017,K.C. Divya; Jacob Østergaard,2009-4,,https://api.elsevier.com/content/article/PII:S0378779608002642?httpAccept=text/xml,1456
The life cycle inventory study of cement manufacture in China,189,2014,… of the fundamental parts of life cycle assessment (LCA) study. … environment impacts in their life cycle that can be addressed. … The system of coal mill consumes 39.8 kWh of electricity per …,https://www.sciencedirect.com/science/article/pii/S0959652614001942,,0,"life cycle assessment, electrical system",10.1016/j.jclepro.2014.02.048,Chen Li; Zuoren Nie; Suping Cui; Xianzheng Gong; Zhihong Wang; Xiance Meng,2014-6,,https://api.elsevier.com/content/article/PII:S0959652614001942?httpAccept=text/xml,137
Implementation of life cycle impact assessment methods,1027,2007,"… In the first part of this report the general assumptions for the implementation of impact assessment methods on the ecoinvent life cycle invenory data are described. For that purpose, …",https://esu-services.ch/fileadmin/download/publicLCI/03_LCIA-Implementation.pdf,http://scholar.google.com/https://esu-services.ch/fileadmin/download/publicLCI/03_LCIA-Implementation.pdf,0,"life cycle assessment, electrical system",10.3370/lca.3.2,Norihiro ITSUBO,2007,,https://www.jstage.jst.go.jp/article/lca/3/1/3_2/_pdf,0
"Internal thermal mass for passive cooling and ventilation: adaptive comfort limits, ideal quantities, embodied carbon",14,2022,… This study investigates the potential of naturally ventilated internal thermal mass as a strategy for obviating air-conditioning and reducing embodied carbon in different regions of a …,https://journal-buildingscities.org/articles/10.5334/bc.156?_rsc=riqps,,0,"embodied carbon, ventilation",10.5334/bc.156,Timothée De Toldi; Salmaan Craig; Laxmi Sushama,2022-3-2,,https://doi.org/10.5334/bc.156,7
Optimizing ventilation systems considering operational and embodied emissions with life cycle based method,4,2024,"… This underscores the necessity of considering both operational and embodied … ventilation design, capable of processing diverse layouts and aiding in decarbonizing ventilation systems …",https://www.sciencedirect.com/science/article/pii/S0378778824011563,,0,"embodied carbon, ventilation",10.1016/j.enbuild.2024.115040,Peng Liu; Jens Tønnesen; Luis Caetano; Håvard Bergsdal; Maria Justo Alonso; Reidar Kind; Laurent Georges; Hans Martin Mathisen,2024-12,,https://api.elsevier.com/content/article/PII:S0378778824011563?httpAccept=text/xml,4
"What really matters in multi-storey building design? A simultaneous sensitivity study of embodied carbon, construction cost, and operational energy",107,2023,… ventilation with heat recovery are the most important measures to decrease embodied … and in the decision whether to install mechanical ventilation. We estimate that 28–44% of …,https://www.sciencedirect.com/science/article/pii/S0306261922018426,,0,"embodied carbon, ventilation",10.1016/j.apenergy.2022.120585,H.L. Gauch; C.F. Dunant; W. Hawkins; A. Cabrera Serrenho,2023-3,,https://api.elsevier.com/content/article/PII:S0306261922018426?httpAccept=text/xml,73
"Factors that influence the quantification of the embodied carbon emission of prefabricated buildings: A systematic review, meta-analysis and the way forward",33,2022,… quantification of the embodied carbon emission of prefabricated … Twelve influencing factors of embodied carbon quantification … -analysis indicated that the embodied carbon emission of …,https://www.mdpi.com/2075-5309/12/8/1265,,0,"embodied carbon, ventilation",10.3390/buildings12081265,Yuan Chen; Yuwei Zhou; Weimin Feng; Yuan Fang; Anqi Feng,2022-8-18,"<jats:p>Prefabricated buildings and off-site construction are increasingly adopted in modern construction. As one of the most concerning environmental impacts, the embodied carbon emission of prefabricated buildings has been extensively investigated in recent years. Due to the various influencing factors of carbon quantification, such as building characteristics, quantification boundary, emission sources, and quantification methods, no consensus has been reached so far. The impacts of the influencing factors on carbon quantification remain unclear. To fill this gap, this paper provides a systematic review and meta-analysis to comprehensively evaluate the recent research concerning the quantification of the embodied carbon emission of prefabricated buildings. In total, 43 peer-reviewed articles (96 building cases) were screened and analyzed. Twelve influencing factors of embodied carbon quantification have been identified and analyzed to give rise to a synthesized conclusion. The results of the meta-analysis indicated that the embodied carbon emission of prefabricated buildings varied significantly from 26.6 to 1644.4 kgCO2e/m2 in the reviewed literature. The results showed that some of the quantification factors could significantly influence the quantification results, such as the building structure forms, level of prefabrication, type of greenhouse gas considered, and data sources, while some factors have a lesser impact on carbon quantification results, such as the function of the building, quantification methods adopted, quantification tools/software used, and carbon inventory databases applied. The findings of this research provide readers with an in-depth and critical understanding of the quantification of the embodied carbon emission of prefabricated buildings. Research gaps and suggestions for future research are also provided based on the results of this work.</jats:p>",https://www.mdpi.com/2075-5309/12/8/1265/pdf,30
An analytical method for evaluating and visualizing embodied carbon emissions of buildings,85,2020,"… This paper presents a method for evaluating and visualizing embodied emission (EE) data of building material production and transport, including replacements, from building life cycle …",https://www.sciencedirect.com/science/article/pii/S0360132319306882,,0,"embodied carbon, ventilation",10.1016/j.buildenv.2019.106476,Eirik Resch; Carine Lausselet; Helge Brattebø; Inger Andresen,2020-1,,https://api.elsevier.com/content/article/PII:S0360132319306882?httpAccept=text/xml,54
Embodied carbon emissions of buildings: a case study of an apartment building in the UK,16,2018,,https://salford-repository.worktribe.com/OutputFile/1491005,,0,"embodied carbon, ventilation",10.3390/buildings8080103,Manuela Almeida; Marco Ferreira; Ricardo Barbosa,2018-8-9,"<jats:p>The construction sector is facing increasingly strict energy efficiency regulations. Existing buildings have specific technical, functional and economic constraints, which, in fulfilling regulations, could lead to costly and complex renovation procedures and also lead to missed opportunities for improving their energy performance. In this article, the methodology for comparing cost-optimality in building renovations, developed in the International Energy Agency (IEA)–Energy in Buildings and Communities (EBC) Annex 56 project, is extended with a life cycle assessment by including embodied primary energy and carbon emissions in the calculations. The objective is to understand the relevance of embodied energy and carbon emissions in the evaluation of the cost effectiveness of building renovation solutions towards nearly zero energy buildings, as well as the effect of the embodied values in the achievable carbon emissions and primary energy reductions expected in an energy renovation. Results from six case studies, representative of different regions in Europe, suggest that embodied values of energy and carbon emissions have a decreasing effect—ranging from 2 to 32%—on the potential reductions of energy and emissions that can be achieved with renovation measures in buildings. In addition, the consideration of the embodied energy and carbon emissions does not affect the ranking of the renovation packages.</jats:p>",https://www.mdpi.com/2075-5309/8/8/103/pdf,43
Statistical analysis of embodied carbon emission for building construction,107,2015,"… carbon dioxide emitted during the manufacture, transport, and construction of building materials; operational carbon (OC) refers to carbon … as improvement of heating, ventilation, and air-…",https://www.sciencedirect.com/science/article/pii/S0378778815301742,,0,"embodied carbon, ventilation",10.1016/j.enbuild.2015.07.058,Goune Kang; Taehoon Kim; Yong-Woo Kim; Hunhee Cho; Kyung-In Kang,2015-10,,https://api.elsevier.com/content/article/PII:S0378778815301742?httpAccept=text/xml,76
High‐rise residential building ventilation in cold climates: A review of ventilation system types and their impact on measured building performance,12,2022,"… While this system is likely to have low operational carbon emissions, the embodied carbon could be much higher than the pressurized corridor system due to an increased amount of …",https://onlinelibrary.wiley.com/doi/abs/10.1111/ina.13158,,0,"embodied carbon, ventilation",10.1111/ina.13158/v1/review4,,2022-9-13,,,0
Design strategies for low embodied carbon in building materials,16,2018,"… In conclusion, the most efficient low embodied carbon design … , using materials with low embodied carbon, sourcing local … For example, the amount of ventilation channels and ducts …",https://link.springer.com/chapter/10.1007/978-3-319-72796-7_15,,0,"embodied carbon, ventilation",10.1007/978-3-319-72796-7_15,Marianne Kjendseth Wiik; Selamawit Mamo Fufa; Inger Andresen,2018,,http://link.springer.com/content/pdf/10.1007/978-3-319-72796-7_15,3
Material quantities and embodied carbon dioxide in structures,178,2015,"… dioxide emissions are due to heating, cooling, ventilation and lighting, whereas embodied carbon dioxide is associated with materials extraction, manufacturing, transportation, …",https://www.icevirtuallibrary.com/doi/abs/10.1680/jensu.15.00033,,0,"embodied carbon, ventilation",10.1680/jensu.15.00033,Catherine De Wolf; Frances Yang; Duncan Cox; Andrea Charlson; Amy Seif Hattan; John Ochsendorf,2015-9-29,,https://www.icevirtuallibrary.com/doi/pdf/10.1680/jensu.15.00033,9
Towards net-zero carbon buildings: Investigating the impact of early-stage structure design on building embodied carbon,21,2024,… in building embodied carbon (EC) in early-stage design and suggest a range of their impact so that the architects can navigate their design process towards low-carbon intensive …,https://link.springer.com/article/10.1007/s11367-024-02287-w,,0,"embodied carbon, ventilation",10.1007/s11367-024-02287-w,Mahsa Torabi; Ralph Evins,2024-3-19,,https://link.springer.com/content/pdf/10.1007/s11367-024-02287-w.pdf,13
Embodied carbon emissions of office building: a case study of China's 78 office buildings,200,2016,"A CO 2 emission in construction materialization stage is the key research point of architectural life cycle assessment, which is concentrated in emission time and in absolute emission …",https://www.sciencedirect.com/science/article/pii/S0360132315301268,,0,"embodied carbon, ventilation",10.1016/j.buildenv.2015.09.018,Zhixing Luo; Liu Yang; Jiaping Liu,2016-1,,https://api.elsevier.com/content/article/PII:S0360132315301268?httpAccept=text/xml,157
Embodied Carbon Analysis of a Geothermal System in a Historic Cathedral,1,2024,"… However, the embodied carbon of the heat pump system in this … that has the same total load capacity as the in-situ system. … the up-front embodied carbon and life cycle carbon balance …",https://link.springer.com/chapter/10.1007/978-3-031-87068-2_18,,0,"upfront embodied carbon, mechanical electrical plumbing systems",10.2139/ssrn.5025792,Mohamed Gaber Ghorab; Antonio Rosato,2024,,,0
Towards Sustainable Structure of Tall Buildings by Significantly Reducing the Embodied Carbon,3,2025,"… However, most studies have primarily focused on mid-rise and lower high-rise buildings due to the structural limitations of mass timber, and high upfront costs remain a considerable …",https://www.mdpi.com/2071-1050/17/6/2754,,0,"upfront embodied carbon, mechanical electrical plumbing systems",10.3390/su17062754,Mahjoub M. Elnimeiri; Youngjin Hwang,2025-3-20,"<jats:p>Addressing global warming has become an urgent priority. According to a recent United Nations study, the global population is expected to exceed 9.7 billion by 2050, with the majority residing in urban areas. Consequently, high-rise buildings are anticipated to dominate the built environment, emphasizing the need for their sustainability. Currently, reinforced concrete and structural steel are the primary materials used in the construction of tall buildings and remain the standard for most skyscrapers. This paper examines the significant issue of embodied carbon in these materials. In structural engineering practice, efficiency and constructability are key considerations. The sustainability of steel construction has been well-documented, with organizations such as the American Institute of Steel Construction (AISC) leading efforts in this area. The primary objective of this study is to demonstrate that structural steel systems in tall buildings are not only efficient, constructible, and durable but also sustainable. By conducting life cycle assessments, this paper illustrates how structural efficiency, construction sequencing, and design compatibility can significantly reduce the embodied carbon of steel systems used in high-rise buildings. Similarly, substantial global efforts are underway to reduce the embodied carbon of reinforced concrete, with cement being the primary contributor to carbon emissions. Recent advancements in non-cementitious materials are improving the sustainability of reinforced concrete. This study applies the same life cycle assessment methodologies to demonstrate that well-designed and well-constructed reinforced concrete structures can achieve a minimal embodied carbon footprint.</jats:p>",https://www.mdpi.com/2071-1050/17/6/2754/pdf,3
Modular construction's capacity to reduce embodied carbon emissions in California's housing sector,59,2023,… This study examines the potential embodied GHG benefits … A model is developed to quantify the embodied GHG emissions … for regions assessing the embodied carbon impacts of rapid …,https://www.sciencedirect.com/science/article/pii/S0360132323004596,,0,"upfront embodied carbon, mechanical electrical plumbing systems",10.2139/ssrn.4409746,Fiona Greer; Arpad Horvath,2023,,,0
Embodied Environmental Impacts of HVAC Installations in an Office Building: Component Contribution and Lifetime Parameterization,0,2025,… This thesis was completed in the winter of 2025 and serves as the final project for a Master’s degree in Mechanical Engineering at the Department of Energy and Process Engineering (…,https://ntnuopen.ntnu.no/ntnu-xmlui/bitstream/handle/11250/3196454/no.ntnu:inspera:268006548:47653862.pdf?sequence=1,,0,"cradle to completion, HVAC",10.2172/2572479,; Kristin Heinemeier; ,2025-4-22,,,0
Comparison of three HVAC systems in an office building from a life cycle perspective,8,2012,"This study aims to explore the life cycle environmental impacts of typical heating ventilation and air condition (HVAC) systems including variable air volume (VAV) system, chilled beam …",http://www.civil.mrt.ac.lk/web/conference/ICSBE2012/SBE-12-259.pdf,http://www.civil.mrt.ac.lk/web/conference/ICSBE2012/SBE-12-259.pdf,0,"cradle to completion, HVAC",10.22459/isf.10.2012.04,Justin Fidock; Jennie Carroll,2012-10,,,1
"Quantifying greenhouse gas emissions from HVAC-A case study of natural, hybrid and mechanical ventilation strategies",0,2025,"As embodied and operational emissions from buildings decline, the relative impact of embodied emissions from technical systems becomes increasingly significant. However, these …",https://www.sciencedirect.com/science/article/pii/S2352710225018790,,0,"cradle to completion, HVAC",10.1016/j.jobe.2025.113642,Mehrdad Rabani; Arnkell Jonas Petersen; Christian Steneng; Simon Utstøl; Haakon Halla; Anders Reinertsen Liaøy,2025-10,,https://api.elsevier.com/content/article/PII:S2352710225018790?httpAccept=text/xml,0
Greenhouse Gas Payback Time of Different HVAC Systems in the Renovation of Nordic District-Heated Multifamily Buildings Considering Future Energy …,10,2024,… The key distinguishing factor among them lies in the HVAC systems installed. The chosen systems were as follows: (1) exhaust ventilation with air pressure control; (2) mechanical …,https://www.mdpi.com/2075-5309/14/2/413,,0,"cradle to completion, HVAC",10.3390/buildings14020413,Alaa Khadra; Jan Akander; Jonn Are Myhren,2024-2-2,"<jats:p>The European Union (EU) has implemented several policies to enhance energy efficiency. Among these policies is the objective of achieving energy-efficient renovations in at least 3% of EU buildings annually. The primary aim of this study was to offer a precise environmental comparison among four similar district-heated multifamily buildings that have undergone identical energy efficiency measures. The key distinguishing factor among them lies in the HVAC systems installed. The chosen systems were as follows: (1) exhaust ventilation with air pressure control; (2) mechanical ventilation with heat recovery; (3) exhaust ventilation with an exhaust air heat pump; and (4) exhaust ventilation with an exhaust air heat pump with a Photovoltaic (PV) panel. This study involved a life cycle assessment that relied on actual material data from the housing company and energy consumption measurements. This study covered a period of 50 years for thorough analysis. A sensitivity analysis was also conducted to account for various future scenarios of energy production. The findings revealed that the building with an exhaust air heat pump exhibited the lowest greenhouse gas emissions and the shortest carbon payback period (GBPT), needing only around 7 years. In contrast, the building with exhaust ventilation without heat recovery showed the highest emissions and the longest carbon payback period (GBPT), requiring approximately 11 years. Notably, the results were significantly influenced by future scenarios of energy production, emphasizing the crucial role of emission factors in determining the environmental performance of distinct renovation scenarios.</jats:p>",https://www.mdpi.com/2075-5309/14/2/413/pdf,8
District cradle to grave LCA including the development of a localized embodied carbon database and a detailed end-of-life carbon emission workflow,30,2023,"… To fill the mentioned gaps, this research has done a cradle-to-grave LCA by utilizing localized building materials' EC emission data, besides an OC emission assessment followed by a …",https://www.sciencedirect.com/science/article/pii/S2352710223012809,,0,"cradle to completion, HVAC",10.1016/j.jobe.2023.107101,Mohammad Reza Seyedabadi; Soroush Samareh Abolhassani; Ursula Eicker,2023-10,,https://api.elsevier.com/content/article/PII:S2352710223012809?httpAccept=text/xml,11
"Balancing environmental impact, energy use and thermal comfort: Optimizing insulation levels for The Mobble with standard HVAC and personal comfort …",37,2021,"The energy crisis in the 1970s led to increasingly stricter building codes, resulting in the currently required nearly zero-energy buildings. Nonetheless, the energy saving potential of …",https://www.sciencedirect.com/science/article/pii/S036013232100706X,,0,"cradle to completion, HVAC",10.1016/j.buildenv.2021.108307,L. Landuyt; S. De Turck; J. Laverge; M. Steeman; N. Van Den Bossche,2021-12,,https://api.elsevier.com/content/article/PII:S036013232100706X?httpAccept=text/xml,30
Minimising upfront carbon emissions of steel-framed modular housing: A case study,28,2023,"In this paper, a roadmap for reducing upfront carbon emissions of steel-framed modular housing has been laid out. In order to generate the required data for the appraisal of the …",https://www.sciencedirect.com/science/article/pii/S2352710223008860,,0,"upfront embodied carbon, electrical system",10.56330/jbig6132,Smail Kechidi,2023-4-3,"<jats:p>In this article, Smail Kechidi presents the results of a study examining ways to reduce the upfront carbon emissions of steel-framed modular housing produced by ilke Homes. The article discusses both changes that have already been adopted in a refreshed version of a two-bedroom, four-person 81m2 modular house, and further changes that could be adopted in a future version. The refreshed design delivers 12% lower upfront carbon emissions (A1–A5) than the standard design.</jats:p>",,0
A TOP–DOWN APPROACH TO DETERMINE EMBODIED CARBON CAPS FOR IRISH RESIDENTIAL BUILDINGS,0,,"… Finally, the carbon budget for upfront EC will be standardised to the most commonly adopted unit in the review above – “kg CO2eq/m2”. During this standardisation, the average floor …",https://www.researchgate.net/profile/Conan-Oceallaigh/publication/384013756_A_Top-down_Approach_to_Determining_Embodied_Carbon_Caps_for_Irish_Residential_Buildings/links/66e456f1fa5e11512cb88134/A-Top-down-Approach-to-Determining-Embodied-Carbon-Caps-for-Irish-Residential-Buildings.pdf,http://scholar.google.com/https://www.researchgate.net/profile/Conan-Oceallaigh/publication/384013756_A_Top-down_Approach_to_Determining_Embodied_Carbon_Caps_for_Irish_Residential_Buildings/links/66e456f1fa5e11512cb88134/A-Top-down-Approach-to-Determining-Embodied-Carbon-Caps-for-Irish-Residential-Buildings.pdf,0,"upfront embodied carbon, electrical system",10.2139/ssrn.4401833,Manish Dixit; Pranav Pradeep Kumar,2023,,,0
The status of embodied carbon in building practice and research in the United States: A systematic investigation,48,2021,… This may introduce potential bias by favoring products that have lower upfront embodied carbon (in stages A) but a short life span (in stages B). The lack of information on product …,https://www.mdpi.com/2071-1050/13/23/12961,,0,"upfront embodied carbon, electrical system",10.3390/su132312961,Ming Hu; Nora Wang Esram,2021-11-23,"<jats:p>The building construction industry accounts for 5% of global energy use and 10% of global greenhouse gas (GHG) emissions. A primary source of these emissions is the manufacture of building construction materials such as steel, cement, and glass. As aggressive building energy codes push new construction towards net-zero-energy and net-zero-carbon operations, corresponding efforts to reduce embodied energy and carbon from building construction materials must be pursued to achieve the decarbonization goals of the building sector. In the past few decades, progressive building energy codes as well as the underlying research on reducing the operational energy and its related greenhouse gas emissions have stimulated changes of practice in building design and operation. In contrast, strategies to reduce embodied carbon in the substitute remaining life-cycle stages of a building are less defined and studied. The selection of building materials and systems is largely unregulated, as long as minimum health, safety, and performance standards are met. In addition, it is unclear whether we have adequate knowledge infrastructure to incorporate embodied carbon into national model codes. This study provides a comprehensive review of the current state of knowledge of existing methods, databases, and tools on embodied carbon studies, and identifies the knowledge gaps. It provides a basis for the governments, academia, industry, and other institutes to collaboratively fill in these gaps and develop standards and codes to decarbonize buildings and their interface with other sectors.</jats:p>",https://www.mdpi.com/2071-1050/13/23/12961/pdf,30
Carbon value engineering: A framework for integrating embodied carbon and cost reduction strategies in building design,142,2021,… integrate the reduction of embodied carbon. A Carbon Value Engineering (CO 2 VE) framework is proposed to determine both capital cost and embodied carbon. The framework uses …,https://www.sciencedirect.com/science/article/pii/S0360132321000330,,0,"upfront embodied carbon, electrical system",10.1016/j.buildenv.2021.107620,Mehdi Robati; Philip Oldfield; Ali Akbar Nezhad; David G. Carmichael; Aysu Kuru,2021-4,,https://api.elsevier.com/content/article/PII:S0360132321000330?httpAccept=text/xml,101
Embodied carbon of retrofits. Ensuring the ecological payback of energetic retrofits,12,2023,"… spike’, as depicted in Figure 3, highlights the challenge of offsetting high upfront emissions through subsequent savings. Consequently, numerous research projects and regulations are …",https://www.shareyourgreendesign.com/wp-content/uploads/2024/03/texy.pdf,http://scholar.google.com/https://www.shareyourgreendesign.com/wp-content/uploads/2024/03/texy.pdf,0,"upfront embodied carbon, electrical system",10.15396/eres2023_192,Sven Bienert; Hunter Kuhlwein; Yannick Schmidt,2023,,,0
"Whole‐life embodied carbon in multistory buildings: Steel, concrete and timber structures",242,2021,"… Buildings and the construction industry are top contributors to climate change, and structures account for the largest share of the upfront greenhouse gas emissions. While a body of …",https://onlinelibrary.wiley.com/doi/abs/10.1111/jiec.13139,,0,"upfront embodied carbon, electrical system",10.1111/jiec.13139,Jim Hart; Bernardino D'Amico; Francesco Pomponi,2021-4,,https://onlinelibrary.wiley.com/doi/pdf/10.1111/jiec.13139,167
Embodied carbon in Australian residential houses: a preliminary study,11,2023,"… [19] conducted a study on upfront carbon considering modules A1–A5 for several building typologies. In this research study, residential homes (Class 1) buildings were classified into …",https://www.mdpi.com/2075-5309/13/10/2559,,0,"upfront embodied carbon, electrical system",10.3390/buildings13102559,Chethana Illankoon; Sadith Chinthaka Vithanage; Nethmin Malshani Pilanawithana,2023-10-10,"<jats:p>Embodied carbon is a buzzword in the construction industry. Australia is committed to achieving Net Zero 2050 targets, and minimizing embodied carbon (EC) is inevitable. Owing to the population growth, there will be a significant demand for residential construction. Therefore, the material consumption in residential construction should be evaluated and proper strategies should be in place to minimize EC. The aim of this research is to undertake a preliminary study of EC in the Australian residential sector, with an emphasis on new residential home construction. This research presents a preliminary study on EC in residential buildings in Australia. Three case study residential buildings were used in this study. All three case studies are single -story residential units, with a gross floor area between 200 and 240 m2. One Click LCA software was used to calculate the EC. The EC of three case study residential homes is between 193 and 233 kgCO2e/m2. Based on the findings of this study, ‘other structures and materials’ contribute to a large amount of EC in residential construction. Concrete and aluminum are considered significant contributors to EC. Therefore, it is vital to either introduce low-EC material to replace aluminum windows or introduce various design options to minimize the use of aluminum in windows. There are various sustainable concretes available with low EC. It is essential to explore these low-EC concretes in residential homes as well. This research identifies the importance of adopting strategies to reduce the carbon impact from other sources, including concrete. It is also essential to consider the EC through transportation related to construction and promote locally sourced building materials in residential construction. Therefore, the results of this research indicate the necessity of reducing raw material consumption in Australian residential construction by implementing approaches such as a circular economy in order to circulate building materials throughout the construction supply chain and reduce raw material extraction.</jats:p>",https://www.mdpi.com/2075-5309/13/10/2559/pdf,7
Introduction to embodied carbon,1,2022,"… Upfront embodied carbon (also known as upfront carbon) refers to the greenhouse gas … Building Council, upfront carbon will be responsible for “half of the entire carbon footprint of new …",https://www.aia.org/sites/default/files/2024-11/AIA_CLF_EmbodiedCarbonToolkit_Part1.pdf,http://scholar.google.com/https://www.aia.org/sites/default/files/2024-11/AIA_CLF_EmbodiedCarbonToolkit_Part1.pdf,0,"upfront embodied carbon, electrical system",10.2307/jj.18253067.5,,2022-6-1,,,0
